id,h,q,mask,features,max_depth,min_samples_leaf,auc_train,sharpe_train_ls,sharpe_train_lo,auc_val,auc_val_fold_std,sharpe_val_ls,sharpe_val_lo,maxdd_val_ls,maxdd_val_lo,turnover_val_ls,turnover_val_lo,sharpe_train_lo1n,sharpe_val_lo1n,auc_ho,sharpe_ho_ls,sharpe_ho_lo,sharpe_ho_lo1n,maxdd_ho_ls,maxdd_ho_lo,turnover_ho_ls,turnover_ho_lo
m01_h1_q3_d2_l1,1,3,1,mom12_1,2,1,0.5369875751820196,0.17034647966893388,0.5111176984190102,0.5083557560409413,0.0141217163173594,-0.11354786514075946,0.4490227521304943,0.4623953942169807,0.5923237654747001,18.523335650519652,8.00240068464992,0.19866884600717966,-0.04154772163760191,0.5024186847103514,-0.1476349946308108,0.5652099501687872,0.028720625060714194,0.28552335515334926,0.2956166107351853,19.285355618099,8.10118729649178
m01_h1_q3_d2_l50,1,3,1,mom12_1,2,50,0.5369875751820196,0.17034647966893388,0.5111176984190102,0.5083557560409413,0.0141217163173594,-0.11354786514075946,0.4490227521304943,0.4623953942169807,0.5923237654747001,18.523335650519652,8.00240068464992,0.19866884600717966,-0.04154772163760191,0.5024186847103514,-0.1476349946308108,0.5652099501687872,0.028720625060714194,0.28552335515334926,0.2956166107351853,19.285355618099,8.10118729649178
m01_h1_q3_d4_l1,1,3,1,mom12_1,4,1,0.5467513453624565,0.24937599793005139,0.5626054067556459,0.5094834863353382,0.015294145611080556,-0.2122325931704612,0.4166905536754401,0.5123841277323955,0.6299943443092075,24.871691533626507,11.733380602625099,0.2798768639465028,-0.18845484514224753,0.5048373694207028,-0.22425053408613277,0.5015014463881418,-0.30037097020272435,0.26057022655188444,0.2854898701511773,21.765879152330356,9.910204444862835
m01_h1_q3_d4_l50,1,3,1,mom12_1,4,50,0.5467513453624565,0.24937599793005139,0.5626054067556459,0.5094933787063417,0.015294145611080556,-0.2122325931704612,0.4166905536754401,0.5123841277323955,0.6299943443092075,24.871691533626507,11.733380602625099,0.2798768639465028,-0.18845484514224753,0.5048373694207028,-0.22425053408613277,0.5015014463881418,-0.30037097020272435,0.26057022655188444,0.2854898701511773,21.765879152330356,9.910204444862835
m01_h1_q3_d8_l1,1,3,1,mom12_1,8,1,0.549738841405508,0.4311452884720976,0.6438061238087716,0.5055924870739685,0.01287068255747718,-0.18988629516516178,0.45436794543770626,0.4704905954668772,0.6300562282532327,27.06221818224425,12.993414493101865,0.4437546930129152,-0.10160606281871243,0.505519943019943,-0.3586518566396247,0.5526371171627356,-0.29535218464707774,0.25513778300513335,0.2653195390745373,27.11701386096084,14.389830637959466
m01_h1_q3_d8_l50,1,3,1,mom12_1,8,50,0.549738841405508,0.4311452884720976,0.6438061238087716,0.5055990819879709,0.012891759753312727,-0.18988629516516178,0.45436794543770626,0.4704905954668772,0.6300562282532327,27.06221818224425,12.993414493101865,0.4437546930129152,-0.10160606281871243,0.505519943019943,-0.3586518566396247,0.5526371171627356,-0.29535218464707774,0.25513778300513335,0.2653195390745373,27.11701386096084,14.389830637959466
m02_h1_q3_d2_l1,1,3,2,mom3,2,1,0.5471866096866096,0.6474589928425959,0.6872588864846921,0.5244819695051177,0.020665118039377664,0.2404161574731839,0.583423524823774,0.22172388925516318,0.6057981943019528,28.275344009470217,13.730257061654465,0.5468257024441868,0.21188918861814246,0.5006825735992403,-0.11774734056677953,0.4470698291909881,-0.3830114601037875,0.32816989817785047,0.34765181914059917,28.220128224998966,13.760023420780733
m02_h1_q3_d2_l50,1,3,2,mom3,2,50,0.5471866096866096,0.6474589928425959,0.6872588864846921,0.5244819695051177,0.020665118039377664,0.2404161574731839,0.583423524823774,0.22172388925516318,0.6057981943019528,28.275344009470217,13.730257061654465,0.5468257024441868,0.21188918861814246,0.5006825735992403,-0.11774734056677953,0.4470698291909881,-0.3830114601037875,0.32816989817785047,0.34765181914059917,28.220128224998966,13.760023420780733
m02_h1_q3_d4_l1,1,3,2,mom3,4,1,0.5556742640075973,0.7238111641731216,0.6976378313633168,0.5301585417326158,0.02342981289319924,0.18987890279786432,0.5253201792805235,0.22634451702425207,0.5516275225859315,29.82960032875344,14.758593474206966,0.5646638007847246,-0.15598937458466855,0.4956671415004748,-0.17510319580218778,0.41509902002533,-0.5071297409023892,0.3777073734214075,0.3471614278462062,28.283833394012255,13.211859769403226
m02_h1_q3_d4_l50,1,3,2,mom3,4,50,0.5556742640075973,0.7238111641731216,0.6976378313633168,0.5301585417326158,0.02342981289319924,0.18987890279786432,0.5253201792805235,0.22634451702425207,0.5516275225859315,29.82960032875344,14.758593474206966,0.5646638007847246,-0.15598937458466855,0.4956671415004748,-0.17510319580218778,0.41509902002533,-0.5071297409023892,0.3777073734214075,0.3471614278462062,28.283833394012255,13.211859769403226
m02_h1_q3_d8_l1,1,3,2,mom3,8,1,0.5615701171256726,0.8022757464639546,0.759141043706181,0.5275733354437058,0.018442521065946293,0.16224240807660897,0.5717042743753619,0.29270531796419563,0.5785685819735812,31.007221056658054,15.605870233429982,0.6900601182303033,0.025615175319662026,0.4984864672364673,-0.08525257607809078,0.4827883146531195,-0.5891788575099757,0.32019573210682906,0.26073915527259506,30.613668271170305,15.17132681471249
m02_h1_q3_d8_l50,1,3,2,mom3,8,50,0.5615701171256726,0.8022757464639546,0.759141043706181,0.5275733354437058,0.018442521065946293,0.16224240807660897,0.5717042743753619,0.29270531796419563,0.5785685819735812,31.007221056658054,15.605870233429982,0.6900601182303033,0.025615175319662026,0.4984864672364673,-0.08525257607809078,0.4827883146531195,-0.5891788575099757,0.32019573210682906,0.26073915527259506,30.613668271170305,15.17132681471249
m03_h1_q3_d2_l1,1,3,3,mom12_1+mom3,2,1,0.5529547550429109,0.3436800847232602,0.5980897963446372,0.5173602867468609,0.018204576656631312,-0.10774758221571396,0.48925960618268893,0.5014102198010164,0.5492346290726071,21.7863148520613,10.66419003919093,0.3792961159287457,-0.12041268696782689,0.49864582715060146,-0.3449530519966452,0.4036689980554274,-0.36155795625702125,0.4433792532855806,0.3696104200985615,21.48723989429392,10.455039667687206
m03_h1_q3_d2_l50,1,3,3,mom12_1+mom3,2,50,0.5529298180243397,0.34142909850519887,0.6030703360328576,0.5184450814032218,0.01877636366695241,0.006634838968207939,0.4788744802184949,0.35512125522305515,0.5584411787389159,21.804869799231643,10.6804843338248,0.3910743928449028,-0.1433176913336851,0.49886315017608424,-0.36777971972413265,0.39596347201492654,-0.3648544188562717,0.4562512521538471,0.3802940794251194,21.391481401892428,10.454251562549373
m03_h1_q3_d4_l1,1,3,3,mom12_1+mom3,4,1,0.5922649765001231,1.0699588724091096,0.8390568588383114,0.5184431578866378,0.011614140000483816,-0.21019472585720042,0.5041716244049907,0.5099379413866705,0.519135643265388,25.028472187728607,12.159765786553024,0.9375439933245756,-0.054958715395254036,0.5012581859370053,-0.4766584164235687,0.4506133066012513,-0.3825808235051471,0.4700830460370621,0.3209060613143234,25.633071607126283,12.537402522512082
m03_h1_q3_d4_l50,1,3,3,mom12_1+mom3,4,50,0.5799390822297843,0.7165817683726841,0.7066432680678639,0.5217129299883929,0.011046087159140378,-0.18484778063046087,0.4549145405625163,0.4135741437906779,0.5341606093653162,24.24595787369474,11.659866209783202,0.6213790038275777,-0.19750763751409683,0.5000483798769388,-0.3735276359189216,0.46867363519512617,-0.2572002554266111,0.45087194242349926,0.32778099114655523,24.610585810889308,11.732944431912552
m03_h1_q3_d8_l1,1,3,3,mom12_1+mom3,8,1,0.724600719175372,2.9785963978328485,1.542592791674633,0.5280632138994408,0.015519997974362274,-0.16082198835849634,0.4759269616407887,0.47823891655030426,0.581427014925703,30.53309053891441,15.183353354661746,2.9550016970635054,-0.1628400162291196,0.49328895368391895,-0.4216105462981653,0.47480933671428716,-0.4955317910216684,0.37055645747952237,0.29938271457046883,31.092290839697633,15.072790563463501
m03_h1_q3_d8_l50,1,3,3,mom12_1+mom3,8,50,0.6135054083790581,1.34210001433366,0.9076578389444939,0.5247631464114875,0.010841074696965117,-0.2949833113160971,0.38682643307701714,0.45832381452806126,0.5650032741447488,27.383069941214586,13.662351963386628,1.1736200019220924,-0.38851177390056013,0.499660568019943,-0.3042974224128542,0.5153646360611807,-0.23746199827703307,0.36591550639463877,0.3185705862203695,28.38061301843687,13.718447324689272
m04_h1_q3_d2_l1,1,3,4,rev1,2,1,0.5461380183602407,0.3515822238283214,0.6217354194313875,0.5227112350954943,0.021436045311696048,0.07844016066889008,0.5144702500556033,0.35012144959173164,0.5632023315665757,32.445280940081204,16.19177684651908,0.3024988725258023,0.04351133152956762,0.4896575261158595,-0.34195752826169223,0.48984311510515943,-0.27853499121412106,0.4044403092075296,0.3483196165039716,32.24846856854956,16.274279151129363
m04_h1_q3_d2_l50,1,3,4,rev1,2,50,0.5461380183602407,0.3515822238283214,0.6217354194313875,0.5227112350954943,0.021436045311696048,0.07844016066889008,0.5144702500556033,0.35012144959173164,0.5632023315665757,32.445280940081204,16.19177684651908,0.3024988725258023,0.04351133152956762,0.4896575261158595,-0.34195752826169223,0.48984311510515943,-0.27853499121412106,0.4044403092075296,0.3483196165039716,32.24846856854956,16.274279151129363
m04_h1_q3_d4_l1,1,3,4,rev1,4,1,0.559136593858816,0.6130206421889882,0.6704190739025184,0.5269204389574761,0.01624331897451039,0.3114376422220008,0.5799943938912507,0.25326974772778454,0.5472193859049185,32.52084255082668,16.254941666839382,0.42038433728919283,0.20679159440780479,0.4942426400759734,-0.2693422431329593,0.451080671272765,-0.3621014530970226,0.35039593789625745,0.3717138540506355,32.518581069935586,16.388607650038736
m04_h1_q3_d4_l50,1,3,4,rev1,4,50,0.559136593858816,0.6130206421889882,0.6704190739025184,0.5269204389574761,0.01624331897451039,0.3114376422220008,0.5799943938912507,0.25326974772778454,0.5472193859049185,32.52084255082668,16.254941666839382,0.42038433728919283,0.20679159440780479,0.4942426400759734,-0.2693422431329593,0.451080671272765,-0.3621014530970226,0.35039593789625745,0.3717138540506355,32.518581069935586,16.388607650038736
m04_h1_q3_d8_l1,1,3,4,rev1,8,1,0.5679605887939221,0.6379308831177813,0.7049101391282995,0.5312664872850058,0.018356180850354294,0.14760139004486927,0.5279661721879517,0.2040021505504539,0.5891486725343715,32.483039200937036,16.085020004871993,0.48637122432238206,0.06051720787173755,0.49839743589743585,-0.12677548019886092,0.5511839261994009,-0.14276088540996235,0.25304385850769495,0.3452379216672047,32.219905678618936,16.300437029157056
m04_h1_q3_d8_l50,1,3,4,rev1,8,50,0.5679605887939221,0.6379308831177813,0.7049101391282995,0.5312664872850058,0.018356180850354294,0.14760139004486927,0.5279661721879517,0.2040021505504539,0.5891486725343715,32.483039200937036,16.085020004871993,0.48637122432238206,0.06051720787173755,0.49839743589743585,-0.12677548019886092,0.5511839261994009,-0.14276088540996235,0.25304385850769495,0.3452379216672047,32.219905678618936,16.300437029157056
m05_h1_q3_d2_l1,1,3,5,mom12_1+rev1,2,1,0.5537918969390806,0.28541238516680273,0.5666419308304976,0.5225617503781084,0.022020791962327833,-0.1133870664948438,0.42607161648613695,0.5211294674386908,0.66256116318798,28.23022814401499,14.117943940751898,0.2441931846299304,-0.05601983045205624,0.48830319869816396,-0.4132128286355565,0.5103509433125935,-0.21076529432522942,0.42006283232645314,0.3382312045818261,28.348462018955487,15.197930960572556
m05_h1_q3_d2_l50,1,3,5,mom12_1+rev1,2,50,0.5531418170307059,0.36319968720874474,0.5921350101023993,0.5227690092900356,0.02194537602186411,-0.08099175625985257,0.4449466032722023,0.5026329038068456,0.6475824157220573,28.320030876895704,14.20750877641837,0.30066603200471226,-0.01796404405334541,0.4884803339664451,-0.3909900714155015,0.5039165645099093,-0.2116168812360252,0.41380585102995815,0.3382317935927941,28.483962665439087,15.29511400410598
m05_h1_q3_d4_l1,1,3,5,mom12_1+rev1,4,1,0.5902131338811509,0.8500259392017127,0.8130408623240064,0.5184865057067989,0.015793844190447937,-0.05371846889338882,0.49232943074003077,0.48098123037361973,0.57965364132361,29.76786277500699,14.835363335455176,0.7879948559851394,0.005762910913815904,0.4929070154222064,-0.3959648321817815,0.48907565186278174,-0.3239736568120314,0.44655725046875483,0.33059850140115865,28.534461816573465,14.690551083687275
m05_h1_q3_d4_l50,1,3,5,mom12_1+rev1,4,50,0.5765888659166052,0.6059096087415428,0.6943234149893815,0.5209668116448595,0.016550886090967505,0.14332199649188196,0.5241975795717547,0.3869535838828936,0.5820849380545252,29.36194743396561,14.610865216095554,0.5171827670186803,0.12137939046492603,0.4927969627947927,-0.383979921234691,0.5020402564574976,-0.22791649136394976,0.4402060767230064,0.3575750497637761,27.899808290293223,14.357711606299597
m05_h1_q3_d8_l1,1,3,5,mom12_1+rev1,8,1,0.7195036750158278,3.2231885528729554,1.6011340324984509,0.5119132312660476,0.02104418308194619,0.02262152329908572,0.5144818764338105,0.2801880464648536,0.5743500067178493,32.19446251932603,16.139669221263414,2.661551362356999,-0.02737817495251053,0.5029613740008705,-0.1843840725685056,0.5583966985569272,-0.23070679369828384,0.2636386038985338,0.2823225307458359,32.11796357844713,16.12502227221603
m05_h1_q3_d8_l50,1,3,5,mom12_1+rev1,8,50,0.6126877764368119,1.2453116117354135,0.9574926862705843,0.5155863235772572,0.014608991688634677,0.11813997601329734,0.5577484095047428,0.2630435337904996,0.5553305169291606,30.168324075198626,15.198210968505622,1.0274023040184748,0.13359411954358044,0.4992365871814657,-0.24719072063521125,0.5638834109696571,-0.15201337819556088,0.3817318244574385,0.33418140638369564,30.398695821857515,15.31510318032479
m06_h1_q3_d2_l1,1,3,6,mom3+rev1,2,1,0.5568019943019943,0.44299073867395944,0.6918659018092677,0.5255692372542295,0.01973999758072391,0.17052712222763175,0.5817835664257592,0.32591002514209455,0.6066653389673655,31.446825557919425,15.675432823320904,0.5101636796836163,0.2517086468086399,0.4906158495568218,-0.4426443765892247,0.4642595402056167,-0.3448445115005088,0.43124970814518904,0.35938285309734586,31.357287302278202,16.04912211009813
m06_h1_q3_d2_l50,1,3,6,mom3+rev1,2,50,0.5545638453624565,0.43098148243094464,0.6945114748457142,0.5246461553849672,0.020160815662668915,0.15639764229785807,0.5681268845464444,0.32267516659098805,0.6193409750874319,31.44036349120886,15.592620619114646,0.5081956734460786,0.21024087672745448,0.48792759773662553,-0.4794038702680381,0.44321138471952365,-0.4098341685923387,0.44482585285403975,0.3595650978402938,31.54706009908215,16.25777412406103
m06_h1_q3_d4_l1,1,3,6,mom3+rev1,4,1,0.590508118888713,1.1783222654243528,0.9446355844791817,0.5274408875874925,0.017990536336808145,0.3570948437876287,0.605173808933886,0.2379998733056251,0.600115218225419,31.85382426159593,16.097819981975746,1.1222551228380857,0.28578751011134573,0.49845168936965806,-0.044036297522088506,0.573429338461438,-0.0017860715635492916,0.25788107786518555,0.35201983663072467,31.852132047929615,16.352201053668345
m06_h1_q3_d4_l50,1,3,6,mom3+rev1,4,50,0.581971002712708,1.0955729335207236,0.852499013361348,0.5271972192545109,0.019076877542297706,0.27389130952454976,0.5733194939855131,0.21788206047321068,0.5831267588352887,31.689112590839006,16.12062645361488,0.8984179820337969,0.16482000247198422,0.49749460247507116,-0.01731409427639913,0.5651781981082452,-0.0210938440827607,0.25057763473039507,0.3538004908407445,31.57538043614151,16.154593168355444
m06_h1_q3_d8_l1,1,3,6,mom3+rev1,8,1,0.7159808917862545,3.4481524371009518,1.6170024832057384,0.5236065633683304,0.013721542096704963,0.289574785636953,0.6386128376924213,0.2694168109684779,0.5483715171364569,32.8642899445582,16.468870501609572,2.707876349171172,0.33752834217593813,0.508823840366809,0.3474227350100124,0.6444639435524359,0.10295454579545159,0.19014098920668054,0.3154479797167913,32.8331480027137,16.419661787471142
m06_h1_q3_d8_l50,1,3,6,mom3+rev1,8,50,0.6130455505214378,1.8723187377761652,1.107558993544111,0.5251180352212375,0.013790001496072797,0.209572084321786,0.6355923370129422,0.22271462885235216,0.5577850646547908,32.40347600345535,16.580878234305633,1.5127529654732177,0.2798799611352913,0.5019127826745013,0.013603222202784225,0.5146981685625462,-0.14022480927981965,0.22759035385871762,0.35054902477320726,32.583024851237845,16.420465428328875
m07_h1_q3_d2_l1,1,3,7,mom12_1+mom3+rev1,2,1,0.5609310287406353,0.25402609933807674,0.5376646625517872,0.5249988458900495,0.02405062855212762,0.05408385935347989,0.5621828011634508,0.4236169582226802,0.5680356401956769,26.848279384378174,12.800094143279273,0.21938748937357816,0.1999435908446217,0.489001692831988,-0.5629295770867736,0.4179834187310012,-0.36779178188582506,0.5045761225064616,0.3449356071622508,26.727433211340685,13.51655694795201
m07_h1_q3_d2_l50,1,3,7,mom12_1+mom3+rev1,2,50,0.5600929250861736,0.2779050734457716,0.5227483393064187,0.5254483991945412,0.02474443025588655,0.01804029501984949,0.5268148438375921,0.41693081257214504,0.5715778845526878,27.02911779572752,12.95432958698752,0.1864944669344305,0.1221480110831815,0.48858636781813863,-0.6127419664740507,0.38014285891887756,-0.4336178682528207,0.5329657619619289,0.3503959430894149,26.690332110003556,13.3254823066236
m07_h1_q3_d4_l1,1,3,7,mom12_1+mom3+rev1,4,1,0.6077231114364602,1.1966320775902661,0.955068366533207,0.5241162265660723,0.018160438694338903,0.10365140585074333,0.49462515572092763,0.37102454454979994,0.5730697426350986,29.093667249908904,14.21572839889287,1.1693487368730118,0.03007355468900858,0.4930880148979107,-0.28419406693133464,0.4881417053218676,-0.16671128254173165,0.3399721537350604,0.35495146310092274,28.993873186229074,14.72394986258759
m07_h1_q3_d4_l50,1,3,7,mom12_1+mom3+rev1,4,50,0.5936694183945341,0.8583733676084929,0.8018307665790054,0.5264842815720516,0.018719364503077936,0.0988751231841124,0.5143515663721832,0.41757195008784576,0.5493111564300837,28.543960825610394,14.119148907660675,0.7898351462307304,0.08032438774386307,0.4920997052073441,-0.3588970819622303,0.4994393351148129,-0.10902544114299002,0.3758040569018629,0.3658998839189025,28.710566375213563,14.536333976668876
m07_h1_q3_d8_l1,1,3,7,mom12_1+mom3+rev1,8,1,0.7954919228790757,4.320167354349708,2.000826677983313,0.5188722394789138,0.024953208973090925,-0.1241315291024318,0.46364227022951177,0.5271160963462298,0.5724070949261613,31.238651517401177,15.504516688617182,3.667658445811437,-0.20529911887923713,0.5036447204415955,-0.06497827815541135,0.6122753642336616,-0.04275378207001887,0.3224873949533005,0.30433984026153504,31.419792055551547,15.78082815174404
m07_h1_q3_d8_l50,1,3,7,mom12_1+mom3+rev1,8,50,0.6400029484761353,1.651453613440238,1.062082140986048,0.5248492924756428,0.015465642292306915,0.1379954051475059,0.5271961665806085,0.36086515150637466,0.536614030942433,29.408908788286947,14.655676703797354,1.3296445844416935,0.08516715424483452,0.49826667111823364,-0.1740492113037037,0.5488454332126238,-0.039424140423439315,0.3105161177743898,0.3546894621087201,29.469713160398967,14.79105404983489
m08_h1_q3_d2_l1,1,3,8,vol6,2,1,0.5447530864197531,0.08102577058197225,0.4183260619380571,0.5287142555661073,0.02887436790854682,-0.02465232751230595,0.38416578296263676,0.5901434376742558,0.7293791258540074,8.945272875861965,4.561081059053714,0.08160378732489416,-0.001310611540992508,0.5338319088319089,0.4042022992603256,0.5804587152128213,0.2330119549391216,0.24296666579161674,0.31367348349405855,8.342678264024915,3.388186723272752
m08_h1_q3_d2_l50,1,3,8,vol6,2,50,0.5447530864197531,0.08102577058197225,0.4183260619380571,0.5287142555661073,0.02887436790854682,-0.02465232751230595,0.38416578296263676,0.5901434376742558,0.7293791258540074,8.945272875861965,4.561081059053714,0.08160378732489416,-0.001310611540992508,0.5338319088319089,0.4042022992603256,0.5804587152128213,0.2330119549391216,0.24296666579161674,0.31367348349405855,8.342678264024915,3.388186723272752
m08_h1_q3_d4_l1,1,3,8,vol6,4,1,0.5516975308641976,0.14160985540634338,0.4807715719156091,0.5188416693046323,0.021005347940130356,-0.1586562797568939,0.37096751209256146,0.5102389959444862,0.6955160519308686,15.19372521818414,8.14276743975171,0.17288606783052324,-0.060305891143756424,0.5378679962013295,0.4185677859789516,0.6011978131268662,0.24396532055131495,0.24261157810195,0.31687616898159365,13.57107872245751,8.616587181705345
m08_h1_q3_d4_l50,1,3,8,vol6,4,50,0.5516975308641976,0.14160985540634338,0.4807715719156091,0.5188416693046323,0.021005347940130356,-0.1586562797568939,0.37096751209256146,0.5102389959444862,0.6955160519308686,15.19372521818414,8.14276743975171,0.17288606783052324,-0.060305891143756424,0.5378679962013295,0.4185677859789516,0.6011978131268662,0.24396532055131495,0.24261157810195,0.31687616898159365,13.57107872245751,8.616587181705345
m08_h1_q3_d8_l1,1,3,8,vol6,8,1,0.5542695473251029,0.13327784514283153,0.4698993559064807,0.5097967447504484,0.017578272864333253,-0.2552639632050335,0.36316183599216434,0.5984066554404097,0.6934442147203554,20.06218211748138,10.385029992413486,0.138290887732021,-0.08059727620354461,0.5346925451092117,0.35870721709976505,0.605027787863647,0.26322358488645653,0.25108855262155017,0.33229679694723824,19.487462393633194,9.324195767298544
m08_h1_q3_d8_l50,1,3,8,vol6,8,50,0.5542695473251029,0.13327784514283153,0.4698993559064807,0.5097967447504484,0.017578272864333253,-0.2552639632050335,0.36316183599216434,0.5984066554404097,0.6934442147203554,20.06218211748138,10.385029992413486,0.138290887732021,-0.08059727620354461,0.5346925451092117,0.35870721709976505,0.605027787863647,0.26322358488645653,0.25108855262155017,0.33229679694723824,19.487462393633194,9.324195767298544
m09_h1_q3_d2_l1,1,3,9,mom12_1+vol6,2,1,0.5522134454908375,0.129623109243285,0.4719122271207069,0.5276996692650627,0.03214800374875291,-0.08859889258702487,0.3857383894885031,0.5781924719874743,0.7304524966689253,10.333060223128296,5.04266139265862,0.18824034216866312,-0.0020303493865819915,0.5317014939953308,0.34270486394065214,0.5526306402017235,0.17332147435762188,0.19781116536327814,0.31835885962999566,10.126990697808838,5.28003183253869
m09_h1_q3_d2_l50,1,3,9,mom12_1+vol6,2,50,0.5520660216840773,0.1306467411391626,0.4765928228889955,0.5279708851034083,0.032203308988861354,-0.0802125396879292,0.39251482802495635,0.5769125357477394,0.72301294999686,10.317713830665955,5.1080277314632045,0.19684406235714974,0.00915804361314465,0.5317429182989079,0.32925798696121816,0.546154146810495,0.15422540763979056,0.21096260429878932,0.31006703277343484,10.0315199431378,5.295032321204716
m09_h1_q3_d4_l1,1,3,9,mom12_1+vol6,4,1,0.5841345466875946,0.40853264958166613,0.5804602102826119,0.523416272620555,0.02240107310099955,-0.11210314719602926,0.36839120053707497,0.5428368138869012,0.6811146885726611,14.199606008393394,7.244671741673308,0.3963819772463104,-0.06512533213713108,0.5259376422028332,0.3046660107840916,0.5194478119799878,0.10754419747048015,0.25803479913006866,0.3376143683588543,12.862174608018776,6.655005119766845
m09_h1_q3_d4_l50,1,3,9,mom12_1+vol6,4,50,0.5746290773055819,0.28819980598692,0.5537492464065369,0.5293201632900707,0.024537458551290636,-0.07079372871418207,0.40471098291353785,0.5372037139787182,0.69416042928792,13.510662398435334,6.799976673165343,0.3396859590138157,0.02269523047597345,0.5261608388235992,0.3512632240915452,0.5556950828751751,0.19658299004431665,0.23335685393099437,0.3381244590581972,12.284070140669465,6.48563843983816
m09_h1_q3_d8_l1,1,3,9,mom12_1+vol6,8,1,0.718801591462664,2.5495029217494647,1.3445911518106577,0.5072278883525025,0.010616232512771391,-0.0019058000466564739,0.5304211520939236,0.34233856892700476,0.5628053300504134,25.7995863355191,12.545711924952263,2.0397330877028836,0.1407506179642121,0.5102860564557613,-0.1419102460504254,0.4863061109405868,-0.22842960402412105,0.32360595553321403,0.2727128503504279,25.153769719933592,12.320755514329509
m09_h1_q3_d8_l50,1,3,9,mom12_1+vol6,8,50,0.6044698266197108,0.6551082370801476,0.7075962484083865,0.5240296683197918,0.016918568870737394,-0.06467964213771406,0.4536800909883577,0.4338777084598271,0.6537689712951743,19.119528479721414,9.07522283253797,0.6256130188860145,0.050228003730679927,0.5161540872803894,0.25280955056910337,0.5804348061643196,0.1804672065517614,0.20681361069943494,0.3107949300179059,18.814346659970084,8.579244612786866
m10_h1_q3_d2_l1,1,3,10,mom3+vol6,2,1,0.5573554175020224,0.15966296413342443,0.44716877351415873,0.5308606252857797,0.02856092626632742,-0.03334213512829957,0.35726725426577255,0.6243734175387516,0.7197460924794421,14.235532342168474,7.047305926615056,0.14397234860848876,-0.06994447155403538,0.5311775074687402,0.3053944575322868,0.5336812293713088,0.14978486193901674,0.28971299129637673,0.3682718311547437,13.370226784510663,5.837508745035935
m10_h1_q3_d2_l50,1,3,10,mom3+vol6,2,50,0.5565501510235307,0.1600588351655516,0.44663059818766626,0.5303954090605325,0.028556494014383788,-0.03889910232637647,0.3544380053156178,0.6234509107601399,0.7270487225468005,14.08609399239757,6.9728488164347056,0.1435006390356282,-0.057509331932866906,0.5319237632063153,0.3063206520847315,0.5403897980291705,0.16668207820453398,0.29608847269292216,0.3682718311547438,13.031647178408363,5.744995209381185
m10_h1_q3_d4_l1,1,3,10,mom3+vol6,4,1,0.5884518796604059,0.5591965441041105,0.6455924905470591,0.5283359410722451,0.021573621973123916,-0.00581157478167506,0.40041564241672134,0.45502028851876863,0.6805685408650428,19.40981062184217,9.518366344880922,0.5179622233263467,-0.011744039615710099,0.5282009857747705,0.30416508135483955,0.533242508337816,0.10067282526292977,0.2969352026854424,0.3449367219803774,17.96405086964304,8.73546249868078
m10_h1_q3_d4_l50,1,3,10,mom3+vol6,4,50,0.5781554327802398,0.3616485461589803,0.553018551342333,0.528417415738982,0.025176477875203038,-0.13078157216443775,0.372247000581779,0.49305464462020965,0.6758171714160366,18.50928163618042,8.93410229147775,0.3365156235824908,-0.13117975575927493,0.5306355910197056,0.4051385520122384,0.5801304148796351,0.23039491510326032,0.2852017646722652,0.3495733426580607,17.159548409554564,8.386318344518902
m10_h1_q3_d8_l1,1,3,10,mom3+vol6,8,1,0.7172541223708278,2.769653685536046,1.3552173525810869,0.5238797027232598,0.020011508078980358,0.01053026955211298,0.45224561544396213,0.3723529168829117,0.6691500263320105,28.04141238675163,13.910180493677823,2.169813536638356,0.013018801221966594,0.5229073307415322,0.2631435107299111,0.5559150070875793,-0.09247624944735476,0.22083558998993646,0.26819733207602514,27.372477849507476,13.65226147663219
m10_h1_q3_d8_l50,1,3,10,mom3+vol6,8,50,0.6099128289762935,1.0179200957397323,0.7935073093124609,0.52974230648324,0.021541680589368947,-0.08837598267847983,0.45945074642593636,0.4183811649193109,0.6440782629228328,22.7488659552758,11.038260215762927,0.8603698282863426,0.036955589236259155,0.5265842013888888,0.17129682132935387,0.47283794732127077,-0.18286781867419696,0.2564999195200497,0.34785478682972504,23.059456323099056,11.157711281313759
m11_h1_q3_d2_l1,1,3,11,mom12_1+mom3+vol6,2,1,0.5588202440777672,0.24623084198696124,0.5116008256291685,0.5288912877888572,0.02958558353349875,-0.0189625395806954,0.4191230577781189,0.574686500875164,0.7269054571755802,14.039336477012503,6.858113187965626,0.26061340278831097,0.05482894312040255,0.5241619616077082,0.06814471138430911,0.45317588955078636,-0.06950542387884416,0.38930378119807774,0.36854472509100955,12.490799846459094,6.135898982062471
m11_h1_q3_d2_l50,1,3,11,mom12_1+mom3+vol6,2,50,0.5587481809028878,0.26699970965338143,0.5156457796342531,0.5297625721043931,0.02964392958394433,-0.021411923916854193,0.423546380618949,0.5634800410917935,0.7220439703776362,14.001774714111525,6.843030807117732,0.27011062328689733,0.06262845115832431,0.523231769596787,0.0620604836969691,0.4567681338593258,-0.05114600464598542,0.3806649244570459,0.3726398344998445,13.074644954793872,6.34687364737016
m11_h1_q3_d4_l1,1,3,11,mom12_1+mom3+vol6,4,1,0.5975745005451796,0.5237147989504222,0.65068177651638,0.5252220425108156,0.01947155112364227,-0.036183386127865425,0.4423588295146717,0.4777047092056158,0.6666864570292861,16.257891791386303,7.84464776672847,0.5408764677752698,0.07201452787979355,0.523398085084283,0.23343184630186667,0.5502612177957013,0.16889265441537854,0.3148711738739782,0.34402242574130937,15.526301771051996,7.2362584931927545
m11_h1_q3_d4_l50,1,3,11,mom12_1+mom3+vol6,4,50,0.5871818091387921,0.4242116879079846,0.6038440220123311,0.5289013862509233,0.022148428543423176,-0.08924665443849827,0.4079063615342817,0.5666181669343571,0.7059810544151699,16.044656486680918,7.656848811687603,0.44902825556336057,0.0011929576076056653,0.5248582917853751,0.22433284112203145,0.5351596866402031,0.13732052138937423,0.3078952703080653,0.35586707390910055,15.283421845904057,7.2622532040435885
m11_h1_q3_d8_l1,1,3,11,mom12_1+mom3+vol6,8,1,0.803154319888502,3.6081766831019,1.816556217308985,0.5160992842320002,0.00978949787561377,-0.22110762740966247,0.443893951349156,0.49382804659794466,0.6761177776246476,24.83373410151711,12.172212263890314,3.063515048868526,-0.012420094148450724,0.511217330444761,0.11459617048588806,0.5299029137601629,-0.007572377055297896,0.25803257817372693,0.2888329053058909,25.129458982614736,12.158168845920127
m11_h1_q3_d8_l50,1,3,11,mom12_1+mom3+vol6,8,50,0.6333861201241602,0.8923019834832039,0.7761232830015309,0.5294262314902747,0.01348198184408786,-0.1706491606745301,0.407548079095517,0.5396589752582145,0.6762733211998783,19.98738329722949,9.455426235523648,0.8174885666315439,-0.05393325066517167,0.517050428834283,0.2031036471894925,0.5477134171005549,0.14379743162749048,0.3036247224512666,0.35390099967388744,19.87086591018884,8.905894162926106
m12_h1_q3_d2_l1,1,3,12,rev1+vol6,2,1,0.5608425469777708,0.1732608304164891,0.4778242774704819,0.5381782319475221,0.03639107301112304,0.010968944359557834,0.40151549163086664,0.543684485328473,0.7249789719675084,21.6036838124208,10.264644618738858,0.16435178627950559,0.030205227467285337,0.5126361128422761,0.05441487043652094,0.4934559858405806,0.01413765573664998,0.34905839884867973,0.38970561340845966,23.18101287728616,10.962847644481876
m12_h1_q3_d2_l50,1,3,12,rev1+vol6,2,50,0.5605707128662375,0.17499279773748705,0.4734932848220967,0.5381325484286518,0.03644582928471805,0.012449188869810127,0.40783653159064864,0.5436844853284731,0.7235337220528443,21.66040828386042,10.356600255668544,0.15594103826705402,0.04181949369421848,0.5126002529973884,0.04434558671751741,0.5035900283016582,0.038386595878938265,0.34040570877438503,0.38970561340845966,23.255909531586077,10.949974803700513
m12_h1_q3_d4_l1,1,3,12,rev1+vol6,4,1,0.5875941973549998,0.4527625941201448,0.5289052163400125,0.5339381144261546,0.031608636574329184,-0.008051019718091048,0.39505835512548265,0.48987842760991385,0.6989600378277792,23.927195639338436,11.72137688830388,0.25398778220890517,-0.023341172439133175,0.5179915951942862,0.06799341805206034,0.4873045172980706,-0.027412897651440282,0.3590012153098382,0.3900225092705689,23.089727464797193,11.681339529101255
m12_h1_q3_d4_l50,1,3,12,rev1+vol6,4,50,0.5810308839822729,0.4031089450438758,0.5339499705609208,0.5372161301704126,0.032368884187095874,-0.07050321431121148,0.37461243682503,0.5052362243283325,0.7104682674262021,23.264946302974536,11.455783216052906,0.26751229969271406,-0.06395152445835871,0.5175022319662077,0.06915056043673846,0.4964541042556602,-0.006433540742349393,0.3628120961417943,0.3900225092705688,23.160436564689498,11.551182176221744
m12_h1_q3_d8_l1,1,3,12,rev1+vol6,8,1,0.7156612445482043,2.7123223755486237,1.4333819440105346,0.5167980016311421,0.014522542531588373,-0.1681364073233672,0.37883127705227737,0.34945867067241776,0.5749093979789406,30.16525001943117,15.192121797453469,2.2297862290719626,-0.448793425114244,0.5119591037017253,-0.19994589014440453,0.47662800218901125,-0.21695800830896275,0.36163321081832356,0.3320995281937451,29.44659541858516,14.741046013593749
m12_h1_q3_d8_l50,1,3,12,rev1+vol6,8,50,0.6093008072174739,0.7480212814912061,0.6682504251493792,0.5331601206649431,0.024200079777023323,-0.02200710451074923,0.46134851156019496,0.36627977138171897,0.6352235181770644,25.811963740597648,12.688499386961645,0.5314812487419716,0.053651723923929834,0.5176929692446186,-0.025572057818861377,0.48775642404799374,-0.07824482276973993,0.37040027724404245,0.3750998174201501,25.581461389267847,12.292250367376603
m13_h1_q3_d2_l1,1,3,13,mom12_1+rev1+vol6,2,1,0.56387071165717,0.21655689784308652,0.4855349488994374,0.5368402887693011,0.03610868252426847,-0.04008711644015302,0.37387452957519857,0.5033537596562956,0.6954637057062576,21.09528036567806,9.72258311330441,0.17690638067684808,-0.06887468666734724,0.5118462688449668,-0.1007681642207411,0.4790951761514116,-0.042509379351012885,0.3595337853662254,0.36403774836367564,20.837228426290608,9.396807008083623
m13_h1_q3_d2_l50,1,3,13,mom12_1+rev1+vol6,2,50,0.5632632925987479,0.25061411272711026,0.5098546241204549,0.5373768125021983,0.0361543416030379,-0.04964177464111866,0.38223677330619465,0.5061492210636621,0.6927453197389308,21.594988574804475,9.960213211062198,0.2279783036381252,-0.04591878074735889,0.5101035112970878,-0.12832070707835114,0.46777452248989776,-0.08279387440583685,0.3668170918985142,0.36353741917429305,21.35413555760732,9.676638964189635
m13_h1_q3_d4_l1,1,3,13,mom12_1+rev1+vol6,4,1,0.5998134051519468,0.6299668757654846,0.6118929561797513,0.5331165667537195,0.028403954102322892,0.02608729674817961,0.3700152365809501,0.5026136736784335,0.7010958714781852,22.126986588621474,10.109191166532739,0.44219857546004876,-0.04929123407950732,0.5126810922166825,0.06834069359438523,0.521497004404466,0.051156441105781436,0.2783877058789074,0.3433826820238741,21.111447643501215,9.705759228289352
m13_h1_q3_d4_l50,1,3,13,mom12_1+rev1+vol6,4,50,0.5889298735315325,0.4833998634301008,0.5310783634537094,0.5391537983407196,0.03204958510407335,0.04381870065621896,0.3965921972561124,0.491373537326912,0.6984482609734487,22.124969447660305,10.123382534448137,0.2865236655921458,-0.0005559050170119317,0.5107611994005223,0.014843950012348924,0.5021232813990987,0.013285284943300142,0.28197284109504717,0.35115498259895894,21.333219847981784,9.709934719485418
m13_h1_q3_d8_l1,1,3,13,mom12_1+rev1+vol6,8,1,0.8024788220824101,3.566313797261578,1.945823680129957,0.5233423546261123,0.014832855130342519,0.09606081942585222,0.514328735126984,0.32899526110201827,0.5674210013327,27.701417266535014,13.676853982828277,3.237883324993582,0.09414356839398104,0.51042454964981,-0.008988695752662841,0.5168528902595056,-0.07007471511849525,0.2929272926453963,0.3386240222073401,26.3088003742398,13.102797458623364
m13_h1_q3_d8_l50,1,3,13,mom12_1+rev1+vol6,8,50,0.6365939275131018,1.001245484587105,0.7927472891975139,0.5370152600814252,0.02212138323196704,0.09516635507249495,0.42079575302650835,0.38852196191884814,0.6415173920698634,23.69836611453475,11.17273135562501,0.8143544373709606,0.005597770860465327,0.5102365946007439,-0.012503793079404597,0.47952469903335765,-0.051220398821456195,0.3459081364229779,0.3717409875169764,22.229100893926727,10.438532594388668
m14_h1_q3_d2_l1,1,3,14,mom3+rev1+vol6,2,1,0.5659156845740564,0.30529138343015744,0.502831174223502,0.536766576865921,0.03163203640124178,-0.007328154458246209,0.3775692002113651,0.5828593837908447,0.7260091982804181,21.40553228999953,10.137347017233681,0.2454211253401802,-0.02465287111139865,0.5121396394725388,0.012864934756777066,0.5129504747233631,0.07164980595885834,0.42224131713917445,0.38896288075008045,21.825595566389783,10.058251098164288
m14_h1_q3_d2_l50,1,3,14,mom3+rev1+vol6,2,50,0.5653991516742288,0.322178220751045,0.5190886036601361,0.5370474789842073,0.03152001839510465,0.0055781511880692546,0.3768742169807283,0.5760421486683505,0.7239639494450891,21.853285850439097,10.100734936981013,0.2770124779787502,-0.03529087735492399,0.5115881397890947,0.03427923655115597,0.5013071712481687,0.036681960844785144,0.4142272478488952,0.388219437052561,22.063337211251692,10.045398533550072
m14_h1_q3_d4_l1,1,3,14,mom3+rev1+vol6,4,1,0.6046861535383912,0.6654012064333786,0.6323544224466241,0.5369487613652351,0.02672481025438243,0.0777822862010203,0.44633737847677896,0.4070224326836922,0.6430489854981125,23.41876960457238,11.366836145872211,0.49167364560466226,0.0011467505094124126,0.5175520029578189,0.18310623181953375,0.5859224230515936,0.24126040275167368,0.3755483636650522,0.37738393681275406,22.268292469116485,10.662906949260707
m14_h1_q3_d4_l50,1,3,14,mom3+rev1+vol6,4,50,0.593081234501952,0.5375058232429054,0.5617781023738382,0.5370045433461714,0.028689683403247797,-0.03235610017273126,0.4071376363084998,0.4562621115320512,0.6605552840568165,22.853936095090845,10.793294870454957,0.347450871503605,-0.09591863260779838,0.5161463588655428,0.1551926446446438,0.5314763484384183,0.10544095554736382,0.381865780003226,0.40139737381995455,21.880465309468335,10.185372251781803
m14_h1_q3_d8_l1,1,3,14,mom3+rev1+vol6,8,1,0.7903074961090006,3.451871399941081,1.769382348858627,0.5287401543429707,0.013956801373237415,-0.015529518035965688,0.4662265819875754,0.32625001066701254,0.6106294671291943,28.97589737657562,13.963680740694814,2.9476847209849875,-0.041042273874827395,0.5140926099042419,0.15440248612526847,0.6171928440794484,0.1948665825385937,0.20108202581047085,0.2918252187414361,28.3500127897051,14.105005810078168
m14_h1_q3_d8_l50,1,3,14,mom3+rev1+vol6,8,50,0.6332615724253456,0.9875543834261048,0.7762801975879136,0.5347152838231156,0.023610232322915398,-0.12215181970342129,0.3812697884762003,0.44173656935619265,0.6635587697010609,25.183329288399037,12.046642032614693,0.785051158039056,-0.2116367979865358,0.5150793739118392,0.05038110014529004,0.5248992850296178,0.03492412927381211,0.323955261986405,0.36637446270852114,24.121120639064458,11.593782500612818
m15_h1_q3_d2_l1,1,3,15,mom12_1+mom3+rev1+vol6,2,1,0.5676641611489219,0.22418804948941615,0.47016850934131205,0.5368547151436812,0.03666315399366683,0.0024034464724401843,0.3906334978430309,0.5506644088391233,0.7223098537410778,19.470018543718755,9.110613241149482,0.1664812540099859,0.0051105791025314986,0.5156129436728395,0.08537225248496769,0.5351308728486837,0.11732238302687334,0.39311288500901,0.3785532373748013,20.006730694054465,9.583847858748715
m15_h1_q3_d2_l50,1,3,15,mom12_1+mom3+rev1+vol6,2,50,0.5670057002040028,0.20927543004580607,0.4771223409570662,0.5369743166569941,0.03725279991011009,0.004007404192270331,0.3937573160524388,0.5472228846446369,0.7245588586172995,19.410058424150517,8.974062348815975,0.1886878839096342,0.012837584739570994,0.515769366789332,0.060376951526749816,0.5079164583525895,0.04030014895083252,0.39571168135835366,0.37805669381875784,19.444997205133514,9.43051157330224
m15_h1_q3_d4_l1,1,3,15,mom12_1+mom3+rev1+vol6,4,1,0.6130220561403046,0.7493007623687497,0.6634041410567231,0.5340885609018325,0.028903898767923538,-0.027372326922636116,0.3962195371757097,0.5177477594090001,0.6717220167794975,22.294492197982482,10.75538772372515,0.5496775669732509,-0.04619122963472122,0.5111174793249446,-0.054136134372395006,0.5072672699727766,0.03701341183061793,0.39210913156517213,0.37635901312431985,21.872198004741954,10.738139326778086
m15_h1_q3_d4_l50,1,3,15,mom12_1+mom3+rev1+vol6,4,50,0.599481117662059,0.5447274024026142,0.547895084635183,0.5359513493194048,0.03299402921216389,-0.08460089438697892,0.37013354792201475,0.4999507828528331,0.6447944500301732,22.136832165875216,10.522509438601453,0.305649533616349,-0.1769368799178533,0.5111578216504431,0.062269253613968505,0.5482078396250907,0.1427374995683231,0.3419652949426202,0.37487643581866914,21.811327510787642,10.609190872678202
m15_h1_q3_d8_l1,1,3,15,mom12_1+mom3+rev1+vol6,8,1,0.8339157466761634,4.1106754292644805,2.1118137825543712,0.5231315234691006,0.01193701414228159,-0.15031408526387355,0.4011826436344545,0.44532738445916287,0.6241152974402367,27.777456141184093,13.757887043307006,3.6802912949709436,-0.1659733520235764,0.5151255898326211,0.2435332214011984,0.5960872091103064,0.18917273544778127,0.2194888086379051,0.3526680967270893,27.410903050367608,13.40870409468048
m15_h1_q3_d8_l50,1,3,15,mom12_1+mom3+rev1+vol6,8,50,0.66108874336112,1.3240556757194841,0.9252362972847732,0.5344710659139671,0.022587254831724832,0.05324046075007152,0.5048176359840391,0.3428802183672158,0.5834232085340216,24.25362554214836,11.524461745816708,1.1123625033098912,0.11402851644214723,0.5085669478573125,-0.1077780109105976,0.4646067861276745,-0.1238576495196664,0.3362662724976885,0.3767490893631813,23.9039082394631,11.331805987434358
m16_h1_q3_d2_l1,1,3,16,size,2,1,0.5547147040202596,1.073349539077658,0.8505591234421271,0.528613683127572,0.026468278233727917,0.6657644132085605,0.7785010155797105,0.19246155485862548,0.5219940667445158,3.2971261683329716,1.642272501537942,0.8179656389203156,0.6655063329698994,0.5361615622032289,0.6064727820210699,0.6911622910853684,0.46400364323154963,0.26006528381702665,0.35612878925072244,2.704064648251147,1.2124815031438865
m16_h1_q3_d2_l50,1,3,16,size,2,50,0.5547147040202596,1.073349539077658,0.8505591234421271,0.528613683127572,0.026468278233727917,0.6657644132085605,0.7785010155797105,0.19246155485862548,0.5219940667445158,3.2971261683329716,1.642272501537942,0.8179656389203156,0.6655063329698994,0.5361615622032289,0.6064727820210699,0.6911622910853684,0.46400364323154963,0.26006528381702665,0.35612878925072244,2.704064648251147,1.2124815031438865
m16_h1_q3_d4_l1,1,3,16,size,4,1,0.5605215257993036,1.073349539077658,0.8505591234421271,0.5258586578031024,0.021597892885038543,0.611315868429831,0.7169012775428161,0.1441049987383477,0.5144434520145251,5.666974957735685,2.6408999453969115,0.8179656389203156,0.47304264608795543,0.5324074074074073,0.6064727820210699,0.6911622910853684,0.46400364323154963,0.26006528381702665,0.35612878925072244,2.704064648251147,1.2124815031438865
m16_h1_q3_d4_l50,1,3,16,size,4,50,0.5605215257993036,1.073349539077658,0.8505591234421271,0.5258586578031024,0.021597892885038543,0.611315868429831,0.7169012775428161,0.1441049987383477,0.5144434520145251,5.666974957735685,2.6408999453969115,0.8179656389203156,0.47304264608795543,0.5324074074074073,0.6064727820210699,0.6911622910853684,0.46400364323154963,0.26006528381702665,0.35612878925072244,2.704064648251147,1.2124815031438865
m16_h1_q3_d8_l1,1,3,16,size,8,1,0.5651313706869263,1.2455759994917064,0.8905400308564765,0.5223237838978579,0.01772463348867556,0.6050197843312043,0.743253349529044,0.16902646914125474,0.4807686745186879,9.675144414414168,4.67989127679813,0.9145546797876706,0.462628217138739,0.525403608736942,0.47696410039483494,0.6464115175590427,0.28813123411374575,0.1603837098477876,0.29760784925293715,8.68383957380308,3.574645971745827
m16_h1_q3_d8_l50,1,3,16,size,8,50,0.5651313706869263,1.2455759994917064,0.8905400308564765,0.5223270813548591,0.01772463348867556,0.6050197843312043,0.743253349529044,0.16902646914125474,0.4807686745186879,9.675144414414168,4.67989127679813,0.9145546797876706,0.462628217138739,0.525403608736942,0.47696410039483494,0.6464115175590427,0.28813123411374575,0.1603837098477876,0.29760784925293715,8.68383957380308,3.574645971745827
m17_h1_q3_d2_l1,1,3,17,mom12_1+size,2,1,0.5607911616061694,0.8181548386448676,0.8897833729281454,0.5307830663492316,0.026071120276852093,0.2544362292413803,0.654379852322152,0.3297315776336416,0.5643223107653024,9.129412051402651,4.222459348320278,1.0513170705611605,0.3496341653538737,0.5294532981164926,0.30598342553650676,0.6628097180007901,0.3692689792625965,0.2534024767828189,0.3250090155198606,8.377800513874643,3.050584895129753
m17_h1_q3_d2_l50,1,3,17,mom12_1+size,2,50,0.5597779492455418,0.7710033560429813,0.8550185198320083,0.5308200940434736,0.027058392286004825,0.24994494566098596,0.6447417810410411,0.32095663588680035,0.5643223107653024,9.296922903235368,4.288972406228826,0.9592181848353941,0.3411132687574352,0.5292386027520577,0.31276765386407945,0.662115234318959,0.3700264050555145,0.2576781588941015,0.31675613566624805,8.298962492849258,3.012096244264575
m17_h1_q3_d4_l1,1,3,17,mom12_1+size,4,1,0.5895421700784356,1.2951158765663724,0.9404594182864308,0.5303897072078013,0.023853323731438777,0.372838368774864,0.719415831402951,0.31477219038454196,0.526314220489724,11.6557934603729,5.702951238320515,1.219842240265639,0.6026295879839414,0.5301615300530231,0.3655796584047669,0.6639996122211023,0.3627627551802865,0.23224182798356408,0.34640739861603276,10.009346775762124,4.424577390272582
m17_h1_q3_d4_l50,1,3,17,mom12_1+size,4,50,0.5812201442747353,1.0526983177376326,0.8839172498258391,0.5319103157644824,0.02632030118941678,0.4772503051889185,0.7762234404648194,0.25593751308592927,0.48220201712087585,10.993849017681185,5.393094384524567,1.0330247298525048,0.6945418678827326,0.5299573453327794,0.35743897179320516,0.6541536549814638,0.3406774501955116,0.22348853596168883,0.33509903731283697,9.552490646262093,4.341832636971017
m17_h1_q3_d8_l1,1,3,17,mom12_1+size,8,1,0.7023925523636172,2.9286267026659414,1.4067236195342083,0.5232091511026695,0.012112367439973109,0.5224846474132181,0.6299295057212484,0.19536384439814325,0.5434098789452015,21.76817601683095,10.44579006058728,2.088514065599494,0.3287472255649028,0.5261119952417697,0.6920712347563291,0.8552288139586864,0.8335091521975517,0.1508745189092905,0.2522326883455559,19.302043244491607,8.875561257885561
m17_h1_q3_d8_l50,1,3,17,mom12_1+size,8,50,0.6069973961081214,1.728057738087694,1.0054353512672567,0.5313470001934508,0.0247927904087394,0.3185039660590135,0.6264311667607543,0.21738527846363775,0.5317988642337499,14.538848018906437,6.748007420454196,1.3952204760857627,0.3421640849622485,0.5282193794021051,0.6809680327740598,0.8017335190030404,0.8325637015483766,0.1574527961545692,0.31688613866424975,13.471038079407451,6.08054563264226
m18_h1_q3_d2_l1,1,3,18,mom3+size,2,1,0.5695626033203194,1.0114581658482156,0.88343399250305,0.536980636782913,0.026821477255867195,0.5385772587423713,0.647045139238319,0.2920324673866661,0.5588400340937636,13.660292072873021,6.343880595552512,1.0121974191914511,0.2662072919760375,0.5287506306386515,0.44287314190361443,0.6469043530203297,0.32519504597301846,0.2697761358501899,0.315733559554884,12.461335820715231,5.325868649750635
m18_h1_q3_d2_l50,1,3,18,mom3+size,2,50,0.5684008680005979,0.8839745542488072,0.8636090289801787,0.536743906849038,0.026717499101248682,0.5935394731421079,0.6748524304998016,0.27041754989880495,0.5546954645039809,13.517277385739524,6.237599883647371,0.915334379370616,0.34888337447742346,0.5291976421533713,0.3679520371299558,0.6356112510683397,0.2884757017903113,0.27692004461882014,0.3156317161143385,11.957385885357198,4.954092801031732
m18_h1_q3_d4_l1,1,3,18,mom3+size,4,1,0.5936565720516338,1.612689216693313,0.9436808583244046,0.5365290912648166,0.02770115514092764,0.3464077836938196,0.6124446256741508,0.371257324069715,0.5819292719429505,15.850776701123676,7.7642016155967015,1.2967317069648163,0.20689035372515668,0.5316668706968186,0.4847639503543269,0.634609959446983,0.25656329004907813,0.16978328676164978,0.3088497749786072,15.387110386354898,7.59276947705504
m18_h1_q3_d4_l50,1,3,18,mom3+size,4,50,0.5854661010428758,1.2826460917150815,0.9338679064525307,0.5395588359756955,0.027033901560143448,0.4130638683662417,0.6394048370014666,0.2481645869939142,0.5446951341675632,15.628709339467202,7.705077440133903,1.1863332060717706,0.28723190205588495,0.5300636883210668,0.5297427116623713,0.6263543049360567,0.2930144633412016,0.2021328169984845,0.3339780557153623,15.05727008179754,7.42520988461606
m18_h1_q3_d8_l1,1,3,18,mom3+size,8,1,0.7099386453167317,3.8911486821098906,1.7918953903819248,0.5162308390269424,0.0195283405551487,-0.0028186535114116864,0.5533427015139321,0.40238970443409516,0.6150422906711732,24.928905977300804,11.885767088898342,3.3860465446164714,0.08920531087340831,0.5268560870231878,0.42841768865540447,0.6383524996082385,0.05309107978139001,0.12287642333428928,0.3091177176532337,23.783727322777956,12.06828293072363
m18_h1_q3_d8_l50,1,3,18,mom3+size,8,50,0.611765931113925,1.9686809277231474,1.0867956529104252,0.534564699953396,0.02464024009249867,0.25332974131754316,0.6643585343323507,0.2621401095886684,0.5528117118467963,19.165780439430907,9.453163667674493,1.73132012058789,0.39181054379596114,0.5299582727425609,0.41561228712598836,0.5880781252182053,0.13528324801816902,0.15831447801076926,0.3225765088350405,18.30396225139448,9.037443929785542
m19_h1_q3_d2_l1,1,3,19,mom12_1+mom3+size,2,1,0.5725424052970349,0.7070870817508497,0.761095537983294,0.534683751890542,0.024624424490405132,0.3994210041890509,0.6001599604803606,0.26795085206541647,0.5264343080329186,14.101299128239683,7.428433239501746,0.7652086645109679,0.19072292586942843,0.5236923831216366,0.3222329803307838,0.6166913651697318,0.26713297991014245,0.2576776098475322,0.3196329073680092,13.27472896176607,6.93808054442479
m19_h1_q3_d2_l50,1,3,19,mom12_1+mom3+size,2,50,0.5712457490283493,0.6082366680363239,0.6898000661554257,0.5353957965117302,0.025664054979991708,0.37485783793893396,0.6222863177353595,0.2462828078382715,0.5224132227750975,13.891912817468741,7.31783083504475,0.604222646330747,0.3135753112858148,0.5229470547938431,0.305479194100327,0.6014366816764449,0.23320587035357454,0.25248708023900257,0.3146901203861524,13.504571073950906,7.151727239849743
m19_h1_q3_d4_l1,1,3,19,mom12_1+mom3+size,4,1,0.6090447047237171,1.7831098368116818,1.0893156356504092,0.5411086407662411,0.02205632900586023,0.6266838684004001,0.6823025557767278,0.17987394927538258,0.5466313031142664,15.49701256044674,7.718839274554678,1.528310101550516,0.526733463896283,0.5308495135426559,0.518392128969623,0.6577729114729396,0.39780634828954714,0.2579106599890354,0.3157904810972202,14.251335846654523,6.880957668088536
m19_h1_q3_d4_l50,1,3,19,mom12_1+mom3+size,4,50,0.5971912398658156,1.3227096452035394,0.994536808199133,0.5427124414151806,0.025057715148875385,0.5086859139766281,0.6615186369463183,0.20439261831703803,0.5494616449259663,15.20579347227792,7.550644484944364,1.3822608737313122,0.4562137574264189,0.5293004300708294,0.4179806234186059,0.6494948758421669,0.36111086257191255,0.27175398526031125,0.3271423313996882,13.823057039551262,6.931624811632493
m19_h1_q3_d8_l1,1,3,19,mom12_1+mom3+size,8,1,0.7868922237170695,4.210770435301455,2.093610512052144,0.5284361013286554,0.01593268037864776,0.12058637920390132,0.5275987993454788,0.31442613627080573,0.5963039199292519,22.098177347107377,10.583235573731324,3.733867094165754,-0.040525230922758664,0.5344450812658278,0.7623886469812347,0.742532777462602,0.5697876504129203,0.15893526573325112,0.25258330781521277,20.854678562840185,10.202134912745695
m19_h1_q3_d8_l50,1,3,19,mom12_1+mom3+size,8,50,0.6363646855545003,1.898296956302484,1.1542555178120593,0.5408139305467623,0.0237690929708265,0.17614695237299233,0.5418718066875741,0.3116684640811245,0.5787247883255027,17.95218373139742,8.978034739554385,1.7384591269803626,0.06481103953468631,0.5309546199845679,0.3537863421164715,0.5549726545320927,0.1084025438353283,0.24736365382072056,0.33360962928458926,16.589019820993926,8.113498548454128
m20_h1_q3_d2_l1,1,3,20,rev1+size,2,1,0.5703739838336674,0.7422502436320485,0.7177984530329571,0.5371053218757694,0.028608559369696987,0.2706844417598031,0.6161290191108959,0.23958472365344963,0.5522753034579149,21.966248067999413,10.246391840220593,0.6070927756709942,0.2683302529116652,0.5178158510406774,0.21488901472431704,0.6183768780768573,0.21867416579730176,0.2361313482005255,0.3555102609714573,21.178793889015548,9.715099111438029
m20_h1_q3_d2_l50,1,3,20,rev1+size,2,50,0.5698885706842882,0.6611642432103555,0.6780503815431812,0.5368664623342478,0.02911020106097118,0.3196001494769137,0.6437432012047776,0.23472474411380617,0.5333118518776978,21.88173545963677,10.149186599397686,0.5046336219033015,0.3177654896378122,0.5170478011732352,0.23700542889397408,0.6363531604438722,0.2744012408622402,0.23785790324278144,0.3658845963315164,22.22103831672905,10.624963929309004
m20_h1_q3_d4_l1,1,3,20,rev1+size,4,1,0.597378988823819,1.0945251318892726,0.8872201989800528,0.5414561789947592,0.025746370306514416,0.4484869671620496,0.6156323581389017,0.23365877476712926,0.5720615830008964,21.755373247563085,10.321273339497436,0.9947226775666291,0.2889576121679817,0.5236276190052231,0.425387951821397,0.6653698283562788,0.34361194504404624,0.20804264622900082,0.3397531651090645,20.578435251316826,9.312067598023436
m20_h1_q3_d4_l50,1,3,20,rev1+size,4,50,0.5903339719408391,0.9220976034170622,0.7973331082175958,0.5426018392116,0.0282638312943293,0.5037918277720834,0.6739941956585522,0.23270268134021788,0.5188479055917128,21.100220729199517,9.839523403284296,0.7935190060218577,0.3774910803131114,0.5224810313786008,0.41614276446268283,0.6831250232126567,0.38165549427291573,0.20587180501689928,0.3366940220512121,20.409035255577383,9.291882303413626
m20_h1_q3_d8_l1,1,3,20,rev1+size,8,1,0.7165014778103127,3.331533836792786,1.7509102789804736,0.5261585889961662,0.016217427331461313,-0.12825088882055438,0.467554879502102,0.38257299089342456,0.6001893223803364,26.838011366425565,13.16451179726274,2.8078325618376043,-0.13759934760330325,0.5252682069088319,0.4123325932095911,0.6604452821979051,0.20478582045366897,0.15028168314025658,0.265953669846148,26.198614876223424,12.855504600350812
m20_h1_q3_d8_l50,1,3,20,rev1+size,8,50,0.6196837436468995,1.7123126561015583,1.0604704280349717,0.5390317237346558,0.019273792144536294,0.5004130584324645,0.6247032220442776,0.2306732186908108,0.4999503710419654,22.818281393855063,11.086338106654205,1.4163517771727292,0.22512434970984566,0.5218884165281735,0.45028085918289046,0.755591917833259,0.582454640638015,0.19638410601358602,0.33025064807182014,22.42916843536184,11.013713579989785
m21_h1_q3_d2_l1,1,3,21,mom12_1+rev1+size,2,1,0.5735518393215153,0.6225110136289671,0.6298107955520049,0.5355755079182933,0.032830712178527864,0.2635022158679793,0.5594091634351191,0.29422014671554997,0.579426541410385,21.584432195332578,10.13771338218362,0.4235170810956504,0.20336982603477863,0.5124381108539094,0.04028911503331838,0.5302009103297739,-0.015409772000337866,0.26853502997214584,0.34516908753800024,21.54092674981845,9.818400017923556
m21_h1_q3_d2_l50,1,3,21,mom12_1+rev1+size,2,50,0.5717428406712743,0.5634807500529461,0.596313407689415,0.5358149170359818,0.03305164618304727,0.20647674313282363,0.5464178120568585,0.3047012211741511,0.5781210361422552,21.862914306277816,10.33231690308253,0.35524084806020845,0.16383178592258713,0.5098067401669832,-0.015308491725708029,0.5071400171340017,-0.07201654356976181,0.2692650316911174,0.3579256517433367,23.04759266341437,10.719010400637943
m21_h1_q3_d4_l1,1,3,21,mom12_1+rev1+size,4,1,0.6095288126296999,1.1955796808422232,0.8691478066415064,0.5407685218159755,0.02942235911709359,0.25770048550230995,0.5523306477672357,0.28635458833065885,0.5949441134929438,21.003553313508302,9.608307898046485,1.0164453050992743,0.19084821271725372,0.5221980168269231,0.19417525866167193,0.6415391690347533,0.2949752395471855,0.26964943696058563,0.35095778847677783,19.96269436868655,8.882433269031338
m21_h1_q3_d4_l50,1,3,21,mom12_1+rev1+size,4,50,0.5977814159720024,0.9857458209780231,0.8065490730602579,0.5415858102731175,0.030736670117060907,0.3293525071523076,0.600559772214549,0.2687248724024148,0.575817672491914,21.206683083970276,9.642932269520731,0.8636882275484291,0.3135720341099123,0.5204088887899652,0.2034773645945053,0.65501339156118,0.3327901648693997,0.2499524307207488,0.356395128263706,19.845977629347605,8.901088647486343
m21_h1_q3_d8_l1,1,3,21,mom12_1+rev1+size,8,1,0.793839484739369,4.507290212602985,2.0950882214438806,0.5317145979520593,0.021098763217834125,0.41335544978115235,0.5965361000912258,0.2228839219101013,0.6159005578731671,24.978732745048706,12.181107683016611,3.7363318644835846,0.2683875666256222,0.5262112280883983,0.44545210659831164,0.7595849838810921,0.6669605077759232,0.21801403016870624,0.31786190348517074,24.442707939366393,12.03789408878594
m21_h1_q3_d8_l50,1,3,21,mom12_1+rev1+size,8,50,0.6428154045100418,1.8582278226283548,1.1190581856639408,0.5411082285841159,0.025015041972699638,0.4717997742830878,0.70854050356906,0.22092023182053788,0.4947914414080864,21.87815109581166,10.54796969016502,1.6273399505695916,0.5061631176998227,0.5227488982371795,0.22387982423104952,0.7083639430030857,0.4677376352576546,0.22078445774152933,0.3485031484061869,21.24094201989103,9.78836614317795
m22_h1_q3_d2_l1,1,3,22,mom3+rev1+size,2,1,0.5753343896187261,0.7829738727658592,0.7350821692663536,0.539555744609757,0.027926266351669213,0.4144236455630006,0.6556801519818805,0.23350459481706176,0.5311096373210928,22.095741698937427,10.724704596823068,0.6633442335708478,0.3827538564714967,0.5178826245449509,0.2533147614237315,0.5701308267500671,0.100263351897456,0.23909675246133943,0.36469576888579014,22.938398217744247,12.277618500622088
m22_h1_q3_d2_l50,1,3,22,mom3+rev1+size,2,50,0.5742912940540255,0.7581371746204878,0.7321166614031421,0.5397338072878197,0.028087077741472115,0.39881073424369456,0.6624211043411093,0.24704931602176705,0.519005990877548,22.43788152097089,10.847679534133503,0.6524349421269968,0.38148033072595805,0.516831405557534,0.21465014928704942,0.5364570706761895,0.007157527669628746,0.2455600794236037,0.36469576888579014,22.968267910416643,12.290405833073638
m22_h1_q3_d4_l1,1,3,22,mom3+rev1+size,4,1,0.6111699157609651,1.5901859345887142,1.0723454777869177,0.5435180513787767,0.025785963871419532,0.35728762554936633,0.6380426554162013,0.2787566011530278,0.5618079801165007,21.63354314640867,10.626184068203683,1.4792404923917817,0.3499529840298194,0.5258158423848527,0.5480358741464233,0.6378593697798473,0.3015371547126621,0.2038948644965196,0.3243740423836593,21.232473212577744,10.542104563480162
m22_h1_q3_d4_l50,1,3,22,mom3+rev1+size,4,50,0.6000194962145193,1.1855033430447848,0.8986407018520024,0.5455973041090711,0.026005148143226523,0.4418694961317773,0.6936582821882615,0.24472461796504863,0.5107067483678166,21.443551771275594,10.41498701353741,1.1014616794325014,0.46256101122789667,0.5247341734429408,0.4161823052100896,0.612871554292136,0.23641211958394193,0.23796182633162433,0.3410015733385888,21.428354205684585,10.89965692745401
m22_h1_q3_d8_l1,1,3,22,mom3+rev1+size,8,1,0.7882579204917168,4.578947814938237,2.1584432497807557,0.5344968959938095,0.02872847441163523,0.208390186109182,0.5225224468226242,0.3266640234711603,0.6093190787273499,26.25079054247529,13.220049728960234,3.968906949938932,0.024514254104164718,0.5322693779182495,0.8355343470871619,0.799217815631118,0.7319434602517597,0.16360068762543045,0.2936704394144316,24.71964314630207,12.353739379974282
m22_h1_q3_d8_l50,1,3,22,mom3+rev1+size,8,50,0.6417543790228976,1.9417636155334745,1.1611296769249513,0.5418547591097747,0.025692193543267152,0.5046307866241455,0.6234547721490232,0.19902122404382028,0.5357146562637629,23.69785285741475,11.88117923299543,1.7460645838088713,0.18163030103076314,0.5285424271426875,0.6244653749124666,0.7094507143144195,0.48670357850597484,0.2330771203798685,0.34120029705424537,23.656110101982506,11.750173801206639
m23_h1_q3_d2_l1,1,3,23,mom12_1+mom3+rev1+size,2,1,0.5774184511404805,0.8037654182155565,0.7398691010143108,0.5364474792040379,0.03001266247986348,0.3217927085846231,0.635136437436818,0.2358033106003582,0.5049805581643578,18.483375748441897,7.958421434481761,0.6897855952825592,0.2625525918114467,0.5221020299145299,0.12123276875244135,0.5330962812924294,-0.01064237676264354,0.24747091747316574,0.34670306681615626,18.038272691213468,7.759007023872833
m23_h1_q3_d2_l50,1,3,23,mom12_1+mom3+rev1+size,2,50,0.5762824085065598,0.7909715680448244,0.7411421742422837,0.5369460134844009,0.030857635029168134,0.27311511838656116,0.626478488241279,0.2590142031693421,0.5261097039103456,18.309605797007432,7.897489253991569,0.6954152102318831,0.2556871273764645,0.5217173094234727,0.0641323857696276,0.5089193416339421,-0.08090296111439599,0.26760155934067353,0.3491739594485087,18.369517835134175,8.069165433344118
m23_h1_q3_d4_l1,1,3,23,mom12_1+mom3+rev1+size,4,1,0.620177194347719,1.4016219568232315,1.0025127551252841,0.5454073568464001,0.026458680671525087,0.3837889987812031,0.632119088212522,0.26566262718718436,0.5719135145813483,19.99907128737151,9.369435283357989,1.3079118635704041,0.4083101884579362,0.5239743156952358,0.4541313790803898,0.6681185846211354,0.39368848583360844,0.21504933293174344,0.3412079317973906,19.235149266272494,8.711073437950645
m23_h1_q3_d4_l50,1,3,23,mom12_1+mom3+rev1+size,4,50,0.6070681540396047,1.0071338967642107,0.8315306438652961,0.5436880078083782,0.02901603893757713,0.40478933195852357,0.6512951673403604,0.24154295142278792,0.5054038802509896,19.63861314953551,9.310918966705025,0.9279929020004417,0.36318162200251,0.525038209283001,0.38891224838510874,0.650863070016301,0.33717799741977594,0.22689548180056973,0.3458426639489156,18.64946674713318,8.351814208379755
m23_h1_q3_d8_l1,1,3,23,mom12_1+mom3+rev1+size,8,1,0.8232436644859484,4.733973348888152,2.246959589384894,0.5372929334397313,0.02337389339701114,0.401315716992902,0.5263145496448763,0.28817765615085644,0.6230334821007468,24.920210725209035,12.210603116698735,4.044998598986819,0.11347044729697245,0.5304672661443495,0.7621463779886561,0.7741350834390672,0.7075517053427808,0.1339442920434668,0.30088403944630027,23.59459484214937,11.630274844680809
m23_h1_q3_d8_l50,1,3,23,mom12_1+mom3+rev1+size,8,50,0.6664273262459991,2.1616010545547124,1.2215756628958991,0.5439631393769125,0.026319166278863874,0.37158887052939,0.589744746677292,0.2061214515405645,0.5459327819072761,22.20218666281393,10.86397864032214,1.8273040563757887,0.24482033981594375,0.5268562415914846,0.540563970947605,0.7524386042478017,0.6481977676828434,0.23753439632766593,0.3285007356795423,21.516695036760407,10.360391577303368
m24_h1_q3_d2_l1,1,3,24,vol6+size,2,1,0.5624859171107242,0.25787325905602304,0.5325680079356674,0.5430514612131124,0.03542788916902857,0.22882265223074713,0.5223375858663418,0.5541179699965437,0.7248697378090181,5.121911114299526,2.7707045052022967,0.2893265241511967,0.25775635234603067,0.5436293749010763,0.4913507032147828,0.6138751619511171,0.31939703745948494,0.2678096228527078,0.3427570478010571,4.9588336070077546,2.5458740642107913
m24_h1_q3_d2_l50,1,3,24,vol6+size,2,50,0.562038149928775,0.25845473240422057,0.5284552689758097,0.5432353631379481,0.03550963064584087,0.2027435365919319,0.5092529752766521,0.5709625386931207,0.7287037788876614,5.075662990150649,2.773650948489257,0.28151514191563143,0.23476930464624005,0.5433418778687875,0.5009215958817872,0.6213597492850671,0.33720765737130154,0.2764480402312679,0.3427570478010572,5.1285015144630055,2.6024952845518388
m24_h1_q3_d4_l1,1,3,24,vol6+size,4,1,0.5891771141095987,0.6190044670201744,0.7074557094169851,0.5396237546604059,0.029635195646249526,0.13467963175134262,0.46645791752183896,0.5274187717326598,0.7155891892650085,7.495948643701804,4.096356297914617,0.6406118870082478,0.09538179115714632,0.5414626365147197,0.5250932509409937,0.6489550037981048,0.3828441585070653,0.25778705924386214,0.33615040369057325,6.534770594157614,3.60844458381972
m24_h1_q3_d4_l50,1,3,24,vol6+size,4,50,0.5805039778322957,0.5526589168376731,0.6680696346098973,0.5422428285805987,0.029313506404369936,0.18131287852817574,0.4817596666261679,0.4811934091084389,0.7215571927866475,7.134702497496413,3.937727288436726,0.5479500748468713,0.12974356023358513,0.5429024402006173,0.5036074099693741,0.6746777699205819,0.45470763908427286,0.24935583617625068,0.3371623217088956,6.766738161813365,3.800661153329419
m24_h1_q3_d8_l1,1,3,24,vol6+size,8,1,0.7028381212408991,2.809438092231355,1.442156470866681,0.5189563933294643,0.010267184551250846,-0.4001536880643013,0.3918990668137106,0.6283328880820045,0.6847207457230424,17.66297655275955,8.893246114638233,2.4557969498477044,-0.1822728165902121,0.5326806841563786,0.4394008066326597,0.7044509942683884,0.4933731684459512,0.19388055373573743,0.2829831653253748,17.359690934127563,8.507001795938558
m24_h1_q3_d8_l50,1,3,24,vol6+size,8,50,0.6037179377264253,0.9445968133659779,0.823237850625567,0.5356262750167071,0.020900016090035292,0.11022635164524078,0.4534258788317935,0.508283537074903,0.7222270776890374,10.490026675320768,5.259346939892975,0.8839636255308726,0.07759870418799696,0.540286680911681,0.640697596283417,0.7375879308917995,0.6121515567701259,0.18115365383353488,0.30415048036978354,10.292437328756293,5.418178518589368
m25_h1_q3_d2_l1,1,3,25,mom12_1+vol6+size,2,1,0.5656986019881467,0.2882785396745179,0.5428274522917367,0.5401467450801941,0.03608553670317665,0.11777125785441471,0.44331403713670997,0.5608617455923124,0.7378761873783242,7.213667988317835,4.054051097542378,0.31108069853564124,0.10122525865192258,0.5387677382577556,0.4355296171253006,0.6003570495148287,0.2730684395565947,0.2757451442494111,0.32133368415357244,6.887468176280278,3.5136115259748415
m25_h1_q3_d2_l50,1,3,25,mom12_1+vol6+size,2,50,0.5648698411285217,0.26440610728393965,0.5400408057672318,0.5403142284170448,0.03598408673117778,0.08333660162363656,0.4182396766340188,0.5633726975332051,0.7422468551408601,7.28612726479512,4.151829154515146,0.30775817325400584,0.05514235851132172,0.538094747892925,0.42873452078255586,0.5814512284594577,0.22438849120380566,0.28909237717819647,0.32133368415357244,6.973971675799245,3.6747662515460546
m25_h1_q3_d4_l1,1,3,25,mom12_1+vol6+size,4,1,0.599761264113116,0.6371211811396628,0.7064568209957556,0.5391178011017903,0.030428007930201853,0.18383199051860777,0.4856053524985623,0.5027878281950411,0.7038174761328719,9.186944730065987,5.2786117947022015,0.649072223700094,0.1395336615431222,0.5389411638869104,0.47200806845549603,0.6718615938037654,0.4781865212869352,0.2788069209342412,0.3355047057415984,8.11342261172009,4.5490496954363016
m25_h1_q3_d4_l50,1,3,25,mom12_1+vol6+size,4,50,0.5887332626578383,0.569146904041337,0.6699826530155126,0.5412195177579051,0.03261459509541614,0.2368173078921921,0.4990186610590463,0.5091775934030116,0.721322603568701,8.588491973413568,5.018370614123681,0.5760206993303159,0.2007610795890275,0.5386839622408198,0.512295382222203,0.6658024754293638,0.45292534184130245,0.2636471967942936,0.330559827180938,7.830223521527713,4.407154669337345
m25_h1_q3_d8_l1,1,3,25,mom12_1+vol6+size,8,1,0.7743459494038197,3.7611465876366523,1.9524985770597234,0.5244586125180262,0.011099575370059084,0.15373040174523783,0.5773626543900299,0.3164257377165114,0.5981918688135901,18.091593537039085,8.811804539018837,3.3116770967594458,0.2696027399112955,0.529373540875277,0.37194047756304066,0.5791333112179823,0.0872835937933055,0.26255615459704074,0.2822634860512594,15.923790573370805,8.199330747295383
m25_h1_q3_d8_l50,1,3,25,mom12_1+vol6+size,8,50,0.6287380796929407,1.1014184789338959,0.8647002363445357,0.5386585615173578,0.02567713556302456,0.1903666024698559,0.48807752598065596,0.4442393967513941,0.6643938274792054,11.75323379335372,6.377387128188659,1.0248171869851643,0.13148673807528607,0.535027030903767,0.45448546208176377,0.5925646755852934,0.2519229511640726,0.24825155231614027,0.3336779568668242,10.931405813604302,6.135156554155635
m26_h1_q3_d2_l1,1,3,26,mom3+vol6+size,2,1,0.5709892343524674,0.3768768081389677,0.5751099858632078,0.544315761184974,0.031425082552119524,0.3236726299455417,0.623101836171846,0.34869612404594097,0.5793530314804887,10.0832773579552,5.59682051564278,0.37363565042453106,0.42490972884645095,0.5407621329930358,0.48083606431718473,0.6275787165146586,0.36339943890485144,0.2798523750769477,0.3408663352397765,9.884434908748322,5.506627051139333
m26_h1_q3_d2_l50,1,3,26,mom3+vol6+size,2,50,0.5702321244855967,0.3635376156694842,0.5718444969300017,0.5436614220613063,0.031770680269289996,0.26850312001038484,0.5674037740795451,0.4018509716482147,0.6179680403904686,9.904380724542243,5.366338722439525,0.36784855977091363,0.31454625931950486,0.5407925829475309,0.4766452956587227,0.6217010138293956,0.3605794294272278,0.27270311795639735,0.3408663352397765,9.903754628041778,5.467291570244045
m26_h1_q3_d4_l1,1,3,26,mom3+vol6+size,4,1,0.6057107009074603,0.8553113109372406,0.7931394536759205,0.5442809317953994,0.030383519945862223,0.24164416283676793,0.554199192261983,0.4316719667714194,0.6417822209095528,12.869201031966737,7.197486672234422,0.8569472100072449,0.28494527939992503,0.5398121562401077,0.46531550440602787,0.6491377655889536,0.4195094764523144,0.2538923180765179,0.32136413863758295,11.865079847419022,6.269248867978361
m26_h1_q3_d4_l50,1,3,26,mom3+vol6+size,4,50,0.5941791502892969,0.6813268224334993,0.7069537784581805,0.5443287449219163,0.031003487226388706,0.2810049068646542,0.5659359301192416,0.45906120787522864,0.6534893612035685,11.980854746202766,6.7514180290969605,0.669271401547423,0.3214099996084873,0.5400596200834916,0.35111945706122877,0.5610019969051505,0.16085429245752378,0.2641396343046519,0.3246080966194359,11.352505846400248,6.1551054236096565
m26_h1_q3_d8_l1,1,3,26,mom3+vol6+size,8,1,0.780894218128979,3.505787751729161,1.8217757261131724,0.530827650715768,0.01986377850395248,0.09307067652147491,0.5600553624668811,0.37934803611239143,0.6260789338590323,20.201886951831764,10.364571079007058,3.0799338353648573,0.23285183592688255,0.5393645264522,0.37999564515810896,0.7111295904235092,0.496931491850256,0.1733675102299036,0.32075591753468535,19.39428040278161,9.795319094986414
m26_h1_q3_d8_l50,1,3,26,mom3+vol6+size,8,50,0.631159718375189,1.3358306216439997,1.034859098289099,0.5419229065544652,0.027901477644984265,0.19353845622967453,0.5452404117900499,0.4556422554173585,0.6458232939985645,14.684956972056787,7.678801772308426,1.346963863832664,0.23501928501499178,0.5388603246676164,0.3987756409553773,0.6316691295006918,0.31041987601797955,0.21665561608422623,0.31434229794524593,14.249616866521885,7.478833320439852
m27_h1_q3_d2_l1,1,3,27,mom12_1+mom3+vol6+size,2,1,0.5711418104357919,0.3075885460929362,0.5699487398300034,0.5394342195798599,0.034268242102912516,0.2812703505131529,0.5891910269244689,0.3738913369639383,0.5937473845945499,7.96955959479962,4.630679456030223,0.36617162844934187,0.34472461532101656,0.5405131234666825,0.4435258861068559,0.5938871468843654,0.2699646497975247,0.29171762784540756,0.33461516266852975,6.601961230675764,3.677855377685404
m27_h1_q3_d2_l50,1,3,27,mom12_1+mom3+vol6+size,2,50,0.570530887829306,0.3171080055643671,0.5724284059777363,0.5396524700151243,0.03491413967122833,0.2616477809754681,0.5638476424129669,0.38396091550909706,0.6208737471583397,7.643771620171037,4.408372511638908,0.3698559566776785,0.2836824295515405,0.5405239432474676,0.45091890295781517,0.5935248595454944,0.282249433638672,0.28538905134682646,0.34092491422407656,6.6377958006319275,3.7153599513315934
m27_h1_q3_d4_l1,1,3,27,mom12_1+mom3+vol6+size,4,1,0.6132071259144948,0.9745930883607088,0.9090015310865156,0.5397844369921916,0.029728135194471372,0.273978507531615,0.5801957634085348,0.3769367552648768,0.6240920068633914,10.510950219941702,6.425049358109566,1.0957725071426343,0.3282765164231968,0.5369595983202754,0.4371544573082287,0.6362969953527192,0.38413633727074653,0.2659294188596478,0.3082061022488599,9.374386706090851,5.4300683862339785
m27_h1_q3_d4_l50,1,3,27,mom12_1+mom3+vol6+size,4,50,0.6013723466462664,0.8788795305465029,0.8565476390721615,0.5418830622823678,0.030932417372688006,0.26138108232111723,0.5635180247793212,0.41075158837580605,0.6388693667480031,10.194848958014086,6.1668331860509555,0.9830687690037645,0.29441787352594306,0.5380607428676005,0.24855818038910638,0.5337288333004392,0.11516186556066138,0.315486167863573,0.3469157887761807,8.74548536558937,5.131880160943171
m27_h1_q3_d8_l1,1,3,27,mom12_1+mom3+vol6+size,8,1,0.8109912760279272,4.0061789677236375,2.054600523416283,0.5303098812695649,0.0159695823395445,0.19066048101116606,0.5528629634554767,0.33904357513183214,0.6275674111255872,18.335977206290863,9.26385825235475,3.5378738404556165,0.21305733788739492,0.5358521164727761,0.6735229195286058,0.7261361088912033,0.617395059508518,0.16649249634059582,0.2656399542875144,17.602976344761057,8.743556540064759
m27_h1_q3_d8_l50,1,3,27,mom12_1+mom3+vol6+size,8,50,0.6540073170570855,1.526208575736224,1.1044369883003602,0.5387012223673103,0.026902916356281774,0.09508101822236285,0.542965427701715,0.4295698505167268,0.6222515174576797,14.327303266084664,7.453489253244449,1.4773394798987305,0.19833375628315697,0.5353981493846945,0.3808918031517152,0.5955637944391347,0.2280904491258961,0.25019815418556435,0.31846243161435794,13.604886937100847,6.937805460986464
m28_h1_q3_d2_l1,1,3,28,rev1+vol6+size,2,1,0.5741181775614645,0.5217055321687364,0.5955415653320255,0.54830499718617,0.04025783419098365,0.32371103724488054,0.5465351656778659,0.44112887182100957,0.6668595622839192,18.01727693943916,9.27058528365651,0.40031805866608555,0.3007285424089036,0.529544493411681,0.2192775278929391,0.5268591826090954,0.040274268554887936,0.3073818661122609,0.3674767383055153,18.94902974027102,9.860519092539363
m28_h1_q3_d2_l50,1,3,28,rev1+vol6+size,2,50,0.5734686472292568,0.4887383586233796,0.5762714394531838,0.5488029131933453,0.039248425957324064,0.2868094276323009,0.521910411674447,0.4464082645304275,0.6763364452047491,18.00298054623942,9.15739812401744,0.36409562723050937,0.24578315766433922,0.5288167858697372,0.23299499395128595,0.5190036548815691,0.01579777330740906,0.3016393929166482,0.360384195646718,19.136053080438806,9.934299322646897
m28_h1_q3_d4_l1,1,3,28,rev1+vol6+size,4,1,0.6056427595538321,0.6759403290146228,0.6304732073590483,0.5471598865454961,0.0367515839372166,0.19422524757463716,0.4698205121663871,0.4656988314429792,0.6784013752410865,18.23590271621342,9.47139205459431,0.48245290424339865,0.10337206865537267,0.5329918301380976,0.33858318831993234,0.5890453487229431,0.2062548255179514,0.23247638238571888,0.34344971677971303,17.820958512240274,8.572586699236684
m28_h1_q3_d4_l50,1,3,28,rev1+vol6+size,4,50,0.5960417326158067,0.555122946856375,0.5790598309386967,0.5498749989008476,0.03650590943295102,0.1275518453857747,0.45387522583944945,0.5130534320726163,0.6981092512656288,17.366637127325607,8.835789390594421,0.37058764323716864,0.086963892133733,0.5307530629253718,0.21870134150355947,0.5359667752060435,0.06932654773302635,0.2729173367965222,0.3729428061816983,17.632479567619068,8.503187224565423
m28_h1_q3_d8_l1,1,3,28,rev1+vol6+size,8,1,0.7892537525060673,4.065644810532363,2.010493705592815,0.5269678399018677,0.023072387041066376,-0.20502489095085435,0.38941748388295044,0.44477512117952,0.6238810789094109,23.512245299539753,11.696981197450677,3.7045511949365295,-0.17504878161607706,0.5267506714446819,-0.05033999909243047,0.505341021270423,-0.18607179307905503,0.21832130408069617,0.2904423238500562,23.277175086712656,11.696683343964114
m28_h1_q3_d8_l50,1,3,28,rev1+vol6+size,8,50,0.6355884092188104,1.1415701282159498,0.852285518199523,0.546909211116387,0.029114034107891783,0.1956492900348525,0.4640251174529113,0.417355478579194,0.6771880924988583,19.067009445200114,9.77245047587511,0.9506832672748713,0.0872596725372055,0.5280298786700697,0.20776498277847133,0.545574547601646,0.06872381096281437,0.2787149801963864,0.359764858161176,19.10860282297496,9.610358478704093
m29_h1_q3_d2_l1,1,3,29,mom12_1+rev1+vol6+size,2,1,0.5755825919550842,0.44953084708993546,0.5564434440357854,0.5452726419884985,0.03957984010771016,0.1791472929242736,0.4779518945938475,0.47853846181230475,0.6956279835975457,15.614041634464172,7.8533553413532795,0.31286029155102657,0.14807803455693244,0.5297808283376859,0.28876538471729024,0.5219806442922779,0.05188572497398694,0.2860171199103696,0.3428302639180716,14.95797361826698,7.576148515701119
m29_h1_q3_d2_l50,1,3,29,mom12_1+rev1+vol6+size,2,50,0.5752426790958813,0.4854796174581494,0.5673238598623862,0.5458796488647955,0.03933613348942148,0.14831595304498774,0.4625738121544304,0.5155776998407816,0.706815234581402,15.465975402852415,7.7523299057595665,0.33669377385765537,0.12266757488168743,0.5298826888453625,0.2977178522284105,0.5213317086291533,0.04882550799255684,0.2789352234340001,0.3469674109605454,14.851054873514231,7.54024929141577
m29_h1_q3_d4_l1,1,3,29,mom12_1+rev1+vol6+size,4,1,0.6159796689792832,0.8482902656404333,0.759307162666529,0.5448229512899652,0.03779491062756041,0.18248712109113074,0.500650241831188,0.4796007333251404,0.679975446397918,17.239444253609577,8.890767723932989,0.7600395053753388,0.16922893181408405,0.5289970125039569,0.38131285904344697,0.6006320325954002,0.2546891943889917,0.23764096491099074,0.3384572817889896,16.440239649355718,7.772617143939453
m29_h1_q3_d4_l50,1,3,29,mom12_1+rev1+vol6+size,4,50,0.6033610567030706,0.6745294014343274,0.6627242377230896,0.5465445673296754,0.037068560299382144,0.19864925137125214,0.5146321261952695,0.5148228339267702,0.7028550498873605,17.0339987777253,8.450686666998324,0.5539853492235188,0.2185843023823378,0.5281094813429883,0.256725031325809,0.507201486632296,0.02771226667262646,0.3093759416723133,0.35944110518955885,15.554571677317393,7.54327621518749
m29_h1_q3_d8_l1,1,3,29,mom12_1+rev1+vol6+size,8,1,0.8231548392379797,4.302575056554334,2.273217162784305,0.5324563883832788,0.02116873348200181,0.09091030889989687,0.5252939497602803,0.33378410522072055,0.6003249784596989,22.408246830608316,11.231920582727248,4.081413591473694,0.1009130623212966,0.5185486593364198,0.0528815910942731,0.5022252605399892,-0.18415167630435295,0.2449872705816366,0.31896396847312025,21.38670150498767,10.481653625702378
m29_h1_q3_d8_l50,1,3,29,mom12_1+rev1+vol6+size,8,50,0.6601067194479617,1.5773825917658548,1.1013024835518193,0.5452718863212691,0.027772684468927285,0.17000289790045822,0.5127942014910195,0.35171732921349863,0.6177726189526282,19.29328647903422,9.661895550540029,1.4595093884581354,0.1220386446738865,0.5245879518340456,0.20091517941309264,0.537942344593377,0.07661833709622665,0.28080667562899,0.3543270403035689,18.56761374241274,8.720421814714546
m30_h1_q3_d2_l1,1,3,30,mom3+rev1+vol6+size,2,1,0.5768446936222785,0.4271601749938273,0.5426007721088433,0.5455869995559424,0.03570979328294928,0.26661055692936253,0.5435611925277752,0.43721269649262373,0.6594243928379222,15.984880478838408,8.244995100649655,0.2984587320063151,0.27292302670341195,0.5308699165578505,0.23895194631816596,0.5310175392773613,0.06241870637202983,0.28807238260378154,0.3407423415964329,15.524848144293284,7.783496805490328
m30_h1_q3_d2_l50,1,3,30,mom3+rev1+vol6+size,2,50,0.5762591202164891,0.45485371648154815,0.5580802905395102,0.5459117303735359,0.035677704893169335,0.28635805452437285,0.5455790761950421,0.40951793494785493,0.647724211326724,15.88232940711859,8.216923005542881,0.3373232836832062,0.27731896173957143,0.5309400905646565,0.20409303035959742,0.5067680774220953,0.005085761370911175,0.3142410164026467,0.340742341596433,15.569470489604292,7.843727268076891
m30_h1_q3_d4_l1,1,3,30,mom3+rev1+vol6+size,4,1,0.6192528759320812,1.0139084837455665,0.8975848644166861,0.5469998911839189,0.032932570263621154,0.29115404472314255,0.5538720182436211,0.41132651894439387,0.6622763152771295,17.898343820765618,9.275160255991109,1.0673934247578822,0.2551072471050072,0.5340102806465654,0.46166176531603664,0.629134340313489,0.3309661578897262,0.21711840786425418,0.3520919082206392,16.94478335000061,8.643297077418167
m30_h1_q3_d4_l50,1,3,30,mom3+rev1+vol6+size,4,50,0.6068811607488305,0.8507706946335358,0.7702469973625724,0.5488051114980127,0.03399295103487753,0.2395999028676349,0.5489521478292618,0.38179706376032585,0.6207262161593018,17.58354515175,8.984636159310162,0.7765559395729289,0.1870553022704092,0.5318829571759259,0.3129926990107762,0.5708817816706433,0.1818046911395437,0.30480125508021083,0.35237733175419295,16.75515453205277,8.411833679151348
m30_h1_q3_d8_l1,1,3,30,mom3+rev1+vol6+size,8,1,0.8228521601640815,4.346184415351131,2.177297307123549,0.5372807053700186,0.01756905117258577,0.11701536542904102,0.5621436131123412,0.40292222881583517,0.626804361513706,23.541614429233906,11.884994072942533,3.9371710294241926,0.22346227933096427,0.5300813091069168,0.34083234029457016,0.5862759445919272,0.10979760418300487,0.16511650202876627,0.30596884689325776,23.081272551367306,11.426644243599469
m30_h1_q3_d8_l50,1,3,30,mom3+rev1+vol6+size,8,50,0.6586306952578173,1.6811063936037476,1.131116951696719,0.5431525832278147,0.027560851627591185,0.12112010955484342,0.48932642735684445,0.4114425778933072,0.6255275897893261,19.604313354693442,10.068609914760529,1.6013029481575516,-0.015450409085469803,0.5309626575360082,0.2601718498343887,0.5971519661546333,0.2260376540863172,0.22989128551584415,0.3315548220327631,19.391399531277,9.445245291581497
m31_h1_q3_d2_l1,1,3,31,mom12_1+mom3+rev1+vol6+size,2,1,0.5789136417994443,0.4943902221869294,0.6339972297405719,0.5447495141746685,0.03972892955980471,0.197216584033514,0.5094689795859348,0.41721929576640193,0.6585016601541615,14.427097894146343,7.7163544696120026,0.49386160227001885,0.19637677927142327,0.5305329576705444,0.24431905416358365,0.4748074625933714,-0.0738814690138959,0.3297866507105264,0.361141033810055,13.85760141407641,6.60743811145481
m31_h1_q3_d2_l50,1,3,31,mom12_1+mom3+rev1+vol6+size,2,50,0.578299559129999,0.46777842270191844,0.6152093882093641,0.5453440868901903,0.03941876533850187,0.23201255600377702,0.5169485545492529,0.4261183985364273,0.6675448826278286,14.479005062270943,7.578090972485093,0.45531301203365754,0.22421196752786854,0.5303698881172839,0.2844005891240311,0.49107359077222223,-0.019799446256903608,0.3129145031708247,0.3619049155750085,13.974548736124556,6.983092245702449
m31_h1_q3_d4_l1,1,3,31,mom12_1+mom3+rev1+vol6+size,4,1,0.6225011458663079,0.9957199820258756,0.8699280636858069,0.5465793280222293,0.03637390781688775,0.3861078784020326,0.6064476189480544,0.3993958985292432,0.6320422223184107,16.55955875378217,8.666219118254098,1.0181263713150446,0.40273577306392416,0.5293081584856758,0.33363241651764236,0.5864220519647868,0.23036227581937332,0.2844210955454731,0.3585537527731325,15.377763289440495,7.493952254946215
m31_h1_q3_d4_l50,1,3,31,mom12_1+mom3+rev1+vol6+size,4,50,0.6098911207177025,0.7576067991830994,0.6997085095104726,0.5479078597085927,0.03843618498864669,0.2592300379962682,0.5299397434631237,0.46830101663146917,0.6764027194618811,16.70539609233196,8.381535669604157,0.6505653702329447,0.22772766511947182,0.5285359352742165,0.24271751573040937,0.548100972948745,0.13663498075765523,0.2927343417377447,0.3592878864341502,15.028201223359265,7.036408919579895
m31_h1_q3_d8_l1,1,3,31,mom12_1+mom3+rev1+vol6+size,8,1,0.839139880324294,4.513569903894687,2.3121924008882644,0.5371876209067566,0.01683458544822877,0.27608759351995316,0.6497597023017608,0.33477414977520015,0.5826731789161019,22.70782779710467,11.388398678436,4.194018134393468,0.44297299496400133,0.5272992343304843,0.46336492759399656,0.6426922444509093,0.29906476496029216,0.1566993696092891,0.3126620922970357,21.840646357249344,10.62309914212959
m31_h1_q3_d8_l50,1,3,31,mom12_1+mom3+rev1+vol6+size,8,50,0.6696363014842953,1.5573364619119605,1.0671359850741735,0.5448935031303859,0.027625713127936106,0.1891031587197387,0.5466038222421323,0.3483940790587614,0.5902847744794114,18.634941269727573,9.437181698452862,1.3958535069092828,0.14745218363774862,0.5255283453525641,0.17434802077739744,0.5732591884767242,0.18522695035968706,0.26617045009110696,0.34662672874368883,18.928662670533214,8.906114092738452
m01_h1_q5_d2_l1,1,5,1,mom12_1,2,1,0.5536702473958334,0.1799904177441698,0.44226979660203536,0.526416919849537,0.027497199073233093,-0.19672227985915036,0.4345648921454037,0.5790481204546358,0.6112998220160527,22.364488292971004,8.654238896773318,0.1246234674830452,0.010565709431418607,0.5129801432291667,-0.15366407437181864,0.45484042661712787,-0.1320565100308694,0.33639677489599074,0.3346891544032754,22.89728595079227,7.427835005456882
m01_h1_q5_d2_l50,1,5,1,mom12_1,2,50,0.5536702473958334,0.1799904177441698,0.44226979660203536,0.526416919849537,0.027497199073233093,-0.19672227985915036,0.4345648921454037,0.5790481204546358,0.6112998220160527,22.364488292971004,8.654238896773318,0.1246234674830452,0.010565709431418607,0.5129801432291667,-0.15366407437181864,0.45484042661712787,-0.1320565100308694,0.33639677489599074,0.3346891544032754,22.89728595079227,7.427835005456882
m01_h1_q5_d4_l1,1,5,1,mom12_1,4,1,0.5645887586805555,0.2256425877221008,0.5012165759758901,0.5265299479166666,0.02815132635793866,-0.20295212425599735,0.4240570996630204,0.6322201961630709,0.6154537652348457,26.56126086337187,10.64817333958051,0.23081000072215963,-0.0012084710422279794,0.507080078125,-0.21135381285469582,0.4555287280662122,-0.1344804260353084,0.3569336509636395,0.31968740741266555,25.418825759374037,9.50488835621598
m01_h1_q5_d4_l50,1,5,1,mom12_1,4,50,0.5645887586805555,0.2256425877221008,0.5012165759758901,0.5264847366898149,0.02816535973761573,-0.20295212425599735,0.4240570996630204,0.6322201961630709,0.6154537652348457,26.56126086337187,10.64817333958051,0.23081000072215963,-0.0012084710422279794,0.507080078125,-0.21135381285469582,0.4555287280662122,-0.1344804260353084,0.3569336509636395,0.31968740741266555,25.418825759374037,9.50488835621598
m01_h1_q5_d8_l1,1,5,1,mom12_1,8,1,0.5708279079861112,0.31659657045467493,0.5012165759758901,0.5245677806712963,0.030506081457156654,-0.06716272761755399,0.4374928355722268,0.5544181491694573,0.6416133922794166,29.70467307706312,12.07475453474345,0.23081000072215963,0.05865993070776271,0.510009765625,-0.27877669482798795,0.4555287280662122,-0.1344804260353084,0.39054555877279573,0.31968740741266555,26.862219355057984,9.50488835621598
m01_h1_q5_d8_l50,1,5,1,mom12_1,8,50,0.5708279079861112,0.31659657045467493,0.5012165759758901,0.5245677806712963,0.030536850106959834,-0.06716272761755399,0.4374928355722268,0.5544181491694573,0.6416133922794166,29.70467307706312,12.07475453474345,0.23081000072215963,0.05865993070776271,0.510009765625,-0.27877669482798795,0.4555287280662122,-0.1344804260353084,0.39054555877279573,0.31968740741266555,26.862219355057984,9.50488835621598
m02_h1_q5_d2_l1,1,5,2,mom3,2,1,0.5488959418402778,0.45333494001441105,0.5456277214537177,0.5153040002893519,0.023077911915473696,0.17078770195867665,0.39692688482514354,0.3669740721741701,0.6809718449394817,32.160369293487406,14.126743239494099,0.2856690642054801,-6.220291925240175e-06,0.5125325520833333,-0.039677730290284714,0.4345321867582096,-0.05803771783111225,0.459589531097504,0.41107532914186795,31.152003923982328,12.833901509376798
m02_h1_q5_d2_l50,1,5,2,mom3,2,50,0.5488959418402778,0.45333494001441105,0.5456277214537177,0.5153040002893519,0.023077911915473696,0.17078770195867665,0.39692688482514354,0.3669740721741701,0.6809718449394817,32.160369293487406,14.126743239494099,0.2856690642054801,-6.220291925240175e-06,0.5125325520833333,-0.039677730290284714,0.4345321867582096,-0.05803771783111225,0.459589531097504,0.41107532914186795,31.152003923982328,12.833901509376798
m02_h1_q5_d4_l1,1,5,2,mom3,4,1,0.5597059461805556,0.6205091299716908,0.6871718050115814,0.5183828848379629,0.019107823367549917,0.21795903527070207,0.43306176017682835,0.34596556478779295,0.6765575497588506,34.17978564553005,15.88498254389809,0.5208069370813544,0.0671760040568841,0.5072021484375,-0.20626132920941334,0.37593961234113643,-0.34953089220720185,0.3725786040788984,0.34814170239883624,33.40244869323973,14.820063648631784
m02_h1_q5_d4_l50,1,5,2,mom3,4,50,0.5597059461805556,0.6205091299716908,0.6871718050115814,0.5183828848379629,0.019107823367549917,0.21795903527070207,0.43306176017682835,0.34596556478779295,0.6765575497588506,34.17978564553005,15.88498254389809,0.5208069370813544,0.0671760040568841,0.5072021484375,-0.20626132920941334,0.37593961234113643,-0.34953089220720185,0.3725786040788984,0.34814170239883624,33.40244869323973,14.820063648631784
m02_h1_q5_d8_l1,1,5,2,mom3,8,1,0.5666232638888888,0.8113922288485101,0.763288603244437,0.5168050130208333,0.01704387314949908,0.1533824537807823,0.49222943337348446,0.36893458230220066,0.6697387089570195,36.15531341958255,17.94001045543087,0.6260098035814157,0.1294311802445354,0.5062255859375,-0.37682669425548826,0.33823998181255216,-0.662305780572847,0.4950377661332538,0.37891810070944587,36.92188560087021,18.182992969010435
m02_h1_q5_d8_l50,1,5,2,mom3,8,50,0.5666232638888888,0.8113922288485101,0.763288603244437,0.5168050130208333,0.01704387314949908,0.1533824537807823,0.49222943337348446,0.36893458230220066,0.6697387089570195,36.15531341958255,17.94001045543087,0.6260098035814157,0.1294311802445354,0.5062255859375,-0.37682669425548826,0.33823998181255216,-0.662305780572847,0.4950377661332538,0.37891810070944587,36.92188560087021,18.182992969010435
m03_h1_q5_d2_l1,1,5,3,mom12_1+mom3,2,1,0.563152266137394,0.44569737839545587,0.6049148891253118,0.5271648830837674,0.024871140774717006,0.054242054957014424,0.44694071834232213,0.4643456543700605,0.6045588855822438,25.234275863470895,10.386008010078266,0.4369523122866932,0.08982567829499687,0.512656741672092,-0.3978139671901659,0.3418965605330183,-0.34367719129808666,0.4913084163924638,0.39498161822174527,24.811116098353587,10.744054172086045
m03_h1_q5_d2_l50,1,5,3,mom12_1+mom3,2,50,0.5629917662820698,0.45205772621476764,0.6090136560098879,0.5277133517795138,0.025434611210974414,0.05277639994550214,0.4609027758135671,0.4685365861861772,0.6233819915045111,25.101566761347915,10.271478225399006,0.4448235936494291,0.12765147356720166,0.5129879845513238,-0.38590142501156055,0.349113530232424,-0.3286281501796784,0.48748779000358644,0.40167755508562664,24.870429547559027,10.803367621291489
m03_h1_q5_d4_l1,1,5,3,mom12_1+mom3,4,1,0.5961140762140722,0.6299078324007038,0.6651861157365726,0.5194873574339314,0.02374848905771946,-0.002077956872580186,0.4071129552028442,0.447272470251761,0.6171219670013914,27.933784834166797,11.984794625655168,0.5292858688976324,0.01753385047842574,0.5054217444525825,-0.24745934244842052,0.3606590314605624,-0.3470110904365899,0.4156336113968525,0.3534526456778959,26.355548056048153,11.08727830366118
m03_h1_q5_d4_l50,1,5,3,mom12_1+mom3,4,50,0.5890901353624132,0.47374252916780596,0.5451935261849195,0.5235681416075907,0.022763333107565013,0.02830284344728104,0.3902461609504215,0.41126660425019546,0.6450010616230413,27.247800860152072,11.41216544877143,0.3316540141252677,0.012052861292424465,0.5088032616509331,-0.33789050548393407,0.3915473288550864,-0.2413582732030552,0.4382561337629004,0.3452325840206293,26.67976481522117,11.074729285318975
m03_h1_q5_d8_l1,1,5,3,mom12_1+mom3,8,1,0.7395125024112654,2.214949044474978,1.3063213131660838,0.5110647884415992,0.023815136081895196,-0.5101784998611816,0.24472699118268126,0.7338887626934014,0.6508385348649057,34.411257807388886,16.038833252474518,1.678004259089299,-0.39119563259286694,0.4916466606987847,-0.4715879306036483,0.3358303922642202,-0.6363200781594015,0.4898030824197822,0.35847963117898185,34.302220597346604,15.347819306814937
m03_h1_q5_d8_l50,1,5,3,mom12_1+mom3,8,50,0.6286249984929592,1.0297546698255733,0.7661201913279827,0.5212550222137828,0.022005111880623644,-0.025787530529429552,0.4253240093308283,0.4725515614220379,0.615935324857682,29.946080632277216,13.054950620179754,0.6955697183294939,0.06292339460037323,0.511945088704427,-0.19886584611336952,0.3776584374937672,-0.3843971028311189,0.371625897226308,0.35240437603802743,29.505636044513523,12.782673891276698
m04_h1_q5_d2_l1,1,5,4,rev1,2,1,0.5468885633680556,0.188009341358941,0.521491099879421,0.5171486183449073,0.016769352459865404,0.06906783645153394,0.4376923544876862,0.41830814811735806,0.6478255748384603,38.61945027855385,18.86019792940394,0.21189725504567505,0.05109868319991415,0.5000203450520834,-0.1326166387146518,0.456399089249677,-0.1637949090698953,0.3848654281992613,0.41011637309061844,37.50561212435902,18.686738554879298
m04_h1_q5_d2_l50,1,5,4,rev1,2,50,0.5468885633680556,0.188009341358941,0.521491099879421,0.5171486183449073,0.016769352459865404,0.06906783645153394,0.4376923544876862,0.41830814811735806,0.6478255748384603,38.61945027855385,18.86019792940394,0.21189725504567505,0.05109868319991415,0.5000203450520834,-0.1326166387146518,0.456399089249677,-0.1637949090698953,0.3848654281992613,0.41011637309061844,37.50561212435902,18.686738554879298
m04_h1_q5_d4_l1,1,5,4,rev1,4,1,0.5611165364583333,0.4890701269945167,0.5979643727167935,0.5164885344328703,0.018534902989173947,0.023969098157485706,0.46581705831479137,0.4332058001780744,0.6234189831678258,38.88543726958866,19.114445003955947,0.3142551183311096,0.08514533945999571,0.49833170572916663,-0.06416254386622877,0.43117708059951115,-0.2940040940897129,0.3917419614500317,0.3926306268216494,38.20896498214978,18.645312651187766
m04_h1_q5_d4_l50,1,5,4,rev1,4,50,0.5611165364583333,0.4890701269945167,0.5979643727167935,0.5164885344328703,0.018534902989173947,0.023969098157485706,0.46581705831479137,0.4332058001780744,0.6234189831678258,38.88543726958866,19.114445003955947,0.3142551183311096,0.08514533945999571,0.49833170572916663,-0.06416254386622877,0.43117708059951115,-0.2940040940897129,0.3917419614500317,0.3926306268216494,38.20896498214978,18.645312651187766
m04_h1_q5_d8_l1,1,5,4,rev1,8,1,0.5665418836805556,0.6289231977615495,0.7179098887425909,0.5118860315393519,0.026455986873409852,0.027453637986249512,0.4260909661982528,0.38767905164913063,0.6439380621384607,38.37503069732626,19.088174531489845,0.5022856069868556,-0.007381076147891282,0.501220703125,0.09207041974524027,0.5921790248378059,0.019356946285099867,0.2709471312603693,0.3184662479727187,38.7997178481141,19.092692390730022
m04_h1_q5_d8_l50,1,5,4,rev1,8,50,0.5665418836805556,0.6289231977615495,0.7179098887425909,0.5118860315393519,0.026455986873409852,0.027453637986249512,0.4260909661982528,0.38767905164913063,0.6439380621384607,38.37503069732626,19.088174531489845,0.5022856069868556,-0.007381076147891282,0.501220703125,0.09207041974524027,0.5921790248378059,0.019356946285099867,0.2709471312603693,0.3184662479727187,38.7997178481141,19.092692390730022
m05_h1_q5_d2_l1,1,5,5,mom12_1+rev1,2,1,0.5636963079005112,0.07212574009194017,0.4125692578537828,0.5315123193057967,0.027907610704724896,-0.022183321719077685,0.37337668002536484,0.4227967807116212,0.6827358544435709,28.72543209885731,11.900222611037242,0.07920450562120895,-0.02164976369887432,0.5014097425672742,-0.4456140100600359,0.43364016905889075,-0.1604705895647607,0.49973060460171026,0.3611358141029182,27.604048227408107,12.181741632202076
m05_h1_q5_d2_l50,1,5,5,mom12_1+rev1,2,50,0.5628080014829282,0.0919161364068787,0.4280301217171714,0.5312072377146027,0.027563977909333074,-0.004502485575663312,0.4015265729641477,0.4238121320634677,0.6735981924410654,28.472707670814007,11.52233239356803,0.10531410012170803,0.02510034686489545,0.5014046563042535,-0.4510872236756305,0.43230344945595944,-0.16447510782422056,0.4999836554475029,0.36543230160921236,27.791051473883098,12.368744878677068
m05_h1_q5_d4_l1,1,5,5,mom12_1+rev1,4,1,0.5963706499264564,0.6440907833008246,0.7563224055103787,0.5297715928819444,0.022439251920277896,-0.1277578219520394,0.3390693207586546,0.5565379315436284,0.6774175739308197,30.93012253075464,13.822367208006568,0.64803398570639,-0.07306827077117871,0.5005624559190538,-0.2737951394848594,0.45305274316343136,-0.14141830489489796,0.41737783166300324,0.401720587872205,29.516668718828416,13.62642743242863
m05_h1_q5_d4_l50,1,5,5,mom12_1+rev1,4,50,0.5840202614113137,0.44411581106841563,0.6295837522019494,0.5296201352719908,0.02279703510387564,-0.0049388627037785845,0.3916314604003567,0.41010354875222754,0.6294524704820204,29.53438125370498,12.515853285322363,0.4351175847196157,-0.0015001962903694657,0.5000656975640192,-0.36869634110200006,0.4406509913098087,-0.20236146932449434,0.4492899550523798,0.38214779164307733,28.618731769103334,12.508705636303398
m05_h1_q5_d8_l1,1,5,5,mom12_1+rev1,8,1,0.7371196040400753,2.2916842318003674,1.3662092817668134,0.5145513275523245,0.010142142067051937,-0.06367407611525511,0.33537775660744107,0.5371877720499283,0.7253302870878329,36.1023809518589,17.404342379374526,1.658631858000819,-0.07856414543921585,0.4990984598795573,-0.24679656208882655,0.58552803203372,0.05062197795788752,0.351180211390955,0.32082323189998807,35.07814986633369,16.404278014530036
m05_h1_q5_d8_l50,1,5,5,mom12_1+rev1,8,50,0.6224790031527296,0.7829332697142244,0.6694774734480708,0.5271462334526911,0.02200734861641093,-0.08348834715660332,0.3605915321442024,0.5269406770186802,0.6667501611105319,32.30238778556116,15.08215956239612,0.49567151259693043,-0.035904027884847416,0.499129401312934,-0.20076313593130016,0.520155836823153,-0.057319347025016155,0.33585238771707915,0.3774718955829548,31.86547495270467,14.353611275616768
m06_h1_q5_d2_l1,1,5,6,mom3+rev1,2,1,0.5659500875590759,0.3787171850042155,0.5259816440969183,0.5226820957513503,0.027227225494875624,-0.06118529924214679,0.3651620725278339,0.46103058619526704,0.7071051636882424,35.41161339397488,16.935970200078803,0.268755314569717,-0.056645860686998555,0.5064851972791884,-0.1690459987475054,0.5058408899417681,0.03208130402405656,0.4368209516556537,0.4012106031321353,34.534832432206976,15.868220837618718
m06_h1_q5_d2_l50,1,5,6,mom3+rev1,2,50,0.5649934933509355,0.30493448393170147,0.46521210041234334,0.5220103322723766,0.027906956716031474,-0.04856588650475576,0.3860092192997831,0.5091369777923201,0.699355806109116,35.36912379741046,16.910798432364228,0.1698525107075546,-0.021310549517865273,0.5055357615152996,-0.33238796128914705,0.41795475266622273,-0.1492382185051688,0.5461908101710486,0.4013652942041931,34.80831322757925,16.171807565000314
m06_h1_q5_d4_l1,1,5,6,mom3+rev1,4,1,0.6038138307171104,0.9131354579369787,0.7907625469692928,0.5251938619731384,0.02623749083951521,0.034657830000032086,0.31995125714430733,0.41045749292123157,0.6392520734956875,36.53431111377875,17.719795716349438,0.7054229710832944,-0.2275550524276053,0.5124549865722656,0.21729101970111483,0.6433474132044349,0.35633962697930754,0.3117978988805761,0.3672743823074742,36.184660989270256,17.12830955102251
m06_h1_q5_d4_l50,1,5,6,mom3+rev1,4,50,0.5939054135923032,0.8246833784488989,0.764276213192887,0.526799331476659,0.02608332489733163,-0.05770027075361528,0.29956806409121406,0.38756449147706507,0.6397877423840843,35.89013322614987,17.42889084596484,0.6581768728829522,-0.30157295129220296,0.5087314181857638,0.015808001227915487,0.5172847172326522,0.06405803810864129,0.3396683093471411,0.4018352902634019,35.4003461161254,16.9805414174969
m06_h1_q5_d8_l1,1,5,6,mom3+rev1,8,1,0.7434812946084104,2.834348281299041,1.6412677985144288,0.5218004768277391,0.019341284575523632,0.278488354244708,0.49516321267494146,0.25768648084175905,0.6111928098718598,38.01335579470688,18.78126691221261,2.1560899547761467,0.0652366396822315,0.5237583584255643,0.5425155780962928,0.7513763454364134,0.5733518306505926,0.21676619993024315,0.3841529075714052,37.32772200050725,18.321207079437855
m06_h1_q5_d8_l50,1,5,6,mom3+rev1,8,50,0.6283424283251351,1.3153929580786965,0.9787503848273055,0.5252022448881173,0.019964196648865243,0.22879772063122486,0.4489289321750822,0.2947781647669788,0.604499976850313,36.82179418952301,18.453655387578724,1.032247324315779,-0.011629644677530573,0.5113016764322916,-0.2140287012169382,0.4573346500559497,-0.1568069644403697,0.36488262256598336,0.41827738635085576,37.42092423438183,18.4913443811159
m07_h1_q5_d2_l1,1,5,7,mom12_1+mom3+rev1,2,1,0.5694813669463734,0.2969890267782441,0.4234486646453549,0.5315629935558932,0.03019661115803544,0.02499260746431253,0.3459018700821615,0.49973951174113895,0.6503454731735979,28.61323687398152,12.42647959424873,0.13281905650025663,-0.04261948427753935,0.5076734754774306,-0.4897161864282306,0.3599226357225424,-0.21768980748571845,0.5604912612889689,0.4170281679275246,28.60951426360804,12.366013420712951
m07_h1_q5_d2_l50,1,5,7,mom12_1+mom3+rev1,2,50,0.5693467693564332,0.28230499087857736,0.4276446298980761,0.5312685554410204,0.031174975994773847,0.0012281406566632901,0.3513915519520709,0.48976660326266463,0.6609674110924383,28.664185921423808,12.41309524014982,0.13802904607014976,-0.02364681646666617,0.5072233412000868,-0.5147410679614473,0.3552586394327761,-0.23313634584000412,0.5644020961497144,0.41702816792752484,28.609446345990463,12.394892425390527
m07_h1_q5_d4_l1,1,5,7,mom12_1+mom3+rev1,4,1,0.6106975225754726,0.7224232024998096,0.6866188649553828,0.5327039177035109,0.028974992955088163,0.04959950901684481,0.3993388871643445,0.4690420703725866,0.6274399226236298,30.70333584982897,13.69365783405159,0.5684613658065758,0.046651609301702486,0.5082206726074219,-0.4901811939861946,0.37727115140900946,-0.28370413108850195,0.5224721730713787,0.3646591993752152,29.782592014051428,13.243379115701941
m07_h1_q5_d4_l50,1,5,7,mom12_1+mom3+rev1,4,50,0.6008100156430844,0.7093766668959145,0.6282919283639808,0.5346867125711323,0.027738320902621204,0.005831347248246679,0.3677678274620403,0.4914676606731335,0.670049320280452,29.758151931773096,12.956157681443033,0.4693614051639476,-0.011765275774576325,0.5081017812093098,-0.6014589250880411,0.34789028501145514,-0.3121991294492481,0.583971162243306,0.389943423808669,28.734126328583507,12.076430654877383
m07_h1_q5_d8_l1,1,5,7,mom12_1+mom3+rev1,8,1,0.8095878318504051,3.210076618966151,1.7837460475327647,0.5196614206573109,0.02175295235230076,-0.1988352363340002,0.3197397371202573,0.5773444581106407,0.6844385928306986,35.11991221049298,16.630556899438034,2.494637674135318,-0.16874077024673767,0.5108061896430122,-0.15433234457516587,0.4759888477934096,-0.14180891764072096,0.41670653144301595,0.35499434566081167,34.62498492593062,15.912101713121615
m07_h1_q5_d8_l50,1,5,7,mom12_1+mom3+rev1,8,50,0.6530481032383295,1.0809619080348594,0.7998883014071658,0.5303209092881944,0.02206788312417568,-0.04288246501348211,0.36009690183320525,0.5236085020461358,0.6583702250913459,31.180878467166817,14.313751913846517,0.7488600684539882,-0.06799804532256506,0.5051773918999566,-0.33124609676094463,0.4559896317123229,-0.12208102530132385,0.4029376935519777,0.3727698892875341,31.065771893044094,14.044813783158151
m08_h1_q5_d2_l1,1,5,8,vol6,2,1,0.5800781250000001,0.0917355020223918,0.37068133286547544,0.5695213035300926,0.037582950918089886,0.05199792110230289,0.3430694781699035,0.6773185025611066,0.7828736157331094,7.936561137144255,4.613595559087957,0.09678962667424477,0.04863344841867829,0.5691324869791666,0.3325150902063253,0.5657906258930113,0.2943446446513756,0.4355193118306422,0.40046552217909914,8.10240030248264,3.9423093128553885
m08_h1_q5_d2_l50,1,5,8,vol6,2,50,0.5800781250000001,0.0917355020223918,0.37068133286547544,0.5695213035300926,0.037582950918089886,0.05199792110230289,0.3430694781699035,0.6773185025611066,0.7828736157331094,7.936561137144255,4.613595559087957,0.09678962667424477,0.04863344841867829,0.5691324869791666,0.3325150902063253,0.5657906258930113,0.2943446446513756,0.4355193118306422,0.40046552217909914,8.10240030248264,3.9423093128553885
m08_h1_q5_d4_l1,1,5,8,vol6,4,1,0.5872938368055556,0.1427933850374896,0.41037320114707937,0.5626085069444444,0.029232060828182888,-0.05062673169470972,0.33914815765369183,0.7105924827078421,0.7999003189830804,15.720360062816189,7.459245488581513,0.16775966235848203,0.05147309197589564,0.5641276041666665,0.24340572394115031,0.5726300636858039,0.29307348477975526,0.4096590170911555,0.3920672006116389,14.269908145861312,6.242495812212483
m08_h1_q5_d4_l50,1,5,8,vol6,4,50,0.5872938368055556,0.1427933850374896,0.41037320114707937,0.5626085069444444,0.029232060828182888,-0.05062673169470972,0.33914815765369183,0.7105924827078421,0.7999003189830804,15.720360062816189,7.459245488581513,0.16775966235848203,0.05147309197589564,0.5641276041666665,0.24340572394115031,0.5726300636858039,0.29307348477975526,0.4096590170911555,0.3920672006116389,14.269908145861312,6.242495812212483
m08_h1_q5_d8_l1,1,5,8,vol6,8,1,0.5906575520833334,0.16436756821908435,0.3952687798426346,0.5537968388310185,0.0249858533605522,-0.1125681932822164,0.31820801290800177,0.723237190091276,0.7997549235017443,20.649886237364626,8.904040829941868,0.13618376985820962,0.014769163774896833,0.5620930989583333,0.39194946702209404,0.6056338881208916,0.37262549805887674,0.31805202396218324,0.39503305245534015,19.14795195964596,7.245571643408008
m08_h1_q5_d8_l50,1,5,8,vol6,8,50,0.5906575520833334,0.16436756821908435,0.3952687798426346,0.553783275462963,0.0249858533605522,-0.1125681932822164,0.31820801290800177,0.723237190091276,0.7997549235017443,20.649886237364626,8.904040829941868,0.13618376985820962,0.014769163774896833,0.5620930989583333,0.39194946702209404,0.6056338881208916,0.37262549805887674,0.31805202396218324,0.39503305245534015,19.14795195964596,7.245571643408008
m09_h1_q5_d2_l1,1,5,9,mom12_1+vol6,2,1,0.5834679309232735,0.07528210492353532,0.4176790969261693,0.5619765858591339,0.04309272693409515,0.006123008097766837,0.3823067353029795,0.6580231314649667,0.769592730931041,12.604937782273597,5.003144568524096,0.17989199888509655,0.11489346846748345,0.5581624772813585,0.17056670282579736,0.4669681769109942,0.10974433505586885,0.38647647510873806,0.3904880812826793,11.574919529637107,4.636244870107993
m09_h1_q5_d2_l50,1,5,9,mom12_1+vol6,2,50,0.5835709748444734,0.06212356904726119,0.41622284059074277,0.5622476648401331,0.04304091597919551,0.006147256796128169,0.37625269811216855,0.6517097849269605,0.769521455219361,12.563088035957703,5.001103784123486,0.17900565429187718,0.10493020837041722,0.5575218200683594,0.13449425604977422,0.42647943671517086,0.025008553152886203,0.3904385815515885,0.3982568185579659,11.658472362321708,4.78269784285362
m09_h1_q5_d4_l1,1,5,9,mom12_1+vol6,4,1,0.6101931348259066,0.23637036548541784,0.44680182297669446,0.5623784948278356,0.03496370075514729,-0.06950587982993521,0.3388540057711197,0.664298070569166,0.7644654130443117,14.70551293245127,5.451281569136459,0.2389064185880171,0.043329464872142405,0.5536963144938152,0.30533289544837466,0.5066217321248284,0.19404588448340138,0.30920223354235865,0.3766909305520646,14.570342264820543,5.518011415759274
m09_h1_q5_d4_l50,1,5,9,mom12_1+vol6,4,50,0.6028983033733604,0.17211787903560938,0.4213636065228848,0.5646943457332658,0.038180310034448106,-0.08589631177938695,0.3212323521424506,0.7096377264266175,0.7774302077276471,14.127683275870178,5.24342710339625,0.1932299899082038,0.01576766485700386,0.5554966396755643,0.29066730779979777,0.5027473880795796,0.18334548954962657,0.32655218650401363,0.3766909305520645,13.587493579667905,5.485683224657663
m09_h1_q5_d8_l1,1,5,9,mom12_1+vol6,8,1,0.7442461178626544,1.6344580948998872,1.0497441186362462,0.5499866626880787,0.016080190987332203,0.22521482527359882,0.5301312324228821,0.450406276825983,0.6650964614424286,27.473878421729722,12.504391730386521,1.1861799458112003,0.29021172341025014,0.5319400363498263,0.060640062190805144,0.4629403934076183,0.015592091700106161,0.37089156767357434,0.3617759807558686,25.430565331116824,10.809175972905486
m09_h1_q5_d8_l50,1,5,9,mom12_1+vol6,8,50,0.6401173155984761,0.4345424478896067,0.526016148616663,0.5629982653959298,0.03267116403633022,-0.024269952309103976,0.3571420700397995,0.6046764357592462,0.7550596986068078,18.837670592020995,6.480823080271864,0.3540340428521814,0.06709965834376924,0.5463782416449652,0.3239953479239539,0.46408130753635596,0.09857581876803373,0.30034496366620744,0.39316472943076564,18.855074810734095,6.790926921568821
m10_h1_q5_d2_l1,1,5,10,mom3+vol6,2,1,0.5891952514648438,0.22865365954869862,0.43308572100965304,0.5622795952690973,0.040091360091582956,0.07261870786148814,0.3762873571699637,0.7526264950654429,0.7993691333472189,16.79012646606561,6.299130676274797,0.19987607913667718,0.11140941338864101,0.555331759982639,0.1981718999587035,0.5364291498288205,0.25445872095062355,0.4317732781981516,0.4128758875849202,17.714440737066816,6.082272654033684
m10_h1_q5_d2_l50,1,5,10,mom3+vol6,2,50,0.5888621954270351,0.19212238481145005,0.41068651520162497,0.5605268125180844,0.03960560224388712,0.06281666025256749,0.3734731448926176,0.7354642224809753,0.7897038958128737,16.817371338497153,6.383194994362625,0.1611140047019595,0.10738954591743646,0.5555148654513888,0.1908350227929612,0.5313722578585615,0.24485776925471026,0.4307488141885484,0.41941408946932424,17.594403752337257,5.964773786463226
m10_h1_q5_d4_l1,1,5,10,mom3+vol6,4,1,0.6172883775499132,0.4022686366213356,0.5419649907230507,0.5638970269097222,0.03354504314733417,0.12387422976023474,0.4101059488987807,0.5885326438602603,0.7433607181342872,18.56961536906228,7.590654532912699,0.3651545236437922,0.13863614046170677,0.5551535288492839,0.29648416052651994,0.5564436497964095,0.28236453319799293,0.42819891914521824,0.39999571307630455,16.667924040056526,7.304185027248831
m10_h1_q5_d4_l50,1,5,10,mom3+vol6,4,50,0.6070151623384452,0.30994709439197765,0.4664399736510832,0.5602377432364005,0.03314055179835489,0.01409188012668134,0.37131555574806,0.6686806310068668,0.7733492839478688,18.08860892772857,7.393875747448263,0.25463040346484467,0.09685669396602711,0.5563144683837891,0.3542170566785619,0.5245584235886517,0.21634255116196954,0.42207389049500543,0.40533018955646805,16.86769987292143,7.036303584082935
m10_h1_q5_d8_l1,1,5,10,mom3+vol6,8,1,0.7460637975622105,1.4720106448868504,0.9700856770933894,0.539455931863667,0.020965318077650803,0.008844408364335529,0.30458632547298475,0.5873359403242866,0.7694936238258299,28.74589098919655,13.4615768968622,1.05075260575311,-0.07637012356179526,0.5412239498562283,0.1640337587314832,0.5590983031385423,0.22700517318198957,0.2939030276958501,0.332839351870294,27.008813656520644,12.121938998983751
m10_h1_q5_d8_l50,1,5,10,mom3+vol6,8,50,0.636643209575135,0.4396332407374554,0.5202124521644163,0.5581620769736207,0.02463809023358829,0.10591149098013773,0.4218198046168071,0.614066009717448,0.7545389872328282,21.906968848514662,9.005994673850966,0.3333150411916787,0.16090779116074558,0.5514825185139974,0.1301408065661528,0.49779558198586504,0.15453659763119862,0.43695036794367115,0.4053008828101382,20.654522757553558,7.8309670977853045
m11_h1_q5_d2_l1,1,5,11,mom12_1+mom3+vol6,2,1,0.5880256935402199,0.1399666452326137,0.392425840615115,0.5591979792088637,0.045631111188338944,0.0161045141863176,0.3621479078147602,0.6618544669487935,0.7719761534536255,15.833856701400089,5.690065654186683,0.13550505944343516,0.07983693720784035,0.551573223537869,0.05534530027710629,0.40943415169460007,0.025823660082610066,0.422500610014118,0.4353799363690237,15.869636218668361,5.24729884519474
m11_h1_q5_d2_l50,1,5,11,mom12_1+mom3+vol6,2,50,0.587694615493586,0.11425279014839533,0.3621475558708956,0.5583910529996141,0.045065762494967264,-0.010549069572140059,0.35746021221418334,0.6643688126793389,0.7736846915798407,16.05758249364938,5.938754204976189,0.09267894003063264,0.0720240751886269,0.5509075588650173,-0.0039383963097338074,0.4024165566571096,0.014346279232211396,0.42655221450265945,0.4385221387326216,15.90426973900997,5.339352402811523
m11_h1_q5_d4_l1,1,5,11,mom12_1+mom3+vol6,4,1,0.6240831539954669,0.3941261146976924,0.5074339748054075,0.5569375120563272,0.03752876613834536,-0.13102499251982552,0.3157755144281099,0.7058140217439333,0.7860375832190679,17.052728029329014,6.804277547035174,0.3206149843238288,0.007306429731924692,0.5517809126112196,0.1764333758472893,0.4766516828569747,0.14510972868877667,0.41067529423719107,0.420769009574556,16.692180608001735,5.540757321113164
m11_h1_q5_d4_l50,1,5,11,mom12_1+mom3+vol6,4,50,0.6145555472668307,0.26053790595813336,0.4376325266131789,0.5582507098162616,0.038968117035644054,-0.08374694906877955,0.32593574202783443,0.6641083647215271,0.779283109212861,16.54325105420107,6.413587384750342,0.209869210486425,0.025968837576734877,0.5503677792019315,0.13229360319011382,0.45307670626474794,0.10009257527539757,0.4782938589033868,0.43664454489520477,16.229057077092875,5.723513921821428
m11_h1_q5_d8_l1,1,5,11,mom12_1+mom3+vol6,8,1,0.8028452366958428,1.9555503501222748,1.3435859184903731,0.5384494169258778,0.029447248335700154,-0.06947664581203568,0.32194309829478074,0.5997162707197907,0.7371455672436258,26.54944837740928,11.251012022310183,1.6627325692731654,-0.019892003660087525,0.5493102603488498,0.0870500813987763,0.4673194392529773,0.03910568452171785,0.4150789932632877,0.35670048248286224,24.77111538056876,10.30807563348332
m11_h1_q5_d8_l50,1,5,11,mom12_1+mom3+vol6,8,50,0.6587685479058158,0.4942960041865818,0.5249024278689068,0.5540452180085359,0.029605825244329847,-0.05110812510536682,0.36778990875752393,0.6493092862826562,0.7583516551568897,20.35383671213882,7.3427760510024696,0.3518076296602156,0.09077481374918418,0.5485468970404732,0.13871687875890362,0.42718220818093106,0.03359900239250023,0.42903094889903326,0.4364662560438882,18.64806924794999,6.6204511216452735
m12_h1_q5_d2_l1,1,5,12,rev1+vol6,2,1,0.5905773963457271,0.15465024324175425,0.39894671424500344,0.5682409780996818,0.03737815271301448,0.02170856193998243,0.3696313758830577,0.6962935850704289,0.7718054401056993,23.5280309993155,8.457484397151585,0.13808563056131107,0.09158188558842212,0.5514986250135634,0.08085237590878756,0.49306720950787347,0.1403535400554093,0.4185273486145934,0.4153518657478107,22.137070689376912,8.187242305070281
m12_h1_q5_d2_l50,1,5,12,rev1+vol6,2,50,0.5905903945734471,0.15431511906863393,0.40089749260944607,0.5686020085841049,0.03876456084005579,0.06516429470326966,0.38313153313886794,0.6840920616566668,0.7718054401056993,23.483040135878714,8.393800190913936,0.14152646108095804,0.12361377483809566,0.5515329572889539,0.0872653652706223,0.49708677496553644,0.15013268069589578,0.4127924586865971,0.42073775520269885,22.165443487304934,8.215615102998303
m12_h1_q5_d4_l1,1,5,12,rev1+vol6,4,1,0.61593778633777,0.2954219874036957,0.4828655128237984,0.568606812276958,0.031884929614562234,-0.036512151969168564,0.3134570013714006,0.6596018641788975,0.7836097919357506,23.540973639963653,9.873901640371013,0.26734641383356755,-0.01567361069183839,0.5485193464491103,0.17121458005440562,0.4724359922402547,0.11659518336860543,0.43398350343295544,0.4240422631058347,21.498506715841337,8.754197968013214
m12_h1_q5_d4_l50,1,5,12,rev1+vol6,4,50,0.6095928615993924,0.28117837797637435,0.4777723594922256,0.5688403094256366,0.03316056169742144,-0.03284065145616266,0.3298809837662094,0.652029891745879,0.7901158916847368,22.79435214912296,9.457959875617862,0.2633171430619387,0.015655684585450188,0.5505029890272353,0.2151186778163722,0.482872528999464,0.13488006559804455,0.37068460472295506,0.4240422631058347,21.48519905676484,8.992209654511768
m12_h1_q5_d8_l1,1,5,12,rev1+vol6,8,1,0.7499399067443094,1.5795135729165433,1.0952347978761956,0.5459678555712287,0.01936140334466386,0.016636448007048662,0.38171843058866406,0.44741264200489583,0.6735039647739917,31.480829195499464,14.57031901334993,1.215535125322169,0.017993774972198704,0.5326622856987847,0.09643735991576036,0.5317734574403196,0.14963970234727542,0.31795053840353094,0.33106495604571506,30.16729964787224,13.836939541755017
m12_h1_q5_d8_l50,1,5,12,rev1+vol6,8,50,0.6396702895929784,0.4525421066553319,0.5033491853190365,0.566759745279948,0.026511118919697846,0.028481502361478943,0.3477735491456813,0.5879524196467955,0.7535642219550156,24.83872966005291,9.896546558886039,0.30042601844776023,0.04518927338090159,0.5437083774142795,0.12143545187544835,0.47854850092805035,0.11142728332374705,0.39093691993802826,0.4241842515744936,24.028002922838912,9.282038777736192
m13_h1_q5_d2_l1,1,5,13,mom12_1+rev1+vol6,2,1,0.5911602444118924,0.2279643268753945,0.43746537733026947,0.5657794151777102,0.04412106440433959,0.015991749602930126,0.3817063015914568,0.6665382207380116,0.7623763658070991,21.159859179256205,6.630482631391021,0.20810639552218368,0.10870172569581645,0.5468294355604384,-0.026004468437952212,0.3932621779169806,-0.01254850912809738,0.4672690319045061,0.43996644579996713,19.580029784606445,6.1829991186174205
m13_h1_q5_d2_l50,1,5,13,mom12_1+rev1+vol6,2,50,0.5906793099862557,0.20913728897372227,0.44412586708116386,0.5656258853865259,0.04444448080826439,-0.03267771579759099,0.3421210637595626,0.6875761340698249,0.7781040724778366,21.280858654825714,6.691269187738889,0.21815362964852508,0.04454473536864461,0.5450566609700521,-0.060047458558082946,0.3813097875389982,-0.03807659961876748,0.4738499553405551,0.43996644579996713,19.64554983177424,6.2202823216185505
m13_h1_q5_d4_l1,1,5,13,mom12_1+rev1+vol6,4,1,0.62322348135489,0.3753517096381603,0.5133710046820682,0.5645537199797452,0.0394581993028318,-0.02317768404862289,0.3366148390142505,0.6732791686952644,0.7842547867129048,20.255407011895652,7.366093902284642,0.3277395997509087,0.04522133175084228,0.5456295013427734,0.14433188557955892,0.4193734675616616,0.033875726922702874,0.4620403076340589,0.43377044305376866,19.755252852092827,6.861608825611821
m13_h1_q5_d4_l50,1,5,13,mom12_1+rev1+vol6,4,50,0.6125460966133777,0.3161011108186747,0.4595570222266793,0.5652255776487751,0.038785823774922935,-0.022424777491264987,0.340949960434402,0.7052989154996676,0.7955925571939432,20.583220366124355,7.430417528977325,0.24342790181162105,0.05211731291936998,0.5418425665961372,0.03856763101665324,0.40066440452444707,-0.015354099235482603,0.43513511540229854,0.43697389143200716,20.205579364131875,6.8212500359900545
m13_h1_q5_d8_l1,1,5,13,mom12_1+rev1+vol6,8,1,0.8097274215133102,2.197703866607614,1.5222312353809762,0.5625954145266686,0.023363136856688803,0.21186040883857743,0.46610122769186013,0.4052763456825135,0.6636958236277806,28.74582682616305,12.684603927889995,1.8904908644085612,0.18455842528024727,0.5273359086778429,0.15508159464854648,0.45490444398570595,0.05147167969912924,0.38145975906603713,0.42540614842316427,26.424645366947715,10.952807673277572
m13_h1_q5_d8_l50,1,5,13,mom12_1+rev1+vol6,8,50,0.6611772702064044,0.6286284648248606,0.5704018528730266,0.5649381095980421,0.0350814165095921,0.008649532218774228,0.3806433331232796,0.6163289380501498,0.7741497137668901,22.858670863421793,8.30755754146721,0.41077453301723144,0.11109164390401914,0.5371193355984158,0.03681169685511511,0.40004462025744447,-0.01717239093772142,0.4762207078637499,0.45706974988499516,21.62432155307347,7.3334084220685956
m14_h1_q5_d2_l1,1,5,14,mom3+rev1+vol6,2,1,0.5935716040340471,0.24201689273260346,0.4404383054472174,0.5631435064621914,0.041539832665750655,0.01882877273731863,0.3344288065156903,0.6847392339802572,0.7991459967281658,22.763665201512907,7.559436217998076,0.20864268375082937,0.044097677275622256,0.5453705257839627,0.06406905062206378,0.4791570589117306,0.1477656455685406,0.4404859335464604,0.4622188064997015,21.63060949867038,7.0785432819232925
m14_h1_q5_d2_l50,1,5,14,mom3+rev1+vol6,2,50,0.5928974858036749,0.27880519379039,0.45727217149872146,0.5631944632824556,0.0412905317165395,0.02930622364848414,0.3493898384131199,0.6778704044405703,0.7972669061483086,22.516827025045785,7.38092243555874,0.23375626888958217,0.0663873745122402,0.5440591176350911,0.08042629157279434,0.5053727632261273,0.1971534740806082,0.4516932463039939,0.4622188064997014,22.037574406477788,7.144611021476682
m14_h1_q5_d4_l1,1,5,14,mom3+rev1+vol6,4,1,0.6281627136983988,0.4969391654131609,0.5596299716652304,0.5662401929313754,0.034997844162247736,0.16652947939517088,0.4379412530915906,0.4974149378838183,0.7040850727410979,22.967873007052262,8.781258863383988,0.39829917527086406,0.17628258046070472,0.5484949747721355,0.22639665580832805,0.5293744533288153,0.23653680478221994,0.4276827763989043,0.42804126526306885,21.913180840447232,7.85869444572617
m14_h1_q5_d4_l50,1,5,14,mom3+rev1+vol6,4,50,0.6185152030285495,0.42481280215837314,0.4758416656461753,0.5639936659071181,0.03600475935544287,0.013034502436496478,0.3361332118393106,0.643132377529724,0.7892963636571078,22.23249240841032,8.314923721302897,0.26767507792080336,0.027524068530791625,0.5490631527370876,0.0982563934276819,0.442032000278102,0.08161584722777906,0.506290500500437,0.46904752203321765,21.33538878553178,7.614325732425593
m14_h1_q5_d8_l1,1,5,14,mom3+rev1+vol6,8,1,0.802307223096306,2.0213442810305073,1.4234145237237297,0.5505282555097415,0.018881634609221383,-0.13248198752014548,0.30460743963750225,0.5684928918950078,0.7114272050996802,29.008927687043098,12.879099719894802,1.734390356869617,-0.15254695487459996,0.5446531507703993,0.18290902475403348,0.5550547793377101,0.2542390639972312,0.3087760057865746,0.3974849545959035,27.335585714783942,11.743922223586196
m14_h1_q5_d8_l50,1,5,14,mom3+rev1+vol6,8,50,0.6596285031165605,0.585788789161516,0.5636458679195007,0.5637858826437114,0.02957564315511925,-0.039314555793618984,0.34050137593326923,0.5888906294635601,0.7509359926074092,24.323369917277258,9.284276088817608,0.3963232702662367,-0.030744837814758386,0.5454716152615017,0.20049336700753398,0.5387139889660735,0.24242678746304444,0.45226311097986016,0.4116306998808773,23.525459027862397,8.464675929380107
m15_h1_q5_d2_l1,1,5,15,mom12_1+mom3+rev1+vol6,2,1,0.5925553875204957,0.1795496783468193,0.382377014975641,0.5623950722776814,0.045075096117144,-0.024409664092862386,0.337059148194619,0.6843641318117124,0.7899076709733038,18.29733976806786,5.95675320784845,0.12472485842158627,0.042426049976989566,0.5535360972086588,0.0608310952452291,0.42471991948040716,0.0529430395727039,0.45686659518564754,0.4371662389805844,18.052925086486482,5.7292349045183855
m15_h1_q5_d2_l50,1,5,15,mom12_1+mom3+rev1+vol6,2,50,0.592007107204861,0.1803677999638791,0.37237173852893957,0.5622990926106771,0.04499752243724387,-0.04277621746378417,0.3378591749696363,0.6942313073069808,0.7899076709733038,18.257094602452696,5.874764659239708,0.10769850662343751,0.044285473967830946,0.5532232920328776,0.11262601921015533,0.4316105065716418,0.06621971462198682,0.4374270285513042,0.4340299405828152,18.391928050138777,5.788794706931691
m15_h1_q5_d4_l1,1,5,15,mom12_1+mom3+rev1+vol6,4,1,0.6311108624493634,0.5035949909640195,0.565586774550976,0.5614456365137924,0.04305361684413138,-0.028332414004382397,0.33865185334778913,0.6759746317237343,0.7891615189822243,19.55960723369957,7.365116745279555,0.4125696366533446,0.03836916870569442,0.5501124064127605,0.11708998772126956,0.46289121732521066,0.10952370980274316,0.42350218812283924,0.39986264608170075,19.481526449601166,7.691388203968026
m15_h1_q5_d4_l50,1,5,15,mom12_1+mom3+rev1+vol6,4,50,0.6228906136971933,0.3609849931074297,0.4542080041339159,0.5619471043716242,0.04104121863825323,-0.010023165928291621,0.3547968590626814,0.7020423366183213,0.8069793197244497,19.234064761806334,7.444040521924833,0.2395846287708258,0.0791212770045916,0.5508157942030165,0.21152340391001892,0.5471592605505878,0.2767188950708557,0.41654637437034003,0.39367300549255635,19.58694450033161,7.327080192918837
m15_h1_q5_d8_l1,1,5,15,mom12_1+mom3+rev1+vol6,8,1,0.8337569060149017,2.3345684552874695,1.5641769973639663,0.547167365933642,0.023020840798213725,-0.039430509217484894,0.41985034432262835,0.47927704148056094,0.6948517092439734,28.062635842788154,12.726632925150035,2.045481311463806,0.1140318056275901,0.54036988152398,0.22511038644260684,0.5001256469991983,0.14686038579392494,0.3216561426913839,0.35687282202914483,26.449760777009438,10.941743961357705
m15_h1_q5_d8_l50,1,5,15,mom12_1+mom3+rev1+vol6,8,50,0.6839095692575713,0.7790551686273082,0.6497638330018004,0.556841344009211,0.031515548547423854,-0.009021544206964096,0.373241743757953,0.6358892035195206,0.7651315130204797,22.474071445670422,8.432561434154747,0.5452651088715693,0.09363445352555133,0.5381959279378256,0.09011805954528523,0.4990077816393592,0.16767691031291365,0.47808865439733506,0.39971349424197333,21.887454420111425,7.75574074724762
m16_h1_q5_d2_l1,1,5,16,size,2,1,0.56787109375,0.8816294351705616,0.8584258961690588,0.546619556568287,0.03454424171783631,0.8081907046387161,0.7933498749995229,0.16486694995147422,0.5064383857800103,7.223778450471126,2.611719736186687,0.6572050542093087,0.5704671352062021,0.53802490234375,0.6781038867822102,0.7911340270584059,0.6426058481285241,0.25229162164081576,0.28577699070862006,7.534476148215916,1.5209303884752692
m16_h1_q5_d2_l50,1,5,16,size,2,50,0.56787109375,0.8816294351705616,0.8584258961690588,0.546619556568287,0.03454424171783631,0.8081907046387161,0.7933498749995229,0.16486694995147422,0.5064383857800103,7.223778450471126,2.611719736186687,0.6572050542093087,0.5704671352062021,0.53802490234375,0.6781038867822102,0.7911340270584059,0.6426058481285241,0.25229162164081576,0.28577699070862006,7.534476148215916,1.5209303884752692
m16_h1_q5_d4_l1,1,5,16,size,4,1,0.5772569444444444,1.2382245613073815,0.9144161628238084,0.5456769024884259,0.031162520991386024,0.7983219689800893,0.7631609643528212,0.166976950175183,0.5064862049699825,8.86105459863576,4.122394809816745,0.8478207783736995,0.5431273996882937,0.5331217447916665,0.6895732237752624,0.6946782349703797,0.3841417235081422,0.16131353665884818,0.26895918740990543,7.014856878595803,2.995126025314641
m16_h1_q5_d4_l50,1,5,16,size,4,50,0.5772569444444444,1.2382245613073815,0.9144161628238084,0.5456769024884259,0.031162520991386024,0.7983219689800893,0.7631609643528212,0.166976950175183,0.5064862049699825,8.86105459863576,4.122394809816745,0.8478207783736995,0.5431273996882937,0.5331217447916665,0.6895732237752624,0.6946782349703797,0.3841417235081422,0.16131353665884818,0.26895918740990543,7.014856878595803,2.995126025314641
m16_h1_q5_d8_l1,1,5,16,size,8,1,0.5822482638888888,1.3292667378663108,0.9560752898220537,0.5402741608796297,0.02428192321900153,0.8553682454164843,0.7846922550503402,0.15434853151447925,0.4707952846327361,12.054484595693461,5.02042721967998,0.907091788597132,0.5483189581571932,0.52392578125,0.6417849314557023,0.7065405580625684,0.36638022692768674,0.22078123107213765,0.28972267694838194,9.992833735019964,3.395032394546477
m16_h1_q5_d8_l50,1,5,16,size,8,50,0.5822482638888888,1.3292667378663108,0.9560752898220537,0.5402696397569444,0.024212583716249285,0.8553682454164843,0.7846922550503402,0.15434853151447925,0.4707952846327361,12.054484595693461,5.02042721967998,0.907091788597132,0.5483189581571932,0.52392578125,0.6417849314557023,0.7065405580625684,0.36638022692768674,0.22078123107213765,0.28972267694838194,9.992833735019964,3.395032394546477
m17_h1_q5_d2_l1,1,5,17,mom12_1+size,2,1,0.5783286389009452,0.3428144850880805,0.6266859863088697,0.5507176717122396,0.03396288145866342,0.0955543509977983,0.456576883897864,0.43453377434107343,0.6753252007774545,13.843670160548001,7.2057014303269185,0.4377402895545892,0.09579045862836746,0.5372835795084635,0.1544040964869001,0.5239557737642505,0.07675899718046617,0.2489176609017253,0.35578290026368886,13.076299031327935,6.348810361821142
m17_h1_q5_d2_l50,1,5,17,mom12_1+size,2,50,0.5784492021725501,0.33433916883111375,0.6391704392768774,0.5507128680193866,0.03356520166423849,0.16247031715962873,0.5002818587848722,0.3522902349916234,0.624105154280824,13.958400165631183,7.307033802530814,0.4621905573484847,0.16270094614086364,0.5371547275119357,0.2860946777459884,0.58690968941112,0.23045751838593181,0.20934809871331328,0.355782900263689,12.898836104749952,6.261637183628038
m17_h1_q5_d4_l1,1,5,17,mom12_1+size,4,1,0.6033670872817805,0.8618289359844234,0.8719919154947198,0.5468652042341821,0.03419214426457225,0.21265717344960877,0.5928999169629036,0.32771219637454896,0.5727590929817297,15.889392859099033,8.182851590069248,0.85963450658228,0.3099696660686932,0.533556408352322,0.2662267900366559,0.6421936021918586,0.35483661780722786,0.29240379039603304,0.35810583347193314,13.68007449484201,6.630761846007095
m17_h1_q5_d4_l50,1,5,17,mom12_1+size,4,50,0.5961471369237075,0.6087486016023745,0.7431741792164257,0.5490929874373071,0.03593094668391001,0.1465324147889763,0.5692102924609683,0.33980663318664295,0.6124472621463009,15.859904221431856,8.162106560773724,0.6536532933449565,0.29324122445303025,0.5348907046847874,0.28041814690403555,0.6126370408816235,0.3052218245991302,0.2685046592716457,0.3615472564035038,13.469118017538747,6.39095023219157
m17_h1_q5_d8_l1,1,5,17,mom12_1+size,8,1,0.7234846515420041,2.582131178837181,1.5510580226911863,0.5257397875373746,0.020219866294250287,0.4015696506606768,0.5822174294437272,0.3239749058395208,0.6098498075032273,25.60418489970961,12.994429233464144,1.844777556135455,0.30245469563696953,0.5172790951199002,0.2786674903627128,0.6998202773791168,0.3641650611782419,0.2608579193987234,0.2985763406853812,23.386135737350713,12.126295552546864
m17_h1_q5_d8_l50,1,5,17,mom12_1+size,8,50,0.6244568059473863,1.346989385474359,0.9979953798930205,0.5431233158817997,0.03168335326133366,0.37978591407028206,0.5991468183859223,0.29467659555371695,0.5098292314168549,18.743326089836025,9.352452634585989,1.0682757503393376,0.28249182137755274,0.5320898691813152,0.3903113125068795,0.7162913772746449,0.5152845740869597,0.29720885255968854,0.3443614791517696,17.338737724688798,8.204727913237944
m18_h1_q5_d2_l1,1,5,18,mom3+size,2,1,0.5807460266866802,0.8667701582668764,0.8974201639280412,0.5447149394470968,0.03335571070176178,0.3018115019322087,0.6284367170360234,0.42591620088553206,0.5478948158755668,20.058799041240103,10.196870189769607,0.9375621695685952,0.36890958104424576,0.5411160786946615,0.21639005715382414,0.5252154790245674,0.08727666280252973,0.32470008390000604,0.3889424045929254,20.116494847025606,9.248170981890418
m18_h1_q5_d2_l50,1,5,18,mom3+size,2,50,0.5804241792655286,0.9113363134224802,0.9216289796466831,0.5447478117766203,0.03295821205400606,0.3480432116645914,0.6657632251534731,0.35791852950275194,0.5035211825813275,20.05139431134025,10.251159141281041,0.9892341498228849,0.4334477573115088,0.5411571926540799,0.22737956404669987,0.529552637101606,0.09523247638568534,0.31974164258692517,0.38457858962540903,19.741289197337878,8.93586637290488
m18_h1_q5_d4_l1,1,5,18,mom3+size,4,1,0.6082369015540606,1.4862088794891337,1.1266416841493792,0.5446397757824557,0.03213946390415479,0.45451633086308624,0.5856608580694442,0.23819466646969545,0.5405654493784567,20.69465435234363,10.609405770582777,1.3393482952599358,0.2746763194030714,0.5428534613715278,0.4355083399968945,0.6371065358166489,0.24842114481170088,0.2167338734585078,0.2999040568613708,18.49757110185984,9.211005533869375
m18_h1_q5_d4_l50,1,5,18,mom3+size,4,50,0.5972364449206693,1.1836241856922556,0.9965283392741833,0.5452395780586903,0.032131996681563586,0.2799577169788728,0.5423444243592388,0.3302272585468651,0.539775946975805,20.241109378300365,10.202484762267796,1.1480654502326275,0.1434295416306299,0.5419635772705078,0.42027203763454013,0.5953330040590251,0.14978996426663366,0.2641827768584005,0.2911946342134668,18.583699632294262,9.467011993130335
m18_h1_q5_d8_l1,1,5,18,mom3+size,8,1,0.7458578039098669,3.2358519792404508,1.814844782527774,0.5219705840687693,0.018270739450885712,0.3767930744861293,0.6670756135119098,0.28402209910866916,0.5967007461847762,30.148715118840567,15.091309118476508,2.4715606354110835,0.36595175912820377,0.5259744856092665,0.7193111808427394,0.6632649611439075,0.035972003741826346,0.1590623043030268,0.23969740771544956,28.260910642534085,13.997439555789594
m18_h1_q5_d8_l50,1,5,18,mom3+size,8,50,0.6259257940598476,1.8239127909211237,1.0901710773726385,0.5394413324049961,0.02916565622954391,0.43711980200658773,0.6410459123635734,0.21840358543180194,0.5169237251537098,22.298110125912036,10.717510188328015,1.4765899079658218,0.36170237685107154,0.5355273352728949,0.43253628739797156,0.5665068285185016,-0.08805604501537545,0.22304737069899694,0.2550953918730984,21.303259143944114,10.249656174113998
m19_h1_q5_d2_l1,1,5,19,mom12_1+mom3+size,2,1,0.5867091991283275,0.42630074771734233,0.5970138349912161,0.5521070692274305,0.03485397466790751,0.11752081230732564,0.5137196835328042,0.4310723344991034,0.616622872282805,17.46100847171284,8.968310461765624,0.41752635237764174,0.1948802903438207,0.5405044555664062,0.10284721690932076,0.44541164362292657,-0.05276381374164635,0.27888156726507163,0.35696495773860104,16.817219328332314,8.335148659272662
m19_h1_q5_d2_l50,1,5,19,mom12_1+mom3+size,2,50,0.5862890172887731,0.4723130524576445,0.6092908347808461,0.5520140094521605,0.03469821484100193,0.0707620762530108,0.47973380870829313,0.46004091395873237,0.6324779891779824,17.728607121997957,9.073545578268051,0.4481245796492022,0.1285268689163716,0.5395586225721571,0.02734927717178105,0.3928268216155922,-0.1785283122355341,0.2986069869363591,0.3569627274885565,17.087093584770244,8.573342073984787
m19_h1_q5_d4_l1,1,5,19,mom12_1+mom3+size,4,1,0.6173781406732253,1.0773086723834067,0.9684991429308378,0.550373312867718,0.03164049409420534,0.12921545538970663,0.5238656003657934,0.3618949749707556,0.5988426499384119,19.141193789192624,9.99227018178462,1.0527526024505056,0.20915890873950968,0.5413792928059895,0.09155172177718034,0.5117443923241218,0.026158913994531074,0.2663485020483439,0.3246988255416866,18.66093685737684,8.9973753617667
m19_h1_q5_d4_l50,1,5,19,mom12_1+mom3+size,4,50,0.6090186790183738,0.7772855002691317,0.789871363441524,0.5509101961865837,0.032965443464742866,0.23643370557206536,0.5310607342404522,0.3815145963913711,0.6011091799941902,18.74264063080491,9.68141316219571,0.74905769937345,0.23225272522855445,0.5419735378689237,0.20450040956125226,0.5369607126463782,0.10606611181828011,0.2638073834548019,0.35057554479639363,17.64039946648419,8.607636543811907
m19_h1_q5_d8_l1,1,5,19,mom12_1+mom3+size,8,1,0.7941979302300347,3.5290821449287755,2.0397757488711257,0.5239975540726274,0.020663661214712508,0.1705964820587408,0.4420653346292405,0.34374086398658754,0.6715500949427844,26.36592433160065,13.091433609879658,2.8182043845265166,0.07705247782137253,0.54758177863227,0.4708908362934195,0.6597511760279511,0.3302571132531329,0.22674292578970778,0.31531386496364666,26.090707886726968,12.861655268101913
m19_h1_q5_d8_l50,1,5,19,mom12_1+mom3+size,8,50,0.6472022916063851,1.4713848051951492,1.02089265825472,0.5450848237967786,0.029247964813698644,0.09150410906568925,0.4579105156383018,0.35443970845946193,0.5655970207811007,21.254169067207396,10.900384901724266,1.1396624838925047,0.05091443470867284,0.5422623952229818,0.18549708466738607,0.599256624985112,0.23866613995468564,0.29927779291193035,0.3364263372147336,19.749692436651824,9.5246418065819
m20_h1_q5_d2_l1,1,5,20,rev1+size,2,1,0.580420317473235,0.79176051574876,0.7516863070235285,0.5512941148546007,0.033337467115589124,0.5489364432021226,0.6295189557304504,0.2048971829545544,0.558241669815854,27.01675238295851,13.226253473010212,0.5764172388306616,0.30772208429906,0.5328875647650825,0.3508095011894803,0.4917670189988841,-0.04061794599215843,0.2695013517331196,0.3989225801355514,25.420786484966165,11.964519068414141
m20_h1_q5_d2_l50,1,5,20,rev1+size,2,50,0.5802103678385416,0.8453140596802138,0.7920019380348122,0.5513487450870467,0.03444005794963172,0.5006721601216303,0.6118199050233727,0.22057477100206124,0.5533543750679162,26.93032731884143,13.119072067110034,0.6463894843103062,0.23029768883844556,0.5329384273952908,0.3500238136884997,0.5031783007463301,-0.0099065773605022,0.26712584740369794,0.4046633309531017,25.358935386499425,11.933598600639428
m20_h1_q5_d4_l1,1,5,20,rev1+size,4,1,0.6074745272412712,1.288787522427933,0.9236447481311796,0.5478264137550637,0.029000179241170817,0.48029842945973705,0.600993261039974,0.21327288717311088,0.5330866708564402,26.698993932398693,13.25074685035802,0.9060322832806702,0.2319337143131845,0.5339260101318359,0.3883910722232116,0.5711183687860716,0.049601584717689634,0.20014389589213388,0.31820080277900187,23.931451871020265,11.183964240681957
m20_h1_q5_d4_l50,1,5,20,rev1+size,4,50,0.5984083575966916,1.1357138046237554,0.8814381420752679,0.553116692437066,0.03120125989983148,0.34588555275493094,0.5427126801412715,0.25523441856626183,0.5468001857816319,25.878007842431543,12.577806051044258,0.7997479602862899,0.10887969357417919,0.5338372124565972,0.44931177372615555,0.5710078969846396,0.10374313495418117,0.25213374638106956,0.38676662087199143,23.919530968001894,11.109831450600797
m20_h1_q5_d8_l1,1,5,20,rev1+size,8,1,0.7446403974368249,2.972475287047971,1.6660401098083262,0.53668212890625,0.02127674350675881,0.19829730622739813,0.46029714262666116,0.2387105415532217,0.6056783251753095,33.001355133087344,16.24206131723297,2.2980208612093262,0.00685750204367269,0.5328218672010634,0.6642504475815187,0.6775808713679262,0.2548743317023838,0.16480864235339077,0.23242956705375528,31.9039933698195,15.522074244085005
m20_h1_q5_d8_l50,1,5,20,rev1+size,8,50,0.6343430884090471,1.3484089384576585,0.9548077502435234,0.5500190640673225,0.029073345557264724,0.46530246184962204,0.6176768737743235,0.2089346688048367,0.510386032548163,27.42423778975174,12.774253813762519,0.9071602813213828,0.25637563348731607,0.5315651363796658,0.729915782492367,0.80855225191003,0.7107764030487704,0.18268315808282065,0.3268788658527493,24.511876516533388,10.615087924126573
m21_h1_q5_d2_l1,1,5,21,mom12_1+rev1+size,2,1,0.587558228292583,0.4629736400589882,0.570299296533963,0.5547047367802374,0.036786490815467615,0.145550960279135,0.44845284709127176,0.5293195087369673,0.6528629589315542,24.317194577409094,11.192522606137544,0.3578928168404939,0.054355897090566194,0.5346279144287109,0.053638997489182154,0.5114315350910255,0.06291378528155282,0.33135084158176353,0.3964138856721715,21.782900131917998,9.700949753585824
m21_h1_q5_d2_l50,1,5,21,mom12_1+rev1+size,2,50,0.5867868117344232,0.4559852797895972,0.5546503786163092,0.5543572696638697,0.03698227892835972,0.12614363190168848,0.4357822498300668,0.4951160691862426,0.6475296635719946,24.496720798354715,11.248812346502989,0.33046122950936363,0.03026663709524919,0.5333853827582464,-0.005658059160100662,0.4823717149344877,0.010100324093697093,0.35286584796646614,0.4029116434047101,22.699537368473194,10.315420638647085
m21_h1_q5_d4_l1,1,5,21,mom12_1+rev1+size,4,1,0.6178661393530575,0.9119097591836289,0.7823251588394134,0.5542833304699556,0.0347382204907429,0.24198132840378733,0.45074464274406334,0.3338255269394603,0.6376443274987162,24.19532006062074,11.314401742993098,0.7180900312363547,0.06665277044948752,0.5368631150987414,0.2640065644352242,0.6914828437413292,0.46027080563884276,0.2510309131193369,0.3330222021877728,22.110245401543843,10.067538954906595
m21_h1_q5_d4_l50,1,5,21,mom12_1+rev1+size,4,50,0.6060321949146412,0.7638353187292316,0.698154724973315,0.5539935076678241,0.03247735743093746,0.19976487576258886,0.4510194835521201,0.3635777094754491,0.6138325752933904,24.191834566931835,11.495578541065079,0.5720981451124627,0.07878699571875197,0.5344657897949219,0.16279226318843062,0.6458921713230803,0.3556739936129042,0.30625829289695805,0.3589846711252225,21.89614181909433,9.727039075232659
m21_h1_q5_d8_l1,1,5,21,mom12_1+rev1+size,8,1,0.7968191452968267,3.126198997939064,2.019621573245274,0.5374088051878376,0.026358062458532342,0.14875184643635928,0.5024595154864722,0.3599839493443119,0.6477938348061715,28.344165147420668,13.772684334190425,2.750999722876945,0.1939694198486236,0.5281925201416016,0.2583018904987811,0.6589731898929864,0.33818451338621747,0.27835767795918986,0.3113220651169114,28.147615899614568,13.35025517131471
m21_h1_q5_d8_l50,1,5,21,mom12_1+rev1+size,8,50,0.6482825573579766,1.1808930664758295,0.9288804192638808,0.5512059529622395,0.031251752088284956,0.2432746280723785,0.4546023141473887,0.3288921316448702,0.5800023995401405,24.46777484182702,11.660967132688308,0.973569553965108,0.055716919171637506,0.5320220523410374,0.4100398670032017,0.7217347981128459,0.5234227179773595,0.2209514532923622,0.36198949148272463,22.699752915658358,9.863631911886356
m22_h1_q5_d2_l1,1,5,22,mom3+rev1+size,2,1,0.584863074031877,0.6763643344649728,0.6594023749041764,0.5490117956090856,0.0336599285173715,0.3680120544394847,0.5601080136380887,0.4381521632636658,0.6008306817589613,25.510230190687736,12.513905302256743,0.5049073271927934,0.27047769989529746,0.5358509487575955,0.029118174120407406,0.41062600070189753,-0.14406892133207316,0.3488678656523947,0.4091584439008086,24.63048749059665,11.624966845377477
m22_h1_q5_d2_l50,1,5,22,mom3+rev1+size,2,50,0.5837952413676697,0.6412765358390604,0.662833531712594,0.5487685968846451,0.03385744242021668,0.3721614337279647,0.551128904508719,0.43461339563108703,0.6158472247832302,25.72732784910255,12.695895958722076,0.4941001881335676,0.2579110197262263,0.5338840484619141,0.09169314981417967,0.4291857202725901,-0.1101630274857685,0.3312246682023182,0.4083506198037835,25.027101590662593,11.89860094119629
m22_h1_q5_d4_l1,1,5,22,mom3+rev1+size,4,1,0.6221592279128086,1.400623422914658,1.087213008518945,0.549823902271412,0.0337466323038215,0.4417654837100028,0.5696333172044535,0.30411537269570965,0.5936627739412597,25.84682026183098,13.038574992546659,1.3018588080652265,0.2717477504057588,0.5432171291775174,0.42708425715981835,0.5838680281122597,0.20349463451255362,0.19823666516979999,0.3303904946630488,23.57912992047242,10.97325540643709
m22_h1_q5_d4_l50,1,5,22,mom3+rev1+size,4,50,0.610454418041088,1.004977433873825,0.8602831358902565,0.5487042650764371,0.03370741226052016,0.2933868873642232,0.5157984719164426,0.2577415747862637,0.5601670795248284,25.529388102431426,12.817624824050846,0.8672119545738451,0.12155982078683567,0.5383720397949219,0.3018216763256631,0.5795308749871939,0.1855378430860981,0.2751907818283351,0.3856776021590016,23.332322909822867,10.816803826292045
m22_h1_q5_d8_l1,1,5,22,mom3+rev1+size,8,1,0.814260412145544,3.723435172641762,2.144219700492605,0.5318584677613812,0.026656903843789083,0.3948007224830242,0.49886887173818717,0.1986129834460254,0.5980457053897608,30.80769468054848,15.092992950784527,3.058281173620986,0.10684413283974242,0.546348147922092,0.8969913642875595,0.8386813278350376,0.7335767646485966,0.14203410367757252,0.23731056159979125,28.936662127020426,14.312433610963573
m22_h1_q5_d8_l50,1,5,22,mom3+rev1+size,8,50,0.6541695300443673,1.6071545424846587,1.1215815156254587,0.5441994372709298,0.03228745713648834,0.3868740110350687,0.580638471622045,0.24892860792778104,0.5125803308070541,26.880081821836516,12.793376457405943,1.2952807960700423,0.18123563660779385,0.539467281765408,0.5303900811661605,0.6770820049918842,0.4008631857770664,0.24860589287600432,0.36481007116943187,25.10809128799132,11.682824599590393
m23_h1_q5_d2_l1,1,5,23,mom12_1+mom3+rev1+size,2,1,0.5911806836540316,0.579086114524476,0.6746662265714163,0.5528829127182195,0.038967537033175154,0.23227540317862883,0.4647037157204306,0.3442363261209602,0.5966948347295851,20.971392497296197,10.119264744843365,0.5395323407376932,0.07620968896039378,0.5391127268473308,0.18693684015118978,0.5425011213091997,0.1619039602415763,0.2829887169429415,0.3721142469604378,20.589650053491795,9.965051898292508
m23_h1_q5_d2_l50,1,5,23,mom12_1+mom3+rev1+size,2,50,0.5904305540485146,0.5662548798896898,0.6767846223353656,0.5530782628942419,0.03865156016031473,0.279694249568397,0.5236435770615437,0.32762307105974064,0.5616047165878475,20.515212195708376,9.849052860517881,0.5464232148954659,0.17211625223952365,0.5376069810655382,0.0681681131841362,0.4925474539742947,0.03767683501534095,0.30596232124880574,0.3607438675590525,20.243632576331407,9.900147443059712
m23_h1_q5_d4_l1,1,5,23,mom12_1+mom3+rev1+size,4,1,0.625073845003858,0.9065658469359842,0.8215291289753677,0.5523414140866127,0.035592434011441326,0.2271393472691172,0.49776538329888836,0.40850138038948713,0.6231917716493218,21.81862993481626,10.789619185740891,0.7828239532584583,0.15774238999565074,0.5436857011583117,0.24751866992478935,0.7100819117765822,0.5193199513249224,0.22927767978323566,0.3029923626549519,20.131806664647343,9.754318773454976
m23_h1_q5_d4_l50,1,5,23,mom12_1+mom3+rev1+size,4,50,0.6138774730541087,0.7373775839606441,0.7156061387437068,0.5539572444962867,0.03773688035610681,0.3434019846930537,0.562019258325245,0.34015335728700713,0.5744665625616492,21.318314700789042,10.302333554952353,0.5904833454408659,0.28078352538996093,0.5412729051378038,0.09558374832918995,0.5901720415319053,0.2524698530855586,0.30767789530137013,0.33060645847000714,19.930169455881277,9.050941061016967
m23_h1_q5_d8_l1,1,5,23,mom12_1+mom3+rev1+size,8,1,0.8227350682388117,3.583496514113873,2.315454689802471,0.5321578037591628,0.02640818426430942,0.19676393334550799,0.4717254872502663,0.4653860011083889,0.6484954965317271,27.751554734602735,13.673090531349553,3.2084536012009375,0.09925795529845266,0.548495822482639,0.3636857745396103,0.6752696813712693,0.3980517490865376,0.24181573420591285,0.3042740656930196,26.391422063759972,13.171233285801659
m23_h1_q5_d8_l50,1,5,23,mom12_1+mom3+rev1+size,8,50,0.6741211502640335,1.1992880914793171,0.8716611593646956,0.546648567105517,0.03468485543487728,0.2361514701178346,0.49920865136921544,0.3820947916353059,0.5936929747435777,23.50271999476819,11.072770890721264,0.8566721917719758,0.152854995897729,0.5425446828206381,0.09556237163216945,0.6014031061330763,0.22873884017839033,0.2856836616349513,0.3517109651310486,22.239524300724995,9.817221681735852
m24_h1_q5_d2_l1,1,5,24,vol6+size,2,1,0.5980956466109664,0.11157316945769309,0.3814274960533658,0.5824015111099055,0.0422106544437381,0.058702790797463704,0.35289456322869106,0.6748231409271188,0.8072895454718156,6.960783874164577,3.8115246127090554,0.11037767010591483,0.06140408168935349,0.5701563093397352,0.32625574048661027,0.4958674460909933,0.16816534746091344,0.43324181145296614,0.43579364195309733,6.744781921856481,3.3572613778514464
m24_h1_q5_d2_l50,1,5,24,vol6+size,2,50,0.5978188220365548,0.11668260192922056,0.38550197458035473,0.5825594678337191,0.041951822263478454,0.06389798023724316,0.3581197695976205,0.6748231409271188,0.8072895454718156,7.016857156193833,3.848726893724274,0.11719568808444006,0.06841422999479958,0.5700467427571614,0.33743422505495324,0.5052150138125691,0.18762101002280693,0.43324181145296614,0.43579364195309733,6.747348917140057,3.359828373135022
m24_h1_q5_d4_l1,1,5,24,vol6+size,4,1,0.617176197193287,0.35670309996056665,0.4966798280987503,0.5789115811571662,0.03958793790290728,0.09363368276662334,0.3503527754563561,0.6730264582594099,0.8161505676625621,8.809411182687802,4.98101284124357,0.3033122750359388,0.05938015907639014,0.5672234429253472,0.4759016117583561,0.5689197519070639,0.2678896405850822,0.2978199036136093,0.34548528306126103,9.137619806476124,4.904337512095798
m24_h1_q5_d4_l50,1,5,24,vol6+size,4,50,0.6101547052830826,0.25723532691732987,0.4488895165952079,0.581101217387635,0.04012149628574202,0.1419844999157199,0.3850065253312836,0.6120765832721097,0.7864672030729205,8.475026863359476,4.623013713967566,0.22298667792251767,0.11162739241658644,0.5692229800754123,0.520170313016641,0.5919364911676912,0.3224331885030319,0.2818610433780392,0.3419842628763652,8.165547408667553,4.45313536898264
m24_h1_q5_d8_l1,1,5,24,vol6+size,8,1,0.7293206674081308,1.7763261159474992,1.2899638718522883,0.5405083173586999,0.026987387413747805,0.07593012340706885,0.46656230408891525,0.5885487742508149,0.7085550266009553,18.567742343603094,10.028191379666065,1.561218068377719,0.17484712625024842,0.5499553680419922,0.44136179198498965,0.7393879432795316,0.5923929763690406,0.24665047266996387,0.32399155684872016,18.736167190011113,9.676786035572345
m24_h1_q5_d8_l50,1,5,24,vol6+size,8,50,0.6348312754689911,0.45532682373597266,0.49560033189824954,0.5736087751977237,0.03337662195293557,0.021989610636502076,0.3193150526594507,0.6932190925723212,0.8208997105937935,11.440579886647848,6.0240316698208405,0.2834638026287685,0.0012884443558990465,0.5651785532633463,0.5682481138855549,0.6448914530357327,0.41711092995067595,0.2528772867357534,0.33105715754115084,11.853747337411631,5.837459475526568
m25_h1_q5_d2_l1,1,5,25,mom12_1+vol6+size,2,1,0.5982717820155767,0.17563411591591196,0.43411445642424595,0.5785270031587577,0.043711025990584164,0.07656436690062919,0.3928061525065337,0.6239542080025953,0.7958039761676496,9.650117075136693,4.677647481159894,0.20210773812771846,0.13101740423174896,0.5668529934353299,0.3674483969185821,0.5206746156614402,0.2176028282783733,0.28700791977689655,0.3631985076047961,9.610216914123976,4.76018313672968
m25_h1_q5_d2_l50,1,5,25,mom12_1+vol6+size,2,50,0.5979819592134451,0.14089415345665193,0.4123996225420088,0.5786376764744888,0.043825052947356315,0.05930501678857985,0.38745897907974153,0.6239611080521039,0.7957984705138659,9.425511293055195,4.570795938128209,0.1672142319773363,0.12242226659861016,0.5662322574191623,0.36441646714331527,0.5167624715220442,0.20662811665696398,0.2881685697034966,0.36264407271725796,9.55960615262812,4.672973870202595
m25_h1_q5_d4_l1,1,5,25,mom12_1+vol6+size,4,1,0.6212567929868344,0.3225698000776944,0.4909921915950946,0.5758766833646798,0.0406159678488466,-0.0122947745725159,0.3415245247878973,0.6275469298904055,0.7744033190603048,10.329898116411728,5.073837330314896,0.2937666327054972,0.03337431436465744,0.5635645124647353,0.3493508605331714,0.5529274406073179,0.2691097053702194,0.3172979454106476,0.36213582343901984,9.66826388263652,5.024185191530628
m25_h1_q5_d4_l50,1,5,25,mom12_1+vol6+size,4,50,0.6154273704246238,0.21005688965946342,0.4287067448118288,0.577813419294946,0.041191628884648654,0.07865121663831794,0.3787329311147772,0.5900051345888642,0.7638283220145897,10.275268728449563,5.0858415352190995,0.19267617772261908,0.0990722180740665,0.5646055009629991,0.34165845995686084,0.5124831935915315,0.19876685807734965,0.3122309574889667,0.3615813885514817,10.25777432772124,5.15973461567981
m25_h1_q5_d8_l1,1,5,25,mom12_1+vol6+size,8,1,0.7823168907636477,2.00890087175234,1.4898353855291928,0.5642730336130402,0.024702631251864754,0.1891150024733989,0.5017450731951432,0.5313676196185537,0.7227432318420465,19.474871244035768,9.789897270020033,1.8365166124053496,0.26224164191895294,0.5489682091606988,0.3573753886025504,0.4608369000830606,0.028080750232686413,0.2495073529642775,0.3395518435299525,17.756528366894784,8.903621778928738
m25_h1_q5_d8_l50,1,5,25,mom12_1+vol6+size,8,50,0.6543953036084587,0.6255736529423207,0.6250728489511028,0.5732653582537616,0.03451338870302036,0.09359002841409629,0.39926416840912876,0.5337003556892352,0.7324368423350645,12.804009342058881,5.888325132646185,0.4946175956134959,0.12568819675306464,0.5621585845947266,0.41252393893773154,0.5170781536606693,0.19980926017491116,0.3045389306042391,0.39118703099326146,12.257995050169445,5.416689128225653
m26_h1_q5_d2_l1,1,5,26,mom3+vol6+size,2,1,0.6023988135067033,0.17443813431788238,0.4114618155534919,0.5792417173032407,0.04299987897353111,0.09069893884654161,0.37151661524796614,0.7343990562331034,0.8081726431583711,12.631929370091271,6.096961110816942,0.16301097584912808,0.09360686591021317,0.5656428866916232,0.3337894592637477,0.5008518828995029,0.19137316406476038,0.419910878718307,0.47501496621409733,12.824635504262591,5.766995993734057
m26_h1_q5_d2_l50,1,5,26,mom3+vol6+size,2,50,0.6021801041968076,0.1811621859800731,0.41743680307204023,0.5790969471872589,0.04264938030883356,0.08347935673409572,0.37480588451142494,0.7311083663226168,0.8081726431583712,12.631367892309726,6.035050317732089,0.17206174483654,0.09810206242393603,0.565668953789605,0.3261867305919686,0.4943859132440403,0.18073283146199698,0.41976654528244906,0.4714483526716343,12.821374933091878,5.763735422563341
m26_h1_q5_d4_l1,1,5,26,mom3+vol6+size,4,1,0.6272204363787616,0.43528540096120216,0.5509949042043113,0.5772385773835359,0.03940937042876765,0.18070953262846623,0.45821372651115094,0.6274245407676267,0.7384800369808235,13.314093331208896,7.108389422249007,0.3905062827644323,0.21076492196513855,0.5672904120551215,0.3937851587702752,0.5873104507013731,0.30679282394869156,0.3368892203427968,0.3458984260874478,13.055443168545947,6.266129915749421
m26_h1_q5_d4_l50,1,5,26,mom3+vol6+size,4,50,0.6192559136284723,0.407422997580115,0.5172823961120637,0.5778016455379533,0.03926155871999258,0.11782344975407129,0.4046930340433287,0.6850376867215541,0.7935981217667583,12.94277396511739,6.7765116008581385,0.33417087524886224,0.14957472188606058,0.5663269890679253,0.28984638978766697,0.5205279966782383,0.19120883497469163,0.3529644718051461,0.38084687021893215,12.406484561088737,5.986304787827284
m26_h1_q5_d8_l1,1,5,26,mom3+vol6+size,8,1,0.795575648178289,2.436047822673169,1.6179070504021547,0.5554461067105516,0.029431856027383404,0.28037976786458146,0.5486429010555784,0.4277323267181349,0.658271818563305,21.797145080869765,10.96879706806657,2.0978073073526833,0.31361417923414886,0.5643609364827474,0.5158175172072946,0.6054772376364878,0.279606173128533,0.2992690348436162,0.3275820979503906,20.513076090146328,10.688350790158953
m26_h1_q5_d8_l50,1,5,26,mom3+vol6+size,8,50,0.6549551693009743,0.6547317035863771,0.6191398697802986,0.5736797944999036,0.03815624879179332,0.1234795478991089,0.39703911361413646,0.6956984032008124,0.7788407717847876,14.844044438459775,7.479504270679264,0.5000054097745615,0.12358979734148909,0.5639273325602213,0.27643268422415457,0.49084957210806046,0.0912906344412189,0.3886471233085368,0.3912495777735929,15.11003993538596,7.411583226574769
m27_h1_q5_d2_l1,1,5,27,mom12_1+mom3+vol6+size,2,1,0.6013091287495178,0.16752091729015908,0.4010104482012556,0.5777750839421779,0.04418101681527568,0.05621270456695682,0.3669342060802152,0.6588009948570963,0.8041474879290685,9.509136401619314,4.612586646272905,0.1491134146841296,0.09259936225164916,0.5652120378282335,0.25058751632650544,0.4431591076920288,0.08757128980531033,0.43275218244274016,0.45754975469359493,8.634012584130069,3.8697925153811807
m27_h1_q5_d2_l50,1,5,27,mom12_1+mom3+vol6+size,2,50,0.6010272179120852,0.16321301613325392,0.40649487361495157,0.5776841905381944,0.044039081989088465,0.0692272234417142,0.37647918301300776,0.662146111400587,0.8041474879290685,9.736389437019794,4.778666835747795,0.1579798775197155,0.10786754154412385,0.5650906032986112,0.23828858446938317,0.42556223333429893,0.050159176405517404,0.43275218244274016,0.45754975469359493,8.692177483437643,4.054058062116257
m27_h1_q5_d4_l1,1,5,27,mom12_1+mom3+vol6+size,4,1,0.629477983639564,0.44748940207914006,0.5817856378232837,0.5757999184690876,0.04014390197915033,0.08574054681930465,0.39267926095940103,0.6190716730110444,0.7751758404791267,10.962883378297457,5.814376241928296,0.43327715674384665,0.1259724188060374,0.5676403045654297,0.32242093492607965,0.49207619365410576,0.14139374643561087,0.31745528437341475,0.3447308929097882,10.029933287986704,5.490437972335796
m27_h1_q5_d4_l50,1,5,27,mom12_1+mom3+vol6+size,4,50,0.623112808039159,0.37757303153072025,0.48959668677657114,0.5755496554904513,0.04060299122993783,0.013612458910851047,0.355703820223583,0.6576812994411454,0.792360733681717,11.443017380383829,6.174171125660076,0.29328481908655873,0.06983161002997253,0.5666088528103299,0.30928813196912686,0.45663896051923925,0.07840054418067587,0.3902407557684895,0.39297258549286673,9.757043267680283,5.276025617184654
m27_h1_q5_d8_l1,1,5,27,mom12_1+mom3+vol6+size,8,1,0.8130508234471451,2.451724126379065,1.7381209218166849,0.5558869161723573,0.023013328410722834,0.07591162834600797,0.4256855641964459,0.5283263258654396,0.7057613605439097,19.66394850479237,9.729268493642287,2.2537326670194298,0.11895843961005832,0.5601785447862413,0.3868599229794534,0.4812276566201143,0.05464803656017559,0.2763081010773577,0.36895850421166676,18.15623399588889,9.094226814396356
m27_h1_q5_d8_l50,1,5,27,mom12_1+mom3+vol6+size,8,50,0.6771942892192322,0.7400415509486646,0.645695485149684,0.5690868048020351,0.0337012395138639,-0.005524108560052372,0.3644417905355495,0.6766820123300405,0.7767733652051999,14.308377278648729,6.934913716209963,0.5354798893884369,0.0778161179335361,0.562541749742296,0.257473846504877,0.46668544215582275,0.07948932319015216,0.35384464776166635,0.4022717793574,13.717466637484844,6.603429619650289
m28_h1_q5_d2_l1,1,5,28,rev1+vol6+size,2,1,0.6040819898063754,0.3684296999519901,0.48401804252641134,0.583123289508584,0.04615964255660767,0.12173948905386185,0.351980855626295,0.6471236021095181,0.773585864791495,18.135824961716775,7.670071059386802,0.26357090965214774,0.05350067608186466,0.5612640380859375,0.2538641468655452,0.44142858441114485,0.06565045828707831,0.3684878164147385,0.44225034001191343,18.871362830235768,7.942486298989505
m28_h1_q5_d2_l50,1,5,28,rev1+vol6+size,2,50,0.6037650402681327,0.3241671357343268,0.45452125312202546,0.583407837667583,0.04646162704458298,0.1697868435995465,0.382365170768253,0.6223714105195333,0.7679831479346937,18.17493334110293,7.732047414222623,0.2172139608441165,0.10445753281758727,0.5616332160101997,0.2674879144399589,0.44435523451990094,0.0755733235106531,0.35297978341837577,0.4422503400119133,18.826294636542794,7.866552370394736
m28_h1_q5_d4_l1,1,5,28,rev1+vol6+size,4,1,0.62850151532962,0.4272361355395348,0.5399913789664386,0.5803394082151813,0.04450010563265534,0.17898912403047876,0.3635525791309348,0.6038681813586566,0.771480076950637,18.303961985094904,8.715393197558036,0.35619749514021,0.05882883593343404,0.5636045667860243,0.3821789642087451,0.4914095481217367,0.13647406182518643,0.2909147643980404,0.39955532983133324,17.04842786395475,7.776201178762712
m28_h1_q5_d4_l50,1,5,28,rev1+vol6+size,4,50,0.6209125283323689,0.3692185649161992,0.4743028554168756,0.5838407351646894,0.044212354511453326,0.17887026267412157,0.37914119820040026,0.6086379773410333,0.7775173062281452,17.995673869831112,8.26275286802243,0.24795620802979745,0.09143705247004369,0.56277953253852,0.33769284544188927,0.41036093042818844,-0.011408142696088575,0.3268785498176169,0.4230094212761841,16.68375944226539,7.35554419933412
m28_h1_q5_d8_l1,1,5,28,rev1+vol6+size,8,1,0.8006240467966339,2.3517840975881596,1.6194354939623181,0.5650224096981096,0.032740018422900356,0.01267544332161019,0.313026674691718,0.45555964696804585,0.7149487872618114,25.422984350795236,12.608971357127821,2.075371733419466,-0.12020131768051599,0.5470913781060113,0.24072319716510107,0.5502941515444507,0.17085774879542376,0.21201172899374288,0.3306252868689876,23.09187226057395,10.97430310573818
m28_h1_q5_d8_l50,1,5,28,rev1+vol6+size,8,50,0.6595844221703799,0.657353598333882,0.5797461465012563,0.5820082676263504,0.03960305031382729,0.2374463859658442,0.39203756500446,0.5567693955606119,0.7545335084376832,19.867594486387606,8.862832461120554,0.42097328064682366,0.10542161537767025,0.5581768883599175,0.17706101704532645,0.44119447585697275,0.024199383563686925,0.36359681692814294,0.37591481101303403,18.15315643146286,7.825687383674746
m29_h1_q5_d2_l1,1,5,29,mom12_1+rev1+vol6+size,2,1,0.6040044713903356,0.246402503640241,0.43734780452248345,0.5800331021532601,0.04451077527732224,0.13486044260228455,0.382952325114373,0.6420913285511094,0.7916564008837388,14.126903015756803,5.6905639794762655,0.20573655033868185,0.11480395187605806,0.5633453792995877,0.261422082521878,0.40316115434028343,-0.005832634487549586,0.31695708033960257,0.4423329821278956,13.167509982824708,4.84795045734284
m29_h1_q5_d2_l50,1,5,29,mom12_1+rev1+vol6+size,2,50,0.6034956567081404,0.25413572986906996,0.4432489972432675,0.5804827654803241,0.0444565907011264,0.12215651502606592,0.3791783254913896,0.6425150130163683,0.7881176812568573,13.898439187674464,5.642322662843355,0.21494310309161604,0.10902586867972552,0.5634820726182725,0.2671387457377402,0.39449851796330593,-0.025663712300173207,0.321948626125671,0.4481611707782831,13.226858145631688,4.849697099018632
m29_h1_q5_d4_l1,1,5,29,mom12_1+rev1+vol6+size,4,1,0.6323454115125868,0.49946067956713547,0.5736389451823602,0.579776245870708,0.043002556643956934,0.14971075923076912,0.37717408500216304,0.5698008005117254,0.7643692263405939,15.87385342313184,7.077102322743237,0.42193582908210536,0.08262019032315164,0.5604341295030382,0.21386372330648168,0.4038510609913403,-0.019482292917480704,0.3609845795035346,0.4255881339621267,14.362609816644984,6.116185063677335
m29_h1_q5_d4_l50,1,5,29,mom12_1+rev1+vol6+size,4,50,0.6249060925142265,0.418890680037815,0.5194337112830647,0.5800791610906153,0.04219670133323754,0.07692517491010205,0.32472465418487556,0.6211243863436882,0.7835152085433982,15.804419659901273,7.350199601770637,0.33278887496146664,0.004300194170030655,0.5610417260064019,0.20653089980694717,0.38907616884395874,-0.03147351828386862,0.38535709954220376,0.4548421554137032,14.327280354261703,6.018288641383922
m29_h1_q5_d8_l1,1,5,29,mom12_1+rev1+vol6+size,8,1,0.8272698484821084,2.444746559568422,1.7773854164554748,0.5602681666244695,0.030003341306780958,0.13463703225239898,0.3724034423563515,0.4725560731035491,0.7174451329167449,23.44885007646683,11.284648601184472,2.364147926321561,0.019820408946140403,0.541097429063585,0.18989303829654547,0.4538824336697475,-0.00025412874087482124,0.28505558761507277,0.3515196512452692,21.419779690016526,9.548284939650062
m29_h1_q5_d8_l50,1,5,29,mom12_1+rev1+vol6+size,8,50,0.6823805820794753,0.8429697674629533,0.6528014345529185,0.575908425413532,0.034511772294944114,0.1343032750519398,0.3303414241521815,0.5887730099402608,0.7940799214136897,18.5203885800687,8.434063465769702,0.5427240611028434,0.0177932502458092,0.5505892435709636,0.18564105232749428,0.4160671260484424,0.002275974729130481,0.35363618464538304,0.4222163738634799,17.10340205185053,7.094145695449871
m30_h1_q5_d2_l1,1,5,30,mom3+rev1+vol6+size,2,1,0.6053069314838928,0.2879540994807197,0.44031490523679817,0.5803927197868441,0.04419333918726667,0.19519436039555146,0.39528012523541617,0.644646377450953,0.782323575480078,16.146234200293893,6.60634527702588,0.208529516143435,0.13404519219139502,0.564666748046875,0.29168548925412696,0.45991614808291914,0.11364405826465555,0.3438052255165178,0.446819856451804,14.927802671315042,5.742441142646278
m30_h1_q5_d2_l50,1,5,30,mom3+rev1+vol6+size,2,50,0.6049297003098476,0.2827884969472287,0.439965307870895,0.5812552181290991,0.0438062682528517,0.1838561735643906,0.3961200811483291,0.6626996916239577,0.790389140555525,15.984072837487496,6.609683138751404,0.20792278250029247,0.13469858165318754,0.5646480984157987,0.2667912624084533,0.4414071677217756,0.06960684145268344,0.3147922278336842,0.42177146702772783,14.803995157860815,5.587969920520152
m30_h1_q5_d4_l1,1,5,30,mom3+rev1+vol6+size,4,1,0.6335987043969424,0.5231300359274833,0.5680843940331258,0.5786845831223476,0.04275384325538742,0.17380668920312548,0.4398929404629179,0.5372912323745809,0.7068289081806125,17.23792364912644,8.506569846123107,0.4146473665872355,0.16507857581302549,0.5638251834445529,0.32581287156199373,0.48556987753771147,0.1316048485575743,0.3048500055546166,0.39970821535416867,15.603156489605636,7.173073660638439
m30_h1_q5_d4_l50,1,5,30,mom3+rev1+vol6+size,4,50,0.6253531185197242,0.43048135699676887,0.5154885669330074,0.5815597345799576,0.041924549251732626,0.1312274757694058,0.38262559365336,0.6015864400892834,0.7646108714263908,16.939125635915783,8.224951517982584,0.3279236969627695,0.08400407339860166,0.5633722941080729,0.29114472964131227,0.4349895503524651,0.04414141318758478,0.3250712355678932,0.42026326482594334,15.579873809348513,7.335407210794811
m30_h1_q5_d8_l1,1,5,30,mom3+rev1+vol6+size,8,1,0.8298852237654321,2.620195678760395,1.8611232469921708,0.555859977816358,0.028653278143351,0.12817486840130196,0.45520607861468093,0.49231645245642564,0.6979516980963665,25.007750329027065,12.02150540903889,2.4518707616273643,0.1394159914341299,0.5578072865804036,0.4836769468006451,0.6405698444289742,0.39005056086543316,0.24311604999128444,0.3296876301698539,23.99853719494663,11.655717478971946
m30_h1_q5_d8_l50,1,5,30,mom3+rev1+vol6+size,8,50,0.6795424473138503,0.8714968588277734,0.6765057027916281,0.5759704966603973,0.03676004861651995,0.10076052479272855,0.33838189700532684,0.5976869352968397,0.7897890003367423,20.356855112450422,9.336809262172359,0.5736671953667016,-0.005352472793350714,0.5583201514350042,0.42788429204976675,0.522377101763064,0.17370630510619187,0.2901215715457234,0.3584311535394411,19.073142031825714,8.270719436343855
m31_h1_q5_d2_l1,1,5,31,mom12_1+mom3+rev1+vol6+size,2,1,0.6060640311535495,0.31368683835066735,0.48378926780827286,0.5785719318154418,0.04656516067219697,0.19587009446887693,0.4265806008351258,0.5982242108519608,0.7720195366278767,12.857794295349933,5.673980430968123,0.27466433061806933,0.18079558846702382,0.5638987223307292,0.22074955784672795,0.4465382347295445,0.07503275671648804,0.3574013711790359,0.4413804588699437,13.186113627508766,5.507437211096713
m31_h1_q5_d2_l50,1,5,31,mom12_1+mom3+rev1+vol6+size,2,50,0.6054219375421972,0.32402216900015635,0.49866653006834255,0.5792014981493537,0.04603072384704157,0.1826900592135381,0.4081532067488477,0.6111683129070845,0.7758006736675536,12.919664770336874,5.633810245586091,0.2954872239244653,0.15540200970467805,0.5633725060356988,0.23129681070676444,0.44172545811147146,0.06981505878065826,0.34491732219814764,0.426299000511441,12.872633420534122,5.378610322147679
m31_h1_q5_d4_l1,1,5,31,mom12_1+mom3+rev1+vol6+size,4,1,0.6366983107578608,0.5352978958679456,0.6078714949732977,0.5764001916956019,0.04375919813572726,0.10613969065215367,0.4002440259527697,0.5809380137768112,0.7413688689320019,15.105417950153809,7.056067364879051,0.4817776865579876,0.11091231012150819,0.563505596584744,0.2539911620771548,0.4515320563449896,0.054375749940821484,0.3363316177691684,0.3729141383878275,14.416083562026795,6.102081604799311
m31_h1_q5_d4_l50,1,5,31,mom12_1+mom3+rev1+vol6+size,4,50,0.6258282131618924,0.394033532105512,0.48729719593386484,0.577122629424672,0.04389387795015811,0.1136560916853067,0.37984716855921674,0.6394789466373608,0.7892471691552376,15.46348127552721,6.9405089550184345,0.284263975605091,0.10707240699261551,0.5627839830186632,0.2080857256099975,0.4120283207563844,0.012373527958778644,0.3680136415034623,0.4404165629509642,14.585711333612094,6.332681100311357
m31_h1_q5_d8_l1,1,5,31,mom12_1+mom3+rev1+vol6+size,8,1,0.8353179178120177,2.734799927760587,1.9200460047752115,0.5606444558979553,0.029696362152588418,0.19222546994416145,0.46318605347550634,0.4605402775169448,0.6948767632346073,22.35949357167769,10.87815467145071,2.545751765115301,0.1763034728432679,0.5565511915418837,0.24337178539155732,0.5443901640665352,0.1721001691773401,0.27131564004634323,0.3246928300191758,20.95371066140995,9.77371124558626
m31_h1_q5_d8_l50,1,5,31,mom12_1+mom3+rev1+vol6+size,8,50,0.6845801082658178,0.9321918214955668,0.7065729873383148,0.5724042727623457,0.037851704959194425,0.12257853312602707,0.3398252329245386,0.5992781805228611,0.780308516596565,18.13237062773419,7.99123888134183,0.6354096572169423,0.028799480865319197,0.5573912726508247,0.12270469502629745,0.4049474243705873,-0.023994845751038472,0.34006839879016815,0.41421006071047906,16.906514284982453,6.895093219821015
m01_h3_q3_d2_l1,3,3,1,mom12_1,2,1,0.537699129248425,0.09736850630904988,0.5564143735379945,0.4860491547656793,0.03216669812204072,-0.3894026857075982,0.38505604902224316,0.6084450396878897,0.6329932455570342,8.819654510092539,4.224085281801778,0.219464885266326,-0.24235351479900785,0.5115172455597987,0.15984013217506884,0.6175246563645924,0.1890455583366983,0.3496127694398986,0.32635732483241087,9.136944778556352,4.398476941343151
m01_h3_q3_d2_l50,3,3,1,mom12_1,2,50,0.5327635327635327,-0.1229885930214726,0.43252018696415934,0.48207716666355827,0.024045582385296162,-0.5677278145599144,0.3590813080662443,0.6641146151205115,0.6355992020933855,8.890968359279379,4.210038230064765,-0.10521391742615026,-0.3040998867814405,0.5076680608595502,-0.17579489630634226,0.5090946823792136,-0.1748843292147966,0.388774925531854,0.3714415358048957,8.595716345821899,4.034384448630993
m01_h3_q3_d4_l1,3,3,1,mom12_1,4,1,0.5464267083985394,0.17497089545199868,0.568460104083406,0.4876692036977695,0.025687770283330122,-0.3655131697928418,0.42353785204393657,0.575806271176877,0.6123664696600446,9.719776297074054,4.793858185225582,0.2132661659118138,-0.20664583273336973,0.5070921985815603,0.249870433348619,0.5992336150698625,0.10661619199425706,0.2857140515535599,0.3515361396324642,9.869196312979149,4.626930326730381
m01_h3_q3_d4_l50,3,3,1,mom12_1,4,50,0.5403073712932868,0.04299206427863249,0.5340335589183087,0.48570072979912293,0.021298613768701687,-0.43969452987270125,0.3759691055852903,0.6083545954409963,0.6303016647849566,9.598779814776877,4.552606770969237,0.11735898827425158,-0.28311121123244465,0.5028490028490028,0.018113182756996776,0.5174485530344977,-0.12542203483261213,0.3033145466001842,0.37272305262216965,9.909992467472055,4.704579747277396
m01_h3_q3_d8_l1,3,3,1,mom12_1,8,1,0.5493760282492676,0.29764975305271363,0.6331491633146902,0.4858098068770555,0.020181263230296835,-0.3632220990344616,0.4389813855478984,0.5716059603147265,0.6021944899771765,9.890630451589274,4.8802590676024735,0.3757615605607961,-0.17633348872936677,0.5016063526701825,0.11170739410774808,0.5441319851800749,-0.1477167570981476,0.314422460977536,0.35265824803463175,10.410472478442003,5.173129808011568
m01_h3_q3_d8_l50,3,3,1,mom12_1,8,50,0.5426949159343525,0.10708101942394746,0.52259533961145,0.4883242313315711,0.018468435835157445,-0.374795373822232,0.3821540670058976,0.566454285529232,0.6314284336365803,9.873327418597304,4.731640651910719,0.1273220392998258,-0.2821214451027395,0.502636843062375,0.06721545605951358,0.5382128098134841,-0.04029267746292532,0.30660273039654073,0.3527577449424689,9.851690771470363,4.647684968690453
m02_h3_q3_d2_l1,3,3,2,mom3,2,1,0.5415513021146824,0.38604768780525783,0.5510196126136914,0.5016206140982971,0.03355828557343483,0.15969752428230358,0.5167481744569422,0.28027070780325336,0.5645567563835341,10.863112371968464,5.514693143846796,0.14330975472810603,-0.09699454672684624,0.48436079287143113,-0.10750179123193891,0.5797835767023035,-0.08350495341950429,0.24247030331638197,0.3003322416483276,10.789709916688377,5.6151960594806525
m02_h3_q3_d2_l50,3,3,2,mom3,2,50,0.5377693511496329,0.13089725336018096,0.6135185913087865,0.4974277873008284,0.03342523311777668,0.19879309474998702,0.5891962578342471,0.20315235210835902,0.5191274884616823,10.818799996305026,5.433381506126423,0.2262646723336877,0.037890053585181147,0.4779202279202279,-0.35097556259106183,0.5808880886244876,-0.10998780922129162,0.4016867577693439,0.2828702174192721,10.603727043882433,5.518700579799736
m02_h3_q3_d4_l1,3,3,2,mom3,4,1,0.549235584446852,0.6147735200007288,0.6308244918853404,0.5074751708356152,0.037535427192495203,0.2131086804947486,0.5414144713017113,0.2956122690427557,0.600009510410251,11.062592669159306,5.533487536196049,0.2866966467342554,-0.028451093929440754,0.48463356973995275,-0.09040482155740148,0.579479404163042,-0.30982501672772733,0.1442621877741176,0.26304082872149914,10.566428262983148,5.370510065363462
m02_h3_q3_d4_l50,3,3,2,mom3,4,50,0.5433971349464307,0.23470159843073973,0.6705634896284551,0.5038401630843606,0.03451478090287328,0.133996561671615,0.5599304305423488,0.23735903754458498,0.5642541513883981,10.969664866001716,5.540280629839313,0.3048227723385439,-0.042072038571032616,0.4791174152876281,-0.2588655249551687,0.6007491032302819,-0.14150529365574674,0.29522484211546407,0.28352860926839973,10.453884074251288,5.28311214700863
m02_h3_q3_d8_l1,3,3,2,mom3,8,1,0.5539103567272581,0.5606921295653834,0.6089821159334248,0.5066884594756049,0.031421426896191214,0.054507616383222386,0.5138920786344567,0.32361343137922194,0.5873970839275384,11.165878412932434,5.559071430741539,0.2388418423234558,-0.16180708451105416,0.48730072134327457,0.09871931522127042,0.6539716561715817,-0.05422878069705443,0.14333233836921755,0.25525065196228114,10.906791773977845,5.397846217037804
m02_h3_q3_d8_l50,3,3,2,mom3,8,50,0.5461859475943983,0.2396221028026205,0.7026139393779837,0.5061954932516328,0.0312808863674945,0.02128296716072742,0.6250396639858642,0.2576855074622817,0.5191865138442626,10.97705846799108,5.4055702999288995,0.37141086462203005,0.07083232619837995,0.48305752561071713,-0.1624570150673173,0.6104649568714163,-0.1332948360279505,0.2835056594486324,0.27481616970222655,10.401767675960352,5.333650233876555
m03_h3_q3_d2_l1,3,3,3,mom12_1+mom3,2,1,0.5601855384140645,0.4637261230810221,0.5864785267595961,0.491750763398254,0.03539151394160524,-0.05429309978700321,0.46336145604136875,0.3769496277444969,0.597923274637077,9.08249255843276,4.332998214377506,0.3447523014545419,-0.07027701034033451,0.49692610132854587,-0.11887641367734035,0.5341802901088607,-0.08810756871490374,0.3481065444638469,0.34110262694357085,9.41598316803405,4.512055743135866
m03_h3_q3_d2_l50,3,3,3,mom12_1+mom3,2,50,0.5528753254650894,0.26925970097998353,0.5477002178313651,0.4905791032055662,0.0317484380076582,-0.19631730108219855,0.3927242618690061,0.4980209934719545,0.6191282087974309,9.014458654694671,4.180844569329795,0.23923825393820763,-0.23174412270351813,0.49559720078054165,-0.4099832924832595,0.44784266935033684,-0.31039369818422646,0.500731606725529,0.3216362838810096,9.359026406747473,4.643652147780555
m03_h3_q3_d4_l1,3,3,3,mom12_1+mom3,4,1,0.5976524549972277,0.7663872071420338,0.6927990010044641,0.5048710262457535,0.03023540701450502,0.18479840584672405,0.575928454968253,0.28680069401866715,0.5521402709648651,10.041326420765461,4.890080450359322,0.5782931798137576,0.20822987183393243,0.5008679850237117,-0.08758569299591858,0.559225899579731,-0.1089532616885163,0.2955142806846929,0.2855266670570662,10.006674504406957,4.796034766741538
m03_h3_q3_d4_l50,3,3,3,mom12_1+mom3,4,50,0.5739701541377796,0.3848061200929125,0.6306619592111097,0.5034499158184935,0.027635964967135475,-0.12805391243331485,0.4186113963388141,0.48943692502838065,0.6181389258786318,9.686223277450358,4.546097203095251,0.43496326735727237,-0.15311316179957637,0.4981468261798728,-0.3037904369482067,0.4912007745918092,-0.22807487234301177,0.3817728380394586,0.3164190017948074,9.752541273147386,4.459732296188472
m03_h3_q3_d8_l1,3,3,3,mom12_1+mom3,8,1,0.6975721448792269,1.8356850995461094,1.0339993598054233,0.5053282457071387,0.029095041267653846,-0.17114047237347563,0.47184689975319527,0.4564428753616212,0.5750085187584414,10.571162948508007,5.236166728616065,1.4750798200410866,-0.10590707246440371,0.5047977775456273,-0.0737887140819886,0.5540212094736858,-0.26508251553827805,0.26590843411306,0.2819441349702002,10.535254844117066,5.357617500259387
m03_h3_q3_d8_l50,3,3,3,mom12_1+mom3,8,50,0.584571541846884,0.4487306141080432,0.6588654108294613,0.5081508270359689,0.027061180533254157,-0.1141659029271816,0.4285087797275844,0.43671791579318964,0.6369684021115485,10.164141736852251,4.941191600876748,0.509068340855618,-0.13023309160596439,0.49790339055843813,-0.4579074448543634,0.4480676174536222,-0.40010744354119254,0.4316277427459334,0.31831602497311784,10.084768574434465,4.818397335781666
m04_h3_q3_d2_l1,3,3,4,rev1,2,1,0.5280887604831267,0.24319275757083808,0.5837268907065578,0.4874617876998357,0.008214420207367248,-0.08873049658822758,0.5282538410376788,0.3384416211320257,0.6068891636669784,10.682867081839825,5.4051295417620935,0.21015087153118905,-0.05329566813229592,0.5123052676244166,0.08789287027723106,0.6329164748729608,0.06576242633508378,0.2872897848168774,0.3241733573641311,10.601071399730632,5.289267363321176
m04_h3_q3_d2_l50,3,3,4,rev1,2,50,0.5282893944865776,0.23147215872072602,0.5837268907065578,0.4879749586157045,0.007862660537819028,-0.08726113542055139,0.5546025708838438,0.3448143101602612,0.5942772893981609,10.860903008860006,5.455695801273443,0.21015087153118905,0.03206644196075933,0.5127598957386191,0.12216809085861244,0.6329164748729608,0.06576242633508378,0.3037480481174998,0.3241733573641311,10.643033990508094,5.289267363321176
m04_h3_q3_d4_l1,3,3,4,rev1,4,1,0.543457325147466,0.44773749401126406,0.6580557360948568,0.4969209745047872,0.015683302067148495,0.23180714638506225,0.7315938717149041,0.2625792886549224,0.5100947988338898,11.234272863064765,5.720652257100866,0.35239298090744137,0.4521210688921891,0.5097593501848822,0.027513710753781142,0.7190879312937174,0.27947737067141826,0.1984831305328082,0.27404198911511,10.639324650220301,5.280045812728933
m04_h3_q3_d4_l50,3,3,4,rev1,4,50,0.5376590024477349,0.47322347698409084,0.6722952024766532,0.4942395434361314,0.014878291531587252,0.04679746343839979,0.676887624167993,0.1872973639141573,0.5336318221974719,11.07724402467315,5.610146287489175,0.31919646132631835,0.35264486283724955,0.5115172455597987,0.12146279622890187,0.7142005687799727,0.22375608512185902,0.19253542692818404,0.2862233585217029,10.829633006707496,5.37692575850751
m04_h3_q3_d8_l1,3,3,4,rev1,8,1,0.5475703222182096,0.5408634174598891,0.727961813974818,0.5056434671590394,0.020617254397490275,0.07677968463043841,0.5860908083591073,0.2821920058552061,0.5619284402162379,11.025728976946281,5.57629215208905,0.44225798975643454,0.03097931510901481,0.5094865733163606,0.10861824056779502,0.681657667464349,0.14914825777927662,0.23308362681878025,0.2182631218660015,10.720780536081104,5.278181874225988
m04_h3_q3_d8_l50,3,3,4,rev1,8,50,0.5396452790818989,0.3646354968222861,0.6722952024766532,0.49862240737067165,0.015435181789393503,-0.06942392040842746,0.6439163571176857,0.2254121151456422,0.5327041721453358,11.158021956719276,5.641505628328549,0.31919646132631835,0.21525868816067734,0.5104867551676062,0.08782835864309042,0.7142005687799727,0.22375608512185902,0.21243047109126467,0.2862233585217029,10.797294733819545,5.37692575850751
m05_h3_q3_d2_l1,3,3,5,mom12_1+rev1,2,1,0.5507741787993722,0.23332286550145728,0.486539881616385,0.49276735611292244,0.02430257734104194,-0.15971724265231094,0.45281717962402795,0.34908768294911274,0.6305761873038047,9.314008543401854,4.4985524838158115,0.05661017556808936,-0.06600644920392622,0.5161568705593151,-0.058791375183525556,0.5160841562476447,-0.09509537995355967,0.3537959371080994,0.3591909312807575,9.485889695135956,4.61482955030916
m05_h3_q3_d2_l50,3,3,5,mom12_1+rev1,2,50,0.5478891466046792,0.18742050199115454,0.5241921626653286,0.49408214464750866,0.02386239955353242,-0.0657266665388379,0.485583174141494,0.36462739395922916,0.6125351327613824,9.310283805725659,4.421875280843947,0.13364215578805105,0.012212232434326497,0.5143469025316015,-0.259274804040713,0.4807153718602383,-0.19124515574194473,0.4244388966912006,0.365731446296205,9.461866662419496,4.560828559345196
m05_h3_q3_d4_l1,3,3,5,mom12_1+rev1,4,1,0.5908133787274831,0.5325892780745657,0.6105781943909552,0.4960483578813275,0.02337351208469815,-0.019482939840283556,0.5670745484570703,0.26509780821325046,0.5412267367112242,9.971347548740065,4.877637114033165,0.3376542607172711,0.1606150342218242,0.5119829975533914,0.04457201903453039,0.5748419679233568,-0.12582508001779202,0.2558540177115486,0.31477735589229283,9.891106387594593,4.805181913397622
m05_h3_q3_d4_l50,3,3,5,mom12_1+rev1,4,50,0.5675680926375233,0.2610248667868418,0.4991528994866057,0.49755424323962316,0.024065563110302755,-0.24642500470097384,0.4148790836325246,0.4806365587004118,0.6552811252586133,9.634638779464241,4.7291487512684265,0.07075153724726076,-0.1674002443782206,0.510325055877342,0.03395062289594378,0.5610436409149062,0.0099828643996223,0.253072340347792,0.3380154126258099,9.7033066610477,4.619074768627676
m05_h3_q3_d8_l1,3,3,5,mom12_1+rev1,8,1,0.7038399794053434,1.9052038553197583,1.0779353756935262,0.4940846878954397,0.0158080651899303,-0.08362739402468901,0.5728472963971489,0.19757309613023433,0.5577316569591851,10.770700478316277,5.403728937963462,1.5414562596039283,0.08893036951682144,0.5097372636417453,0.30653255644041943,0.7106221410029999,0.15282376606292553,0.24560860643342264,0.1992958110731421,10.997683724536532,5.560469274144039
m05_h3_q3_d8_l50,3,3,5,mom12_1+rev1,8,50,0.5806468864145913,0.41843214046092586,0.6050538993309538,0.4982386595161838,0.020449633995121924,-0.24975892127940558,0.4491485446732296,0.4662664276553844,0.6210306990472861,9.936418683343298,4.879809905477719,0.33209745224982584,-0.09502748496044348,0.510985395152439,-0.0773510294427206,0.559643968655874,-0.043917542991747355,0.2618366665467403,0.31424281921670627,9.970885952936989,4.800679100731864
m06_h3_q3_d2_l1,3,3,6,mom3+rev1,2,1,0.5528628211627616,0.6415602503060499,0.7837086254923339,0.4907687871137584,0.011069937254468174,0.35903139063850165,0.6974878792396683,0.33471822995934075,0.523275763253054,10.743332413414075,5.414698600799973,0.7578270164219769,0.37974752872613676,0.4948393260412274,-0.1521213334830703,0.6157827691902533,-0.07283212060981392,0.24857917308626265,0.270970452884996,10.9264328742814,5.445584235383077
m06_h3_q3_d2_l50,3,3,6,mom3+rev1,2,50,0.5498932966201365,0.5671745303098538,0.7444104099810591,0.490832933478242,0.012839781594541994,0.26818787025530083,0.6957074312394732,0.31760587354652026,0.49329886834325554,10.678365828806918,5.45187043706128,0.6508475312907156,0.34791196899468485,0.4909026012466483,-0.06330156136673955,0.6192736292690075,0.06705682827508921,0.23080102688165238,0.2933205961404912,10.693298767839257,5.390862397698305
m06_h3_q3_d4_l1,3,3,6,mom3+rev1,4,1,0.5883334294115886,1.1115261665033724,0.9660951888732257,0.4905072564515136,0.011967166388139367,0.2730196441284375,0.661513762482281,0.29882707728611657,0.5340812930808194,10.922483974200363,5.48089458498507,1.2553893794545425,0.3275115680678706,0.4972812593908112,-0.07535559805187154,0.6187276919465794,-0.04231730453784664,0.1981343313419015,0.25080970770932887,11.155331512188848,5.429098747485461
m06_h3_q3_d4_l50,3,3,6,mom3+rev1,4,50,0.564539366934725,0.8052342591939795,0.8791927537133246,0.49130159755531705,0.012377839541716775,0.3801994657041681,0.693631578490446,0.2829388709546521,0.46222099801269156,10.855611744245758,5.388999445539393,0.9529520462424793,0.3815823661011543,0.49458154222753586,-0.14564690607241385,0.569419992618825,-0.10035962631093022,0.21126293310495647,0.297708987511237,10.895129233591074,5.334936752158777
m06_h3_q3_d8_l1,3,3,6,mom3+rev1,8,1,0.6960891487523109,2.717836672087212,1.2845252145320594,0.4868370671038793,0.013419894148762244,-0.026191751455595894,0.5075220422879269,0.22457993575101498,0.5390471669953179,11.123346488512388,5.628086047187748,2.3531156201171615,-0.21732735918440746,0.5037169878727145,0.16683225692037557,0.6716447637212697,0.13698004724329907,0.19346388527644431,0.2919304704561142,10.887334970694043,5.5476192588687
m06_h3_q3_d8_l50,3,3,6,mom3+rev1,8,50,0.5766271417679869,1.0889619172450922,0.9573724213369255,0.49567471237278815,0.010611247046389011,0.29409811638074246,0.6819194623233618,0.2812339262272736,0.48922661600812445,11.094909202827957,5.529283863809472,1.113642001150561,0.3419230064654666,0.4991681272803953,-0.19982220828288497,0.5340475204044712,-0.31084261575160893,0.19232941584538055,0.28707499546665394,10.761376623469769,5.482688249961791
m07_h3_q3_d2_l1,3,3,7,mom12_1+mom3+rev1,2,1,0.5578965446303277,0.32644553942124416,0.5583456587950743,0.48905167088563245,0.027762531007683316,-0.05339698061718039,0.4728718690329691,0.3602493792467423,0.5708453303508605,9.176152172692255,4.38269058506224,0.29171544341825545,-0.046557184582753354,0.5025826746062146,-0.11339065877697566,0.549452772129218,-0.0020575246175634563,0.3555030589462995,0.3202163208112404,8.691871017911186,4.209452050285532
m07_h3_q3_d2_l50,3,3,7,mom12_1+mom3+rev1,2,50,0.5521550211343903,0.35666534352584217,0.5936214730610377,0.4865161233441337,0.029671137013100583,-0.045055670452133816,0.452867217202232,0.38808626412730163,0.6072622403277415,8.927015704599162,4.0390231274012445,0.3618737539244265,-0.07729821352931009,0.5001407412566308,-0.1728351801591349,0.5170619757494694,-0.04796887536741327,0.3482280960195845,0.3461657911049011,8.646688685411412,4.082939845922475
m07_h3_q3_d4_l1,3,3,7,mom12_1+mom3+rev1,4,1,0.6133637223202786,1.1921064524473592,0.8438828452833583,0.495669131356495,0.02489024445245078,0.13867721888622986,0.5623222143315945,0.2668485313469715,0.5046863798610989,9.876087534457822,4.742685203336154,0.9586358884116655,0.1867484821793845,0.5058943663515869,-0.08616919756513487,0.5273473401610539,-0.32348474646263253,0.2800778961988938,0.27502105274602817,9.936567292976974,4.849755734092303
m07_h3_q3_d4_l50,3,3,7,mom12_1+mom3+rev1,4,50,0.5838779416194612,0.6274167969502962,0.628960227460697,0.500755909801734,0.023185150061207412,0.08234297731455331,0.4723825819612191,0.3424612112190477,0.626160051970015,9.60610633990997,4.546086359888416,0.43726166814736595,0.005139940222773842,0.5048501726297109,-0.36042458877446903,0.4635125596966534,-0.305014795404985,0.4528619562983821,0.3331281588492442,9.489345906074881,4.537307318251513
m07_h3_q3_d8_l1,3,3,7,mom12_1+mom3+rev1,8,1,0.7666725443952185,2.8149069748246895,1.4283911177009188,0.5013781577955353,0.02100694950405136,0.12756575326645658,0.518071600823373,0.22745522804879625,0.4952217233722933,10.970810951208561,5.349650285995094,2.659787321541091,-0.03629636032786208,0.5087249906172496,0.03229156615174234,0.6608956004594284,0.112696417755018,0.20786168943576333,0.23782130042619898,10.577388455747275,5.361799055275371
m07_h3_q3_d8_l50,3,3,7,mom12_1+mom3+rev1,8,50,0.6014473341392603,0.6963295152058484,0.6356069313767174,0.5038689865609127,0.024405940391057375,0.12133678320441026,0.5362001079877603,0.30694561563787104,0.5664754363897794,9.84672193653575,4.80349303104514,0.4521843554892585,0.14017783268159062,0.5047687587298271,-0.22910400958823587,0.515882415695144,-0.19883287352750784,0.3423672401845218,0.3098066155810699,9.733614952869592,4.68241353160075
m08_h3_q3_d2_l1,3,3,8,vol6,2,1,0.5608723566470044,0.07592341746881247,0.46067970472224923,0.5342569844652765,0.0447866259521675,0.04937970681354498,0.4869636830750874,0.46725948537794626,0.666320968693999,5.141190325045268,3.065458343382615,0.07679718773995484,0.12964760610020368,0.5417045523428502,0.4303185273587452,0.6178372111072009,0.3234164558532165,0.24520639136675337,0.3039526725766216,5.570964348876904,3.2200896373199175
m08_h3_q3_d2_l50,3,3,8,vol6,2,50,0.5592271578187071,0.12834495897152234,0.5109840996820157,0.5346812829951096,0.04345130579721364,0.07084657679756809,0.5119317817322572,0.4663798259500753,0.6641732618801797,5.219158382540064,3.0355156415741704,0.19743210533228722,0.18170189269500148,0.5405528277868703,0.4079251143179795,0.6052574710608536,0.2544251144116622,0.21921449544439864,0.3060434038690848,5.845018691439135,3.298890652399222
m08_h3_q3_d4_l1,3,3,8,vol6,4,1,0.5680550539705469,0.1547596575936124,0.5122892929798609,0.5333968014983685,0.036671508106184976,-0.029958977465427594,0.4825393356623615,0.4791479138339443,0.673706688262159,6.308619785782763,3.388610517582508,0.18488560032750204,0.11431843193813274,0.5410074559010729,0.4051380814755465,0.6164603414024731,0.30989269970797,0.221658974050986,0.33283723697318834,6.189978056719708,3.486630107377601
m08_h3_q3_d4_l50,3,3,8,vol6,4,50,0.5659082701336222,0.09519142722498762,0.5122892929798609,0.5353190730596007,0.035147830040323076,0.004081562936755236,0.5004756635896048,0.45507058828950087,0.6730729263533455,6.293838153121915,3.384205996030655,0.18488560032750204,0.15810649207116764,0.5392647147966296,0.301513987545745,0.6164603414024731,0.30989269970797,0.21979639488175529,0.33283723697318834,6.552225118995663,3.486630107377601
m08_h3_q3_d8_l1,3,3,8,vol6,8,1,0.5716062758316278,0.1522461707201152,0.542519698570666,0.5285688691758916,0.03342285592113035,-0.03496835088565192,0.4340228409339889,0.45140204767795356,0.6743385340770758,7.498862734332661,3.6522578656743465,0.2675282351025167,-0.010872038380120397,0.5350366733345457,0.2565695859551293,0.6134710175892533,0.2866416693015692,0.2650815946164178,0.3213767474061483,7.18644132179786,3.40684037127284
m08_h3_q3_d8_l50,3,3,8,vol6,8,50,0.566730869547771,0.09734977951210808,0.5263540950995957,0.5321182542468001,0.032632051140647635,-0.0049302494493751875,0.4693033730603537,0.4487703092666667,0.6767451931699648,6.811646806979738,3.4024808900080696,0.21341958297185534,0.0858388766311909,0.5348851306298115,0.15640879214343026,0.5480367799174629,0.10746794807389545,0.21488093564744803,0.3287874785430843,7.049688927438764,3.644578033377643
m09_h3_q3_d2_l1,3,3,9,mom12_1+vol6,2,1,0.5629695471492734,0.05340586153734875,0.4553021183048629,0.5323450978330962,0.049846350872719526,-0.02100848575727878,0.4371424959988601,0.5238458529636782,0.71070384870511,4.759088811325615,2.538562524434085,0.10853065758892962,0.046794393562637086,0.5376035488077135,0.3053542963463557,0.5498946856088219,0.16935010297814126,0.3070384223518181,0.31949823846994374,4.7323181188736205,2.4972190311174933
m09_h3_q3_d2_l50,3,3,9,mom12_1+vol6,2,50,0.5629988651462565,0.09053935935209491,0.4634536140272207,0.5323585205305102,0.048603767585295346,-0.08518262793139401,0.4132289809258394,0.5646336124613174,0.719123036235298,4.913388057249726,2.6584118487675035,0.1364762189875287,-0.005655539938876462,0.5373398000152187,0.28928039985024845,0.5273568702043979,0.1101220613748259,0.2766316370331189,0.31949823846994385,4.726641117576331,2.49013265688616
m09_h3_q3_d4_l1,3,3,9,mom12_1+vol6,4,1,0.5941683466232167,0.2808758024152111,0.5400028463583455,0.5277091807294149,0.03831008977488624,-0.10801274824660166,0.3800034998083279,0.5171077800305837,0.6966369081877362,6.067335922408326,3.445921676152976,0.2813191406864715,-0.10498229898589707,0.5343402217553417,0.2614192456370665,0.5058732264385739,0.05903736554926607,0.26191832997964704,0.3268011482492895,5.767080241877707,2.9580356315742504
m09_h3_q3_d4_l50,3,3,9,mom12_1+vol6,4,50,0.5782547497980943,0.16731007998660183,0.5404470029275897,0.5314240182073945,0.03684962003552823,-0.10761304560799344,0.3944868201326457,0.5411624791633524,0.6917492711309075,5.940936742441615,3.4303686588246136,0.26652763925926737,-0.06716367697156979,0.5364918057312806,0.17193163402640738,0.4943773822997626,0.023101300054459803,0.2766511975025794,0.32680784268722307,5.241459410348707,2.8700975930031016
m09_h3_q3_d8_l1,3,3,9,mom12_1+vol6,8,1,0.6982993724959605,1.8533306872207125,1.1500933471446602,0.5180417301772191,0.03096284273002749,-0.24130426771837166,0.4546470595069059,0.4180755313587555,0.5887680598838255,8.949184095733743,4.508479224192849,1.940819160616833,-0.1611828322648998,0.522818139726243,0.46007459791718364,0.7051008722501003,0.5046859123516944,0.1946174620302229,0.29512207977973925,8.41863636214494,4.289020763606024
m09_h3_q3_d8_l50,3,3,9,mom12_1+vol6,8,50,0.5914470006911983,0.2791166935389582,0.5826392737235961,0.5309635490403195,0.0322609123897708,-0.047300054866218584,0.41759694056330043,0.46755339041010857,0.6748878978369814,6.385585541322585,3.4972989594311943,0.3651402555091292,-0.02529297505227691,0.5325233214549647,0.18008951574100784,0.525210248656862,0.10348129075663094,0.28732651026073763,0.3287801814075705,6.382655464863906,3.215608683258832
m10_h3_q3_d2_l1,3,3,10,mom3+vol6,2,1,0.5662297084137989,0.22137654798243664,0.551567888420386,0.5337035454571657,0.05311603356012409,0.1196501629491562,0.48568753524422,0.45547699315971424,0.677778824316113,5.346928660569674,3.1043619595698337,0.3110795256477971,0.15769769381227222,0.5386043755215326,0.3907433797130784,0.629762674024853,0.34769340166448054,0.24515402120801277,0.3051202413231674,5.214002243221031,2.846724174751958
m10_h3_q3_d2_l50,3,3,10,mom3+vol6,2,50,0.5636354542325579,0.19704158686091278,0.5385821875360789,0.5318678856171417,0.04953670228346074,-0.029474897544302568,0.39505725189239005,0.5721109109007669,0.7110605722832285,4.985679183182015,2.7853896460068683,0.28556594133767504,-0.03872618290850413,0.5363960436391401,0.3150437212382791,0.5930192598467332,0.27638965548939975,0.314621490280792,0.32336068146778507,5.101440740416255,2.785447779902538
m10_h3_q3_d4_l1,3,3,10,mom3+vol6,4,1,0.5947532230015864,0.3401224919650777,0.5810658804486536,0.5331459383482792,0.04810906475018604,0.19006622374545007,0.5629202043671172,0.38296391637045224,0.6288011002306213,6.431196925347926,3.5679667023262795,0.3711909911382002,0.301627562338333,0.5389751715012013,0.2564876011159551,0.5569658548499016,0.10783175064695597,0.3360795714680138,0.33935563246333644,6.5090644347146025,3.411030663221017
m10_h3_q3_d4_l50,3,3,10,mom3+vol6,4,50,0.5792894278313838,0.2717543068569408,0.5880930827623306,0.5319196689708493,0.04099450198933264,0.010161179054224432,0.4518506342385074,0.5063071883432869,0.6871647203121407,5.983538045012047,3.3266211950525153,0.3879946281108247,0.051541568275993176,0.539255203073673,0.3010166016428018,0.5655613373829627,0.1824058607946513,0.3012663508223339,0.3204104144689758,5.860869633107434,3.297414966216338
m10_h3_q3_d8_l1,3,3,10,mom3+vol6,8,1,0.6905385807885313,1.5866106914612756,1.0338995989990722,0.5182049219194627,0.031124021921926585,0.2422125747400002,0.6522906037403987,0.21980874953402585,0.5146067370498454,9.35101830430598,4.717405851591436,1.4824440024344985,0.4104561959963092,0.5281156857662064,0.19604513448374308,0.5797085950828142,0.06291048901642572,0.2145916575065202,0.2863047090325206,8.505592193240709,4.1934345222610006
m10_h3_q3_d8_l50,3,3,10,mom3+vol6,8,50,0.5886624974355583,0.31410278716868256,0.6071755388024398,0.5329022104215517,0.03818627506428745,0.054069468827805986,0.4947288070974717,0.47503316377984606,0.666501596260123,6.83792098301538,3.7143543172758005,0.42708464110925026,0.1427201416419676,0.536846480146616,0.3570950430792624,0.5873342037099756,0.2326362946127622,0.2766233914987297,0.3286799692515111,6.442113539213744,3.252156739928052
m11_h3_q3_d2_l1,3,3,11,mom12_1+mom3+vol6,2,1,0.5691444118343543,0.14609672639297916,0.49679421310724525,0.5294562507665067,0.048211097740572584,-0.039211289119032544,0.41684021615253397,0.5790716980300437,0.7256042046664745,4.921881403383337,2.5657622238290188,0.2141739077489976,0.018155852267665494,0.5327390279857459,0.2622919926745513,0.5557788125749344,0.15856219685020775,0.30146243899499314,0.27770188984817124,4.8188293717332895,2.5740373224208093
m11_h3_q3_d2_l50,3,3,11,mom12_1+mom3+vol6,2,50,0.5650784648503355,0.12350516519760063,0.47602219056064193,0.527590495825965,0.046210791977102005,-0.05441031466701045,0.41804969666969377,0.5530066178666668,0.7049741936013124,4.978852189624452,2.598578441667491,0.17031025546006115,0.008885516287471239,0.5317407807222203,0.24413614449095392,0.5915739606945611,0.2323156834687598,0.3005250715161313,0.26693631402845774,4.867464511666386,2.6094108424374762
m11_h3_q3_d4_l1,3,3,11,mom12_1+mom3+vol6,4,1,0.606509598500275,0.4438143129830852,0.6836956166799726,0.5282210093755422,0.04240862834345344,0.05723618227180244,0.49379009951160663,0.43591118089248493,0.6444414977912032,6.326911124920958,3.4211927951453984,0.6193239698065068,0.15599322788315012,0.5319738985424816,0.21121063237868068,0.5752170731816274,0.15242129738408908,0.28935401138799655,0.2701983452678306,6.1438239088955235,3.2980607130005395
m11_h3_q3_d4_l50,3,3,11,mom12_1+mom3+vol6,4,50,0.5865204468656164,0.2222551808757364,0.5667115292516881,0.5315053314954128,0.04170704876743675,0.01480754630388008,0.4459265647041694,0.4948688055034439,0.6737502910689328,5.923698305527734,3.1734588357094116,0.33835201094211964,0.04462828185716271,0.5339537878582694,0.1723103956799521,0.5352408184472551,0.11851123167363654,0.3158797708055696,0.2855692290062667,5.707973322614105,3.120553818352179
m11_h3_q3_d8_l1,3,3,11,mom12_1+mom3+vol6,8,1,0.7543921185311783,1.9849207999587395,1.1776158363724176,0.5270364210058716,0.03752458233647355,0.07307832536241676,0.5167600507570113,0.33288849866466075,0.6277341743831102,8.711953056023544,4.355398939912023,1.968934903167964,0.14672777906136897,0.5248957257218915,0.31449472703891135,0.6946608490365415,0.4423370005416219,0.20818045462834212,0.2523395077379319,8.365820052032696,4.491016664185256
m11_h3_q3_d8_l50,3,3,11,mom12_1+mom3+vol6,8,50,0.6049166775461161,0.3011918823984282,0.5732333505029886,0.5329126659963795,0.03640799651068863,0.04550108804695087,0.44640721883399936,0.44425874300021184,0.6725807595101166,6.8073255964408235,3.4990319119845075,0.351000031808729,0.038421126646920774,0.5310174061305795,0.1353829874191835,0.5308613163964343,0.08258816081013585,0.29015484895663934,0.31790270111106866,6.535868867314387,3.5116948861355413
m12_h3_q3_d2_l1,3,3,12,rev1+vol6,2,1,0.5620999682941757,0.11105342098662353,0.40934834752777693,0.5316134901782591,0.04576645459363344,0.0513031994138863,0.416182398198471,0.495733666441309,0.7096209608458073,5.262831182047933,2.939768043541933,0.001587777742608355,0.0018949063894237845,0.5438935383480425,0.35835257121050174,0.5607473430898177,0.17276189923387436,0.2872149527869041,0.3177910737551729,4.946288876332384,2.5951406964955543
m12_h3_q3_d2_l50,3,3,12,rev1+vol6,2,50,0.56021669320122,0.12973937564136526,0.41952732501415935,0.5314912729860161,0.046557882048769435,0.052316975070199834,0.42985364243036517,0.4924672437825982,0.6964641835338171,5.22000265031898,2.8378578208058283,0.02862828916008001,0.035498381473726456,0.544943213401792,0.34001122271033796,0.566382546080174,0.18159452796633468,0.2851927622441527,0.3064031359641922,4.911210756308871,2.625679139338991
m12_h3_q3_d4_l1,3,3,12,rev1+vol6,4,1,0.5958860280175495,0.3077851963638932,0.5625130984819005,0.5357411815703821,0.033251813200363106,0.06101695353255823,0.444189812604473,0.4628268859102208,0.686057048265645,6.457213840425901,3.6441946647916095,0.33062413693648707,0.029469816263967535,0.542433247050721,0.3746972097931415,0.6141868305341227,0.3213807340667079,0.2659273354310828,0.31712054605477147,6.33819879343114,3.61693612551681
m12_h3_q3_d4_l50,3,3,12,rev1+vol6,4,50,0.5779338060383488,0.21631760387179866,0.5304231746427137,0.5301819241761714,0.037713207275577074,0.017309843823781423,0.44100316669460327,0.4839446830228036,0.6879147691549797,5.965950424595495,3.4941686856443255,0.25055637452806423,0.012553997154981646,0.5456433729407926,0.366800264443564,0.6167624001955044,0.315039742394804,0.2379251176109144,0.3199555468971116,5.886367914387385,3.3472230621501033
m12_h3_q3_d8_l1,3,3,12,rev1+vol6,8,1,0.7024645061492909,1.8744575380753261,1.1240403930488572,0.5323140136917166,0.02271996618525538,0.061710873616683995,0.5081856310607082,0.33255304081890935,0.6096559222893346,9.036486043761151,4.618364404770192,1.8328897540047964,0.08886948313370108,0.5293860650356802,0.5093546386484199,0.7857141965093707,0.6948173846839364,0.22139129090317733,0.27400186270191296,9.367426762015175,4.857195514173519
m12_h3_q3_d8_l50,3,3,12,rev1+vol6,8,50,0.5896865786024683,0.30771382301665506,0.6131057430001129,0.528772823530808,0.033381425911027815,0.03606668220683152,0.4526086515317818,0.44736622813263593,0.6794956771165245,6.460373319200952,3.5901225920191084,0.4383957744364021,0.03407979306564021,0.5415181870591558,0.3700852809662881,0.6066554116662274,0.29349159702206284,0.2680500900415512,0.3246256317781343,6.50234198884071,3.7137536314256634
m13_h3_q3_d2_l1,3,3,13,mom12_1+rev1+vol6,2,1,0.5671793289329492,0.10089265123006691,0.47209954080416683,0.5302097586118614,0.04530241447558297,-0.0052176910762906864,0.4401388188199525,0.49946067776984704,0.7004692770437462,5.107720035777612,2.714215558659314,0.15637626116581688,0.05401602310187101,0.5369831910121634,0.25764466830057564,0.5552204097063616,0.18669899557997338,0.29425929773755133,0.30133064875442606,5.174993023179347,2.7882974485230907
m13_h3_q3_d2_l50,3,3,13,mom12_1+rev1+vol6,2,50,0.5664974559043197,0.12295312870392561,0.47234453281041155,0.529313193070384,0.04462828554727557,-0.02850927859654706,0.4335639091644116,0.5350850407457881,0.7140785688148164,5.14312569945828,2.75446851041731,0.15674950062271578,0.04717433021741263,0.5366141684045713,0.2833159096074878,0.5718234342842559,0.23237711398989247,0.28095586409063233,0.30265699522870937,5.025551111389417,2.7326076123893532
m13_h3_q3_d4_l1,3,3,13,mom12_1+rev1+vol6,4,1,0.604364510161971,0.2412872686797035,0.5290278106570746,0.5298875432281502,0.03880427429945674,-0.048097485627153956,0.37423404378491476,0.501636663394697,0.7198938792128011,6.407626331805979,3.491397268159209,0.24868960033404935,-0.10007266349736313,0.5376088689239437,0.2755870380666346,0.5439320358215421,0.11005164820867543,0.3244807435029746,0.3153516466455152,6.0705998813011455,3.281092547839447
m13_h3_q3_d4_l50,3,3,13,mom12_1+rev1+vol6,4,50,0.5863836059977698,0.1103966908695507,0.46133838186421233,0.5328142564306024,0.040140348741184315,-0.04472409580892435,0.4267633706984884,0.4964293827541484,0.6967988210688594,5.9021501522150706,3.289313145505812,0.11014245462295628,0.02113802653977521,0.5368716297869761,0.3030537332386779,0.5759371999390501,0.21451343052151198,0.235213882401915,0.29659019466909065,5.522782181336765,3.0248954185734207
m13_h3_q3_d8_l1,3,3,13,mom12_1+rev1+vol6,8,1,0.759077840906843,1.8122239912761926,1.1541039430207591,0.5274050506643246,0.026827321751974664,0.008057198817659898,0.5029308789312639,0.35377562435158794,0.6126961589176325,8.31618045685894,4.220059007356973,1.7562543725033828,0.05803440127227527,0.5222222867084796,0.18963640200638524,0.6807639025269347,0.34551742807881475,0.2578770328616865,0.2530781155590279,8.767658373017646,4.52771266705159
m13_h3_q3_d8_l50,3,3,13,mom12_1+rev1+vol6,8,50,0.6070380289037302,0.2819810357579569,0.539753337520984,0.530961217729716,0.03551851500735182,-0.05803192918208653,0.4275095783617151,0.4850666514532038,0.6769940425546206,6.53753071887175,3.531220300906192,0.2578554102487949,-0.006747360005916407,0.5332576587103522,0.3026968752820121,0.5745250296012938,0.19373492809287185,0.28855663980280455,0.31470024419584985,6.445088913651223,3.3438303603784783
m14_h3_q3_d2_l1,3,3,14,mom3+rev1+vol6,2,1,0.5698823776090192,0.15261108885636848,0.481087038278393,0.5303617176757427,0.04711781102455743,0.15487862241798594,0.4975914314433239,0.46607122053083094,0.6868693833741653,5.732848260095601,3.0097672772763473,0.15952842319875535,0.172138434380612,0.5376749673377106,0.31721156501938597,0.6172790384234393,0.33313678010525766,0.26070817342541874,0.30641552060146704,5.285129452729729,2.904089361149568
m14_h3_q3_d2_l50,3,3,14,mom3+rev1+vol6,2,50,0.5667986894925994,0.16052312107974076,0.46685394589168744,0.5277471175110533,0.04392737736972008,0.10065426215513958,0.4492828070478869,0.5019665569396902,0.7069687419319513,5.822037829721771,3.27219702306853,0.1284366274926249,0.0639714030936177,0.5368308422292125,0.3237889786848803,0.6202930095977137,0.34878402001248654,0.289612190635647,0.31996492110125985,5.327159628788613,2.8734703602352267
m14_h3_q3_d4_l1,3,3,14,mom3+rev1+vol6,4,1,0.6003959130570914,0.4401005053943216,0.6520101591828207,0.5313659473796352,0.04185924017865645,0.11611511168964354,0.49971940027846756,0.3791995395346557,0.6276177528612366,6.372501945362835,3.3802584236303126,0.5294552992354945,0.14043773451935282,0.5380605951565662,0.45793813789707283,0.6691508375154726,0.4589904647086087,0.23633560474446202,0.31995225429119434,6.13391844469318,3.43029612743139
m14_h3_q3_d4_l50,3,3,14,mom3+rev1+vol6,4,50,0.584160595368689,0.20865440571860885,0.51849352129954,0.5290173992068458,0.0386997097112295,0.13161765509552883,0.5201927983749052,0.45374365871109035,0.6494538411304588,6.056494945222286,3.406624192349557,0.23246238146364243,0.20332510147576685,0.5370982989815041,0.30069156300963074,0.5870051111095261,0.2543071840646043,0.2690846095567815,0.31950076727388876,6.075024011711018,3.3432938563569445
m14_h3_q3_d8_l1,3,3,14,mom3+rev1+vol6,8,1,0.7494087655018026,2.059447023575207,1.2284170797051772,0.5262533125804303,0.02281410312007805,0.029139946498708092,0.4770639188310474,0.28129909088041805,0.615596051618864,8.596496603364601,4.412551857085777,2.0795421122222724,-0.01261914312605014,0.5284534325389916,0.38731072934428384,0.7292152181781404,0.5553138980386766,0.22227686070252328,0.27161393008229595,8.395154378736084,4.26146601052414
m14_h3_q3_d8_l50,3,3,14,mom3+rev1+vol6,8,50,0.600158896479071,0.4403576892206792,0.6786964167411428,0.5280058929880393,0.030645513222225817,0.23191549874887843,0.6029815424999878,0.3646405110122415,0.585911251815612,6.4802549860851855,3.5289684385131395,0.5795770385750628,0.3461640054668263,0.5351511364413131,0.3866074106842405,0.6239495597490519,0.3055065615329215,0.21506461225345297,0.3139152062191546,6.533050630665345,3.7067903904773347
m15_h3_q3_d2_l1,3,3,15,mom12_1+mom3+rev1+vol6,2,1,0.5672412852783811,0.07635560785336955,0.44372615553355615,0.5299100792306506,0.050164778231798365,-0.017753077409609307,0.4043133115549356,0.5300216538059139,0.7184572039122383,5.0513219321302865,2.841160446738319,0.08655942657320882,-0.009350346664485653,0.5405521829242971,0.25779326770126865,0.5218732038961073,0.09860040254011451,0.2577198242038047,0.30467682990413447,4.64290260493514,2.4720877608485137
m15_h3_q3_d2_l50,3,3,15,mom12_1+mom3+rev1+vol6,2,50,0.5667034589867361,0.06219745594660812,0.4195588267353433,0.5297420129298724,0.04875089591043928,0.043654733774943125,0.4598811001114808,0.5064720951766324,0.7171512912683299,4.944878238401544,2.729014849214608,0.03951705762875403,0.11030756721436341,0.5416216875021764,0.2565695266324582,0.507134490747478,0.0551596942638787,0.2879724268655435,0.3194079242024034,4.486496856864106,2.3478702503539157
m15_h3_q3_d4_l1,3,3,15,mom12_1+mom3+rev1+vol6,4,1,0.6131215486006203,0.41651573297881184,0.6319058649207097,0.5278897513325206,0.040859912342868634,0.039838201885911736,0.4862199161852384,0.38172171535413335,0.6336425710146278,6.280021911910687,3.442193290473829,0.4912733721466334,0.12261205888460534,0.5344047080126754,0.1648248575304057,0.5211821506796779,0.0617571803653598,0.31975444526136165,0.29699353026229425,5.890738205364119,3.2444393479463156
m15_h3_q3_d4_l50,3,3,15,mom12_1+mom3+rev1+vol6,4,50,0.593534442076398,0.2243630559365516,0.5378480026489119,0.5294575223904723,0.04099044159062438,-0.03936653125545863,0.41498790955919607,0.5077588480367681,0.6929685033787977,6.156486035605954,3.4234039403042664,0.27100036499452607,-0.024524526908504127,0.5377646032354045,0.21730467277873342,0.5477131519660259,0.14082737036030168,0.3245884506238269,0.30704468951780395,5.729652490758946,3.050930470033141
m15_h3_q3_d8_l1,3,3,15,mom12_1+mom3+rev1+vol6,8,1,0.7821318182357658,2.319994308026813,1.282156540852127,0.5258117764812865,0.02628369180975619,0.06344810180632107,0.5387240333945988,0.34313069049321887,0.5763467127488692,8.35958990334242,4.249456358015094,2.2199141179279285,0.16280856090923881,0.5242231340579009,0.34387907771133996,0.6804777846019293,0.3772210356237259,0.19847935803258887,0.23223891664455143,8.39831224064227,4.467898250879695
m15_h3_q3_d8_l50,3,3,15,mom12_1+mom3+rev1+vol6,8,50,0.6191002299661295,0.400373451957182,0.6000272217067043,0.5280434765407984,0.03574101347766028,-0.05875640288545515,0.44528772649053056,0.47391146368838966,0.6543432031353008,6.893100972000106,3.5936748207089884,0.4112516565491478,0.011551035170308492,0.534161917253814,0.09204378258907109,0.559340780299857,0.1456204364229296,0.3232256337089269,0.30950397147025965,6.676082959486999,3.376034446796105
m16_h3_q3_d2_l1,3,3,16,size,2,1,0.5745455639821837,1.0742152059660717,0.8580300159075499,0.542692090103318,0.04335937997917161,0.5176938352233519,0.7333646162296977,0.22213193480699844,0.5187219663759992,2.3379754186440573,1.1340000353394541,0.9185978476730786,0.4962027669221954,0.5496302358004486,0.5990715306148842,0.7187960157325327,0.5184618987210666,0.26118242052762763,0.3433424688092126,2.1635242676025612,0.9374799248966752
m16_h3_q3_d2_l50,3,3,16,size,2,50,0.5738032181694154,1.0742152059660717,0.8580300159075499,0.5414872970417506,0.04362874612870635,0.610254532694452,0.7662716182087865,0.17869547460232227,0.5056421365337292,2.3869832095747294,1.2145292587694219,0.9185978476730786,0.594328217182851,0.5495999272595017,0.5990715306148842,0.7187960157325327,0.5184618987210666,0.26118242052762763,0.3433424688092126,2.1635242676025612,0.9374799248966752
m16_h3_q3_d4_l1,3,3,16,size,4,1,0.5802536013803619,1.155102848465055,0.8980343031878418,0.5400547419988008,0.03194596349828212,0.5787024110753889,0.7204953897599757,0.1643343937263505,0.5422338401123291,3.5742675183130053,1.9198669613776758,1.0976427743343566,0.5441581743921061,0.5465539188943443,0.7140265711098621,0.7740776451368179,0.6594583595894361,0.21046609624238066,0.31753867694781734,3.2389445222329503,1.266350061839927
m16_h3_q3_d4_l50,3,3,16,size,4,50,0.5782873881465431,1.0510221774023387,0.8478031695777247,0.5383784590291236,0.03408147393527967,0.49197313422078565,0.6789563669129095,0.26093850559062215,0.5684358843458186,3.4403701039404964,1.7615737895784278,0.9105727783431391,0.43222550752290906,0.5458568224525671,0.7880285850220812,0.814344456687702,0.7860901804046853,0.17182561952724984,0.28305065659950457,3.1681288806544563,1.1955344202614329
m16_h3_q3_d8_l1,3,3,16,size,8,1,0.5830825408290198,1.2704186388843046,0.8980343031878418,0.5313172724400655,0.02690311729257764,0.5630999526718603,0.727590621959535,0.17431743691674173,0.5459765770748018,5.057006344426697,2.3370565972556068,1.0976427743343566,0.5715947100592587,0.5394314117718373,0.6954218960431033,0.7740776451368179,0.6594583595894361,0.17642787026868945,0.31753867694781734,4.098855144491573,1.266350061839927
m16_h3_q3_d8_l50,3,3,16,size,8,50,0.5795513823682837,1.1216329347207281,0.8309970692222663,0.5350654547242526,0.03173450139763338,0.6211370949535634,0.7157801140236174,0.23532110462888356,0.5684358843458186,3.8353396777445177,1.8327743508056387,0.9305072840336692,0.5279411731879621,0.5447960235194278,0.8710809094208174,0.8755184966135184,0.9755134682944332,0.14022888130941424,0.2560574911604796,3.8990110393202215,1.4945831527408795
m17_h3_q3_d2_l1,3,3,17,mom12_1+size,2,1,0.5803786444036394,0.7974424092144987,0.8241603099817094,0.5367566439526368,0.04250206218413413,0.3015846673439649,0.6131952139076767,0.37856998616857185,0.573818591459845,4.022670939331267,1.9090744807951985,0.8924234615902842,0.27882052339359925,0.546129760536732,0.5659271901371657,0.6917294242716955,0.49626409103054475,0.24098385556202762,0.31176194954473335,3.498020031574032,1.6316576623528154
m17_h3_q3_d2_l50,3,3,17,mom12_1+size,2,50,0.5756407854453878,0.4712827382418662,0.6908724011023705,0.5330399696844847,0.04167258889172693,0.26842273071490935,0.5951758270150016,0.418358645982602,0.5739739712331748,3.9383415152848147,1.8793744432030015,0.47456065287809596,0.23667197183659294,0.5426873229046159,0.47620740513286264,0.6903480293894768,0.47884569568411783,0.2778990127161166,0.3253498267813745,3.3028763597247788,1.4360955466002103
m17_h3_q3_d4_l1,3,3,17,mom12_1+size,4,1,0.6044063324612818,1.2269920717033702,1.0205455241510055,0.5343971456845886,0.036910677658241686,0.31679909361927455,0.6602140058846706,0.3433290878907215,0.5276051885700017,4.682422655721997,2.5829908607630974,1.547211794291025,0.39741752292704685,0.5480387149694528,0.48083319977270644,0.7214237360761944,0.5344952651916611,0.23914246317048737,0.3433424688092127,4.057211246985232,1.9929944129786565
m17_h3_q3_d4_l50,3,3,17,mom12_1+size,4,50,0.5952697849146966,0.8972665374903005,0.9066668445589988,0.5338883548068234,0.04282592332096694,0.30669600225965266,0.6176417557969665,0.3469307126113661,0.5297762357560535,4.5078793001628865,2.4172855484541858,1.0422477398500014,0.2650736786675167,0.5461702256632089,0.47111825005407476,0.7285325125100691,0.5736481471342308,0.22448316166894933,0.3433424688092126,3.7836427319362134,1.8294043823677657
m17_h3_q3_d8_l1,3,3,17,mom12_1+size,8,1,0.6985059407445839,2.605176762389776,1.2196692754118688,0.5241153594654885,0.03214407020444171,0.4676713978924425,0.682803824425895,0.30018309031741974,0.5498033500138519,7.779217605008387,3.9858322612423365,2.04723751345089,0.4190973150588275,0.5404935004301233,0.5907079609157392,0.8584169043599347,0.9978594794522024,0.23445934869778873,0.32468715912788904,7.422291422475128,3.503086273246261
m17_h3_q3_d8_l50,3,3,17,mom12_1+size,8,50,0.6067331923808813,1.1096099304886164,0.9540728033307421,0.534183512858379,0.04055651290608152,0.193217187667216,0.5550254547178426,0.41435918057093124,0.5975775945672568,4.947123358573778,2.708777714903635,1.2325000725074804,0.11046708019520488,0.5450991089288961,0.48827703258390626,0.6980475272607158,0.4945972535918951,0.24131521753734164,0.35264802356382163,4.406095952071961,1.997554361923272
m18_h3_q3_d2_l1,3,3,18,mom3+size,2,1,0.580270627012345,0.9159179342925461,0.9092271690773914,0.5392416091186176,0.042943121711034725,0.5718901681907662,0.7754961354471827,0.3235675642261241,0.5286215012393185,3.814111636151092,1.6580166330250783,1.1031541421349085,0.6490261408403397,0.5387267381948233,0.6537466894390149,0.7251450972570515,0.5484004684896208,0.17312487453741154,0.2948573040151913,4.016739825120587,1.6144154373822233
m18_h3_q3_d2_l50,3,3,18,mom3+size,2,50,0.5756499693962499,0.8012812096482239,0.7571094045956263,0.5377848225745467,0.043383618024646416,0.599488949160808,0.7727280368033751,0.2874014898395757,0.5318983600906593,3.9838187264445875,1.8269234826783818,0.6446395310322773,0.6482873183147634,0.5320349992713053,0.4906458358683013,0.7085810306868393,0.4917413986967385,0.21546140069677655,0.30027561508203116,3.420298556997115,1.2625310965547016
m18_h3_q3_d4_l1,3,3,18,mom3+size,4,1,0.6020867490565962,1.2426091626258269,0.9622611009124223,0.5439312170119549,0.03703426785666346,0.7633561249181084,0.8171884941101237,0.1879575946297135,0.5035696435858358,4.873522566596512,2.358716987475805,1.2778020969478951,0.7794299136536799,0.5389340615121512,0.5085508400915353,0.6773920440199793,0.40301751235635336,0.23088984103326515,0.36693191391819535,4.5143575022148035,2.118984921154846
m18_h3_q3_d4_l50,3,3,18,mom3+size,4,50,0.5894393890327236,0.89778482493306,0.8508910185097583,0.5398009823719009,0.04121654738246002,0.6262329871530901,0.7336339417178354,0.2812504040887698,0.541629760480832,4.518555924963597,2.174840538636914,0.9088688732737089,0.5862667257836829,0.5321070626638758,0.7263311317831722,0.795429336117489,0.7571574474338704,0.15352357312197185,0.2585736472736685,4.63420532656858,2.157001530528598
m18_h3_q3_d8_l1,3,3,18,mom3+size,8,1,0.7015844010735897,2.323976433514254,1.1783381870248026,0.5255917855352491,0.024141459321917635,-0.0038416969247222037,0.5989115423476314,0.34623062585128306,0.593318196295443,7.92723905960369,3.719575866897447,1.8597375319139386,0.15245467393088943,0.5248580012613512,0.6938568810390647,0.7106702133632721,0.35369796236163104,0.2086842433827305,0.3169525815277038,7.417890317379294,3.4369276451138617
m18_h3_q3_d8_l50,3,3,18,mom3+size,8,50,0.5971794815278251,1.127211918004952,0.8889873191229121,0.5395555589465528,0.03884418669443019,0.591278032544972,0.7482890163406648,0.26946721346869107,0.5354147883116271,5.149789218879928,2.443514227857228,1.0394429771689273,0.6310612336106929,0.529447649411434,0.7092839593746688,0.801584584853519,0.7768149170848043,0.16267364886217017,0.2585736472736684,5.272829130505894,2.3918514471105485
m19_h3_q3_d2_l1,3,3,19,mom12_1+mom3+size,2,1,0.5831136956161752,0.6336787125182123,0.7812338072219364,0.5331905158328487,0.04439883285486082,0.38790910488848124,0.6222323310299904,0.4432659109924294,0.5959309879325514,4.785442175484357,2.231976072155954,0.8346272839789834,0.3401729610710435,0.5325863567715085,0.3459017883780986,0.5959926988394263,0.2068164868140774,0.2675621946063692,0.3706079336933279,4.263886855536246,2.0018988142196648
m19_h3_q3_d2_l50,3,3,19,mom12_1+mom3+size,2,50,0.5773280891560995,0.5102223787704602,0.7085722561293339,0.5302131496091028,0.046866081866946706,0.28991936963372594,0.5947679560949142,0.44669578104000685,0.5832044006638585,4.686827785041636,2.11480192173816,0.5996138594528114,0.21896447854295253,0.5312879259800944,0.3896926340804026,0.6618013413201409,0.3803625645494356,0.25565939301757756,0.3255748591262385,4.10929833109189,1.9076905939866269
m19_h3_q3_d4_l1,3,3,19,mom12_1+mom3+size,4,1,0.6178565817278374,1.3206590303461259,1.0104339123747161,0.5417074292793397,0.04401854851706988,0.5673254069062422,0.6784584882353647,0.268853077664569,0.5433417668197502,5.19443661408114,2.63183518567007,1.4775064907199127,0.47875752675747857,0.5390662583396852,0.40499698025969577,0.658429877520933,0.389040746090946,0.3189482236282176,0.37262665886008295,4.6917434157434625,2.35145569567973
m19_h3_q3_d4_l50,3,3,19,mom12_1+mom3+size,4,50,0.6012249412368436,0.9014041782304675,0.9089472593985135,0.5372542727978158,0.04632688137094813,0.20913068059713255,0.5680197496107551,0.44212860637109563,0.5842457090602033,4.9427104940427755,2.5128538736881594,1.2038393494505444,0.1614236810995454,0.5360118667610746,0.41008516826233393,0.7038464645039145,0.5059188902077771,0.2785090043674431,0.33200351366095526,4.561802558133617,2.42857658864351
m19_h3_q3_d8_l1,3,3,19,mom12_1+mom3+size,8,1,0.7575422136769092,2.563944172949874,1.368343677014922,0.5345616090507977,0.03740101940286857,0.299153298743199,0.5512503826035484,0.38605739312796783,0.6182038578486017,7.720053352376187,3.8000910259820038,2.390840233357624,0.09136664433682577,0.5366836523468483,0.24246457858722925,0.6499111984702999,0.222984807543267,0.2816096786926672,0.3273509138254348,7.07370850170397,3.5658047051236266
m19_h3_q3_d8_l50,3,3,19,mom12_1+mom3+size,8,50,0.6173863634436934,0.9195062851237535,0.8660042874876644,0.5397290649720723,0.0442712910017448,0.19556282943833433,0.5736893998023058,0.44913243497188804,0.589527375162028,5.562122634152266,2.8213006560854246,1.1447570535917817,0.1726211430630061,0.534389070095272,0.33151750905081834,0.6781800632483338,0.4034315245452305,0.29765607150143547,0.3634262879986584,5.4670600946490815,2.853386558992822
m20_h3_q3_d2_l1,3,3,20,rev1+size,2,1,0.5754172622105572,0.7488918867299885,0.7814808488834475,0.5386207033945578,0.03635308668823667,0.6995245014565257,0.8085840402159067,0.20362878162568887,0.5283244536417395,3.9235262572040335,1.6461804076493174,0.7160693927201163,0.7833733843601374,0.5463303127970398,0.5467521192570388,0.6951090185673022,0.43540117925011496,0.2233970753318032,0.3052539462364744,4.26660657820794,1.6824771445616222
m20_h3_q3_d2_l50,3,3,20,rev1+size,2,50,0.5719636021659431,0.5969793773904776,0.7245565148847632,0.5368366856166896,0.03746253201172342,0.6288815678847479,0.7796146141430413,0.21919237670336844,0.5239286427185151,4.0586280049170425,1.6816119348431628,0.5437446275903626,0.6844380669570477,0.5421338696010494,0.5198469539269367,0.6820245395359381,0.40537643319428673,0.23710900277196212,0.31077002623091576,3.921937350890399,1.381525508447382
m20_h3_q3_d4_l1,3,3,20,rev1+size,4,1,0.6002953841180383,1.3624278811768664,0.9679205010853866,0.5409046106824325,0.02916404358289838,0.5766272447520654,0.7398388513814614,0.21578872215409317,0.5322247891880048,4.37821623860273,2.2643220752146402,1.2946496409119572,0.618046860398654,0.5448977505903717,0.5544479667753751,0.7391874405202766,0.5287906411635314,0.2196123462726749,0.2703272345335235,4.258936966630477,1.9848253020485933
m20_h3_q3_d4_l50,3,3,20,rev1+size,4,50,0.5905053631447204,1.1450817184861395,0.8385544576025218,0.5399419206947476,0.034468933674020485,0.6675687128439045,0.7814092308611754,0.22229798001490053,0.5081563271257742,4.3411294649696535,2.2618529859910677,0.9043250069118086,0.7165861945489845,0.5437328063516385,0.8657800409577756,0.7935884290918938,0.7153441535713558,0.15982758567189415,0.262937609615966,4.268729108253012,1.9149860857738876
m20_h3_q3_d8_l1,3,3,20,rev1+size,8,1,0.7028584976412788,2.771327333006066,1.28997561977685,0.5274452481107907,0.017944912927514278,0.387562226074095,0.6378462909664293,0.193832369758558,0.48446707653838883,7.933266985810491,3.958068329295008,2.3360655362468075,0.282172376253991,0.5281596976368366,0.3267511158520733,0.6176996509458923,0.11104017154829618,0.16014678914259095,0.2956168079076731,7.327344676526977,3.552643168759934
m20_h3_q3_d8_l50,3,3,20,rev1+size,8,50,0.5985605358001708,1.3630383823960601,0.9032354187063675,0.5392535482547385,0.028231598895886056,0.6944390931421286,0.7763079621503535,0.19208326717196533,0.5070967480930311,5.129971193136694,2.6291042239867104,1.1495381723056735,0.734295932568253,0.5400474167450175,0.834599911377715,0.8326346726713171,0.8124019968830906,0.20340302177516212,0.262937609615966,5.02597373667251,2.4282874711937827
m21_h3_q3_d2_l1,3,3,21,mom12_1+rev1+size,2,1,0.5781396678292137,0.6620206915668659,0.7551238211506943,0.5336149556542336,0.0397078952387321,0.18571669854113765,0.5236831127612869,0.45737572461082876,0.6195915259797502,4.687429128278953,2.2393590248187505,0.7551531874308326,0.05531332037227697,0.538954213467568,0.7259517972499414,0.7570467591399372,0.664264652184856,0.24418758598742885,0.3232253347130414,4.519128538644868,1.9005591567377227
m21_h3_q3_d2_l50,3,3,21,mom12_1+rev1+size,2,50,0.5761900563527226,0.6414175922823566,0.7406175483277866,0.5310929014559247,0.04127362752836092,0.2954067569550325,0.597464924872651,0.43712834383485766,0.5751544188361826,4.620563505920714,2.1783218596516765,0.6758865081201131,0.2393689108651114,0.5365051866296773,0.5886339764650229,0.7399366258794621,0.5964394926022905,0.30989741075516153,0.3383933786216028,4.218688906000379,1.614478720075673
m21_h3_q3_d4_l1,3,3,21,mom12_1+rev1+size,4,1,0.6156213493795323,1.2528459389673647,1.0385215153594454,0.5393829006703437,0.037579275738680216,0.37711362181748365,0.6483466631086123,0.35683473059178095,0.5609123363496902,5.3884520029045175,2.7843866534890402,1.550428175470706,0.3768808971618723,0.5454531384816581,0.6482612678219662,0.7533377138909283,0.6004967495064093,0.24552961933035833,0.33296181917492673,4.979052922831334,2.1946250661569
m21_h3_q3_d4_l50,3,3,21,mom12_1+rev1+size,4,50,0.598936865848193,0.9582176134535129,0.9386726890236896,0.5359390603885744,0.041024729452551666,0.43727574786974566,0.6763875528044315,0.36658285579457994,0.5487879578680774,5.0425206459887875,2.6535523656545723,1.2144934046964435,0.41667293485885615,0.5409473224661092,0.6678659543575217,0.748467778689473,0.6210004172908492,0.20622970549478137,0.3138588313669527,4.80613242842314,2.205571946578232
m21_h3_q3_d8_l1,3,3,21,mom12_1+rev1+size,8,1,0.7546627624985093,2.7936172458314816,1.4162583427435669,0.5361519867570255,0.031272118988294434,0.16057213822293648,0.5523502023197037,0.34882209068724646,0.5789271920908345,7.398558939886424,3.8376095520989275,2.598990085500927,0.08213941470657055,0.544466176313166,0.6218366980426696,0.7688301306763539,0.6007839970099259,0.22483724973030716,0.29568534140056757,7.1098412844065,3.5623098002799356
m21_h3_q3_d8_l50,3,3,21,mom12_1+rev1+size,8,50,0.6154412026510816,1.085226114075661,0.9853127161781119,0.5358792234164184,0.03999828181116907,0.38195724980774626,0.6266746896061927,0.37175850994275506,0.5471676356569288,5.497223338388803,2.914441336553402,1.3676700452760877,0.28405253736293484,0.540614895809554,0.5260098399993938,0.710038177327063,0.47254191686917096,0.24467509741361826,0.3138591952899531,5.373719062517481,2.6548279037369045
m22_h3_q3_d2_l1,3,3,22,mom3+rev1+size,2,1,0.5827320671349634,1.1894439770629344,0.8439085923286527,0.5334232230185414,0.041923736120794815,0.7260112407444886,0.8011366900664721,0.3193501901875744,0.5329601248785636,4.786233118450657,1.7592741954573832,0.9109184963404438,0.7605997742574967,0.5373385102900721,0.654538679452326,0.707404793733424,0.48311480049996347,0.2122925102930977,0.3108786009476465,4.689735543196777,1.3909787440895494
m22_h3_q3_d2_l50,3,3,22,mom3+rev1+size,2,50,0.5782965720974054,0.9346727880518158,0.7820658557883846,0.5327739176925846,0.044844570362585205,0.5207455523381908,0.6937093679356785,0.3849959528255571,0.5780703238371379,4.688447715567864,1.7852120227428963,0.7130738240620368,0.4887649522171008,0.5327899721290396,0.6270629146655928,0.692950166835206,0.447890269534639,0.21068168499942141,0.3107700262309159,4.4406686781312725,1.2508626606093
m22_h3_q3_d4_l1,3,3,22,mom3+rev1+size,4,1,0.6119650066039671,1.3827822560437169,0.9515212928095665,0.5383743615741234,0.037387517880635934,0.7722966552898575,0.840546189504031,0.20035364558996827,0.5084818507612199,5.086270067099586,2.3372134650236664,1.2269359056215958,0.8663756581769596,0.5406750292445177,0.8203847332287925,0.8175687575378611,0.8277495247965401,0.18328431446909432,0.2703141950808119,5.1155388612873,2.0249652492365655
m22_h3_q3_d4_l50,3,3,22,mom3+rev1+size,4,50,0.5950900620609012,1.0265650085479403,0.8714218425191531,0.5364092786727185,0.03690515445404538,0.6457636899422656,0.8070153501163265,0.2822205815672587,0.5083817907072785,4.851629195765973,2.1875624202263624,1.0258767503993207,0.7480530102517976,0.5344828975996925,0.6608409124583507,0.7947453616133043,0.7001657328583796,0.1856177949477591,0.26244971562686836,5.078929962689695,2.2182976099397904
m22_h3_q3_d8_l1,3,3,22,mom3+rev1+size,8,1,0.7477386993604014,2.9894865241190463,1.408139443770643,0.5266805782328496,0.028296209992211,0.5233492215659716,0.7202517393152061,0.24576310935891799,0.5265519425865286,7.320376720179162,3.536568566527926,2.5673890207251775,0.5140118449087944,0.5250506539551356,0.28419167053255007,0.6199876358344545,0.11091186938436981,0.2056432768702967,0.32969448365615805,6.8177961801800375,3.3149753857410578
m22_h3_q3_d8_l50,3,3,22,mom3+rev1+size,8,50,0.6083198965067642,1.334314777249565,0.9528740275455921,0.5368788611448798,0.03274071140430043,0.6902344458894724,0.820647244136998,0.24164866040475685,0.5058516498045604,5.2746754316540665,2.510286833024583,1.2431455848781505,0.8228076736166797,0.5325626580719383,0.5527540635606439,0.7045345510389055,0.462107696519183,0.16980478309209757,0.2764127837413205,5.35071655577921,2.3895868734840255
m23_h3_q3_d2_l1,3,3,23,mom12_1+mom3+rev1+size,2,1,0.5843566373967088,0.7411648282214588,0.8371235683131277,0.5366763197054806,0.043252601263752084,0.39405872043770207,0.6871025014265822,0.3674564305096527,0.5271729948102506,3.8391936752409355,1.6610743080074526,0.920987678685619,0.4702681129027217,0.5394730054078175,0.6222114698294492,0.7031130105988247,0.5241702422266216,0.2393162968456941,0.3667429448084002,3.860863440279452,1.6885224394333385
m23_h3_q3_d2_l50,3,3,23,mom12_1+mom3+rev1+size,2,50,0.5789665059899141,0.5552942840260265,0.711434844104362,0.5340694905761361,0.04147935400444526,0.21866368995420693,0.5818146986225802,0.44903620314550396,0.6026764955943524,3.9161914945144005,1.8144866803236763,0.5413988612283324,0.18102120970442864,0.5355594956658786,0.4951595718097631,0.6900564265271958,0.45262320671642003,0.24064367013325894,0.3255748591262385,3.334838663161277,1.3266746523136423
m23_h3_q3_d4_l1,3,3,23,mom12_1+mom3+rev1+size,4,1,0.6218639633636658,1.4042560964462294,1.0720857050412027,0.5360491265073689,0.0371791432211039,0.5309455593714842,0.7240928711397082,0.22667959920160918,0.5174067920142509,4.999908433628102,2.6428256762730915,1.606552598280282,0.6095150383312771,0.5421467668525161,0.5522589617738957,0.6960902693260698,0.4500236583617895,0.2652501902800669,0.36990889231842217,4.171944998907266,1.9584690012911792
m23_h3_q3_d4_l50,3,3,23,mom12_1+mom3+rev1+size,4,50,0.6046113465028362,0.9437328115521353,0.9327824418179269,0.5401496192757848,0.043138767512824326,0.5175717630084471,0.7165664697813564,0.37361973153219796,0.5500742998652784,4.735676718436388,2.5036259895826856,1.171167892678362,0.5466149345011904,0.5384533164637284,0.5014225406056252,0.7206913626352527,0.5191315328874057,0.2317683134914067,0.3506007694520451,4.307667840446598,2.110152013911512
m23_h3_q3_d8_l1,3,3,23,mom12_1+mom3+rev1+size,8,1,0.7758722492654251,2.7940716677702615,1.5268199358016905,0.5320199153267988,0.03305013847144971,0.6562681729709272,0.6736423489124369,0.15143561000144512,0.5070325448434906,7.373958238746024,3.8043716468093014,2.7428858010130757,0.42759534141294303,0.5361937180067555,0.654085603494819,0.6827295351761029,0.36792946352852585,0.21295026164051167,0.33851550885587345,6.99235259160208,3.72691246335555
m23_h3_q3_d8_l50,3,3,23,mom12_1+mom3+rev1+size,8,50,0.6273560366250308,1.1562324615189108,0.9952513239120989,0.5415807614032172,0.04273529079585947,0.5197566290681237,0.7199208001732242,0.36669485630491117,0.5114859410019603,5.382107400778246,2.8252813262203254,1.3881518929210357,0.5377253389355843,0.5378855149679052,0.33840027291245867,0.7041992468104326,0.44520329758682814,0.2806966672355772,0.3506007694520452,4.943331129876704,2.416174081575125
m24_h3_q3_d2_l1,3,3,24,vol6+size,2,1,0.5826967442470319,0.4172796915372829,0.6215161632899114,0.5515894310528311,0.05180260566992951,0.24652627578474287,0.5768741690614018,0.42797254364824844,0.6229071114977964,2.9657777795421567,1.4991929370903445,0.4233885341588316,0.3051199963932024,0.5594076421373841,0.5195568725801615,0.6387219398656091,0.37660545282974833,0.2723682594967807,0.3291190410774675,3.0988918946643977,1.563029472316576
m24_h3_q3_d2_l50,3,3,24,vol6+size,2,50,0.5797806985567351,0.4204287978025797,0.6126164978418286,0.5505746751283351,0.05072857216384945,0.24899822711675418,0.5588536472607324,0.45500083775766764,0.6444204975144439,2.952391092176228,1.526082375941846,0.42306836617485627,0.2712924311273995,0.5572734694509254,0.4980754581006085,0.6262468453087888,0.3213952842259783,0.2679882758221873,0.32385591063170815,3.2532344382594536,1.6934687912046091
m24_h3_q3_d4_l1,3,3,24,vol6+size,4,1,0.6079624288808975,0.7459039670342251,0.7347635282767195,0.5471604354266525,0.04818165334961818,0.14201945837277283,0.5146155460771338,0.38990595451563503,0.6294370326432878,3.934619912976405,2.157898631146244,0.7294458175359846,0.1285869298697132,0.5578691612530454,0.47732519410542557,0.6581988757508276,0.37719753783952287,0.25658016132987915,0.29478675919331376,3.813830083538892,1.894087883987721
m24_h3_q3_d4_l50,3,3,24,vol6+size,4,50,0.5936011316888127,0.5693586238019437,0.6562159577650277,0.5491369629437473,0.043250451191425336,0.20463577408321973,0.5096550281920392,0.4088480594098508,0.6472707252972586,3.6526339837219126,2.015781001993932,0.5577847270543985,0.1433476746717639,0.5588849810216945,0.5261471007879243,0.6609705882847391,0.4071064963750256,0.24631839657132681,0.2948975392768709,3.877521787622632,2.15683201540823
m24_h3_q3_d8_l1,3,3,24,vol6+size,8,1,0.7150222166835933,2.2208686624010947,1.2932140936587464,0.5253453024232632,0.037364318697556874,0.006325919741340923,0.5093325199766794,0.42615799402576504,0.61191358433039,7.070060638591369,3.564876337449802,2.210333887562825,0.0003229587768467443,0.5419742661141485,0.5121228111189681,0.709852817131852,0.34817266059782076,0.17470786339359745,0.2561298729366669,7.1508036977260705,3.591347844877932
m24_h3_q3_d8_l50,3,3,24,vol6+size,8,50,0.6048787407644777,0.5239925478886038,0.6823403855029934,0.5462589953266406,0.039344968279486525,0.2024212328080956,0.5165283191873687,0.387896374948001,0.6325860848773806,4.365801164260255,2.307326128322568,0.5809179656029604,0.15349417626979947,0.5566176442138416,0.5257426167946603,0.6743478408341197,0.4023035552186888,0.2134862952019373,0.28010981247706224,4.533001438534848,2.5249895293641633
m25_h3_q3_d2_l1,3,3,25,mom12_1+vol6+size,2,1,0.5825282540715987,0.3257121958301273,0.5787100459176742,0.5440323817629907,0.05310580971130416,0.0985932945377098,0.4540612385492729,0.5418943309382634,0.6969373915887888,3.660953240125046,1.9068997147720979,0.3365756234732292,0.01916767858195146,0.5500795437984212,0.4872503181528068,0.6849866996538636,0.49224225295328145,0.28559494913739647,0.3205813544803472,3.2899356509151874,1.7132003289025037
m25_h3_q3_d2_l50,3,3,25,mom12_1+vol6+size,2,50,0.5804856727540719,0.2528269848455114,0.5106510185610453,0.5429485342697007,0.05262273525124351,0.12286482899973533,0.44234060634651623,0.5337047663319063,0.7003227888953901,3.612093942551951,1.8801992882456167,0.20321175742383393,0.03125300170904878,0.5491580351811225,0.4049900364853538,0.6167594087439295,0.30121361249867123,0.31308063742881065,0.3459349327647867,3.4629147504790607,1.900261908391248
m25_h3_q3_d4_l1,3,3,25,mom12_1+vol6+size,4,1,0.6156890280328091,0.573350106567653,0.6995325612338008,0.5438359865060916,0.04725704063411412,0.1721912875045006,0.5249023833437197,0.44899550963284096,0.6532537837492387,4.215248707742961,2.3629235581865213,0.6512123942651711,0.180828596144733,0.5565289756100078,0.40052095550992356,0.640060300066214,0.35939636920869283,0.32315694481570545,0.3392803383417312,3.9482665764918177,1.954423333177531
m25_h3_q3_d4_l50,3,3,25,mom12_1+vol6+size,4,50,0.5996765977672545,0.47422353898706077,0.605490366551541,0.5444167654294613,0.0489433044800579,0.13853042172542485,0.4750542731426091,0.5448425597606779,0.7020395554281933,3.9953665930911995,2.2679885073122583,0.4074531452936821,0.11862960722340411,0.5532914430605693,0.44276526735236615,0.6433376066957611,0.37566344739751834,0.24317661762942555,0.3237476213435849,3.7475720616803416,1.8612955195379124
m25_h3_q3_d8_l1,3,3,25,mom12_1+vol6+size,8,1,0.761230629634716,2.54002441508375,1.4728337595194865,0.535281277569514,0.03507916896992769,0.025147437584622973,0.5220581926790379,0.3570013800518542,0.6133913168360046,6.616829531417506,3.432049333035662,2.6919734878687547,0.04821858017394558,0.5483653378628481,0.5570043021464496,0.7286271177930814,0.5420276388628589,0.2847015528293737,0.28947991412391205,6.588678002360907,3.338914191042603
m25_h3_q3_d8_l50,3,3,25,mom12_1+vol6+size,8,50,0.6173465192261065,0.5260039352426463,0.6195752355586215,0.54349448482557,0.04342090054721725,0.160883894364433,0.460577615854314,0.5002433270208597,0.6763326389203177,4.399994723322696,2.484185855650983,0.43928439426422583,0.07091914905497182,0.5545387684930464,0.39136534744811485,0.6213829804552129,0.29686962034976044,0.293547615903741,0.34364069928994434,4.629076646122176,2.4004732815052683
m26_h3_q3_d2_l1,3,3,26,mom3+vol6+size,2,1,0.5848367460894737,0.4701607556916293,0.7136983452806719,0.5478178650168335,0.05580807169720945,0.34423948770891566,0.6724073578249945,0.4082648952467054,0.5769912284271174,3.384445709923913,1.7757528226406205,0.6537600213170892,0.5175664324615751,0.5520703957779558,0.589205474050902,0.6454069162834837,0.3915104485081104,0.27563285601762244,0.3287939365448038,3.342313388594725,1.6914512516257787
m26_h3_q3_d2_l50,3,3,26,mom3+vol6+size,2,50,0.5810194722364926,0.34855345041521313,0.6122016440631987,0.5467355010848365,0.05544471945082184,0.3366693626334654,0.6358072844855052,0.3794927525866453,0.5673680892458679,3.378394999302518,1.7665114179308814,0.4199765920769426,0.43048126689268523,0.5494142068383807,0.5672176822274859,0.6481573249051981,0.40797472066516927,0.2625215502191751,0.32374762134358503,3.3333916580294134,1.6757183297830736
m26_h3_q3_d4_l1,3,3,26,mom3+vol6+size,4,1,0.6144647367371033,0.6663888799084591,0.7315052335653416,0.549855430484274,0.055284148791675466,0.31751257896639296,0.6559674114408557,0.37571273778477343,0.5746030121584127,3.8617463212746643,1.868616533887846,0.7097908006672017,0.477590264993734,0.5564254751669871,0.5736065091032304,0.6699589080857685,0.4424488638006342,0.1993618226940166,0.31822124206745583,3.732069138264799,1.9344788369688133
m26_h3_q3_d4_l50,3,3,26,mom3+vol6+size,4,50,0.5968203890491135,0.5049944187314458,0.6878091863309028,0.5455649005787867,0.048263228531659014,0.24692829640078975,0.6019998183200447,0.41135521540912834,0.5958278754981141,3.842004540150714,2.031061932265977,0.5907423890169411,0.34551123423268054,0.5515559566600762,0.42142209764348193,0.5975282718464806,0.2651250670528484,0.2779382692527522,0.33568666358960453,3.5975105135246066,1.9400866464071518
m26_h3_q3_d8_l1,3,3,26,mom3+vol6+size,8,1,0.759655370124523,2.5177662672417207,1.292196054648177,0.5332916805838845,0.03567658120023447,0.29358778398504987,0.5981704335125241,0.3236697520358348,0.5776621282804731,6.839636114467019,3.501303028559208,2.2509238640628997,0.3076507649747978,0.5411419097476137,0.27691742600143626,0.6129287735041288,0.10632145255026713,0.18480835492804681,0.3005719471407473,6.695818956525624,3.400491422323434
m26_h3_q3_d8_l50,3,3,26,mom3+vol6+size,8,50,0.6128409435788924,0.7425834230475935,0.7607814474536303,0.5459049893437912,0.04714559873875275,0.21242268135391282,0.5896972006483097,0.4163313530047644,0.5931370261684576,4.422104629933635,2.397414263827329,0.7962724354874975,0.3185793019883595,0.5481536617231502,0.3525876995839524,0.5706383071125787,0.17542436549675128,0.27039216471966787,0.33612023024316606,4.425574177223416,2.3285926043738683
m27_h3_q3_d2_l1,3,3,27,mom12_1+mom3+vol6+size,2,1,0.5871746267501078,0.40350361133240575,0.6455207979808609,0.5460481176856896,0.052078171334013684,0.2868089053049874,0.5746061980817444,0.3949787568120535,0.604865310386089,3.35518265067469,1.6749751646731152,0.4871918096645509,0.2944176358834931,0.5530862155466049,0.5050797356888398,0.639250539117063,0.35579485265577093,0.267297326585511,0.3172750144122408,3.222918510904548,1.6802363316861129
m27_h3_q3_d2_l50,3,3,27,mom12_1+mom3+vol6+size,2,50,0.5845020264034348,0.37109840274162054,0.5959494618834704,0.5451916789449025,0.05149332490034707,0.19431101058157615,0.5094865500337459,0.4710288284411094,0.6583173566233873,3.3133842764413295,1.6814560870915896,0.3827207880156447,0.15704223494481107,0.5523807358913742,0.477025878992996,0.6051432863362662,0.2607928378977211,0.2749093175109697,0.34150244938061536,3.2547836349835055,1.7250631971428092
m27_h3_q3_d4_l1,3,3,27,mom12_1+mom3+vol6+size,4,1,0.6260768535614797,0.8674155189856766,0.8943405909416801,0.5433014805659122,0.04634391248799773,0.19721201675258973,0.573995306074816,0.34393552499985713,0.5688463232382507,4.2617934435915945,2.4440629242303724,1.1348049416062282,0.27533939860476775,0.5581851439139804,0.37293463594040005,0.653629340777676,0.38983134888084264,0.2913014525356499,0.3272572544988346,3.995278052819689,2.102561854156434
m27_h3_q3_d4_l50,3,3,27,mom12_1+mom3+vol6+size,4,50,0.6062421335928576,0.601454589607998,0.6983561295951767,0.544493698679376,0.04955312105531859,0.1159560482448045,0.4815504543290894,0.46599439973087486,0.6575374256600282,4.16146566546286,2.2879599072575467,0.6317536804380443,0.0902024073812862,0.5548550735852682,0.3582946474965478,0.6108557054743821,0.2638110688507818,0.2531717459416267,0.32634529720921157,3.8222412571729043,2.1170041627516563
m27_h3_q3_d8_l1,3,3,27,mom12_1+mom3+vol6+size,8,1,0.7931916970302211,3.093979354123286,1.5891237608981594,0.5388300268284398,0.03523351707167435,0.1454912880941382,0.6470337873888219,0.33698658936786374,0.5651191402909779,6.924903327843789,3.5750327290405934,3.1354391245805737,0.4490658486417764,0.5431419510188183,0.2752211815614814,0.6310475709941126,0.24232017171814524,0.23245276064294174,0.28415106175171456,7.108197334164117,3.853096868728527
m27_h3_q3_d8_l50,3,3,27,mom12_1+mom3+vol6+size,8,50,0.6325240577125124,0.7868599260808006,0.776561327392559,0.5464878876404368,0.0466581273254331,0.14482720019203654,0.4692599905900152,0.5107531822010485,0.6835842430984906,4.922424866527346,2.7485673970712945,0.8264602208884667,0.06966945612841702,0.5500142514628708,0.1738191919574551,0.5324091583399806,0.06271836891354117,0.3140530406439025,0.33973318518374396,4.864588792733713,2.744535803105946
m28_h3_q3_d2_l1,3,3,28,rev1+vol6+size,2,1,0.5834265151116966,0.3834157522026591,0.6057978817542767,0.5470989736016516,0.051509124933498365,0.1885960459433814,0.5338320570876324,0.5037122961134195,0.6658107035070341,3.390085069327976,1.6697096951016253,0.38957297646775574,0.21732719222609,0.5547331945589076,0.5402386803517543,0.6225214327976142,0.3247732061880428,0.25651143549669564,0.3225912160219341,3.1553114881461743,1.5754202510123636
m28_h3_q3_d2_l50,3,3,28,rev1+vol6+size,2,50,0.579795675461218,0.3519895987625587,0.5797170020438203,0.5470214751855299,0.05226315630625446,0.11621237652983361,0.4710964924079952,0.5404335533968887,0.6808852876068863,3.2758057261967024,1.6532737948411604,0.3415168098882265,0.06912485472896078,0.5524532829308746,0.5389941562486765,0.621004962233173,0.3283817718573903,0.271238739362306,0.3238593260696637,3.239699205692186,1.6064198167760932
m28_h3_q3_d4_l1,3,3,28,rev1+vol6+size,4,1,0.612345646044317,0.7640205400166807,0.799151139411212,0.5495864113697877,0.04985746044646579,0.19003614448811368,0.551123319913268,0.38333943255795777,0.6192122728984384,4.137481423850207,2.0892736947601334,0.8826688057033675,0.22672924009755022,0.555277942217734,0.5736342763026613,0.6930310080101318,0.49986395251521254,0.26112418441281227,0.3217434163370313,3.8438167655501623,2.0835438001008604
m28_h3_q3_d4_l50,3,3,28,rev1+vol6+size,4,50,0.595354630491508,0.5582118988827368,0.6792644554354752,0.5473698295063104,0.04566068676367389,0.13951885045923826,0.4895118161497547,0.48661863377993975,0.6577392781226103,3.530449998188067,1.8176933807043802,0.5657015206293948,0.09059727711169824,0.5534371820021435,0.5689446479738486,0.6398741040650539,0.3549638254095734,0.24606167743719942,0.3116674880591557,3.6354661627303777,1.862947239377276
m28_h3_q3_d8_l1,3,3,28,rev1+vol6+size,8,1,0.759580132373229,2.375918121344913,1.359716236765479,0.5405080052967377,0.03170081628428766,0.1273330187557429,0.534100250833269,0.34968132700716104,0.5853845837089163,6.754308579577611,3.6416222888380623,2.3935905090490612,0.07035421501001925,0.5410322831101464,0.15726431130397084,0.6856586280373762,0.3173416773107445,0.2244731266705291,0.285533354137794,6.800508102082365,3.554204778577009
m28_h3_q3_d8_l50,3,3,28,rev1+vol6+size,8,50,0.6112602443439579,0.6806974327100748,0.7302128421568188,0.5448746207028294,0.04188368202055016,0.10318030191869647,0.446239406863878,0.4738577027478711,0.675813644771459,4.125563707100991,2.1414081225585986,0.6704081090019421,-0.02651355103610481,0.5553535523544578,0.39389155097592465,0.6291092646933154,0.3157955370812699,0.247289704108554,0.3223663528796358,4.264806452456142,2.2791167365258675
m29_h3_q3_d2_l1,3,3,29,mom12_1+rev1+vol6+size,2,1,0.5863650968044938,0.3971883088856847,0.6294374243718966,0.5457699146203411,0.05087311835051204,0.17748399373162038,0.4968706127029883,0.474931967055104,0.6652915975366762,3.3285148861144926,1.611828894220502,0.4430366403323677,0.11992501822098302,0.5545316750047398,0.568268501728307,0.6645779565066267,0.4271573207448462,0.2492803169048584,0.32027190386191395,3.3058603215618603,1.6950924764564728
m29_h3_q3_d2_l50,3,3,29,mom12_1+rev1+vol6+size,2,50,0.584882453906457,0.3397579943543074,0.573103215350674,0.5446651559773956,0.05032079626048184,0.14669624574791273,0.4833824983350765,0.5013828343057155,0.6833352757744515,3.4534631187737195,1.7215414389398618,0.32750519123362826,0.1071774238548638,0.5537881484576822,0.5779342536986145,0.6702396787106526,0.44403162124743295,0.23985133439522943,0.3225308195286777,3.1621725304795496,1.6659625807478942
m29_h3_q3_d4_l1,3,3,29,mom12_1+rev1+vol6+size,4,1,0.6241622117440407,0.8085347082418212,0.8295421069795743,0.5463377653667278,0.045429458623128464,0.20925007044394212,0.5539202856962826,0.4512024492738814,0.6471188275300687,4.2969561384620505,2.4080402540866555,0.9796618733992918,0.24367697105306094,0.5587442397650637,0.41194587810709554,0.6585091867129899,0.3775358471421883,0.25707595647716686,0.31822124206745583,3.837339802307092,2.015574317692605
m29_h3_q3_d4_l50,3,3,29,mom12_1+rev1+vol6+size,4,50,0.6067355236914849,0.6425840835527343,0.7457155977610801,0.5442023554997171,0.04585795389947813,0.21331157589801886,0.5178650997480423,0.4394262184477449,0.6656470187154717,4.258501614993016,2.3273488407297176,0.7237366667719092,0.19015505269887562,0.5553024469955208,0.383619350383444,0.6512055868958924,0.37971835025879164,0.3022077782586847,0.341771689268457,3.675475719507797,2.0216697190817396
m29_h3_q3_d8_l1,3,3,29,mom12_1+rev1+vol6+size,8,1,0.7881074618329131,2.834438911901819,1.5733613367018826,0.5362597922109924,0.030299085421255843,-0.26290142064050886,0.4227873912543684,0.4934102850773655,0.6861722139108333,6.794882438261886,3.681775902921339,3.005180574655155,-0.16498054270644677,0.5440392772896168,0.42941537546023806,0.6281720282521558,0.16710792035225247,0.2370947523668837,0.3025132560247201,7.053687496170062,3.5446733629077167
m29_h3_q3_d8_l50,3,3,29,mom12_1+rev1+vol6+size,8,50,0.6307162323081783,0.7307762685505554,0.7750916473759628,0.544280842956701,0.04426520185011913,0.15427414489887842,0.5211445178665655,0.4722870152386056,0.6746576033944388,4.630735106171485,2.5875961671946364,0.8210125428901195,0.17320861831267426,0.556800140322096,0.420424248818383,0.6441919639905499,0.3416700089402376,0.2756930339014979,0.34879037454046447,4.583292556156153,2.4690151873061623
m30_h3_q3_d2_l1,3,3,30,mom3+rev1+vol6+size,2,1,0.5872969852339025,0.5059430541744522,0.7070954553658918,0.5494004010419404,0.051604197674669124,0.29980986500788953,0.6234916409430891,0.40215062998791695,0.6090862991440662,3.1780923734286426,1.5095357165653935,0.6296595088948272,0.4254263671365755,0.5552890660971241,0.5527136585274509,0.6384255100921433,0.35595691696729037,0.25350310347637306,0.32173232476988567,3.0813330449293286,1.581718496762607
m30_h3_q3_d2_l50,3,3,30,mom3+rev1+vol6+size,2,50,0.5846183799962812,0.4848912426686365,0.6688741637946338,0.5470527712642372,0.051645901476392204,0.26714831890235147,0.5986556249846546,0.42982950548277044,0.6203355943897457,3.3534893906847008,1.6507830916380974,0.5485147384524302,0.3628812417032629,0.5538361907193958,0.4462444074139336,0.5969972796706976,0.23897938781251757,0.2676071495218878,0.32375299595875784,3.327696665971147,1.7146674718999058
m30_h3_q3_d4_l1,3,3,30,mom3+rev1+vol6+size,4,1,0.6201529226722641,0.7729300978561847,0.7720530860349238,0.5483479909189094,0.046911957254001865,0.3705612062849461,0.6486822417845246,0.355485024241057,0.547020403242422,4.408453980231517,2.265951473052697,0.7611908349862514,0.44714552814679787,0.5571077397695777,0.5081897642062633,0.6880615759909481,0.48123587824369274,0.2649824307554317,0.33125029427010866,3.8430462523542226,2.001796578382857
m30_h3_q3_d4_l50,3,3,30,mom3+rev1+vol6+size,4,50,0.6016543969083148,0.5725539485170213,0.7033196097887708,0.5449234369339507,0.04515387925079361,0.25870505604131394,0.5603993180274459,0.3895555576130707,0.6095508701735682,4.045888294786792,2.1570292223907965,0.6048499444038551,0.26103608721146254,0.5532030968880222,0.4882770187183192,0.6792493159594304,0.4585059208935446,0.26291008617089007,0.3306953664290957,3.594694982753774,2.1387699643637252
m30_h3_q3_d8_l1,3,3,30,mom3+rev1+vol6+size,8,1,0.7795800928115946,2.7037175310362542,1.4531561095084622,0.5377243497904081,0.029762852562383375,0.2987757085352758,0.6177403784831254,0.32785473205276794,0.5438117966467549,6.872435989150326,3.568368097084908,2.554132712914901,0.33058365320868927,0.5370805652607373,0.4437996980857166,0.7104956750889881,0.5013556194224797,0.21508425818168364,0.30017920639109597,6.879811761155169,3.4994407844095097
m30_h3_q3_d8_l50,3,3,30,mom3+rev1+vol6+size,8,50,0.6228790018712653,0.7911301314223426,0.7668688327282828,0.5423861938938312,0.03919426494448494,0.27331151721880503,0.5940975036034067,0.39483915421210913,0.6092951760663917,4.63964995073811,2.5871124956504534,0.7400752238935204,0.3531514736137125,0.5496682826922754,0.371862280522313,0.6584391133020505,0.3867020199269523,0.2891481728955234,0.3140681182889249,4.528514843250564,2.4277357576629637
m31_h3_q3_d2_l1,3,3,31,mom12_1+mom3+rev1+vol6+size,2,1,0.5856192187029322,0.43799228918070665,0.6555805946986004,0.5461050581810352,0.04853134651104221,0.29604899554973796,0.6229657983060799,0.4043736277376708,0.601753199039399,3.46631556568255,1.7885849496181565,0.5212640021527329,0.42544729220979943,0.5536972228348417,0.5164598228677121,0.6251998602098899,0.33757880134091306,0.28242239244162526,0.3232862669694291,3.1776129969423277,1.7004886252828575
m31_h3_q3_d2_l50,3,3,31,mom12_1+mom3+rev1+vol6+size,2,50,0.5833944419294548,0.33390405740771845,0.5934865726378014,0.5447184935381721,0.049186959580297875,0.23738322057760286,0.5893071194335271,0.37788225303727907,0.5942531409182162,3.609084136712766,1.856638401528351,0.39144672437980316,0.3343640299078709,0.5507948576078951,0.4513999613966935,0.6026234201027857,0.2715251375546572,0.2727150481481466,0.32374762134358503,3.341334160561414,1.6901551041835179
m31_h3_q3_d4_l1,3,3,31,mom12_1+mom3+rev1+vol6+size,4,1,0.6300369025274798,0.72097443202267,0.769917261020064,0.5473134541771717,0.04939305738175234,0.34764696307497284,0.6475025492004308,0.3592898258318775,0.5838604280834638,4.540842802151828,2.524419120273876,0.805185341723865,0.47760430018195055,0.5531869753236888,0.42936243325614104,0.6574020417989037,0.3932605077662008,0.307937547227915,0.34525349241050707,3.9897302508342887,2.0184642884453017
m31_h3_q3_d4_l50,3,3,31,mom12_1+mom3+rev1+vol6+size,4,50,0.609211516843931,0.5970272470902375,0.7183305791610242,0.5451254838529189,0.046095491214887825,0.2735611754403286,0.5769559328802177,0.41511737974322893,0.6077809646908345,4.352251105812904,2.31141092133678,0.6395473331934876,0.29963559039458826,0.5525767741136687,0.33523630584380654,0.6117256978118115,0.26655122447659163,0.3053388133448195,0.35266471762314955,3.795349809227169,2.0895374841443575
m31_h3_q3_d8_l1,3,3,31,mom12_1+mom3+rev1+vol6+size,8,1,0.8028007941715539,2.909649927684506,1.5915930585888163,0.5401433318017329,0.0403911421337417,0.23101066201054682,0.616334350894417,0.29564796146096217,0.5527250505405393,6.708007174174011,3.4537187040760196,3.0832889763995204,0.3474126774105449,0.5487003439696967,0.35618167539964635,0.6724179863838593,0.3427388332033297,0.2690857577571051,0.3259227558660337,6.690281134590885,3.4467628956972223
m31_h3_q3_d8_l50,3,3,31,mom12_1+mom3+rev1+vol6+size,8,50,0.6336111549114921,0.7670269928617036,0.7594351035830161,0.5451434278799882,0.04384639656095038,0.23579547167633982,0.5709535343250136,0.4092677924881132,0.5861378840989739,4.743168051101178,2.604096198081116,0.7791276181720072,0.24419031386276902,0.5528898548930238,0.3062751810196727,0.5835861586505228,0.19892885102021304,0.3403809911129393,0.37055322505825194,4.892754834716595,2.561063376892456
m01_h3_q5_d2_l1,3,5,1,mom12_1,2,1,0.5544674295774649,0.06753352055557484,0.40660953937342226,0.5191372154582424,0.04383281959506844,-0.14174548978704177,0.35180263188356325,0.6197675820660469,0.7087091262818281,9.547956429133114,4.398405812049848,0.04664496809349751,-0.08858339455125709,0.5157912234042553,0.09833940783152705,0.4158725945524033,-0.10292156270190668,0.37133753471780917,0.44428399277215724,8.993655784577873,3.8303084801288576
m01_h3_q5_d2_l50,3,5,1,mom12_1,2,50,0.5538072183098591,-0.020700153400572126,0.3426166456416191,0.5168175647193016,0.04171483799379308,-0.22803040502734384,0.3252465003324935,0.6697881812909621,0.7087091262818281,9.64451401386309,4.303040624097519,-0.0823236064014474,-0.1332053259225121,0.5142536569148936,0.016702097888973144,0.37595432454938577,-0.2493900730743044,0.3804412029383778,0.405498603167034,8.894397562020814,3.7310502575717956
m01_h3_q5_d4_l1,3,5,1,mom12_1,4,1,0.5697898327464789,0.17487421892288316,0.4445613541845277,0.5163603761654434,0.04175751470302486,-0.20138770299069095,0.36760708235140804,0.5884159528115972,0.6951671064229568,10.27644719216575,4.590092544624199,0.09870034630293315,-0.060432441681370595,0.5162483377659575,0.23331435203725934,0.4520734080601905,-0.05844817568037471,0.3546053125566918,0.4129509296939182,9.482101624210207,4.333171953781248
m01_h3_q5_d4_l50,3,5,1,mom12_1,4,50,0.5628851232394366,0.16534974024147608,0.5022014198106957,0.5165172925758779,0.04077836083730785,-0.2944555246937249,0.2831833171195725,0.6744178285623676,0.7075855374755657,10.218639321034154,4.521710370929952,0.1999560059119118,-0.22043689081380666,0.5125498670212766,0.1016065708212526,0.4433646158598962,-0.0574263587243549,0.3901584741105797,0.3797754580665321,9.892581018010535,4.732090266227058
m01_h3_q5_d8_l1,3,5,1,mom12_1,8,1,0.5746038732394366,0.22415104942605274,0.5438327391332825,0.5184975389307677,0.035450034669287665,-0.23810109551424274,0.35864325768623395,0.5708747791743817,0.660343859367557,10.918294459611898,5.07296508041632,0.2537319855711745,-0.122453223158419,0.5156665558510638,0.14297014082319798,0.48304693861803083,-0.0889153548463073,0.43700035950753835,0.42201062917092413,11.11797903269564,5.423837457977589
m01_h3_q5_d8_l50,3,5,1,mom12_1,8,50,0.5653609154929577,0.17934691810662742,0.5022014198106957,0.5174223709333465,0.04014850265360902,-0.19414885520462744,0.3429144944720131,0.5904258451397246,0.6881692035087019,10.517266797194543,4.667562095219664,0.1999560059119118,-0.1123699528094306,0.5119680851063828,0.11353713313859068,0.4433646158598962,-0.0574263587243549,0.4110907369349134,0.3797754580665321,10.22970001369768,4.732090266227058
m02_h3_q5_d2_l1,3,5,2,mom3,2,1,0.551909110915493,-0.20179445461720782,0.26457493340755955,0.5220163410037691,0.030570454710349415,-0.31095564997666286,0.24261284619584364,0.6955422281763151,0.6966749527737994,12.47183703318712,6.3236686494091146,-0.231703416926652,-0.33599706234574794,0.4814245345744681,0.12337376768746904,0.5542879373906607,0.12132557566790778,0.4252615524532046,0.3262825571248904,12.74308263452932,6.430582634529323
m02_h3_q5_d2_l50,3,5,2,mom3,2,50,0.549075704225352,-0.27980619119139416,0.20945600892323898,0.5229956156392581,0.027931521632572107,-0.3027466645091966,0.25591542303103787,0.7042822040206471,0.6966749527737994,12.32293548399358,6.299953045366621,-0.3414847278608852,-0.30489989203741047,0.4808219747340426,0.05294304821874703,0.5079868629430763,0.008403167436572477,0.4531498173969988,0.29584787646340416,12.64048780974047,6.327987809740469
m02_h3_q5_d4_l1,3,5,2,mom3,4,1,0.5619498239436619,-0.015633630901451635,0.2759668504041001,0.5170415096211068,0.030401043414080113,-0.3601743893601751,0.29036506449719474,0.7631216294668491,0.6804330269254201,12.615594225264692,6.397091353682683,-0.2687972867233905,-0.2599751848225703,0.47955452127659576,0.18860163023831214,0.5239390507952277,0.018161956582583783,0.33748267938151066,0.2971200860345151,12.318305124897352,6.28697898711929
m02_h3_q5_d4_l50,3,5,2,mom3,4,50,0.5559804137323944,-0.10514543993847224,0.26457493340755955,0.5203481839540766,0.028682912465325183,-0.26297405180633737,0.3107323272624972,0.713229418305934,0.6706769572428393,12.600200330762911,6.383227689441926,-0.231703416926652,-0.21584970949447235,0.47905585106382975,0.19213568067731374,0.5542879373906607,0.12132557566790778,0.3766283236707614,0.3262825571248904,12.399591191298875,6.430582634529323
m02_h3_q5_d8_l1,3,5,2,mom3,8,1,0.5666263204225352,0.1544662920452681,0.5170110885306183,0.5115312252033327,0.02563726281425308,-0.20017823763188422,0.41990840451646133,0.6681922969171151,0.5877626402728195,12.900510678380067,6.555259155942064,0.12297006500672983,-0.08353125506734402,0.47992852393617025,0.05961308442689148,0.5797970657175171,-0.08232652484977922,0.2767926102823026,0.2601348941824998,12.705227852517902,6.416461121961214
m02_h3_q5_d8_l50,3,5,2,mom3,8,50,0.559143926056338,-0.07373082170081384,0.2759668504041001,0.5182183826993653,0.030770355325467635,-0.28734881674798324,0.3126293493822458,0.7439197489044131,0.6706769572428393,12.540658589840405,6.339631718051141,-0.2687972867233905,-0.211221947478789,0.47652094414893614,0.10034844042419654,0.5239390507952277,0.018161956582583783,0.4596403568721463,0.2971200860345151,12.287226548560056,6.28697898711929
m03_h3_q5_d2_l1,3,5,3,mom12_1+mom3,2,1,0.5674176828134299,-0.0103284767323879,0.3091307250097374,0.535501756688901,0.03740229042537736,-0.0749380767134144,0.27156284815248083,0.6039508798462468,0.7462883021402233,10.44643702170453,4.732317633890358,-0.12928544407543333,-0.18838137016511025,0.5006960605053191,0.13253204203471272,0.5059600991952098,0.06341044914920708,0.3816423397199109,0.36407832799165873,10.556023546490746,4.833382397493818
m03_h3_q5_d2_l50,3,5,3,mom12_1+mom3,2,50,0.5650465983621802,-0.020660784860159483,0.3146508330248911,0.5357169840123488,0.03559960819801864,-0.08921325512084392,0.2360492564953066,0.6125571459138337,0.7457513951612894,10.489856588939125,4.651325346387015,-0.08566408756636974,-0.24205544566343057,0.5006469892343821,0.1292993946611441,0.4828603920550032,0.04279189671161005,0.3404635395535047,0.39679222879168397,10.12190610320597,4.490798316844632
m03_h3_q5_d4_l1,3,5,3,mom12_1+mom3,4,1,0.6022378217367585,0.26435612958796867,0.48632581614517767,0.5323496740788038,0.03643186550477306,-0.06396157303437093,0.3295398886284985,0.5793873198185016,0.7007674695830043,11.002517485202594,5.24390489138534,0.20478238357697365,-0.11952523535502166,0.5004867339576732,-0.05792387360610011,0.5317194169297962,0.011244543676019842,0.34544113691919576,0.31085430501522304,10.258910543711444,5.090486447552668
m03_h3_q5_d4_l50,3,5,3,mom12_1+mom3,4,50,0.584833660855981,0.06712970722540436,0.36674468960049283,0.5340513453741818,0.03819841863218212,-0.21797797256625592,0.19911488361831206,0.7019189760579286,0.7415223206870788,10.853312124978947,5.034325959399378,-0.035779155475050416,-0.36351306832854013,0.4988311311679493,0.002056167364230215,0.48616937641490887,-0.0006481352312606482,0.3436140888813586,0.4002735587275852,10.475281014397943,5.184456240811585
m03_h3_q5_d8_l1,3,5,3,mom12_1+mom3,8,1,0.7335495421915295,1.1982267198484233,0.8748314807316661,0.516952493459879,0.03579070214031238,-0.0033541468152944102,0.3426025537044581,0.4279664690001971,0.6315002641159095,11.865823675169702,5.903471313904203,0.9030791828580929,-0.19028779770588275,0.5026140398653236,0.10025173231655163,0.6287774904029153,0.23316202474756295,0.3477176699932668,0.3513868908340718,11.559986760669407,5.920894143343592
m03_h3_q5_d8_l50,3,5,3,mom12_1+mom3,8,50,0.601146574650367,0.06336056942559462,0.3727619221522705,0.5305184014518448,0.04073528289897162,-0.27677935324085473,0.2619613552892985,0.7356834270686071,0.7390329004276343,10.868306951039797,5.231992990468494,-0.00965787165933746,-0.2470954809568819,0.49816999526086464,-0.0692407088649061,0.42959258793263694,-0.10422245788308805,0.3730796682921472,0.4091615812044257,10.738526047522214,5.31300282155791
m04_h3_q5_d2_l1,3,5,4,rev1,2,1,0.5455545774647887,-0.021204340162747415,0.4785956367062974,0.5091491953481452,0.015517026844822918,-0.14958058795486978,0.42477164888939684,0.5379674320483386,0.6899994288939417,12.455944262353627,6.144335741080945,0.11705901038751784,0.023966433609663242,0.5135056515957447,-0.2850879757241152,0.556675616064661,0.14445075025501264,0.42891946759483557,0.4113836267006734,12.688817860490282,6.180818180759457
m04_h3_q5_d2_l50,3,5,4,rev1,2,50,0.5433538732394366,-0.021204340162747415,0.4785956367062974,0.5127214652350724,0.012720738760006579,-0.10135391104573513,0.3926380438450784,0.4664143166498641,0.6715872137101462,12.498685539056387,6.164512640404891,0.11705901038751784,-0.07307422763080089,0.5139212101063829,-0.2850879757241152,0.556675616064661,0.14445075025501264,0.42891946759483557,0.4113836267006734,12.688817860490282,6.180818180759457
m04_h3_q5_d4_l1,3,5,4,rev1,4,1,0.5580985915492959,0.07785295051424991,0.4822613063262714,0.5084645748611387,0.022349905306217138,-0.23547227932693765,0.4064737856783866,0.5438855488798087,0.6623440047981329,12.741517889828751,6.2727097586784515,0.06439237405206669,-0.12338898268528685,0.521235039893617,-0.09185109104086568,0.6487990304892945,0.21929207601776016,0.25959913745248886,0.23406020164917019,12.160443284295061,5.971884698692436
m04_h3_q5_d4_l50,3,5,4,rev1,4,50,0.5536146566901409,-0.060726486575187186,0.40328562672958884,0.5161476672535211,0.021166265943286362,-0.07214268122714139,0.4197338749851773,0.47042081091982124,0.671456543524444,12.791806157886432,6.347514219172889,-0.1454045985524376,-0.0411555717932282,0.5210272606382979,-0.03254328378521383,0.6740475697994978,0.2613386552871283,0.26775580796444887,0.2567195455734459,12.33423317842802,6.145674592825394
m04_h3_q5_d8_l1,3,5,4,rev1,8,1,0.5628576144366196,0.0497143551155454,0.4915370044540064,0.5097574885935332,0.021456736083367352,-0.0693522863450447,0.5281811759771223,0.43801477220514795,0.5944887543148203,12.762065540014873,6.416892409409265,0.07644815184776303,0.0864223935233794,0.5198221409574468,-0.07192174634315734,0.5406423145961744,-0.2604771434216346,0.32098932230703736,0.19779236092503005,12.834944970992566,6.2074467539744
m04_h3_q5_d8_l50,3,5,4,rev1,8,50,0.5556503080985916,0.1662015792084877,0.4626577652247393,0.5141786568885142,0.022247762948700314,0.006073168121482525,0.4404811678974823,0.4788519743823504,0.6608280524416401,12.787162927554059,6.484150069235803,-0.015304909083623332,-0.013689527099571655,0.5222739361702128,0.20305348690551103,0.7407838459776103,0.4007866422721871,0.19701372173335807,0.22598521644843983,12.35497959813284,6.041112092529257
m05_h3_q5_d2_l1,3,5,5,mom12_1+rev1,2,1,0.5665402101207598,0.0492851277268052,0.3740239182653606,0.5256958371044932,0.052218273888036085,-0.17965376602794328,0.3370454510891823,0.6807788008131814,0.724919789660535,9.503640726413225,4.276156831464605,0.03237088578459723,-0.07874943635142137,0.5161729625254641,0.009138215589985548,0.44701696509225686,-0.004553875351774641,0.429173125801537,0.3899298770608628,8.896168101523852,3.949421284581397
m05_h3_q5_d2_l50,3,5,5,mom12_1+rev1,2,50,0.5637647268957052,0.07185276471723133,0.39108159231731215,0.5282414668468558,0.04440309698466328,-0.19660123500022275,0.32159230330078875,0.6726098426431535,0.7284387216266217,9.587316710855616,4.1305487404354215,0.06332596568206057,-0.09165474156025215,0.514280402967972,-0.010264743105706266,0.4492511267208407,0.005415816165604189,0.41268486013422423,0.4005392824148204,8.617998441893572,3.8961931255833937
m05_h3_q5_d4_l1,3,5,5,mom12_1+rev1,4,1,0.6004737713251339,0.22801187538593382,0.5100753456190713,0.5220218621367289,0.04903481032727653,-0.10805180525077415,0.3948457334942073,0.5737485465318932,0.6637602878996812,10.361211256910268,4.939896845430143,0.23261085404971354,-0.00927269707411777,0.5234905500226348,0.2835671391292258,0.6290159885781493,0.3037214145278691,0.30951802196604594,0.34566460892524087,9.918860570177086,4.846700476698189
m05_h3_q5_d4_l50,3,5,5,mom12_1+rev1,4,50,0.5833462482642332,0.0971112877129593,0.40081586274523595,0.5284958264109303,0.040099368904182836,-0.23291859489282052,0.3124021459519777,0.6986575012090379,0.7241026945946806,9.901741385216953,4.502096602052859,0.0641099640474239,-0.13820916479846818,0.5232549195054323,0.041705884853970386,0.4204687937778171,-0.09893080615635269,0.40707460738412504,0.4364029919698781,9.360895627542352,4.299651844523782
m05_h3_q5_d8_l1,3,5,5,mom12_1+rev1,8,1,0.7363480785682404,1.555991457168925,1.2074896964267063,0.4968063635997322,0.03183540507387015,-0.16279168099476266,0.4446696592057077,0.33309819407762586,0.6189607214667491,11.909284684389108,5.837254764160008,1.455577825950039,-0.06877767667644126,0.5279312790006789,0.7145732771873388,0.6955055736342453,0.3517460713586876,0.24136367487427257,0.33409772600098386,11.923814563804143,5.7536931072785045
m05_h3_q5_d8_l50,3,5,5,mom12_1+rev1,8,50,0.6006440546890498,0.13785184332019987,0.433127560647714,0.5274394496379686,0.036687893717390056,-0.08144372195314689,0.3201220707057312,0.6183455983749386,0.7232254889187169,10.48856264573444,4.632633335690078,0.08938157686012084,-0.11604708014195418,0.5258039730930285,0.27094684325499785,0.483898327340414,0.05171216639701791,0.3080004330467899,0.4328515729634138,10.108320195616194,4.651836675567386
m06_h3_q5_d2_l1,3,5,6,mom3+rev1,2,1,0.5622450592640349,-0.10060479111649988,0.31513516508853856,0.5335990967813926,0.023671112849494955,-0.04632275612669863,0.33168024937882334,0.5178101582540748,0.7149264430037243,12.60917410932457,6.356638180431557,-0.15948617935058096,-0.12196371320374204,0.49604092101912634,-0.1574401553578224,0.5084702005164708,0.009485417155790059,0.4705575515688386,0.31491878038254795,12.558117996306876,6.337387168078346
m06_h3_q5_d2_l50,3,5,6,mom3+rev1,2,50,0.5592421441058322,0.020832898176563995,0.3645112857259651,0.5342259875272763,0.02144012707535274,-0.07866100857633584,0.3050639498117525,0.5098659216916173,0.7076431043899452,12.473908858878508,6.283896765355049,-0.050391622583534385,-0.17434460360146753,0.4965833575005658,-0.2178599873163928,0.4908621085377745,-0.02757859666093573,0.5301294187931747,0.303845704577964,12.702173389427834,6.386291150845091
m06_h3_q5_d4_l1,3,5,6,mom3+rev1,4,1,0.5936244668716524,0.20660750370661082,0.42514863923047197,0.525947775119024,0.019625596231336608,-0.07858174237089718,0.39846912048930977,0.43410433624560274,0.5821639681885223,12.553448408780753,6.320381417988995,0.0037269086010457285,-0.06734276353917473,0.5004162216359213,-0.0498385365771859,0.594099292915141,0.1806781912638495,0.455755173327836,0.27654221784568045,12.426608434770342,6.2368428256591315
m06_h3_q5_d4_l50,3,5,6,mom3+rev1,4,50,0.5770734663261258,0.1670588006225568,0.4068259615924082,0.5317790601443166,0.01843171526854174,-0.0577078604475209,0.4584720909669284,0.5433673103396981,0.6217598745234343,12.653010110589321,6.500754498287795,-0.007049066763779785,0.05990759408142683,0.5007037969669533,0.005604086583469163,0.6205118551885332,0.23505644421320923,0.45197937276134514,0.2934928524770727,12.5329929834047,6.374338707573537
m06_h3_q5_d8_l1,3,5,6,mom3+rev1,8,1,0.7214782145779607,1.670732607917108,1.2826596527106626,0.4901518485915493,0.009714221804990283,-0.3948052405610527,0.3254990230390141,0.6249421417897874,0.6817737940552226,12.948276881137573,6.558234310601496,1.5948967048718488,-0.31166506754419415,0.4981806052653916,0.24402469853179887,0.6209532987936812,0.1796533052472748,0.28555930199888,0.28642487674829153,13.01459649853724,6.52978137196394
m06_h3_q5_d8_l50,3,5,6,mom3+rev1,8,50,0.5913512130219698,0.3235082824403863,0.5194096755802344,0.5266444064917675,0.016375698044296817,-0.05975837324257625,0.48374426098234047,0.5177492983840497,0.5918626433613088,12.86430054123723,6.565065818613834,0.1622817524979011,0.07848445671800587,0.5047422299400182,0.06262272228402635,0.6529558380086522,0.29352574625974265,0.3007733164612315,0.2735927699964156,12.74406616468428,6.513782675435699
m07_h3_q5_d2_l1,3,5,7,mom12_1+mom3+rev1,2,1,0.5729176998611387,0.071478820875592,0.37742978756999995,0.5375604612490081,0.04078956101985153,-0.10195379297774143,0.3232321668522394,0.6706882213811256,0.759424820953099,10.691304319550968,4.91690658923138,0.011843518127667227,-0.0851917847672923,0.5051051805115436,0.16079527856460135,0.555022827981398,0.20204203374760235,0.35966153807374646,0.3320007694947169,10.300885647562687,4.671851428236754
m07_h3_q5_d2_l50,3,5,7,mom12_1+mom3+rev1,2,50,0.5689417092342789,-0.0823895071861945,0.28081520119543724,0.5380029267816405,0.03782019087824661,-0.1203622468354127,0.28556882055769117,0.6874759436977467,0.7639559121743478,10.418792560353936,4.576921421716305,-0.14638079184422215,-0.14378295645732617,0.5039617314820054,0.07632225614588103,0.47769400120650085,0.013715655813554198,0.3620203788871086,0.37509544485497504,10.087419275071188,4.52097087802016
m07_h3_q5_d4_l1,3,5,7,mom12_1+mom3+rev1,4,1,0.6132099595814322,0.40192311997630864,0.5636436175320272,0.5336474309102857,0.03782970700147818,-0.05405969125563088,0.3151491017823844,0.5718123491053204,0.6923285946500404,11.244182688434755,5.199763585763656,0.3501734839730049,-0.14237245735311152,0.5073606906405613,-0.08560718017731128,0.46556761412036896,-0.0795720552831117,0.36575123962190026,0.3064787967779571,10.501244001154179,4.809262109581189
m07_h3_q5_d4_l50,3,5,7,mom12_1+mom3+rev1,4,50,0.590837747656715,0.24124811229482546,0.46507532278118724,0.5371042413149674,0.03695128558005772,-0.1416675827818722,0.27746422293038947,0.6006442348487415,0.7240583824220523,10.879870805568212,5.082364322778855,0.17131123297973885,-0.1901702282773124,0.5083834508686057,-0.20178918757295974,0.42614122284586736,-0.11174908197306216,0.40341909432124246,0.39532414114482717,10.118725100999006,4.799002282446199
m07_h3_q5_d8_l1,3,5,7,mom12_1+mom3+rev1,8,1,0.7813195469028962,1.4799740814098439,1.1660620082975717,0.5075807092776731,0.012597768485956971,-0.2346527403402073,0.42176432596789654,0.5768795975065195,0.6498045209077294,12.096361859042497,5.923357026521187,1.4207338077734906,0.012709917137534612,0.5159444053446129,0.16261798346612436,0.5504591522750065,0.1043200772519125,0.37060143032151505,0.32463559547598586,11.31476964255838,5.6914814730958625
m07_h3_q5_d8_l50,3,5,7,mom12_1+mom3+rev1,8,50,0.6116788622359155,0.360827507752778,0.5805067816278043,0.5325822396969848,0.03353632153916816,-0.23554060196959864,0.2867354568777458,0.6372447347179653,0.7350228340624372,11.114896881053049,5.338503059335774,0.347018798010486,-0.210418256793746,0.5105620384648031,-0.364473139438632,0.391159859544742,-0.29974358981192367,0.4989735472661332,0.3599533360849637,10.864533927791776,5.164640695387478
m08_h3_q5_d2_l1,3,5,8,vol6,2,1,0.5826914612676057,0.12164653833612127,0.4103857226229977,0.568097847649276,0.05264296364514911,0.12789185184137314,0.4279093033245348,0.6189634279665297,0.7612299119356803,5.8135540041199825,2.689258080950188,0.11701901275440682,0.14793531240767568,0.5784366688829786,0.4601532864257644,0.5697858202144647,0.2749365125022927,0.27264465891924083,0.32678340438296816,6.349384098308217,2.556117583967226
m08_h3_q5_d2_l50,3,5,8,vol6,2,50,0.5812472491197183,0.08775652527771323,0.38699549827497176,0.568508736175858,0.05098523616249754,0.10583889496607768,0.3901851641216407,0.6426735810131496,0.7660413284637482,6.063462556321068,2.626399377215726,0.0744704631459055,0.07865686826525194,0.5791223404255318,0.5327256652255716,0.558041200978169,0.2675507586836927,0.25983547537111074,0.33493799303626604,5.685137614361447,2.3193974565719104
m08_h3_q5_d4_l1,3,5,8,vol6,4,1,0.593474911971831,0.13493556853990576,0.4103857226229977,0.5618463753471533,0.04861012827742768,0.10886791136481518,0.39287081294061865,0.6110667752327463,0.7612299119356803,7.287065455261737,2.8173737149502833,0.11701901275440682,0.08067588942329418,0.5712267287234042,0.3200107404535069,0.5697858202144647,0.2749365125022927,0.2723191701500025,0.32678340438296816,7.253487600317422,2.556117583967226
m08_h3_q5_d4_l50,3,5,8,vol6,4,50,0.5913842429577464,0.11490189414968278,0.4103857226229977,0.5617349840681412,0.047240843748730596,0.12474659258098117,0.42131697402388635,0.6014502396936747,0.7590232242518582,7.443483618055385,2.9985227399961,0.11701901275440682,0.13347931023596857,0.5702709441489362,0.3394407102197393,0.5697858202144647,0.2749365125022927,0.31938266378327607,0.32678340438296816,7.083675422546302,2.556117583967226
m08_h3_q5_d8_l1,3,5,8,vol6,8,1,0.597903829225352,0.10732872054203048,0.4103857226229977,0.5586518671890498,0.04474912129067537,0.11475823660299932,0.378738676982849,0.6043323554137696,0.7612702604876084,8.331237380436486,3.4277335927889694,0.11701901275440682,0.053890743537255176,0.5649933510638298,0.22438080072966146,0.5697858202144647,0.2749365125022927,0.3422156444557152,0.32678340438296816,7.913406192404956,2.556117583967226
m08_h3_q5_d8_l50,3,5,8,vol6,8,50,0.5916318221830985,0.11529825231719405,0.425759895464657,0.5593649650986907,0.04562881318536977,0.11593720130140843,0.42131697402388635,0.6014502396936746,0.7590232242518582,7.488409172360837,2.9985227399961,0.1440223082322711,0.13347931023596857,0.5688996010638299,0.06281065278499699,0.4698860836897871,0.053069331076325714,0.3684564791314783,0.33160921115736675,7.355715393817356,2.8828053034463434
m09_h3_q5_d2_l1,3,5,9,mom12_1+vol6,2,1,0.593701665871107,0.12055100675773789,0.42519174233923546,0.5720869146436719,0.0477762555161513,0.06908874313343534,0.4296409150310773,0.6143962030084251,0.7684534658085399,6.172453588793872,2.5432341452686114,0.15206205612459658,0.16286564451877344,0.5692543730901992,0.17507722485774788,0.4741513168254775,0.10695371313961773,0.3974673870074349,0.3783394895683674,6.244520452629395,2.5560993166015002
m09_h3_q5_d2_l50,3,5,9,mom12_1+vol6,2,50,0.5920987937971136,0.13080605166690168,0.44371249556313525,0.5718036902090359,0.04754218441373209,0.08356734421667658,0.4542715465458842,0.6017892891356008,0.7415691698468139,6.222749401272117,2.5716724972535414,0.18617913314826465,0.20291888825563587,0.5694411533782255,0.15692263118373107,0.43541817949325007,0.023709628241115024,0.37234215202739773,0.3432902120922944,6.3111207370513505,2.555437307412217
m09_h3_q5_d4_l1,3,5,9,mom12_1+vol6,4,1,0.617522933042799,0.18806826529300144,0.44209229235702485,0.5708896036872644,0.04273208602827345,0.07491138432298358,0.40024684651382386,0.5942512694873356,0.7642165892156896,6.854933573773329,2.867705188367155,0.18276152452924502,0.10610547413489829,0.5671487292751245,0.33167307050564643,0.5173367709344012,0.18966561491160105,0.32889884905657296,0.37551653178530164,6.895245844468206,2.734849617123027
m09_h3_q5_d4_l50,3,5,9,mom12_1+vol6,4,50,0.6040905008616841,0.11688744967961716,0.4340954986977296,0.571720098318786,0.043610353762156925,0.03912945652741586,0.43907757406670966,0.5910408455152596,0.7415691698468139,6.62494513551317,2.662019438117217,0.1691385516262091,0.17408215553957304,0.5685165356920552,0.22276147613033984,0.4646035406430732,0.08223036485620891,0.3463913957889092,0.3453088552106056,6.5230383609979405,2.5610872706464702
m09_h3_q5_d8_l1,3,5,9,mom12_1+vol6,8,1,0.7374843664761456,1.0473915006373573,0.8640527766711393,0.5545311647614561,0.03119243839704657,-0.033756093739577595,0.45696924908545317,0.5380259100453235,0.639240044063267,10.10242871870891,4.699856102711441,0.9142806649589789,0.09576130553967817,0.5546510281094387,0.2862165807427466,0.6072377933706693,0.30316426225352183,0.405869868847505,0.3243110755094456,9.571505905744408,4.322011653156949
m09_h3_q5_d8_l50,3,5,9,mom12_1+vol6,8,50,0.6218686458539973,0.2463609425800259,0.4537153993954331,0.5698318708465582,0.03955462125017555,-0.03818720495591374,0.40773048193384265,0.6501420498081208,0.76879112391941,7.231066363658005,2.8476464513138207,0.20011481219529947,0.11615765864225056,0.5614882918600045,0.20742630216900665,0.4582305878315366,0.0834590764544313,0.3644941945139385,0.35843200955605414,7.534800105811904,2.740573574470713
m10_h3_q5_d2_l1,3,5,10,mom3+vol6,2,1,0.595141325505852,0.20970462758052202,0.44655213213773226,0.5735855632253025,0.047864299753696576,0.18327414391219954,0.38477231615022994,0.5223641257685157,0.7434830142660702,8.793751164347801,3.2082149483599722,0.17517815095169947,0.0695295143268055,0.5453427385129017,0.10706034587168498,0.4980087775637813,0.1305995979100385,0.3561022316447455,0.38225569772793844,8.352802976971295,2.7508038615050423
m10_h3_q5_d2_l50,3,5,10,mom3+vol6,2,50,0.5938495741172386,0.17406689271198206,0.4293794401666562,0.5746493015088772,0.04964036529707116,0.1735137221918647,0.4103780283955831,0.5614395172987037,0.7434830142660702,8.618339818783513,3.1153958323841535,0.15070607291060362,0.11979792212675872,0.5451159496661385,0.0997244466311201,0.48523497345017214,0.10381896958780751,0.3595952421778499,0.37747224427081894,8.414040691734861,2.749541576268608
m10_h3_q5_d4_l1,3,5,10,mom3+vol6,4,1,0.6171923430990874,0.32634567844394347,0.5075802860043193,0.57132005833416,0.04977616871928859,0.08752664301892142,0.4018820921539697,0.6245414790096367,0.7608662815743767,9.14130594845691,3.647906960468781,0.285415625171668,0.09797564750289348,0.5472821589237211,0.09503417757645576,0.5210859764049638,0.16766963511929706,0.39887298884088007,0.365480761195641,8.200835650615062,3.1250892018515155
m10_h3_q5_d4_l50,3,5,10,mom3+vol6,4,50,0.6077505277040766,0.23536989151198218,0.45022173746223576,0.5722127383579647,0.05098187114282664,0.11609195135493318,0.3791249249481872,0.6000101690683184,0.7707601123808494,8.782586647301889,3.2573885141646084,0.18917013476869904,0.06254891422041446,0.5504220571384111,0.13278518967913422,0.5405394240865183,0.22738435939240267,0.3836978659500153,0.38332022145195566,7.889033627550532,2.7804634395012497
m10_h3_q5_d8_l1,3,5,10,mom3+vol6,8,1,0.7372018200753819,1.108608320574688,0.8477475736599795,0.5550972261828009,0.028032126628603923,0.14427340241431363,0.47831020215929654,0.5758289219235517,0.6939110381301203,11.037232365881588,4.934962129727694,0.916112919668803,0.1822201761672142,0.5403206697034857,0.2567238886319237,0.5906654009277796,0.2404074274345182,0.29071649276829525,0.32818568018970506,10.421684967235905,4.664206437096083
m10_h3_q5_d8_l50,3,5,10,mom3+vol6,8,50,0.6192523068649574,0.2952894443514121,0.4699260441675962,0.570874686942075,0.049965139418533325,0.02469661474991869,0.3775217054954332,0.6346551998056942,0.7566990219397399,8.816081936538861,3.3952061269956566,0.22274079616315134,0.05124088270704877,0.55136900004244,0.14524749482184243,0.5221793913210058,0.17761280210050714,0.37749645978942814,0.40222773608012874,8.197117529130093,2.8113233067276635
m11_h3_q5_d2_l1,3,5,11,mom12_1+mom3+vol6,2,1,0.5989188459321068,0.22914462057010238,0.45548573154818334,0.5760544782781194,0.047420955557039804,0.13732943963450595,0.411848350848175,0.534345001263135,0.7556585874480025,7.995792804999373,3.196283194432558,0.2033092893308075,0.13051769107122815,0.5446104271587822,0.2540112891493141,0.5328929059829504,0.21331691100754027,0.3264561755627762,0.3261287435277145,7.725180221012318,2.9058042653392375
m11_h3_q5_d2_l50,3,5,11,mom12_1+mom3+vol6,2,50,0.5979225235878298,0.16021594024575506,0.4206884294748083,0.5764383423117933,0.04633704225539024,0.11953001912365242,0.4033830093521546,0.5216099233752476,0.7081351786906012,8.004789106366788,3.1415366378893133,0.14160184379254273,0.1075637319247331,0.5448869504017655,0.23253370980587618,0.5202893447787317,0.19029736455190963,0.3417048072932626,0.3261287435277145,7.536215419156171,2.842182926578796
m11_h3_q5_d4_l1,3,5,11,mom12_1+mom3+vol6,4,1,0.625712710461714,0.3605260231018773,0.48981698405413304,0.5736456176539872,0.04664120829887011,0.1481578493395685,0.4303564003257083,0.5299855613315401,0.7478409448164292,8.504362641544665,3.5327365172938854,0.26613436724259554,0.1534960485999426,0.5459769073251471,0.07311995791031366,0.49145315483586155,0.14440175123094506,0.39332489119327974,0.41436976590018515,7.594680676851214,2.9609097016046344
m11_h3_q5_d4_l50,3,5,11,mom12_1+mom3+vol6,4,50,0.6116564871181314,0.20795953526774053,0.4168493642074315,0.5760588370672982,0.047437995230960144,0.1329944841432005,0.4248640907615015,0.5495629446519521,0.7337465600166735,7.941940761359665,3.0539506197289357,0.13227776562579197,0.14401435855595598,0.5456738590708465,0.01817925836819222,0.47824593945261173,0.11565341386430605,0.4216733040340046,0.37669648178480564,7.334206750917435,2.729786114868153
m11_h3_q5_d8_l1,3,5,11,mom12_1+mom3+vol6,8,1,0.7789325770866395,1.2993090392603284,1.0152819232886932,0.5515645728464095,0.03213370378147593,0.0011334336434839834,0.37187602162570743,0.5425885812557167,0.7367364282856195,9.706777219393874,4.333688492334396,1.1880329629076398,0.027844219504843743,0.5422921411696469,0.11610450753144881,0.558073012486415,0.21146706078729494,0.34816087057675915,0.3445611979521619,8.9973220606572,4.077305620760057
m11_h3_q5_d8_l50,3,5,11,mom12_1+mom3+vol6,8,50,0.6296701035880777,0.25604291414102026,0.4619632982683978,0.5740937011815612,0.0452117796197464,0.04667665746670009,0.399026699857791,0.6317191369001189,0.75986931386959,8.362096250440027,3.4235415939740452,0.21400534691010686,0.09809343452968029,0.5497573845631507,0.11390049530588214,0.492638780040691,0.13944989257818055,0.3735089321552295,0.37829864050524087,7.304069365464574,2.8453791457665703
m12_h3_q5_d2_l1,3,5,12,rev1+vol6,2,1,0.5898759081779409,0.05555744626828298,0.43573371658682586,0.564880673787443,0.04674887661538001,0.04013855610033469,0.4054637115748967,0.6427210901414376,0.7577202456593276,7.7217081825647975,2.886126256440223,0.14787566641935682,0.09340079812286405,0.5681131344782707,0.2695582413158556,0.5509935097068213,0.24647800803123598,0.3599896646646453,0.3620671493353572,7.493749987152732,2.540340060602824
m12_h3_q5_d2_l50,3,5,12,rev1+vol6,2,50,0.5887731345157211,0.09752227063192172,0.43294654915767866,0.5666550884311149,0.046002361721326775,0.02502321443457448,0.4276534395758545,0.6420316687212417,0.7504832552641172,7.556547146838267,2.883793829176002,0.14276448499834943,0.1318608575580846,0.5683755110485513,0.2638201006682768,0.5501460869318977,0.24453602231644797,0.4032699708218579,0.3690068850619074,7.647607639235819,2.5724152174887447
m12_h3_q5_d4_l1,3,5,12,rev1+vol6,4,1,0.6174202593421443,0.2842768232881518,0.45921066464306654,0.5652552390708688,0.04096378506693831,0.030275772845747114,0.4032738704842946,0.6673207879927985,0.7662724193976688,7.8419974581656815,3.1440831121975545,0.20151625346416463,0.08909350877326293,0.5680757784206654,0.22436843946122925,0.5038548030833294,0.15584774322186537,0.4434062910914919,0.3883568250325202,7.525042829442315,2.76631536380373
m12_h3_q5_d4_l50,3,5,12,rev1+vol6,4,50,0.6044439502330886,0.1695849429204667,0.43826022485230137,0.568479677581333,0.039979712079497735,0.11506531821242459,0.41550055772241956,0.6164509280811605,0.7540582619948883,7.790295802530895,2.984710173399035,0.1592725483077026,0.11244183197309086,0.5711924672504527,0.18523854280631294,0.5031531505359627,0.15088661963743644,0.4609817926363766,0.39242694440027337,7.4509828568758385,2.668420213988227
m12_h3_q5_d8_l1,3,5,12,rev1+vol6,8,1,0.737069797194257,1.302004954473327,0.9113893120302393,0.5594010946178833,0.029573371149700975,0.30234629655517525,0.4636962253965118,0.5183986918036512,0.7139645454918064,10.618077353598752,4.917801673978815,1.0530896900505882,0.12151130440480028,0.5533274300447035,0.448680896116511,0.6630556039667724,0.4125033578686894,0.32296817622906315,0.329497051513467,10.431876987949622,4.573365624049028
m12_h3_q5_d8_l50,3,5,12,rev1+vol6,8,50,0.6171535014444058,0.14655582903963355,0.4213514479265995,0.5677293846707003,0.03614513942171463,-0.018571218592795664,0.3669931635162405,0.7027980921732657,0.7806712467570451,7.955857993196311,3.175023117616893,0.11633488888139128,0.039408413202962435,0.5708268641777954,0.31724119250654664,0.552918266702441,0.2377067386131769,0.33579018049946396,0.35542829021080413,7.955384529120492,3.0271378833234026
m13_h3_q5_d2_l1,3,5,13,mom12_1+rev1+vol6,2,1,0.5954446003707101,0.12596243816002067,0.45774139947624654,0.5709177905239535,0.05087067168415894,0.03104308286458621,0.4559942298340524,0.6204366235519387,0.7179621903840306,6.3324003233027994,2.5780528656923702,0.202827087002855,0.20028411455136724,0.5590013510072431,0.30191214456990567,0.56717616099961,0.29217367747296674,0.3455445421671266,0.3491639450786542,6.928546172957208,2.731883512007957
m13_h3_q5_d2_l50,3,5,13,mom12_1+rev1+vol6,2,50,0.5953764095355585,0.1399658517818439,0.447866016373484,0.5717249414178734,0.04863853921455982,0.025837985311163273,0.45740782939044905,0.5997387588235832,0.7121582829143188,6.438845899562981,2.677563602342968,0.18678002514471287,0.20324141798874926,0.5574830151510864,0.31523581399237155,0.5322907568311227,0.2347383878594158,0.35895984326713026,0.35216036161531017,6.861977801225723,2.7934671135096316
m13_h3_q5_d4_l1,3,5,13,mom12_1+rev1+vol6,4,1,0.6266685444976196,0.12312883489105345,0.46242261171412824,0.5710378025193414,0.04444728480155727,0.07669673960743,0.43705709644306084,0.6469260628576079,0.764656676356387,6.7909432175953635,2.81449426604612,0.21610076269461567,0.17683103249281418,0.5637767372114079,0.2511494861744216,0.5346640897000847,0.22961934531179287,0.41193135227870736,0.40917159180675655,7.080451301295371,2.7869360983417315
m13_h3_q5_d4_l50,3,5,13,mom12_1+rev1+vol6,4,50,0.6107351359477287,0.16585534518064715,0.47868406463091623,0.5722044082275342,0.04544616948417102,0.017742979513496897,0.42482948635227813,0.6640830651231494,0.7412482584218083,6.67974018915395,2.684341676396945,0.2447752564140424,0.14553773421500266,0.5609960318583069,0.2838593445650215,0.5192065452345029,0.20371876629141009,0.3513924506002727,0.3931524996844342,7.040075806184112,2.7464589204524845
m13_h3_q5_d8_l1,3,5,13,mom12_1+rev1+vol6,8,1,0.7824333628310356,1.366944311650416,1.0326624719641495,0.5644802463548899,0.027914810896893634,0.031029154791929543,0.3275000741498949,0.5788549112461793,0.7570958019116758,9.545164851243115,4.240896613144106,1.224038050085855,-0.0758793769074337,0.5578855321978271,0.4998975654061201,0.6635907862781413,0.4497896302244693,0.2933848631364625,0.323677783962418,9.626679592165836,4.091898614262679
m13_h3_q5_d8_l50,3,5,13,mom12_1+rev1+vol6,8,50,0.6323913441033524,0.20490717909777423,0.4318084258858406,0.5729452086639555,0.043165468626861096,0.044134533945746166,0.4109047948652372,0.6780959507690276,0.7644571940753089,7.321401826126658,2.819308587651932,0.16191413377078143,0.12346620500130026,0.5641980428078317,0.2531286123339051,0.5270388664832342,0.21607167159627458,0.35345286496749206,0.37775292604297783,7.814207456435188,2.954372120197842
m14_h3_q5_d2_l1,3,5,14,mom3+rev1+vol6,2,1,0.5954343330006446,0.16787601786022685,0.4481200502697019,0.5717276535533624,0.0455601263890727,0.08035608733667958,0.39056636642316517,0.5722138887426449,0.7318334085730984,8.795122069766956,3.349835698614012,0.18007880803224072,0.07304386546725741,0.5405052395739023,0.03398176237169811,0.5129610211118542,0.18101055279033615,0.37727564855562623,0.39182416844501033,8.41182093942298,3.030896020574196
m14_h3_q5_d2_l50,3,5,14,mom3+rev1+vol6,2,50,0.5946947917699861,0.15558662333249862,0.4264734036181012,0.5734014285979964,0.04547969991936944,0.122574719137647,0.3899350706545978,0.5324035283162651,0.7287783867591282,8.916475616562112,3.36735607787289,0.1421730459689143,0.0757663372526805,0.5403067440725442,0.03290187847330623,0.52794502753548,0.2039141510425531,0.3892187735312209,0.3558118261788805,8.436480781643812,3.118480783878988
m14_h3_q5_d4_l1,3,5,14,mom3+rev1+vol6,4,1,0.6257569763873736,0.34405117473587177,0.5075957341392009,0.5719569258641639,0.04516223335318871,0.1749313465684676,0.4176181295404202,0.5547737173015344,0.7455376666011833,9.202583423982897,3.4868369862198794,0.2749230276492336,0.11468658775465762,0.5503071154227026,0.05287351890998328,0.4998590751014743,0.14058694623980897,0.4008423425284042,0.3540078053914817,8.313014068928922,2.986581707459716
m14_h3_q5_d4_l50,3,5,14,mom3+rev1+vol6,4,50,0.612113191362081,0.2539540180092603,0.481116469009974,0.5749568383009324,0.04514542044182835,0.06458127126800642,0.3960778796356541,0.5845680638232378,0.7550162440820077,8.551003898354951,3.166840466614392,0.24038837239176092,0.0976424694951029,0.5522807973064736,0.03707286458693561,0.5304944873594015,0.19918396614953324,0.4305650776283635,0.37458479367982644,8.121452399677871,3.0180126199640895
m14_h3_q5_d8_l1,3,5,14,mom3+rev1+vol6,8,1,0.7733787047770779,1.4821208357341782,1.055654609790763,0.5603983855819777,0.030474505795802215,0.057333799701724725,0.4062066362786181,0.5398771109906277,0.7242442560829199,10.53029939225947,4.647584926851384,1.3091908255644475,0.064883558220637,0.5401438362947035,0.20091797740487863,0.6124942360691644,0.3510749152843303,0.40667127034588946,0.32217524308244994,10.268098558719275,4.3255026850714655
m14_h3_q5_d8_l50,3,5,14,mom3+rev1+vol6,8,50,0.6295622962023903,0.33548563232441053,0.48042802474441265,0.5709701928560802,0.0426683516148916,0.03690599568310622,0.3736197412253807,0.6208995623476734,0.7618838336851869,8.858632381009478,3.4017894554501638,0.2409999876940416,0.04341077456739744,0.5574005665742418,0.04901356469937604,0.5435561946994117,0.2359900345737163,0.4324044497022488,0.38001964330271343,8.572790303489452,3.139776719251692
m15_h3_q5_d2_l1,3,5,15,mom12_1+mom3+rev1+vol6,2,1,0.599679018764878,0.16081029978551462,0.47178701969670805,0.5747124555209779,0.04878219359104057,0.1343482966276709,0.42387816228306635,0.5480015400255358,0.7482507648026964,7.699702380427109,2.8800063149948323,0.22780674967550923,0.14443628773793857,0.5536167737098234,0.05027983497166648,0.41274630089567327,-0.02322514989229346,0.4085708006348645,0.36883953029293925,7.580195685999225,2.690783421896894
m15_h3_q5_d2_l50,3,5,15,mom12_1+mom3+rev1+vol6,2,50,0.598648697865007,0.15808368842745113,0.4680391613522955,0.5759422152412716,0.04783132072906959,0.19034492171215917,0.4845847100399527,0.5620107900933062,0.7536810998386925,7.717768186222568,2.938881200455274,0.22326351887908852,0.2539692360180681,0.5542659733618153,0.109972235237311,0.44965315780761733,0.05646408125075367,0.41197196187816465,0.36536369173760086,7.51320939516819,2.6885794236142644
m15_h3_q5_d4_l1,3,5,15,mom12_1+mom3+rev1+vol6,4,1,0.6299302748710573,0.33538054474390716,0.5497236864316093,0.5720769378595517,0.04724144138001942,0.1775993419976943,0.4503522705295159,0.49290651456750323,0.7272269240414582,8.297597103020898,3.2859771755266287,0.3616571730268781,0.19024138816708258,0.5533433450514939,0.14790971099930927,0.5042255047141333,0.17047067167578847,0.3755922641418822,0.34325106057745125,7.896751451069601,2.881027313695368
m15_h3_q5_d4_l50,3,5,15,mom12_1+mom3+rev1+vol6,4,50,0.6171125288261258,0.29747701640092034,0.48676736442423507,0.5762625378149177,0.04507595396587057,0.16442744587323138,0.4457039208343936,0.5860078056441611,0.7659497411367877,8.065551902838838,3.075357101774974,0.25877972459790655,0.1921718198426175,0.5524918921882074,0.1742085207007161,0.4979693987830641,0.16088781313659611,0.3662569157614126,0.35026649613269367,7.566955892536578,2.709732862280596
m15_h3_q5_d8_l1,3,5,15,mom12_1+mom3+rev1+vol6,8,1,0.8000203022713747,1.4660944568472278,1.2505263735698426,0.5570598436570126,0.030126686418153647,-0.010153514818753913,0.41501596864369494,0.5876112507234692,0.6953678520404183,10.106005880868526,4.354486002772293,1.6294007696166566,0.061630084567474826,0.5537752606524445,0.3878433775264185,0.608926715520789,0.3323481192511189,0.33094753751870887,0.2895677536229472,9.438505016309016,4.156070944291592
m15_h3_q5_d8_l50,3,5,15,mom12_1+mom3+rev1+vol6,8,50,0.6423087518287541,0.33210932532741966,0.4964388368261805,0.5734485035211268,0.042062023118048325,0.13108163365047354,0.4042054841046472,0.594613245342986,0.7659497411367877,8.37033639707346,3.246522029793033,0.2803450615049894,0.11487646428972317,0.554318360259167,0.12131109360765513,0.48586308974436354,0.13016309835193896,0.41099616401798833,0.38477080450078394,7.717255641754896,2.8548001916638954
m16_h3_q5_d2_l1,3,5,16,size,2,1,0.5933098591549295,0.6891018799569508,0.8456813080333246,0.5526152347624479,0.05716927295622006,0.5453123045522533,0.7550731242288501,0.23146141587103364,0.5153663297393216,3.715512881376771,1.7575944068430338,0.7556018117327112,0.49687720228486476,0.5619805518617021,0.6014999817998062,0.824993014757724,0.706187333582306,0.2308748576842028,0.27464363339128284,4.6668885229564285,1.803202838118878
m16_h3_q5_d2_l50,3,5,16,size,2,50,0.5908890845070423,0.8006794373967452,0.8534562596100087,0.5523754044956357,0.06106011306562149,0.5054185795902331,0.7203450230930589,0.22651833027396473,0.5313710666749087,4.2119430693104265,2.145099821707428,0.8072165308454718,0.42943406034182285,0.5627908909574468,0.9509823210280027,0.9769995303131764,1.0068978582078583,0.23504594740679152,0.23556263476574968,3.7033007563787956,1.8509022351843303
m16_h3_q5_d4_l1,3,5,16,size,4,1,0.5987841109154929,1.1637969565882273,0.8469903556636805,0.5436332231948027,0.049270875680182125,0.5702124529180654,0.7756592677986499,0.17353257818260037,0.5171437980871015,5.065515083605699,2.6800493453425385,0.8470320613696734,0.5678943682397387,0.5573470744680851,0.6580434044304025,0.7809662459763924,0.6145842523985369,0.22944907306813422,0.37022751886489913,3.4405803348170716,1.760848662784336
m16_h3_q5_d4_l50,3,5,16,size,4,50,0.5951804577464789,1.2779631328276853,0.8928814263236282,0.5435805302767308,0.05552105683583965,0.49243849344097135,0.7183832610583105,0.17083438723086608,0.517886505058242,4.917812351098417,2.676787842258978,0.9340444411140312,0.509913266305367,0.5594664228723405,0.69861679147449,0.8115543017695718,0.636427624642255,0.17250117499967843,0.3388509847170711,3.5796730714579876,1.8999413994252516
m16_h3_q5_d8_l1,3,5,16,size,8,1,0.6028554137323943,1.0426325255107594,0.9481353184744364,0.5363798105534616,0.04394522946736533,0.3941816362462451,0.8003202288489337,0.1740380099845772,0.5022581874249494,6.427201754951684,3.1299475161776447,1.0487955485425995,0.6115105187129499,0.5551446143617023,0.3452341511596371,0.7696767469393556,0.5918609647464823,0.32630353251703514,0.35968352319817265,6.109556694970113,2.1518154644172114
m16_h3_q5_d8_l50,3,5,16,size,8,50,0.597353653169014,0.8691148547602671,0.8928814263236282,0.5400082603898035,0.055793421492834096,0.39908212080736777,0.753928761809568,0.24875072571014356,0.517886505058242,5.557292638938684,2.7071839081359923,0.9340444411140312,0.5875336851384467,0.5548121675531915,0.43647319406088625,0.8115543017695718,0.636427624642255,0.20218254424746396,0.3388509847170711,5.726803702293242,1.8999413994252516
m17_h3_q5_d2_l1,3,5,17,mom12_1+size,2,1,0.6091715898383256,0.6334936869272114,0.7297577826951518,0.5661477253707101,0.06538308044094074,0.29507110313962065,0.5385025799588121,0.46431028159599885,0.6376536337632177,6.378583801039706,3.2923208194904294,0.6328423081450157,0.23716799147565185,0.5586746512845178,0.4202069708601964,0.5977977363786621,0.2982606391628621,0.29566021828458655,0.3702255332623695,6.212636482973567,2.8646608357899104
m17_h3_q5_d2_l50,3,5,17,mom12_1+size,2,50,0.6062265012832275,0.6615318389951529,0.7391981826213443,0.5644864455217219,0.06781990262013426,0.13083660637090797,0.4864559055345726,0.5642549646752666,0.6727006805791521,6.157281165556082,3.2739223746117774,0.639171264739764,0.13088328817169903,0.556321440697148,0.39186195782895233,0.614198207487115,0.33749526294431786,0.2575234983181166,0.40449857364061204,6.786101051557475,3.402777643723105
m17_h3_q5_d4_l1,3,5,17,mom12_1+size,4,1,0.6332960350128942,1.0225888359336275,0.8994501006501754,0.5634442105980957,0.06148235758353556,0.2982940872913795,0.5384075619014875,0.41265438564531487,0.570155454026372,6.747662617479044,3.4663662980725327,1.0238130991539363,0.21202886947324442,0.5594989160112042,0.6569008503947866,0.7259115702219848,0.5614797573205202,0.25981063177270414,0.37322126958232626,6.4177751095316955,3.1666040220926597
m17_h3_q5_d4_l50,3,5,17,mom12_1+size,4,50,0.6212622898482445,0.7933902955160416,0.7827668822654366,0.5673315725116543,0.06443353623182614,0.2628955742655017,0.5396454572581789,0.5214899354306022,0.5994140451960126,6.395766759428997,3.254998391026907,0.7233011695574988,0.20680246512982142,0.5542456375198054,0.4320284766919228,0.7044140814672292,0.4693109260689633,0.21598327995836475,0.37338088216265497,6.836334308827111,3.444534938685072
m17_h3_q5_d8_l1,3,5,17,mom12_1+size,8,1,0.733141850110345,1.9273434559212652,1.2606617849265354,0.5360533856749652,0.04997683780032808,0.2818414729717128,0.5746997249575322,0.36633096900478557,0.565768421629792,9.083886717451142,4.511715132522506,1.6635237330670942,0.21865487976746026,0.5363474440499094,0.21037900845989452,0.7051373103134744,0.49047707757362,0.3785163769897517,0.42047262263209717,8.873442426890016,4.333241584265339
m17_h3_q5_d8_l50,3,5,17,mom12_1+size,8,50,0.6366562740217715,0.9301553224408026,0.8534610283884413,0.5656217648098096,0.061687814222681686,0.35645825699059813,0.61828359827083,0.4837225609215814,0.5577997066713061,6.8294152302393485,3.464650030556303,0.8379107643624156,0.3325163846741478,0.5506192263892032,0.37604794680234344,0.688713818220437,0.4518738924787802,0.30039292949164,0.4204556854163515,7.084832463418586,3.3794631779722795
m18_h3_q5_d2_l1,3,5,18,mom3+size,2,1,0.6052215582225748,0.8013211696830183,0.8020142138281817,0.5648832890609502,0.05747311334677571,0.3875398984837603,0.6371021785853113,0.34331225123218867,0.595363159263338,9.625310123026656,4.453492694043936,0.7406013109213799,0.35128595940225393,0.5481141601120416,0.5164164851122075,0.7923555025657353,0.6507735796284182,0.2595011915021531,0.27141494957336887,9.261582213900272,4.35119675167214
m18_h3_q5_d2_l50,3,5,18,mom3+size,2,50,0.6022687207089367,0.5902908657027875,0.6767913357935891,0.5629860534244198,0.059498189554099606,0.4322152039335109,0.6890659470588991,0.31120372774724225,0.5418202200198177,9.631446045946317,4.72488997804881,0.42477310265535606,0.4446470000120622,0.5468325599818922,0.5535629908829011,0.7613911903375885,0.5246855341518122,0.28068825588423385,0.3163485506033461,9.682758883137367,4.803307406391327
m18_h3_q5_d4_l1,3,5,18,mom3+size,4,1,0.6248610030561892,0.8013944415209909,0.848069884629045,0.56213628325853,0.05388463879568346,0.44091881355721496,0.6989561922866584,0.40065892591256314,0.5784269481240187,8.963266065022475,4.238079896290961,0.8287495218475132,0.48990989248565564,0.551697910182775,0.4229599897625569,0.7299440302741859,0.5184392661715956,0.2790016519308546,0.3526808539808691,8.507639078224376,4.045549562043512
m18_h3_q5_d4_l50,3,5,18,mom3+size,4,50,0.6129243135972525,0.7878165236210848,0.7750043906401006,0.5606379252628446,0.056780637353498496,0.2995680102785124,0.6140931602396488,0.3831532771489674,0.5661828828334737,9.078407053672954,4.435041861041198,0.6342478319660712,0.24776346435958033,0.5457056890844273,0.5483165032964639,0.7320320953469293,0.4876592126200511,0.2815402607884332,0.32394620328338075,9.144408189702785,4.532857726538606
m18_h3_q5_d8_l1,3,5,18,mom3+size,8,1,0.7398910961366794,1.9990329248184633,1.1812650741501547,0.533398495617189,0.040598903425940976,0.480005553523162,0.6276969470631638,0.3677804463332681,0.6071020909289505,10.627686881117477,4.96892054772225,1.622865063265454,0.32903737101509484,0.542919457687302,0.5862714222761455,0.7340360410347571,0.4256582276461636,0.26733688515547926,0.2755979219571104,10.149065533230772,4.719219960597201
m18_h3_q5_d8_l50,3,5,18,mom3+size,8,50,0.6218945080031244,0.7695855101765009,0.7964442764863452,0.5553647589763936,0.05414702944147736,0.32561737578072286,0.6124170364864763,0.4085305545462966,0.5780501426902617,9.28691821822944,4.349246108044956,0.669162625572445,0.25964883989314447,0.5464806614984155,0.6224547429213182,0.7034180136984973,0.4575935158606325,0.25775040026464446,0.32560703933874247,9.22034624373303,4.329781188681111
m19_h3_q5_d2_l1,3,5,19,mom12_1+mom3+size,2,1,0.6111370163100079,0.503890169900879,0.5747975375540055,0.5634784997396349,0.06028477623948964,0.2832323357045731,0.5066720782152464,0.4550933915689962,0.6757301120552337,9.005092563593083,4.32519433352788,0.3344491315503312,0.1762798550221868,0.5468668214548438,0.10493039842448276,0.44326595891911297,-0.01052886963175909,0.35208671649153056,0.4567591919721724,8.542864729954523,4.276668958558897
m19_h3_q5_d2_l50,3,5,19,mom12_1+mom3+size,2,50,0.607499655171345,0.441928845028738,0.5423819129354382,0.5621873295229122,0.062408852883388814,0.2526928626032136,0.4989047589716787,0.5042117156348651,0.6749858370161582,9.053154570746484,4.49141848386926,0.27100545886886523,0.18751903903187633,0.5479006337709371,0.03850786438082478,0.42867468213075705,-0.04564189218187988,0.36535031984762933,0.46067176109857855,8.367417096155911,4.1012997045650925
m19_h3_q5_d4_l1,3,5,19,mom12_1+mom3+size,4,1,0.6433547643696688,0.9304561401057331,0.815201295860864,0.5707408236832969,0.056060909734242416,0.34791918020798596,0.5445288937146331,0.5068708472216454,0.6279762330831048,8.750403484083675,4.229828194596224,0.8296557551484196,0.259206775203592,0.5496245384648031,0.23184897237897606,0.5639181141029671,0.2093770194501332,0.2783570844083244,0.36230368458201867,8.154113286332752,3.974395729197716
m19_h3_q5_d4_l50,3,5,19,mom12_1+mom3+size,4,50,0.6264048861832969,0.5949864793348955,0.6736881325442603,0.5668636322778218,0.06251802285869425,0.2664520161912326,0.49080240250502655,0.5271372540738619,0.6813332518179369,8.685810885009625,4.453535932932337,0.5292558234111403,0.16281396461444608,0.5461254473885242,0.19402928074511175,0.5009675859318782,0.08879962515455146,0.3504386641348217,0.44085458458022575,8.403233904232543,4.067316372979228
m19_h3_q5_d8_l1,3,5,19,mom12_1+mom3+size,8,1,0.783177553436818,1.5923720963390617,1.2001493582190064,0.5559398285620413,0.05167025276705219,0.07469972775445599,0.450154462144053,0.5261529052956112,0.6409761192719927,9.17165858262789,4.632326562645478,1.4788115382709826,0.03926901189504781,0.5481199071978271,0.3053854530407756,0.6387031486658246,0.28703074788715355,0.27939939637700384,0.33581748712259807,9.176283572809549,4.642620971441302
m19_h3_q5_d8_l50,3,5,19,mom12_1+mom3+size,8,50,0.6440819072666634,0.7336346948857004,0.7563413832544627,0.5654878046890498,0.06162847438248644,0.20020067009623035,0.4681235987597837,0.5472579729328291,0.6795740691712933,8.57702907736629,4.299723771032861,0.6819717216971786,0.10812492017552562,0.5443781122679946,0.23313656690843404,0.5114009470754339,0.07280680622220621,0.3008950776835716,0.4213712742421808,8.35886236263881,3.9909491101550034
m20_h3_q5_d2_l1,3,5,20,rev1+size,2,1,0.5998985080155228,0.6675815720713826,0.7229601127932671,0.5533578755765225,0.05525710900587298,0.3074009136553502,0.5980863875524862,0.41607073009755546,0.5902022697823011,7.916412233339758,3.844357358154152,0.5204634439565053,0.2586348403756657,0.5622071196667044,0.6212899500477009,0.703481207795968,0.45695133364221746,0.22040235624861593,0.2847624078109,7.9832679291532695,3.7611458344955766
m20_h3_q5_d2_l50,3,5,20,rev1+size,2,50,0.595332821643771,0.5088556235640698,0.6480479684504155,0.5505705751896945,0.05629024325872516,0.1783189078347649,0.555711260551133,0.37878254495539554,0.5576316207798908,8.114253545539992,4.164814645861347,0.3570857641049051,0.1425246331415188,0.5578724907339294,0.612127454093074,0.6988434740877547,0.4225904407173002,0.2502619116752248,0.30554382776746725,8.432275526881742,4.138641122755239
m20_h3_q5_d4_l1,3,5,20,rev1+size,4,1,0.6200024060516267,1.0017588081350042,0.8021055797853877,0.5482226407520829,0.04836975591643986,0.18977104958928412,0.5997901269763843,0.3715942434110975,0.5520812293139981,8.11448880611802,4.017745896508186,0.7508260196404208,0.257059935865514,0.5611107525322544,0.4273719627874724,0.5922859333974754,0.21719793309631696,0.32393290619856596,0.4028831396653306,7.967895169371574,4.179407228581018
m20_h3_q5_d4_l50,3,5,20,rev1+size,4,50,0.6069054069133109,0.9169060403261251,0.7953729265759086,0.551336462879389,0.0550252229813816,0.18847010899040945,0.5978006641146267,0.3176213778739807,0.49767770484167784,8.052921109709708,3.955224856243351,0.7075849748424392,0.18102014797658253,0.5592887052965143,0.6551225586664016,0.7460039893355841,0.49099626669023483,0.23431115676443082,0.2907372467680148,8.152214492253215,4.3978081685880746
m20_h3_q5_d8_l1,3,5,20,rev1+size,8,1,0.7284213782917577,2.4624575973102294,1.2987087844675287,0.5270846441988197,0.03620582658087109,0.06471700056282653,0.46339967937015175,0.3299555942225706,0.5615851367758695,9.779138270007484,4.481282204502513,1.9058751241075707,-0.19754821161189673,0.5421234863060208,0.46184170266357977,0.6224140359612622,0.19358545050900233,0.3211123864061304,0.36709900471961476,9.490122706792041,4.67882193301674
m20_h3_q5_d8_l50,3,5,20,rev1+size,8,50,0.6174087327663162,1.0585360440891087,0.8606457706918221,0.5476531891613767,0.05195392154737034,0.05674339747062882,0.48897870053265685,0.42110410142903065,0.5990075442418263,8.056431315495521,3.9811138445939247,0.8607463865725197,0.011842303322044783,0.5571715673098687,0.6243763508687976,0.7635686482897904,0.5579768755743336,0.20369467636817085,0.2505415040777328,8.141839494869888,4.424382463370261
m21_h3_q5_d2_l1,3,5,21,mom12_1+rev1+size,2,1,0.6126630768324737,0.4957315473438713,0.5757756008824537,0.5613508294485221,0.06365280762503861,0.16179375651146613,0.5029790340454504,0.5467928507055914,0.6479938948909755,7.382958708371986,3.609417582040482,0.3644865624391104,0.19470360696089156,0.5574911936962427,-0.031849679598460565,0.3812838904865588,-0.1862081490121966,0.27466604891254065,0.40632708628429226,7.033653805376544,3.445621304738434
m21_h3_q5_d2_l50,3,5,21,mom12_1+rev1+size,2,50,0.6083590146734279,0.371288444338546,0.5243376095298917,0.5607770190686372,0.0646792441524815,0.10655600358079333,0.43000090487179543,0.6149439396937231,0.6959953334158867,7.552414547836105,3.7771444487777437,0.2753909258802997,0.08170264353667188,0.5556704727110684,0.0467041550872422,0.4305003226824223,-0.038471953975514665,0.408107126802435,0.4923393752078188,7.371573467776825,3.7252893114507692
m21_h3_q5_d4_l1,3,5,21,mom12_1+rev1+size,4,1,0.6408724823633704,0.7865076343497429,0.7761172900922194,0.5653345690339219,0.056025243994350056,0.06263787444801035,0.4107660732146425,0.5381554667013374,0.6476648104338842,7.547690480141941,3.6977602259842075,0.7394921812610028,-0.043632410360378966,0.5599843237183114,0.18938045322698008,0.48418881569986333,0.051795069134645766,0.3109648287267852,0.42871841338864736,7.498851284137043,3.647270378208785
m21_h3_q5_d4_l50,3,5,21,mom12_1+rev1+size,4,50,0.623807144694753,0.5008235422033052,0.571587751859801,0.5621526529334457,0.061650552549882706,0.14058076820600948,0.4467627237995847,0.5406353545997066,0.6577369692554403,7.441169197412247,3.662949942169629,0.3451732784695627,0.07277719208024913,0.5569648932633545,0.09923508833858255,0.49168609104204836,0.06447793916918448,0.3575328754309288,0.45519427866476225,7.569084943922013,3.724579536976351
m21_h3_q5_d8_l1,3,5,21,mom12_1+rev1+size,8,1,0.7781510946178833,1.8337430111641955,1.295954816361225,0.5480085757724162,0.04781846090760969,-0.07737579151710385,0.3811045263054383,0.4967285124222791,0.6458614166450821,8.76370081771845,4.40725000675188,1.7642740835783095,-0.15585186852438088,0.5562675065074695,0.43365396475558987,0.6592744303515586,0.3881643356447022,0.28783489781242433,0.35622923686367747,8.89920294116061,4.646868920783336
m21_h3_q5_d8_l50,3,5,21,mom12_1+rev1+size,8,50,0.6397673840135886,0.7038759115232011,0.7163716804133262,0.5598936377950804,0.0606704342601877,0.16714516133966778,0.44908296480263554,0.55139512167627,0.6540505255600373,7.758639233942513,3.7131697294428805,0.6125051564905521,0.07419088199992867,0.554806862550928,0.19573554643774443,0.5429316408470394,0.20958112209148907,0.369454219303065,0.4498943617328761,7.692324135037573,3.657735930021558
m22_h3_q5_d2_l1,3,5,22,mom3+rev1+size,2,1,0.6063058312462805,0.7920663533894412,0.7870434526535062,0.5590017326671295,0.051316364498335446,0.5720562456129252,0.6871435580484169,0.22115529843499016,0.5534267436719476,10.488786371938788,5.169541710422833,0.6888148813559031,0.48905758340069466,0.547930253366908,0.6047274071544774,0.7321334046293363,0.5747442710987029,0.24039269969316968,0.31433079520746776,9.763333638418507,4.9453508762985114
m22_h3_q5_d2_l50,3,5,22,mom3+rev1+size,2,50,0.6026335997941876,0.48150401524624054,0.642094701587036,0.5587302285322853,0.054177549543524536,0.44764668215446207,0.6719804605982608,0.31551524617401716,0.5788486171977962,10.3072779083979,5.150411650606964,0.39681143700094085,0.4553528142494431,0.5432355474055003,0.4388432043530166,0.6677975067944122,0.3744339539005523,0.2799150516628759,0.32757469455855326,9.910164203234007,5.030034152543619
m22_h3_q5_d4_l1,3,5,22,mom3+rev1+size,4,1,0.6338078537244594,0.9911103761572408,0.9182611423141576,0.5605062898296469,0.04701030145177233,0.45360221154880837,0.6071823630622493,0.3707958681317939,0.6157672795723,9.535320796610003,4.438286242497971,0.9855959400122823,0.3258964781904236,0.5531749112296288,0.32847135588971077,0.690369672210706,0.4691150075390444,0.26183264862096955,0.3269055850809315,9.17045003642353,4.349292819820981
m22_h3_q5_d4_l50,3,5,22,mom3+rev1+size,4,50,0.6201548668109006,0.8054698028883643,0.795005114707207,0.5601948785583217,0.05465641163723436,0.3006826076939876,0.5730105579466525,0.40793621578534833,0.5858875954850864,9.661913152242368,4.723383812852787,0.6949921085839074,0.22765150350350075,0.5492909864474875,0.39559654576603137,0.7242744627590258,0.4971633751354203,0.25357488613142243,0.3162063731302064,9.187792911840484,4.579596731704672
m22_h3_q5_d8_l1,3,5,22,mom3+rev1+size,8,1,0.7715385208477981,2.2008920812581496,1.4025375840843755,0.5418109587321465,0.03806261538296772,0.40172850938524624,0.5844401400868939,0.418131901631843,0.6627818459082327,10.232844353505142,4.7871268793663,2.0230923496815936,0.3211945355371996,0.5470995784291535,0.5766939481583186,0.6375455263892503,0.27929432123260894,0.2335926452469047,0.3129966373587374,9.989056725971817,4.862347681897124
m22_h3_q5_d8_l50,3,5,22,mom3+rev1+size,8,50,0.6319399672683991,0.7562879917289608,0.7975445477671522,0.5564265600203333,0.051389393756585765,0.23031984541215908,0.5391953509304801,0.4288276269196415,0.5956464385780788,9.497310280916311,4.74145596085643,0.6932493062444197,0.15881414192375978,0.5495832036555002,0.5822800715822445,0.7298114047623426,0.49811000301048725,0.30587184372221765,0.35450083833820745,9.271498278800717,4.34734857580316
m23_h3_q5_d2_l1,3,5,23,mom12_1+mom3+rev1+size,2,1,0.6159243228960027,0.6040513664886614,0.7326989973113054,0.5667961194765424,0.062282792116057625,0.297895134948593,0.6148670061283084,0.4206544368607512,0.6029278105827305,8.355721545897351,3.983106895809472,0.6543351439934125,0.3985762181217216,0.5539611567734268,0.22086482323730605,0.5035120548636378,0.08647395005430493,0.3290818164318431,0.39815391408113743,8.365378451153166,4.004648214718044
m23_h3_q5_d2_l50,3,5,23,mom12_1+mom3+rev1+size,2,50,0.6126457385377405,0.4155043394011504,0.5734445226368385,0.564673679732444,0.0638327598397482,0.09066343239586687,0.48334732489902676,0.5041058257513868,0.6333543264246163,8.357686342838951,4.102547795658974,0.3318011492641385,0.14009068369869396,0.5522562616710049,0.13855601673164414,0.49975156731079184,0.08984617627299903,0.38008813469617464,0.46854313965037964,8.391060043465025,4.0651543517126365
m23_h3_q5_d4_l1,3,5,23,mom12_1+mom3+rev1+size,4,1,0.6468414082647292,0.8148011024454936,0.8687096259987495,0.5700748006967863,0.057755189548687844,0.3301409337317903,0.5895620856212931,0.46800334966045354,0.6267572764535663,8.474563492556461,4.1542234085261684,0.9445531121351524,0.34433520071256596,0.5585910974988683,0.4229432360891964,0.6500502503377777,0.38809514824506314,0.27082691840271034,0.37555319954592814,8.003123410049664,3.9623669184486605
m23_h3_q5_d4_l50,3,5,23,mom12_1+mom3+rev1+size,4,50,0.6321819284988097,0.6828844349902675,0.7997261888578072,0.5700061255517259,0.06097047898646065,0.26692122799957396,0.5418700582850279,0.4556090750904962,0.5884356388446363,8.38701807424736,4.16784380142439,0.7694668581655779,0.2236751688274887,0.5535093474139883,0.21469599656721197,0.6179968507959223,0.28323670454380473,0.2847189225155685,0.3357313306875692,8.319602851137294,4.228201400726866
m23_h3_q5_d8_l1,3,5,23,mom12_1+mom3+rev1+size,8,1,0.7939659441021127,1.8455395169512452,1.3742458232507477,0.5540633213896052,0.05087618071228443,0.19765473564503164,0.5221655444594098,0.44594367069510177,0.6085088438999109,9.15104056728347,4.525568682738982,1.8454529415625962,0.16150200861159908,0.5516811110089407,0.5427629306063948,0.6968150652555046,0.4551182468573622,0.2897951472960659,0.2901878823504245,9.58138462976011,4.903173454268064
m23_h3_q5_d8_l50,3,5,23,mom12_1+mom3+rev1+size,8,50,0.6534869151086095,0.8490920570329237,0.8501772160335075,0.5661922818823151,0.05818027442013888,0.25766032510624065,0.5986760564176281,0.5173437188391268,0.5604705764267179,8.362748397306541,4.219153916333251,0.8891120441415155,0.31002418359861406,0.5531249557916478,0.38740861863108617,0.7285539865749404,0.5430292071857615,0.2505485097024288,0.29018788235042436,8.599837382408575,4.443400244367479
m24_h3_q5_d2_l1,3,5,24,vol6+size,2,1,0.6164076641849336,0.1844217398438546,0.4187288064393904,0.5868558484489684,0.057690823426928724,0.19863042842882084,0.4365240490831947,0.6602941730074825,0.7704077412640583,4.082266226232885,2.325034582429537,0.12885330229321615,0.15582369326856124,0.592295103129244,0.4688666290831065,0.5577505671595665,0.26578305542700087,0.2914937722074872,0.37963014877580836,4.150881804049595,2.4278800417895656
m24_h3_q5_d2_l50,3,5,24,vol6+size,2,50,0.6146610489300238,0.13097624647196088,0.3876381173613239,0.5853121590458243,0.05687847873787371,0.21699198483779136,0.4461860062744874,0.6171694502510815,0.7418743844801432,4.007912564200174,2.292865354411934,0.06846168393338006,0.17244239726281466,0.5898693908442735,0.4785478167763698,0.5710514409580907,0.29314528361956077,0.3105218831321571,0.38677733524356717,4.029564943940212,2.3043953161522763
m24_h3_q5_d4_l1,3,5,24,vol6+size,4,1,0.6408804250458738,0.36760881632961406,0.5473998584761096,0.5878127479666733,0.05900880208415788,0.16080064419587095,0.44646256529359546,0.5901405868418348,0.7327593753558752,5.104283208595173,2.684012752714745,0.33619315771519787,0.121063077244486,0.588298889132526,0.4449928427245071,0.5559731342875027,0.2362335258062239,0.27078849287682283,0.3098018492806076,4.678916457068558,2.7198937256261604
m24_h3_q5_d4_l50,3,5,24,vol6+size,4,50,0.628487225066951,0.2742768457701278,0.49105402288936234,0.5854411792055148,0.05318850186564057,0.12791737185844984,0.38682202607813504,0.6012990482334544,0.7374716974334206,4.475784307441624,2.437875813651243,0.24375653713377426,0.03999050683504468,0.5872712659857402,0.40400845267637264,0.574070097280657,0.2708068458277258,0.2711263441177195,0.3249136115175757,4.566916133187754,2.7271050147792133
m24_h3_q5_d8_l1,3,5,24,vol6+size,8,1,0.7475479389320075,1.8240762098755037,1.2188297215518165,0.5576569977744991,0.054460254038685395,0.17064131447802336,0.5657941212037259,0.5693186045191125,0.6145109472917818,8.506580935441992,4.470511160141748,1.4845305277944412,0.2876459180745999,0.5720315417751245,0.6935836906959335,0.8670307744295813,0.7945447753251049,0.23365055950790947,0.24195316376848353,8.466226246503894,4.550965290904125
m24_h3_q5_d8_l50,3,5,24,vol6+size,8,50,0.6404212992523806,0.4133822819994353,0.48238842800861365,0.5833831526792799,0.05078573596076183,0.10573772670868799,0.38892585151440084,0.5923931377720992,0.7497566592607717,4.864770849551676,2.6396677922948393,0.22961900300118282,0.054453061688617785,0.5851594330013581,0.4536397697362548,0.6265703440193486,0.37129049913537787,0.24796996458034182,0.30898437612457264,5.569792370004213,2.7943964133610266
m25_h3_q5_d2_l1,3,5,25,mom12_1+vol6+size,2,1,0.6221049890894663,0.25245364897824796,0.48466395569160786,0.591303944374876,0.05688556933126312,0.1367089564838469,0.43522453937235867,0.6559633055395755,0.7760273333820419,5.040248555318193,2.41131150019079,0.26373378664224195,0.1637706425100528,0.5837511759421684,0.27610344788039937,0.4492223484830325,0.06740820518372743,0.4181490982946814,0.44397742705147225,4.951318676433113,2.5000008447413515
m25_h3_q5_d2_l50,3,5,25,mom12_1+vol6+size,2,50,0.6207020401458044,0.14469952703459948,0.39735431944580046,0.5898492711329597,0.056697339553233424,0.06770647692823452,0.38115287819731813,0.6587363020227349,0.7675723772066184,5.2890505946284385,2.619252528467582,0.10675793734560295,0.05992252565854328,0.5821046358646447,0.2580203919288558,0.4374771101479322,0.04076594151445007,0.3603252062778768,0.41670205352357637,5.109792641848065,2.449883949995523
m25_h3_q5_d4_l1,3,5,25,mom12_1+vol6+size,4,1,0.6499336301701051,0.46350713854318787,0.5707531485872498,0.590593558600724,0.05452227600563599,0.19972968629158766,0.43821640906707865,0.6231216724203045,0.7526161666127711,5.634922904868556,2.70998327667283,0.3997585941615725,0.15228749110881148,0.5877847459964917,0.4006235435095873,0.6031548947920895,0.34990361265646064,0.2524436203722885,0.33409271238165383,5.290005971157056,2.764289852566632
m25_h3_q5_d4_l50,3,5,25,mom12_1+vol6+size,4,50,0.6345467169212459,0.29244979702910645,0.4656725345196993,0.5906406335238543,0.05556342178284757,0.2050834364077217,0.4329618565686232,0.627380013436331,0.765727450662848,5.462394316178005,2.7428011230095444,0.21635456941007242,0.15938253525783316,0.5812558355024898,0.2470620135197504,0.49247942803946765,0.12594632582061915,0.32412667160302533,0.36804513763530333,4.9530081000800035,2.4843264998874197
m25_h3_q5_d8_l1,3,5,25,mom12_1+vol6+size,8,1,0.7867263827241618,1.9814840892765004,1.4060470486602081,0.580980006912071,0.05427517304170653,0.2228124297430325,0.48622513034078574,0.5507534270852623,0.7301413943967141,7.514397328595229,4.05009697135344,1.988975349017389,0.18862008818456308,0.5758593219499775,0.3516453466219545,0.6431630951899643,0.3970749890584214,0.2829436960472246,0.33398856820844924,7.528147777707707,3.8618929538853854
m25_h3_q5_d8_l50,3,5,25,mom12_1+vol6+size,8,50,0.6541809312078457,0.3749921279475151,0.4898892242199415,0.5879803191951002,0.05350169659104288,0.06975335445986022,0.35657624379445507,0.6473045047840635,0.7622701423822882,5.740692582719187,2.7430606328911415,0.2520872682180439,0.009964539338577645,0.5775074093198279,0.22710337330722327,0.5275617845096056,0.20238759870463222,0.3277892254917737,0.35199911402355466,5.613873189336219,2.6101903007142457
m26_h3_q5_d2_l1,3,5,26,mom3+vol6+size,2,1,0.6230894942719698,0.30074790005276825,0.4819328618029076,0.5917791492573399,0.05848949317617432,0.12856500142603228,0.35194229724219045,0.6367424903175714,0.7830921263101107,7.669146450032577,3.2948898864946634,0.23906338852639444,0.011738632709050659,0.576072627249321,0.27151228405958944,0.5147390613454045,0.1696146763741303,0.36247114173891826,0.4423115899170045,7.126502719541377,2.821305112093448
m26_h3_q5_d2_l50,3,5,26,mom3+vol6+size,2,50,0.6204419657248066,0.2933156799652985,0.45721210511497495,0.590467056852559,0.05836817900069976,0.14168527618818652,0.36505108408757597,0.6422097342352477,0.7806482880082617,7.645686851582873,3.3365078098686354,0.19658832229604006,0.039623960546721966,0.57316305454957,0.2768654782854227,0.550038504372678,0.24407340276141806,0.3535762224850105,0.432790004572596,7.146125095401492,2.8127673645997513
m26_h3_q5_d4_l1,3,5,26,mom3+vol6+size,4,1,0.6491791721942571,0.4276633031604068,0.535875992509301,0.5915867813615849,0.05725919494611032,0.2164845538434682,0.44760680355445975,0.572451071379823,0.7347665354838375,7.632157398218632,3.5816871787005393,0.34258322739121194,0.17834878311752544,0.5796252104317565,0.22834422673406748,0.5086979162534683,0.16939411717541114,0.3886343340781738,0.4564133308327961,7.207163081300054,3.002833349969136
m26_h3_q5_d4_l50,3,5,26,mom3+vol6+size,4,50,0.6357606881385142,0.32201158952285225,0.45026553529015056,0.5898560514716822,0.05827843844771918,0.14843475090249725,0.40906869376711574,0.6181791790886241,0.7580435216015387,7.153835209464327,3.4527381194598425,0.19294605398625,0.11496141179784906,0.574786827325713,0.16134467844954983,0.5014432686925201,0.12516050741394166,0.3390089978277625,0.41172573004813173,6.626867047877512,2.698130097800785
m26_h3_q5_d8_l1,3,5,26,mom3+vol6+size,8,1,0.784882711763539,1.6023005749603236,1.180068672081684,0.5773779035347649,0.044184800806975455,0.35171087229088543,0.5609187342733204,0.5643061726433957,0.7127072369700044,8.794530029419453,4.396869304665638,1.511506705243856,0.3521191955263713,0.5694486687980987,0.5839247868823956,0.643108851836695,0.39081299947177717,0.236551830987058,0.3640911528847379,8.984336867842828,4.458500355152608
m26_h3_q5_d8_l50,3,5,26,mom3+vol6+size,8,50,0.6512724564818488,0.29833167429809304,0.47387994400719474,0.5869498045712656,0.0544289668397701,0.1381839634055002,0.3997837675903794,0.5940268888892912,0.7344095409403288,7.351733769569104,3.7451669188170214,0.22371905059958946,0.07214217841388279,0.5734528402982119,0.28629667818950083,0.5480468755741567,0.209370239291245,0.32247143735692485,0.41016162198748685,6.974456670548582,3.0226819298285887
m27_h3_q5_d2_l1,3,5,27,mom12_1+mom3+vol6+size,2,1,0.62666912566951,0.278032005189496,0.4677188878732265,0.5909091349372645,0.05910662296995319,0.24959187255100435,0.4729521149966831,0.5615494262945407,0.7452432504027986,6.554660761062685,2.8884127251028198,0.22630379254136532,0.22277850664803459,0.5802390434019918,0.24249169577231167,0.49816389168459785,0.1407065940462009,0.32001756232944634,0.3655018206573435,5.89880629900295,2.8040883576518016
m27_h3_q5_d2_l50,3,5,27,mom12_1+mom3+vol6+size,2,50,0.6241064482183594,0.26234669085528933,0.45846629539566763,0.5882191808420948,0.0594105150450295,0.1962981298433417,0.44167593734393523,0.5906743943872412,0.7529962744712198,6.5696147630793815,2.9393950969586307,0.213870788658694,0.16831234394667047,0.579270659447148,0.3286917279260485,0.5442092236456079,0.2414881651608106,0.32027526388345895,0.3655018206573435,5.5163723280154535,2.6306785562394146
m27_h3_q5_d4_l1,3,5,27,mom12_1+mom3+vol6+size,4,1,0.6572709252876413,0.520268791823048,0.6292010523008287,0.5907138611820572,0.056837892014623075,0.12176463218780721,0.3643112840180553,0.6518369992651125,0.7896926372561179,7.072228987770191,3.3761888205116364,0.5059700652965005,0.022277487366038587,0.5773701423862607,0.4749136180941973,0.6553255598073732,0.4573952793831237,0.30871803179032176,0.34144278623100677,6.557222468549908,3.14815983821547
m27_h3_q5_d4_l50,3,5,27,mom12_1+mom3+vol6+size,4,50,0.6422467601604345,0.324219885026274,0.47781909499557573,0.5916596215718607,0.057600748970923106,0.15395601916029497,0.41459311113461506,0.6104174342438586,0.7551289929156502,6.715224154987872,3.2432393903820285,0.24426131650760313,0.112226249577852,0.5752225006366002,0.3734284353400319,0.5721405305559246,0.3025404438352174,0.311441247822947,0.365571812576329,6.272446336441802,2.817593904421436
m27_h3_q5_d8_l1,3,5,27,mom12_1+mom3+vol6+size,8,1,0.8111557494172784,1.8469800198226791,1.4399229205745678,0.5786896084916188,0.05253930460020125,0.053327842381216656,0.4013714655346825,0.5732479449694245,0.7109419620107266,7.945353629401395,4.108260506353099,2.0030561779326628,0.05003788677953565,0.5671496134421683,0.32808847813984154,0.6690828396254286,0.43738076823391936,0.2963480948259235,0.28106489848803085,8.058820097343569,4.125921960907561
m27_h3_q5_d8_l50,3,5,27,mom12_1+mom3+vol6+size,8,50,0.6649810421729319,0.4176001616634258,0.5230819251324998,0.5884329552358163,0.05625099817694566,0.15115929472606887,0.38357453873513647,0.5879076208309764,0.7465083924719731,6.892637333824038,3.4016147886621106,0.3173086588481537,0.04377285267252642,0.5711960039186283,0.271776288419868,0.5039811788967566,0.1469463961408825,0.3077025064781298,0.4027161664433726,6.710161749627543,3.0779711923216295
m28_h3_q5_d2_l1,3,5,28,rev1+vol6+size,2,1,0.6171381972512895,0.18834052847640909,0.43344112681110236,0.584490866302569,0.05576208349827612,-0.04980539927481822,0.31656213305090863,0.7189270114650693,0.7926451162503658,5.58198833065875,2.68976219631849,0.154677665875927,-0.06110314570924748,0.5870811700712992,0.4876209800788953,0.6229776219108734,0.3889565487202767,0.2738443577069125,0.35970169596393886,5.45784141817491,2.5313437438356576
m28_h3_q5_d2_l50,3,5,28,rev1+vol6+size,2,50,0.6140170136133704,0.12320571735756732,0.4145582625449363,0.5831566893659492,0.055688370080828144,-0.029644457937093176,0.3317425989552399,0.7017284203398418,0.7737069905444882,5.210088487759138,2.441573239697605,0.12051281231273354,-0.0341162858836051,0.5832706311538026,0.4363676308931215,0.5937996257711695,0.32876389984624355,0.3015261416602042,0.38107464067555896,5.251634805309142,2.3823251243473886
m28_h3_q5_d4_l1,3,5,28,rev1+vol6+size,4,1,0.6442215822443464,0.40864132160083033,0.541878505246952,0.584278835424519,0.055147468658888185,0.12518706183076309,0.3967759941359912,0.6342487771812884,0.7575404391492306,5.453606695676318,2.833705455129247,0.3358434123307299,0.08141554026577957,0.5878616685293119,0.5752158919668314,0.6506244292804751,0.4194637049794536,0.26004046731028563,0.3189588819967305,5.32190217018524,2.8602866858629015
m28_h3_q5_d4_l50,3,5,28,rev1+vol6+size,4,50,0.6281142095752331,0.33344093122818164,0.47774431637852677,0.584486604375372,0.054149659644678105,0.03125767128262374,0.3844270076957699,0.6823885996718857,0.7530777624594927,5.269811969206024,2.6934364900935877,0.22458710429547807,0.05886872482616951,0.5858643351771164,0.4759038011288729,0.5493117958617214,0.23622571055698544,0.2736019166440582,0.4090678008587397,5.091667181491777,2.520126852945669
m28_h3_q5_d8_l1,3,5,28,rev1+vol6+size,8,1,0.7749071868490875,1.741933272944329,1.163894904880443,0.5762042269019043,0.047024594952361456,0.12119204856170994,0.3920968641852088,0.5100786094222444,0.6731182242073627,7.819235091564135,3.9163355693331705,1.506081251082038,-0.0003694520434195888,0.5796062008403123,0.7057993779123101,0.7859536097959242,0.6880180381918425,0.2799909567999602,0.27497218892946274,7.784466277507931,4.201094767207245
m28_h3_q5_d8_l50,3,5,28,rev1+vol6+size,8,50,0.6435760939979667,0.3708838229332821,0.46278626738170586,0.5819446553883157,0.04820931153146209,-0.017387871656872632,0.3502649636604526,0.6603782221622232,0.757524683367,5.752644053477593,2.80635146860261,0.20918053249325902,-0.00617940946987978,0.5849430331173608,0.4344753577581472,0.5854491637244637,0.31495369784679966,0.3070131718684842,0.3813981670463573,5.5324983105802925,2.7696353397931044
m29_h3_q5_d2_l1,3,5,29,mom12_1+rev1+vol6+size,2,1,0.6225179117176651,0.23507779200348025,0.4185416518768773,0.5872014519998512,0.057872085245194056,0.20176909110299512,0.4801247542830208,0.6058488941778869,0.7600723808170406,5.270200350939518,2.5965981854625766,0.1344152495032365,0.2327977687774634,0.586446780217293,0.28728425313562095,0.4814768763385256,0.1310983045402763,0.3463561443504132,0.40437005992640895,4.763614828378206,2.392496761122599
m29_h3_q5_d2_l50,3,5,29,mom12_1+rev1+vol6+size,2,50,0.6207213156801725,0.21114014574337425,0.42705113008654944,0.5853349216115354,0.05684092487669773,0.1680395092780903,0.4385894884366432,0.6079235128132401,0.7531855933951446,5.170644443555184,2.4883074205576596,0.1517206328749952,0.16187776570091736,0.5841097056784744,0.34321625904508996,0.47833259488913915,0.12844747749079402,0.29652907033609455,0.4126642036416831,4.755791317067645,2.3880711337500498
m29_h3_q5_d4_l1,3,5,29,mom12_1+rev1+vol6+size,4,1,0.6546319205948721,0.425775022632693,0.5753508316117032,0.5887698412083416,0.055563286646204565,0.22391152471350353,0.41653117321813793,0.6028721993513507,0.7549234929747846,5.678593680453651,2.8177512682087578,0.4054659700281673,0.11187302731289392,0.5854498818752829,0.49041852054439056,0.6002201676909521,0.35973266738092713,0.2754084644861552,0.3659446806684099,5.215250769214212,2.6939511987675333
m29_h3_q5_d4_l50,3,5,29,mom12_1+rev1+vol6+size,4,50,0.6399997559078059,0.35739115158480134,0.5123276370782353,0.588104980565612,0.054381157074178545,0.17006882922615668,0.4302645800220734,0.6076698220024683,0.739622376956653,5.2391082024883735,2.547394708532155,0.30236679469447836,0.14498121668275327,0.5829392895540969,0.3176279182180138,0.5052016133562324,0.1718698165743412,0.3305750813599134,0.422503786147561,4.799378755005446,2.461880771967248
m29_h3_q5_d8_l1,3,5,29,mom12_1+rev1+vol6+size,8,1,0.8074410924171792,1.8784008882419632,1.3642233949425966,0.5824083336949514,0.050478731146852564,0.3078469562460367,0.46307719273642667,0.45379712071491596,0.6695415655288756,7.473236210488717,3.7613251566777692,1.8804871553124716,0.12066787582563286,0.575833460063943,0.4923407869736503,0.7176331416254204,0.5138608994448913,0.2988057873381157,0.25456539385669574,7.5944715192365955,3.7976491701078547
m29_h3_q5_d8_l50,3,5,29,mom12_1+rev1+vol6+size,8,50,0.6627540883505256,0.5704039839645869,0.5742960761156599,0.5852599504376612,0.054173814783340095,0.10276248172101894,0.36220766156269985,0.6151345422998695,0.7478578906699151,5.7073246869378025,2.719037878548942,0.4178031867497163,0.01574850412256356,0.5786280910479855,0.32271885480392787,0.5850753889441964,0.3221823786551642,0.3107973535774504,0.3669766720864369,5.585824709210916,2.8847443650925544
m30_h3_q5_d2_l1,3,5,30,mom3+rev1+vol6+size,2,1,0.6236982718272663,0.27873766124649285,0.46239306284210346,0.5889778038831581,0.05952953611782306,0.15992936600499147,0.4110303871342931,0.6349525940003423,0.7718995030748588,6.844922760745557,2.908916872065119,0.21386321376486872,0.112751412265137,0.580765785918402,0.29773094448422455,0.48320162994224547,0.12235114302453741,0.35838839458993677,0.44280638850820264,6.365061598549122,2.6977250925796055
m30_h3_q5_d2_l50,3,5,30,mom3+rev1+vol6+size,2,50,0.6218170184177246,0.24073567385601263,0.422184086496314,0.5872662526656417,0.058706767079762634,0.1955522415232979,0.42143126041802625,0.6146315630230215,0.7493879301957362,6.881301837727565,3.034005029874271,0.14205505703669477,0.13864697166589682,0.580577016254527,0.2407808568466613,0.470101706444018,0.09927813359356692,0.37444758829031044,0.4524096238654174,6.122605194106266,2.698107727221781
m30_h3_q5_d4_l1,3,5,30,mom3+rev1+vol6+size,4,1,0.6535472601232395,0.44110480657205514,0.5607567173443919,0.5907857327725153,0.058106269272058385,0.23943135124793005,0.44806921919997994,0.5455932160658683,0.727279803941037,7.33861356411433,3.491182810113456,0.3889714751517455,0.16456644738104595,0.582062195846537,0.3843998048390247,0.6069712760999315,0.36065228995403603,0.2821276816006195,0.37501379372798893,6.927746399148862,3.244821759163374
m30_h3_q5_d4_l50,3,5,30,mom3+rev1+vol6+size,4,50,0.6395515755182504,0.2573682388710379,0.4270149641321765,0.5888243745040667,0.05344427240048472,0.14008230053077103,0.40420192168699903,0.5833657555851028,0.7430008835747897,7.185299444067792,3.3789800500984817,0.162704404530603,0.08803597434201661,0.5785810091528972,0.3144505354964871,0.5397580566405111,0.2227287264249377,0.31618087211519597,0.3973314275176172,6.588198731883246,2.856706954651207
m30_h3_q5_d8_l1,3,5,30,mom3+rev1+vol6+size,8,1,0.7987693297770778,1.7861950929090342,1.2723583613246476,0.5781674255480064,0.04167674232560648,0.13197244742956543,0.4058134495928819,0.5669770662844937,0.7122708370636419,8.52152811798453,4.201122104640995,1.6930526061910065,0.045415859083812224,0.5702656391466727,0.5233730161739658,0.7053954346915313,0.4942933014280894,0.23783224116312762,0.28418767502854625,8.651925156717365,4.5474197935545675
m30_h3_q5_d8_l50,3,5,30,mom3+rev1+vol6+size,8,50,0.6591968320707697,0.3857029976014495,0.4723002496202563,0.5875704961503174,0.04977124015986819,0.14986078168349024,0.41419008761386095,0.5842511524921957,0.7278425323502309,7.257344275034977,3.4267654485897308,0.2332167605933468,0.10171090432092171,0.5747154308369171,0.25759462350698586,0.5341838658821905,0.2023270338223631,0.3838995177930786,0.407653066721526,7.123534083190009,3.2330487242455765
m31_h3_q5_d2_l1,3,5,31,mom12_1+mom3+rev1+vol6+size,2,1,0.6262702480286649,0.25607580139024777,0.45935697957650423,0.5905575259435132,0.059282688627927634,0.17467745101812154,0.4114791071668544,0.6710003253913162,0.791677022367315,6.405695769197589,2.9396799162578264,0.21167638131474195,0.12317530578559331,0.5810507087483023,0.3375772878297982,0.5401274959425555,0.2443500751767865,0.31085091041106605,0.40800271305192415,5.79936463859268,2.674205363330593
m31_h3_q5_d2_l50,3,5,31,mom12_1+mom3+rev1+vol6+size,2,50,0.6241676649908252,0.24800625246464592,0.4672537784598554,0.5899971793790915,0.05808809984053412,0.17919585271828653,0.4150344399839896,0.6501557734720784,0.776905219415978,6.46657963364859,3.0470727656390366,0.22724684667260597,0.12769769171589818,0.5784921503649841,0.38933052882249986,0.5566794224497161,0.2630570646183122,0.28547322105094797,0.34878375701694764,5.724694989300714,2.5329113856205168
m31_h3_q5_d4_l1,3,5,31,mom12_1+mom3+rev1+vol6+size,4,1,0.6571861710536104,0.46073922914776355,0.6110232071836158,0.5921822888253818,0.05803477654476315,0.13681612739894702,0.35124623184126813,0.6191701187191048,0.7699266226506735,6.817839407513477,3.1440303132176766,0.4725399468077601,-0.008230551961161044,0.577706346904708,0.40147774974808514,0.6173562834781433,0.38149392962177114,0.2947403883840165,0.332364885016905,6.589542009292519,3.242917687298026
m31_h3_q5_d4_l50,3,5,31,mom12_1+mom3+rev1+vol6+size,4,50,0.6429156890063975,0.3311338365609974,0.5087173176743254,0.5917773088796866,0.05572414948981728,0.21305058523382003,0.42803970797557905,0.6250615064394089,0.7641705492284613,6.509548779805402,3.0575596321687435,0.28928931172614664,0.143227010279713,0.5751186110089407,0.2902504511073867,0.5519252327817208,0.2653406069128109,0.31746160066659856,0.40169592281902733,6.243277930697742,2.720022694246004
m31_h3_q5_d8_l1,3,5,31,mom12_1+mom3+rev1+vol6+size,8,1,0.8146530481303313,1.9084580399528646,1.426830759423972,0.5821068023457647,0.04984330135320817,0.24784319432071894,0.49953691949552137,0.5417088067762207,0.6704524653054784,8.024874958904112,4.111051002391489,2.0487290069549533,0.21911733005656686,0.5661883028236758,0.35382754833239377,0.6065432493952757,0.3129266975822133,0.28313145619653823,0.32848815104752793,8.066710762038237,3.890761234531359
m31_h3_q5_d8_l50,3,5,31,mom12_1+mom3+rev1+vol6+size,8,50,0.6661693449650367,0.4490423740845147,0.5103707717335837,0.5888352230460225,0.05312559137635055,0.10258838328659828,0.36519626255864013,0.6430799073675393,0.7588218643836371,6.928607719035038,3.2683074776247953,0.28821376765354956,0.014434867593301206,0.5734349359155726,0.3016113965952097,0.5882014715881457,0.3270463606839708,0.31741156439722806,0.4121823201004522,6.492707728266584,2.9607910045215973
m01_h6_q3_d2_l1,6,3,1,mom12_1,2,1,0.5405111807989506,0.06293166244553652,0.48147057967708373,0.49726534949867085,0.049140252462433066,-0.32178614202516914,0.36857986622003525,0.581148424887711,0.6737559904822719,4.7147478322346315,2.4142393407942166,0.04708884288823406,-0.2901084666198939,0.493347108731724,-0.11460504941677752,0.5697354314462154,0.050872088728964406,0.35630440905175076,0.3138073123982993,4.5396333809338465,2.1588385388613083
m01_h6_q3_d2_l50,6,3,1,mom12_1,2,50,0.5367705835331734,-0.10176507883272042,0.4283292301896283,0.4986098558894998,0.06325861296088203,-0.3189496896965539,0.3561382594310185,0.5938041136264458,0.6589394008668324,4.609799406191429,2.2663000493687444,-0.0953239106422571,-0.30169167677179587,0.4934723396261857,0.02784035462834315,0.552580311731458,-0.02026030752942334,0.30059675697127075,0.312558250695809,4.897085072665227,2.2294836945389838
m01_h6_q3_d4_l1,6,3,1,mom12_1,4,1,0.5486482608784767,0.2426849334488051,0.5967641333173073,0.4955843478694263,0.04249204457755535,-0.24622627449182133,0.47575377717558004,0.5160862473270936,0.6193036054326766,4.960879054256609,2.5791278631098375,0.26389616585582176,-0.07802190707686515,0.49059202905356747,-0.2648217346415482,0.6028391911736561,0.0029760260281462806,0.2918123061861492,0.2787541410703753,4.952486365713491,2.405072687537313
m01_h6_q3_d4_l50,6,3,1,mom12_1,4,50,0.5387792330238373,-0.01821766546244638,0.40782546728862196,0.49221202267110864,0.06091878573032669,-0.39789276362360315,0.2923120874613402,0.6558631514328702,0.6990643622353561,4.5711308749364905,2.2428224641761267,-0.1929515078301012,-0.41240561868660586,0.4955386493848032,-0.2035181211271722,0.5621453330545774,-0.15991624178608507,0.36470109263587647,0.2765418265798526,4.924891762482833,2.3647734243502136
m01_h6_q3_d8_l1,6,3,1,mom12_1,8,1,0.5518866957715878,0.322099200972117,0.5991369006460224,0.4993545101199984,0.030193540442376786,-0.18615493331091085,0.41856677247083834,0.4269226390065527,0.6249055265241446,5.290763190648073,2.636850179730155,0.19707047280818946,-0.24515565283372764,0.48987195141041284,-0.25942661100623776,0.5714057761045943,-0.19609265691803326,0.29284744454274114,0.27771882471823073,4.9265883343142995,2.42087956477467
m01_h6_q3_d8_l50,6,3,1,mom12_1,8,50,0.5419766750702002,0.022230882793012545,0.4750077862691701,0.49265704573400865,0.06015482003631427,-0.4087110849223547,0.2769665759361659,0.6414652446057165,0.6990643622353561,4.568798107815141,2.241083514897266,-0.1371109796826958,-0.45695314828248773,0.4936914936914937,-0.16059367302070773,0.6194945140688839,-0.013689679642016074,0.2964230934832601,0.2858546946132473,4.951003430402274,2.4690483887933006
m02_h6_q3_d2_l1,6,3,2,mom3,2,1,0.5430937301440898,0.3301223544279733,0.5292082445484494,0.5132600800009319,0.016472897141588356,0.1964014907729901,0.5182017224908748,0.4231402822841397,0.6668164876548202,5.373815115165786,2.7757060567412566,0.18645917729822184,0.15617300441005655,0.4771297078989386,-0.7276446109022993,0.4356741916849005,-0.6578306646917695,0.5282385479853418,0.22241428622814363,5.316858213830968,2.6452971960704366
m02_h6_q3_d2_l50,6,3,2,mom3,2,50,0.5333681772530694,0.2247530786087156,0.5523276878858911,0.5061035842051318,0.013389173994843039,0.2019024674734273,0.5617131875471562,0.46553288468661325,0.6629276224198539,5.403385549382478,2.788676195595355,0.22008235849040783,0.24918730775153702,0.47570520647443726,-0.8982576051243994,0.37127051663685845,-0.7400515278750815,0.5894299325180556,0.24715926799836407,5.293597693453926,2.581626685499035
m02_h6_q3_d4_l1,6,3,2,mom3,4,1,0.5498370534341757,0.7425775504210335,0.7505882916807608,0.5149760287693107,0.015316698629010679,0.47158265527336274,0.6206103757736556,0.2249912683434767,0.5717223041831088,5.215964947020145,2.590414798642153,0.6767068478993719,0.36176590373862527,0.47716101562255403,-0.3056768513177903,0.588568922080607,-0.3495683502163018,0.30413963367283137,0.23353237031477125,5.567253182194595,2.7341631705945866
m02_h6_q3_d4_l50,6,3,2,mom3,4,50,0.5401524933899033,0.4165706140477124,0.6507727656844828,0.5057723973929139,0.015666909415455805,0.2902294674338168,0.5296332649716409,0.47527833430798716,0.6719662575441401,5.172495491165242,2.7269628109395647,0.3987685458730944,0.18571044491600375,0.47345105037412727,-0.814071696093648,0.5014662782594875,-0.4475187040126888,0.5143350947220477,0.26395007946178517,5.289124143173163,2.612029444479342
m02_h6_q3_d8_l1,6,3,2,mom3,8,1,0.5553710877451885,0.6242939111017737,0.7035066932799564,0.5121001888767532,0.017972952127853804,0.22235107485554084,0.6071810498369626,0.24015879311791077,0.5407030116086574,5.2053523628388225,2.6097815838500114,0.4637934281145471,0.23899284452500288,0.4852071005917159,0.16437032895266337,0.6518668345601076,-0.1187789428827705,0.20843009696714743,0.23336024158553215,5.397967615732172,2.613244294363553
m02_h6_q3_d8_l50,6,3,2,mom3,8,50,0.5405214290106376,0.4447956311627482,0.6507727656844828,0.5050528107305707,0.014749392976567905,0.4303461733897008,0.6241964521807464,0.38517716585731243,0.6303198656472483,5.2727154209100835,2.802350095289615,0.3987685458730944,0.38473697853058286,0.47320058858520403,-0.6336279698873335,0.5014662782594875,-0.4475187040126888,0.4553117165880184,0.26395007946178517,5.301616028507137,2.612029444479342
m03_h6_q3_d2_l1,6,3,3,mom12_1+mom3,2,1,0.550426067557686,0.09883939216207793,0.5037112695677199,0.505631355457969,0.034432279908298474,-0.015376010247194332,0.46809084921201644,0.49197853380451606,0.6707353266404276,4.636732876107593,2.463551632419813,0.1558122842802138,0.012906347064259997,0.4793389666593386,-0.5784440051351356,0.46291168722326564,-0.3948823711845347,0.4906873618266395,0.30333308871916775,4.745762623102483,2.339603659936424
m03_h6_q3_d2_l50,6,3,3,mom12_1+mom3,2,50,0.5405590303628707,0.2756214727945075,0.5829649917330535,0.5016269589014271,0.03771843568401193,-0.051914614680754916,0.46682023634705977,0.5609725189197592,0.653132532913308,4.478331509602296,2.3650691994896422,0.31779315406431835,0.036422687120661615,0.48187248398575533,-0.483363930606917,0.5519821792769082,-0.05053539047205978,0.462333239562714,0.29915103752681116,4.512383584909712,2.2277542438044127
m03_h6_q3_d4_l1,6,3,3,mom12_1+mom3,4,1,0.5860583623121793,0.26357071070940347,0.5355694510187707,0.5017996302091328,0.028481098817339692,0.09681975499928766,0.5725709971536191,0.3629340446660988,0.6059230189672953,4.65624629277659,2.481308176045125,0.19095563770869284,0.2615708515664734,0.47742265874134004,-0.7281425068523223,0.44623831905917327,-0.45114652151651874,0.5701965476649151,0.2882402131030187,4.512972961900974,2.1755345961908974
m03_h6_q3_d4_l50,6,3,3,mom12_1+mom3,4,50,0.5546882914255203,0.19108564242915715,0.5521888952227042,0.4962259301579212,0.0352360446306083,-0.20169743910249058,0.4099305968951461,0.6307487196681159,0.642873968067659,4.540737611556824,2.3859569493878925,0.22586704557824347,-0.13462094999483804,0.4850710324083105,-0.5356050359798644,0.47503519604982497,-0.43005380431161216,0.4678590274293576,0.2683996895656785,4.670410030415949,2.3029615438585287
m03_h6_q3_d8_l1,6,3,3,mom12_1+mom3,8,1,0.6863616651412314,1.2832554087795878,0.8364825477293184,0.5032806811182672,0.014122785217260472,-0.2990056820755033,0.43204006419964786,0.47733773579632366,0.6264905950290101,5.0615474622873124,2.691935016539015,0.9848317751158946,-0.21317202805721017,0.48584787680307545,-0.8783892233250756,0.36439139309911545,-0.8491124303527545,0.5927816422307299,0.3010364578269621,5.265378223371398,2.6401891755702245
m03_h6_q3_d8_l50,6,3,3,mom12_1+mom3,8,50,0.5609186143061202,0.15672630275264868,0.545787748978579,0.49474355214223753,0.03510542166776161,-0.17460612735329656,0.38938031523889644,0.621149699721104,0.6393857643176739,4.64610855834054,2.357476445722974,0.18643982258740777,-0.19226363623742496,0.4829885527265071,-0.6182872590714433,0.4367712515574126,-0.47555417885215484,0.4983208278653216,0.36842207904118396,4.823746557473626,2.396394757685023
m04_h6_q3_d2_l1,6,3,4,rev1,2,1,0.5508208817561335,0.15269761273801324,0.5466013800368328,0.5122213979415988,0.01848186779483895,-0.08343289014593923,0.41834199376660364,0.34245167528317166,0.6458051729046675,5.343336460657524,2.750664365861685,0.11510737163276677,-0.19723639367331638,0.5103472026548951,-0.2794610785014382,0.4248062754893487,-0.6077802549791256,0.3229824202567002,0.3307917157628858,5.358675517824482,2.730523492717199
m04_h6_q3_d2_l50,6,3,4,rev1,2,50,0.5458709955112834,0.03964341038913703,0.5184169673537047,0.5103717063242967,0.02024731483904959,-0.01843014825075638,0.4571924711284388,0.3382411803637704,0.6600325261819051,5.517650062732137,2.7533465277316758,0.026469602791234698,-0.10708771864231431,0.5151998998152845,-0.2806223376427166,0.41630061884523584,-0.6066824637068864,0.3124126839379311,0.3280987355490482,5.473181553567917,2.747007017166033
m04_h6_q3_d4_l1,6,3,4,rev1,4,1,0.5531369775974093,0.3022297017255674,0.589512878476516,0.5197971119507272,0.01669414815966874,0.02629238689495726,0.4904934616182638,0.40162865669589765,0.6275282786742138,5.434042083277123,2.7644969096807053,0.22164329924266904,-0.031681449277213884,0.508249585172662,-0.5734292620051546,0.501601395482626,-0.4016455426957715,0.40801817829591225,0.32218391643215194,5.635423218287701,2.819837661293454
m04_h6_q3_d4_l50,6,3,4,rev1,4,50,0.5490479411342721,0.23492193606815331,0.5617020308883571,0.5169659513119995,0.014236604845949992,-0.14133244485261304,0.4731228277067097,0.37864585872887424,0.6254104658161812,5.466478833823673,2.701971294104869,0.12266593417309775,-0.10977779347064845,0.5105663567202029,-0.660731765405139,0.47753390399894524,-0.511523983175446,0.40568054066580206,0.2976418085720528,5.344093646396835,2.6941337418062234
m04_h6_q3_d8_l1,6,3,4,rev1,8,1,0.5583635655578102,0.2990503441001463,0.6207623364370444,0.519560149703517,0.021801310392345487,0.0770641275823799,0.548425759337881,0.3197875358234725,0.5888304418863636,5.243919418591221,2.612654710127344,0.3101824181750342,0.09290891991284768,0.5063398140321217,-0.48523545710364224,0.5138113329644275,-0.37122920008954696,0.34420013245581293,0.2814038074360302,5.5074296491469115,2.7052226245926816
m04_h6_q3_d8_l50,6,3,4,rev1,8,50,0.5496628338354957,0.2151123190776275,0.5622558602333823,0.5191297248126604,0.015403913178830424,-0.0766535574999661,0.46507097977529094,0.3744791296606844,0.6254104658161812,5.500439169569312,2.7270692327177706,0.14183728937559772,-0.13253172804393126,0.5082808928962775,-0.5606108518143966,0.47210911775209946,-0.5461314693415318,0.46200350656397515,0.2693750032082962,5.4425258271057055,2.740528346365611
m05_h6_q3_d2_l1,6,3,5,mom12_1+rev1,2,1,0.5527544759986145,0.1657069477091493,0.5188946237946033,0.5106966999726174,0.05475692617850048,-0.033975259803000264,0.48880962012013274,0.4868545611046835,0.6443277032505754,4.672578336970589,2.2695732089843137,0.14698675325663718,0.10220880662758118,0.49879998527504865,-0.22078956272557793,0.4885259830947965,-0.21225719174147847,0.32500653616675856,0.32575649787269023,4.569449592815433,2.2917826407676976
m05_h6_q3_d2_l50,6,3,5,mom12_1+rev1,2,50,0.5500462939001316,0.14926131415535954,0.5350108094489505,0.5108750483472289,0.05857921314202223,-0.10913005948649697,0.45920595701157174,0.5193945420519663,0.6493421097005194,4.758695088657894,2.3643384941439,0.18539710625679792,0.01894590330089243,0.5016749632134248,-0.25179815122150206,0.4746464035277009,-0.22721702108321748,0.3570946135326796,0.32022756222742,4.483038289269134,2.2305183567940903
m05_h6_q3_d4_l1,6,3,5,mom12_1+rev1,4,1,0.5843414550779594,0.2135045503440122,0.5560897122454639,0.5105662011619261,0.048006709012742885,-0.05554485590031319,0.52674444316488,0.46122910717704435,0.6038525896635151,4.960042004818488,2.5710252936997198,0.23704962190839857,0.15723595336226656,0.4934176371200885,-0.3711756906900537,0.5222744136534484,-0.18414134653732558,0.4100162451464684,0.3080455320799974,4.670573128174304,2.3829796126220444
m05_h6_q3_d4_l50,6,3,5,mom12_1+rev1,4,50,0.5604311238336392,0.11143759228080703,0.5265763351927775,0.5088327050958386,0.05657140725098452,-0.11475466103869453,0.4451418038640651,0.5302544457332035,0.6592300325436621,4.803993260282983,2.3340574270425374,0.17345968383176122,-0.007943788100368271,0.5053799398685281,-0.09140717500580384,0.4900838135753729,-0.16660243664980348,0.30322083274568457,0.32022756222742,4.6396989402834325,2.275694225836978
m05_h6_q3_d8_l1,6,3,5,mom12_1+rev1,8,1,0.6836411704430958,1.1349010279694924,0.9411792315848823,0.5054863322033758,0.03653004552176615,-0.11557330152989466,0.5330428506167956,0.39319797194548,0.5641455349076165,5.363804937385086,2.6143133851942553,1.3143522949107498,0.05346091428863742,0.4965687078958423,0.10923609962460992,0.6495065506287632,0.1833657409799785,0.31846422255431506,0.26854056254846137,5.0829418879281665,2.6080438286128897
m05_h6_q3_d8_l50,6,3,5,mom12_1+rev1,8,50,0.5659358143442819,0.14156418414992042,0.5491402387677351,0.5071437408272976,0.057568945011700554,-0.05697119608014004,0.47756695795606297,0.4960781743898076,0.6384249308508811,4.797982054110207,2.4028162823368713,0.21340343869617479,0.06168970232315883,0.505271911020009,-0.05401555993893351,0.5360036259025217,-0.0442042078033794,0.34078937209673965,0.3202268482197468,4.54136374794498,2.241960441412916
m06_h6_q3_d2_l1,6,3,6,mom3+rev1,2,1,0.5583189600321219,0.4346700193717543,0.6453775431777867,0.5233324500701966,0.021211928015805712,0.332563568424066,0.6147235014549579,0.39095255989637434,0.6441100910637748,5.434328109320003,2.9009600917155822,0.43472168284746343,0.37801975169869245,0.4806064134043847,-0.8701964232645825,0.37988399076068674,-0.6923977671058754,0.613697133516678,0.3188979874430016,5.0881224747076175,2.5797230951489594
m06_h6_q3_d2_l50,6,3,6,mom3+rev1,2,50,0.5534840896882198,0.2849392306328825,0.5774381153558347,0.517786914169089,0.01733843484149985,0.25466751712365254,0.6008371814810423,0.3937128108359558,0.6393347043862068,5.460080619455965,2.9012170221114073,0.27312094935744885,0.3349686374654807,0.48296653410770063,-0.7977988697237326,0.3803350464269938,-0.6699032657228096,0.576359925293488,0.33714480949493897,5.25720082455014,2.6343889510706506
m06_h6_q3_d4_l1,6,3,6,mom3+rev1,4,1,0.5900492666188024,0.9146145711338738,0.7901598941639352,0.5279874237485127,0.026073157611604787,0.6072249453029076,0.7082813557809612,0.2506387655372412,0.5726738068697932,5.452800495674505,2.8166559819215933,0.8226423561734935,0.6029061679766564,0.4887662038972268,-0.44311478175813634,0.504849130875951,-0.41798703632466205,0.3954238218877555,0.3005126523136392,5.2784800213342375,2.614782359046737
m06_h6_q3_d4_l50,6,3,6,mom3+rev1,4,50,0.5682423992552867,0.6329591172605492,0.6315948201481234,0.5241618179354322,0.02089953885948476,0.36878717547832796,0.6442114749703246,0.3193774084427372,0.5928323636087465,5.430091132829382,2.9300008080636313,0.3918606906756749,0.4040046941024641,0.4935736596767873,-0.7260539628286382,0.3957248349973388,-0.7333222950344801,0.5392913094295562,0.3278976833299091,5.16983637229369,2.6198564038890755
m06_h6_q3_d8_l1,6,3,6,mom3+rev1,8,1,0.671334690226052,2.027015784464808,1.0238780123820321,0.5186823424492282,0.03051533345555828,0.3390800278344094,0.6398357554678096,0.1511421732478242,0.5252537893671172,5.58774939051662,2.8247091395833244,1.647370718152969,0.3104152840983523,0.5003208181568283,-0.04375843835398824,0.6296805087285217,-0.09635135510315386,0.18912701630667828,0.27978452496484174,5.412658643400745,2.7136736779248296
m06_h6_q3_d8_l50,6,3,6,mom3+rev1,8,50,0.5704827025669632,0.5805939768476263,0.6288891189776324,0.5260840580441015,0.022072934063110453,0.46400428785500253,0.628554660358065,0.2888011433767276,0.5942439609080701,5.39135510252432,2.8254943998993802,0.3799854964261658,0.3680631287732904,0.49930056481197643,-0.585654227741553,0.43935929048478767,-0.6691044752285594,0.47511747096862933,0.3074299718334432,5.2668350246993025,2.704019254960441
m07_h6_q3_d2_l1,6,3,7,mom12_1+mom3+rev1,2,1,0.556670030144488,0.2578577533379599,0.5911372714734181,0.5130829112765866,0.04240563854131106,-0.02699187622029333,0.4877795519547882,0.4990241365027567,0.658486400426249,4.57672013578252,2.325638689833713,0.351407021440876,0.08323684430775666,0.48560911240539306,-0.6243930945809802,0.4235200568677322,-0.5471066385117429,0.5060704381608758,0.30158756192700453,4.64340770930378,2.2877699064348618
m07_h6_q3_d2_l50,6,3,7,mom12_1+mom3+rev1,2,50,0.5491507918918508,0.18163050844443654,0.5927838218830201,0.5096901633830364,0.043454905139778545,0.0015488982111293119,0.44061363955258903,0.5461746078448239,0.6812327248355061,4.649685059699427,2.363520894496988,0.3353495059273569,-0.008645194611082875,0.4871339017577394,-0.3811855043251733,0.4326077086079783,-0.3069485502410084,0.44625417245725585,0.37294301074538616,4.593841791496098,2.2478784061108623
m07_h6_q3_d4_l1,6,3,7,mom12_1+mom3+rev1,4,1,0.603683000841533,0.5806073712352906,0.6883358140734287,0.5217151495553235,0.04191763897388342,0.09990376849091097,0.5311311347346745,0.379125278158298,0.6072755303383812,4.762351792640833,2.5086636826630864,0.5854529564902012,0.19331152513124414,0.48330489835139034,-0.5768162899453373,0.4286957142650471,-0.5191323632973642,0.48306185873993013,0.3234826013121934,4.723047613208566,2.3125590222041357
m07_h6_q3_d4_l50,6,3,7,mom12_1+mom3+rev1,4,50,0.5723176485559385,0.37077725522562854,0.6043177511903656,0.5111859599204974,0.04456297660614802,-0.06835786233055163,0.4130736773835154,0.525922060241761,0.6416947763145777,4.710480311615636,2.3341043958694665,0.3690034683818451,-0.08712760139659428,0.48996346629482723,-0.5642748402827855,0.428892144917352,-0.447430627793394,0.48301145628465614,0.325573283720512,4.5880068714025395,2.3224096344927214
m07_h6_q3_d8_l1,6,3,7,mom12_1+mom3+rev1,8,1,0.726003517422181,1.5853114304657774,0.9523458437936828,0.5208145603052698,0.04177995338057871,0.193593604476391,0.6421400591221361,0.24953665650247625,0.5193361727991432,5.012068690735189,2.4999637137389414,1.385455756845421,0.3877448122803948,0.49529266012782497,-0.2673810350737964,0.5380259842244407,-0.30803822557104155,0.3500580331374932,0.3306731219812479,5.022104487681737,2.561841180848181
m07_h6_q3_d8_l50,6,3,7,mom12_1+mom3+rev1,8,50,0.5811555883498329,0.34773892127239725,0.5898878353014352,0.5115768665274384,0.045029752780512154,-0.09097633140662331,0.38510113586533157,0.5527298853439091,0.6680531750831766,4.706573034588868,2.297662557139468,0.3238726141470157,-0.15823449672828963,0.49373432678589063,-0.43917285848246135,0.46013300527617224,-0.299034187134409,0.4477659741968114,0.32884542528198946,4.683278431822142,2.3424510139717905
m08_h6_q3_d2_l1,6,3,8,vol6,2,1,0.560023775851114,0.23028389597334897,0.52743410709201,0.526286957889877,0.0647848531563187,0.1321152576654393,0.49839773270044807,0.479864317456131,0.6835838175571415,3.528576883951313,1.9118800196484003,0.2415639332265808,0.16429488218951782,0.5545850161234777,0.28717861318625937,0.546215681517563,0.11485081622616426,0.281119212246833,0.33021846152992784,3.3914647866643888,1.7063102143061841
m08_h6_q3_d2_l50,6,3,8,vol6,2,50,0.5586607636967349,0.2511261383373141,0.5421577412297879,0.5242868608636426,0.06094529288241207,0.15459854625436892,0.49623355450823226,0.47826868748696516,0.6835838175571415,3.4619979258132303,1.9692675259102286,0.2610120387521723,0.14109934074069266,0.556228671613287,0.3040179549503853,0.5324697474547913,0.09185174785133296,0.29941743820402134,0.3497328320560841,3.2845572358413566,1.7694660128648407
m08_h6_q3_d4_l1,6,3,8,vol6,4,1,0.5711328373198877,0.415396744244417,0.6949857436329273,0.5242719677790326,0.053923651931918226,0.17354144506319671,0.5608011728369724,0.41171214757212227,0.6414137442528711,4.269791365434208,2.179003350098063,0.5927369270989984,0.24939889635287138,0.5360821514667669,0.23697802491920714,0.5236528956119524,-0.0267432225123931,0.23305660955770813,0.3223698084984521,3.714412982978593,2.05512336597657
m08_h6_q3_d4_l50,6,3,8,vol6,4,50,0.5649941585193383,0.3771513918805676,0.6683246183004169,0.5233960774564264,0.04854450619496595,0.24569302160781673,0.5906153454213678,0.41522264327621106,0.6445313761336766,4.004521143166429,2.138060123300517,0.5181356699298006,0.34471076241899984,0.5422654268808115,0.18445767941341482,0.5335139081457981,-0.0022770666459505763,0.24892831466830723,0.32800186823494937,3.7834228011300057,2.094611737882314
m08_h6_q3_d8_l1,6,3,8,vol6,8,1,0.578142614113837,0.6332032651917944,0.70410122663556,0.5265236252245207,0.052055812001841104,0.20329899344231137,0.5591007954177591,0.3757082978155394,0.6538795996816237,4.865465520564822,2.290580276954282,0.6219923318144484,0.24238274424317097,0.5261262953570646,0.10964210145855409,0.5565639847971843,0.08766439899344672,0.22156352918911226,0.3287889255026454,4.335140457776104,1.9785874135704566
m08_h6_q3_d8_l50,6,3,8,vol6,8,50,0.5664903974256491,0.4154226833737551,0.6949857436329273,0.5233511032900299,0.04803290275651211,0.25959422748947275,0.5845690311812297,0.4209382784544077,0.6445313761336766,4.142904134353755,2.162231790671012,0.5927369270989984,0.32984120382529475,0.5371622679314987,0.10338414691495951,0.5236528956119524,-0.0267432225123931,0.22019559396563748,0.3223698084984521,3.968463294150644,2.05512336597657
m09_h6_q3_d2_l1,6,3,9,mom12_1+vol6,2,1,0.5628903997259672,0.15763160930586748,0.5298778354890661,0.5240813068047683,0.06977924760947189,-0.004618981291091149,0.4827425551343871,0.5596183203590188,0.6640465277604307,3.340032861916742,1.7576256335762572,0.25105808263099966,0.14440884488564415,0.5429445636546228,0.30448728136076114,0.5449524721837136,0.1029983295732168,0.2733445902092132,0.29145689732134217,3.2628929792689116,1.6911258663287128
m09_h6_q3_d2_l50,6,3,9,mom12_1+vol6,2,50,0.560686665572541,0.14570635317715525,0.5085463593055873,0.5242469002108772,0.07151690673099934,0.0458747875584126,0.5092026357176004,0.4763644569056589,0.6409220755777479,3.3216974347545736,1.7724584650454152,0.19826032784077235,0.19176215934877078,0.5446169465611562,0.308302536117121,0.5496113339386269,0.09637680531268834,0.267520788810486,0.26454292103671506,3.3551179162208995,1.7151943379809809
m09_h6_q3_d4_l1,6,3,9,mom12_1+vol6,4,1,0.5905809939762634,0.18447352627889957,0.5259319759935903,0.5150233622362395,0.0605001590437393,-0.11271487742703389,0.4503617784036215,0.5831303226746186,0.6667704738178803,3.844594669660466,2.0532622350423906,0.24675294402738082,0.02269980508950085,0.5361647212872911,0.22393920168447348,0.5167835971261253,-0.01715971639870129,0.26606948692389976,0.2798107326821424,3.574963176285209,1.913975892971313
m09_h6_q3_d4_l50,6,3,9,mom12_1+vol6,4,50,0.5712958502410395,0.2808198058201054,0.573173895516271,0.5207976028326942,0.06587327096409655,0.0973358746184551,0.5097761470465043,0.4328814682391735,0.6351443967525985,3.4387548641544305,1.8212889229788256,0.341290591824346,0.18479388602341046,0.5368099700305956,0.2452968893859485,0.5053421848407177,0.01635334702770005,0.30521321413114033,0.2868824664744001,3.4267708918192388,1.7765330710917335
m09_h6_q3_d8_l1,6,3,9,mom12_1+vol6,8,1,0.6871564545080409,1.020166948209502,0.784514069594902,0.5068663755584722,0.036550439683283184,-0.2741819144185742,0.4378760194166852,0.4794668300138887,0.6173120075202424,4.739501028317826,2.4514264606975797,0.7963295671111894,-0.19440862338357354,0.5160458964347384,0.11928442508518054,0.5606526407524379,-0.024999890893883794,0.2451283181466941,0.2608513689473033,4.7135928582800615,2.3296708059338456
m09_h6_q3_d8_l50,6,3,9,mom12_1+vol6,8,50,0.5760698948680937,0.2745377770675223,0.5606358032372977,0.518946141739993,0.0646408323125198,0.007108308436709052,0.4991057391667417,0.4510740221989591,0.6270951127453825,3.624353724176668,1.9103069361588878,0.3133601320135854,0.14939616572584383,0.5322314734825301,0.2151860602643148,0.5115540767754326,0.026892621990206346,0.3006309935139475,0.28686726400719187,3.5647304787902416,1.8192934871304607
m10_h6_q3_d2_l1,6,3,10,mom3+vol6,2,1,0.5641804210201291,0.2724413775539869,0.5831931789704486,0.5282924370704507,0.058988848965192006,0.20492612474736513,0.5889112791696017,0.4977690092743592,0.6487631703250311,3.868923169997647,1.9855878967543692,0.38702175887849083,0.3987448637903975,0.5398815673540949,0.1331467546942368,0.5118146612345515,0.011037476579054307,0.254773515355026,0.3118647186823207,3.485987595074982,1.7586957235219178
m10_h6_q3_d2_l50,6,3,10,mom3+vol6,2,50,0.5599299199268145,0.28068727529474746,0.5692894138024003,0.5261742275613193,0.05506677878835263,0.2345940717425805,0.5705113010665056,0.471532636861564,0.6561855921431482,3.7524931849272343,2.0035122820586957,0.36102646352831497,0.36046612665383043,0.5435679657995803,0.1298718389105712,0.4825748728550414,-0.06443167946002988,0.26394897040861165,0.3130592283412422,3.2909316349204456,1.69175566178882
m10_h6_q3_d4_l1,6,3,10,mom3+vol6,4,1,0.5960101868698733,0.4434151431094989,0.6951038596563792,0.5252097160124695,0.04670838095638365,0.2151040782411351,0.5560504424330105,0.5055381146381909,0.6751370428801279,4.430785181246571,2.173528248162215,0.643897773072783,0.3098539231939095,0.5320610012072395,-0.008421489341507351,0.42820258933147615,-0.2397817613206634,0.2719059403636108,0.3169356662667755,3.84344029297557,1.9476490264387307
m10_h6_q3_d4_l50,6,3,10,mom3+vol6,4,50,0.5706965141777005,0.2863762225615398,0.5735856009122631,0.5247693378224925,0.04653802429303538,0.21828257974649456,0.5574520211342451,0.4307037451883361,0.6301722814452024,3.893456423748411,2.012950397520244,0.35650886513865243,0.2968645310721462,0.5410884628974232,0.07912336474204411,0.437744860286119,-0.1844326862485764,0.32664933964155507,0.3178267202723353,3.5997128127089035,1.8796438861863582
m10_h6_q3_d8_l1,6,3,10,mom3+vol6,8,1,0.6916610965055663,1.281376668749971,0.9253096328877048,0.5292728738978933,0.03662082279414403,0.3765998400633301,0.6704964305628629,0.30247624035146203,0.5747462448465832,5.000452598676726,2.465727469702161,1.2607119611624948,0.5051845432832922,0.5122081199849585,-0.27154974194192893,0.38892022244146973,-0.4805773069865462,0.3462513166528389,0.33990867441632255,5.050949745067369,2.4362746358261225
m10_h6_q3_d8_l50,6,3,10,mom3+vol6,8,50,0.5767641927778566,0.3626572247550868,0.6297953216274642,0.5245721887717644,0.04250620392402535,0.20242761902940187,0.5670632586812894,0.4381782576309998,0.6241950580272968,4.055839075467052,2.1035485171295196,0.49086263475539815,0.3052734668148519,0.5368268280356192,0.1594659626756797,0.5102458342574739,-0.00015169992597136966,0.3152216398641251,0.3298299195303612,3.7489771587509306,1.9332754723636498
m11_h6_q3_d2_l1,6,3,11,mom12_1+mom3+vol6,2,1,0.5673931985199517,0.17459154028978244,0.5371772480089376,0.5234305822267108,0.06040004918721277,0.011633452065394869,0.49455481058749506,0.5939464156895802,0.6720845629125107,3.805208375745529,1.8931841747284104,0.2780066044612455,0.18107827974821195,0.5270123727435646,0.23188512967479663,0.5441658281143958,0.10430971087626495,0.26321774699479017,0.283477220312473,3.694683611887488,1.8018924483819205
m11_h6_q3_d2_l50,6,3,11,mom12_1+mom3+vol6,2,50,0.56398953886144,0.13350109369752977,0.5197735800613906,0.5233483016206477,0.0656700175005639,0.02047621109928357,0.47787501657199727,0.5600638391045438,0.6590083674844854,3.6724382842674927,1.8295864405684472,0.24125259828354792,0.13954129250891584,0.5324318773177606,0.19676285309776115,0.5016360811854316,-0.002027701823224279,0.28950288642346256,0.3077749050363511,3.574652473089646,1.7730759745895397
m11_h6_q3_d4_l1,6,3,11,mom12_1+mom3+vol6,4,1,0.6058970569347879,0.21744514947028798,0.5583146426693679,0.5215667348062152,0.05759781012401915,0.013377650599487851,0.48867396568044863,0.535489788197723,0.6725642140797748,3.9531311671434524,1.9945129970924507,0.32219173522051453,0.16586625022929538,0.5236070557287802,0.08227882642869075,0.540158368675726,0.05180963982485227,0.25463405188707977,0.2658918293348057,3.8462712423931515,1.9236258637071846
m11_h6_q3_d4_l50,6,3,11,mom12_1+mom3+vol6,4,50,0.576631555851058,0.24917925388174378,0.5428291191472274,0.5188980709916479,0.06060828274726361,0.07074163709797196,0.5170145798268448,0.5160367679241111,0.644318902468356,3.7612433808985037,1.9442704231009007,0.2828312245433409,0.20814450966352094,0.5309851852539933,0.1617509873482216,0.46324866884006555,-0.09010327498293773,0.3616053539211448,0.30855311236710004,3.491311000482999,1.7756970532175766
m11_h6_q3_d8_l1,6,3,11,mom12_1+mom3+vol6,8,1,0.7284815939906256,1.246691281854434,0.8987909594807828,0.5126851479524737,0.0311087630243978,0.03565343770820845,0.4581713729754927,0.4876716695876203,0.6799614756211786,4.653628522193487,2.269192384480714,1.175965803085624,0.014522553030562916,0.5077722283977567,-0.34454487531176137,0.44937795867282726,-0.31651220713663475,0.42132691805515277,0.3126989710360686,4.7025892383685495,2.253562803313983
m11_h6_q3_d8_l50,6,3,11,mom12_1+mom3+vol6,8,50,0.5849274463476627,0.33292499455155583,0.5935550422839844,0.5195326491066876,0.05599024741381892,0.10242765971498137,0.5348596356586233,0.4881947825638431,0.639848846615524,3.848071492226847,1.9436000107846947,0.3907106920105327,0.2361442803880482,0.529119107310147,0.05024404647501329,0.45373477662680933,-0.1287671700808407,0.4021557580861326,0.3086517388839216,3.4912367135949376,1.7240092842541945
m12_h6_q3_d2_l1,6,3,12,rev1+vol6,2,1,0.5631334814089329,0.2205498019649872,0.5440579802723701,0.5289655012754231,0.06655654595966272,0.1981111297639366,0.5473967167334454,0.41374691593693413,0.621654441939103,3.4670555488536348,1.8985241632259118,0.28118111969717774,0.26701993367254345,0.5552622606722353,0.1848489362346111,0.483756150130116,-0.06834728569252847,0.29641150516613934,0.31872053528836053,3.3921418490697706,1.8339940742607128
m12_h6_q3_d2_l50,6,3,12,rev1+vol6,2,50,0.5609037212215102,0.2305712515711322,0.5255614740438124,0.5248827317043248,0.06644856118204703,0.17778975717491355,0.5055908592722534,0.43419322624629075,0.6523950102749179,3.3097262081292698,1.8292226280319444,0.2443449867884103,0.17901405351818755,0.5588279007552043,0.24471661852742538,0.4906929142651012,-0.01167889829657052,0.31498403855215085,0.3044218949088028,3.3101672220453935,1.6781017748411688
m12_h6_q3_d4_l1,6,3,12,rev1+vol6,4,1,0.5911642573047262,0.4826985440015154,0.7253909844950039,0.5295171352311252,0.06035018494671142,0.19672712462650915,0.5898305614085123,0.43179028780243134,0.6652584577157723,4.155944845834932,2.2640089814918967,0.7053191525512904,0.35585653834957914,0.5442730776627649,0.039245020946175185,0.42592576638768126,-0.27695291458951155,0.3854613947885397,0.35219212348348816,3.797154418832373,1.9915564072625658
m12_h6_q3_d4_l50,6,3,12,rev1+vol6,4,50,0.5728642689980095,0.434118387203901,0.6690724371863498,0.523066807575891,0.05884221887525134,0.06618163920578106,0.4773888342550377,0.4436526859950256,0.6651807139239339,3.630812545132826,2.030251312343706,0.5646022965488081,0.10981233521070283,0.5552318130509171,0.26245199928844987,0.4894686046362342,-0.06299072184082974,0.29583587091311336,0.33143857452276315,3.5021702766104834,1.935182168590965
m12_h6_q3_d8_l1,6,3,12,rev1+vol6,8,1,0.6798474151872009,1.0166606205122073,0.8993737380859951,0.5263572945369954,0.03199459436654434,0.28774985955590515,0.582828288183518,0.3214432439231246,0.6083471738381279,5.081336455669375,2.6026145534299183,1.0992352090078699,0.2871826452796292,0.5265824936154606,-0.16413726396989695,0.5158425703245004,-0.19969051258571036,0.3712134623529727,0.2858864557964451,4.814987270519701,2.4109827010651026
m12_h6_q3_d8_l50,6,3,12,rev1+vol6,8,50,0.5796736527029991,0.4239005428564911,0.6651492826213564,0.522864792467815,0.05829999273390914,0.05643759785512398,0.5055128353539889,0.42928819375559824,0.6547114320664579,3.8433412707549124,2.114623642315115,0.5490098211321448,0.1617741864594433,0.5517673209980902,0.12200162374233221,0.4497034846306976,-0.17710014661552456,0.3087801296994155,0.3316176113821713,3.634189074593452,1.912681738946394
m13_h6_q3_d2_l1,6,3,13,mom12_1+rev1+vol6,2,1,0.5681829006449884,0.23271513856071085,0.5964115336813006,0.5258329399936976,0.07268857569401704,0.08769726914318723,0.5394157437917827,0.5112617923776637,0.6521841890116573,3.53063275146761,1.8991798611108315,0.4123626938568605,0.271355418402186,0.5410339324117853,0.07072582868138459,0.45221559310163134,-0.13184065415769225,0.319222892697531,0.3058967431640779,3.5299521000741576,1.7427343031176807
m13_h6_q3_d2_l50,6,3,13,mom12_1+rev1+vol6,2,50,0.5656476110386364,0.2525336303729269,0.5709571822086734,0.5259699268808529,0.07749632263039202,0.10806451113173783,0.5157920240132527,0.5172038475234733,0.6458114575067582,3.4832883552109646,1.7778709265113026,0.35008786472257775,0.21067673762268183,0.5441485348501409,0.044643985474913446,0.4451909391365193,-0.16713214602735582,0.34701392382760854,0.30589129701621254,3.4321842484068337,1.6613569345159918
m13_h6_q3_d4_l1,6,3,13,mom12_1+rev1+vol6,4,1,0.5971773770800737,0.3356641032804121,0.5808009830223373,0.5228029345569846,0.06732614407511618,-0.03657129790069892,0.48888726727721327,0.5645568510271423,0.6414524054532047,3.76076061597927,2.0104723670847355,0.37411800692774105,0.15481441409347227,0.5334464539874515,0.05192210490394326,0.48295018995715056,-0.07617865067117402,0.3013845517902758,0.3053115809212563,3.6459262930637277,1.7539448942257558
m13_h6_q3_d4_l50,6,3,13,mom12_1+rev1+vol6,4,50,0.5768553207609157,0.2275110028177339,0.5630332637089398,0.5217726575057976,0.07083298614825906,0.031132342343012747,0.4794707070119453,0.5433723320289099,0.6695234431212468,3.5547868975172485,1.8719972182363653,0.32809202818920263,0.13209332330277251,0.5415513699537368,0.027614368272250778,0.4172110781635331,-0.22137590235730692,0.34626319665321326,0.305900659711135,3.394608847879641,1.6932522218108808
m13_h6_q3_d8_l1,6,3,13,mom12_1+rev1+vol6,8,1,0.7221440703920906,1.0422530473231657,0.8794616362126216,0.514122330617336,0.04621886698057419,-0.26862834572842653,0.41285995194014685,0.5950331111756778,0.649126526014641,4.455963322552848,2.3109991879687612,1.1082202016372293,-0.06463664002264514,0.5160145887111229,0.05291782698903237,0.5885357120673053,0.01749301568340609,0.3472332824351475,0.26080681184487864,4.404522262145096,2.196563881305282
m13_h6_q3_d8_l50,6,3,13,mom12_1+rev1+vol6,8,50,0.5855477212032256,0.3476560834400865,0.6017839116375812,0.5192545465564461,0.06972082692044874,0.04480124787576065,0.5039144910920436,0.5086461628083001,0.6369593691661906,3.5941800917882976,1.9359265689869851,0.40973311454142347,0.17766505412542916,0.5379626791292049,0.04833189076364218,0.39382683654822886,-0.2706861305755449,0.33495573817767754,0.3121582090877203,3.4452472905799643,1.6718777670700677
m14_h6_q3_d2_l1,6,3,14,mom3+rev1+vol6,2,1,0.5700721105462061,0.34046953674177505,0.644277931359203,0.5333292487942868,0.059296071862490154,0.22929480493189006,0.5890916262072229,0.454993644380576,0.6561658250593296,4.147205881419267,2.144832057780808,0.5205592473208771,0.40081037815470555,0.5289696215309063,-0.16486479199656906,0.41709104943033354,-0.30738559188029774,0.3589263959473413,0.32109086821970045,3.7027782164759167,1.7662629374761711
m14_h6_q3_d2_l50,6,3,14,mom3+rev1+vol6,2,50,0.5662748900676544,0.2173201520698577,0.5731271398171893,0.5305265472182298,0.05832167291232588,0.24637854463298203,0.613502593288352,0.45396167956015143,0.6478782245097687,4.161236457057941,2.161799336088529,0.3667686250104619,0.4405952161724865,0.5368075617441637,-0.023910243923776196,0.4276025069082969,-0.26414650026005904,0.3090368578311391,0.32109086821970045,3.540047774393909,1.738874503873956
m14_h6_q3_d4_l1,6,3,14,mom3+rev1+vol6,4,1,0.6022616697271218,0.3826117610989011,0.646022745839709,0.5353354652562767,0.05366855028594476,0.2530691124596291,0.5909199337356525,0.43705862675566287,0.6542803734230087,4.323454342250636,2.2198542738097533,0.5182642542460754,0.37884248810405874,0.533652878538762,0.0026669855451574055,0.4853988016127597,-0.13866098641477878,0.28824543345458853,0.3003696285652663,3.859350993541508,1.8750753584210784
m14_h6_q3_d4_l50,6,3,14,mom3+rev1+vol6,4,50,0.5792564251494949,0.38446874284681837,0.6386654058565108,0.5305039126787484,0.05652096277748433,0.2283276749520489,0.5600924551928619,0.43454459028498704,0.6575353511019036,4.211519226436722,2.1887001537053963,0.500281845894982,0.3044724545884548,0.5433236967471964,0.05886148364895653,0.4476745579649084,-0.19220969200863586,0.2696587743720257,0.3248906918189013,3.594822215895892,1.8009060711443663
m14_h6_q3_d8_l1,6,3,14,mom3+rev1+vol6,8,1,0.7209243120169055,1.3949712921651336,1.009170585672863,0.53547282078414,0.030675686703111757,0.33716715024081423,0.6439058356597406,0.39821866442747544,0.6182446572182101,5.137383636275728,2.5975782559205824,1.472583579218154,0.46650378469648857,0.5258030689138044,-0.31229091470898257,0.4126378981381497,-0.5804201791370502,0.4056354300095867,0.3355282425350503,4.709763163407779,2.3574610718331384
m14_h6_q3_d8_l50,6,3,14,mom3+rev1+vol6,8,50,0.5867516280279594,0.4098432028104945,0.6219780743682599,0.531116372351298,0.052439458188586516,0.2753512613636356,0.5880814534210153,0.42414298837360065,0.6527265257255614,4.173241181637974,2.2012699137678737,0.4570184190715301,0.37351423941961137,0.5441093141853919,-0.029831072330629795,0.3864170793608621,-0.371798942206997,0.33985894027784724,0.3160325142645719,3.6671696366332855,1.7614091565442662
m15_h6_q3_d2_l1,6,3,15,mom12_1+mom3+rev1+vol6,2,1,0.5698731182919372,0.23242683811650666,0.5749955256599424,0.5241122726242544,0.06899807194297518,0.09243761715619932,0.5166746988832972,0.5286583584285593,0.6647205171858763,3.6664433913805135,1.9240809500367462,0.36240371203224747,0.22837398289329155,0.5405875393195765,0.1735372271209316,0.47976037757780987,-0.024571529274146534,0.3306809337466309,0.3259832645770855,3.2514056420785145,1.5963946316694706
m15_h6_q3_d2_l50,6,3,15,mom12_1+mom3+rev1+vol6,2,50,0.5658336271399778,0.2004215873246602,0.5510767946286284,0.5243316875737558,0.06749941653686166,0.16470511365406765,0.544033967168651,0.4760499447735361,0.6392767914998907,3.6567646911751814,1.9763656218238612,0.30996539334038425,0.27329419386753906,0.544308685897866,0.1267888474688805,0.44778991024891074,-0.13399004894707306,0.29853104862223523,0.31173063185018735,3.1305864963500616,1.5523910154385812
m15_h6_q3_d4_l1,6,3,15,mom12_1+mom3+rev1+vol6,4,1,0.6085514174898783,0.3874645247879188,0.6040816120769832,0.5220447143484254,0.05728253595745498,0.14110632719628555,0.541266048437665,0.4819519181803408,0.6538353061101274,4.010457167487476,2.051399744417889,0.4272949658808513,0.27555802985865463,0.5303001997845616,0.1183283807282535,0.5247575654896178,0.006597132925103409,0.28189269253100113,0.27115228171555106,3.679330643061375,1.754780760347961
m15_h6_q3_d4_l50,6,3,15,mom12_1+mom3+rev1+vol6,4,50,0.5842229739543543,0.3249944751145629,0.5924882526681591,0.5207562413452378,0.06324293919037899,0.15850412949794507,0.5318949577635623,0.43728174718237345,0.6353733408579348,3.810316920895201,1.949506331431423,0.39243805912064217,0.22267438473334214,0.5392003663347704,0.18957909413620444,0.4824927481048879,-0.05720550545794233,0.27157194626347414,0.28770263750821623,3.392997678211365,1.6218606029106961
m15_h6_q3_d8_l1,6,3,15,mom12_1+mom3+rev1+vol6,8,1,0.7522685043258512,1.2564270115165113,0.950899363466848,0.52010595913603,0.038350895223497945,-0.091432642656187,0.4493095081797309,0.5286152415601888,0.6790615773512128,4.764812656326225,2.427770885001308,1.301359396647761,-0.0039472129286853685,0.5065390137241363,-0.2280815062790007,0.42201267711962315,-0.5810261943715536,0.3419134252379479,0.3077791023204607,4.399037877442851,2.24226990159372
m15_h6_q3_d8_l50,6,3,15,mom12_1+mom3+rev1+vol6,8,50,0.5951065747660127,0.38232381392134485,0.614567116968164,0.5217048276154947,0.058629072696805784,0.10239082338881288,0.49863119038750864,0.43768786322824993,0.6567899168804225,3.8533309003769083,2.0438064869259143,0.43364007131448046,0.15857019759029897,0.53513225448982,0.01697829775557662,0.41260691836977953,-0.2449398502928401,0.29481047626243306,0.28770263750821623,3.6872519550544043,1.6763720574688339
m16_h6_q3_d2_l1,6,3,16,size,2,1,0.6025641025641025,1.2321044771268264,0.9796338102836594,0.5585050498616049,0.0391861232088767,0.44782729448163316,0.7353391569816948,0.18094049893909459,0.47215692298641365,1.9848641101691327,1.022844941614269,1.1471729251728704,0.40250430977010637,0.5716946870793025,0.55142445472381,0.6158499515786537,0.1531250711109517,0.21249072281515102,0.3376690131638662,1.719238476309305,0.8901674969142022
m16_h6_q3_d2_l50,6,3,16,size,2,50,0.5986185410645842,1.126649233041161,0.9307243321100739,0.5541782401416997,0.046384227981982114,0.4639479121649449,0.7087863433190236,0.23523176816292746,0.4966562248543135,2.1015723287113004,1.1590137711097728,1.021538351866439,0.3397172652311774,0.5578253655176733,0.3812998486177419,0.5779633443648123,0.07135411666271886,0.2675833886699136,0.35460771574859473,1.8792019816950063,0.9242951973424374
m16_h6_q3_d4_l1,6,3,16,size,4,1,0.6104449773514521,1.0298809681089272,0.9232754340541868,0.5547022260442891,0.03184607881825596,0.6285603956105785,0.806121544464985,0.167801769300016,0.44266954944990833,2.6669928285564115,1.3317674178767025,1.0351058548463794,0.6516955320128018,0.5657931811777965,0.6170896410529011,0.5992387325392134,0.06563373999523474,0.187171221004219,0.33786416230895966,2.407733744567788,1.1215286889510874
m16_h6_q3_d4_l50,6,3,16,size,4,50,0.6019902027096272,1.024918900629131,0.9059396623667225,0.5568953433453201,0.03132456122581411,0.549369957318524,0.7294074620252494,0.18103063607575087,0.4977014404045479,2.4962535752193955,1.2011540433398666,0.9621791304866275,0.47908475979402765,0.5550859397013242,0.754941932646675,0.6661620196832237,0.31199320379321044,0.1828854941661392,0.34356563763544834,2.3999277897236384,1.2199313216660084
m16_h6_q3_d8_l1,6,3,16,size,8,1,0.6138473836315562,1.2501828565426285,0.9981536939474521,0.5447176661917099,0.02321663492398779,0.6677695871429289,0.8466374152730584,0.11823473652035887,0.4468862261905613,3.3257818159898433,1.6090096348606846,1.229226004822499,0.8236897885691666,0.558216712062866,0.5700960983817968,0.656492382693509,0.230170506032715,0.1814344661012739,0.32821437074835513,2.735164570258388,1.1915379547175322
m16_h6_q3_d8_l50,6,3,16,size,8,50,0.602482116870606,1.024918900629131,0.9059396623667225,0.5562157173357422,0.03139582169787324,0.5650758226916199,0.7374485783235704,0.18103063607575087,0.4977014404045479,2.5475828009469446,1.2524832690674157,0.9621791304866275,0.5058528103942062,0.5562130177514794,0.754941932646675,0.6661620196832237,0.31199320379321044,0.1828854941661392,0.34356563763544834,2.3999277897236384,1.2199313216660084
m17_h6_q3_d2_l1,6,3,17,mom12_1+size,2,1,0.6052156614498108,0.5768567958423432,0.8208596181906895,0.558176296078061,0.05092657588922094,0.18638788661908187,0.5873336752013565,0.4296127688975768,0.5593297084629527,2.3939918039991457,1.2417409118294194,0.7871571194296461,0.14325348336220262,0.5505205167081753,0.7010350461495464,0.7183921567619864,0.5120992074693027,0.16248170428642872,0.3032888715019273,2.567698361679429,1.1255196145161745
m17_h6_q3_d2_l50,6,3,17,mom12_1+size,2,50,0.5952180517161626,0.5206752058306828,0.7436738537367412,0.5531568841956502,0.05630897004057159,0.3232264494897683,0.630179983865912,0.41493606438805,0.5663785329629548,2.4160338332045317,1.311877835784986,0.5893004142285796,0.2941733714911785,0.5424680669820146,0.47844185182199667,0.6566968119972758,0.2957471387721206,0.255231506994536,0.3254421983137864,2.2403252095996233,0.9813150638253754
m17_h6_q3_d4_l1,6,3,17,mom12_1+size,4,1,0.6311607419469332,1.156086595092599,1.0040206682830792,0.559045403411637,0.0434715615204903,0.38524750426235055,0.7435718406051578,0.3028241222732352,0.4469061025301707,2.772270021391544,1.5463959409294057,1.3318881796372566,0.48751740565207796,0.5532327632919349,0.6003915872291481,0.6696357279846799,0.33492152670615444,0.2320973804964681,0.3372641999149817,2.471787658289637,1.1445115356237139
m17_h6_q3_d4_l50,6,3,17,mom12_1+size,4,50,0.6106748616970655,0.8803983221792198,0.9249029827842211,0.5508345951904774,0.05272863999017342,0.21146285705125875,0.6275918030343985,0.3926409972936743,0.5465766123755482,2.527832687371324,1.3870020144998794,1.1150667217245087,0.21984882590978885,0.5449921231831629,0.5608430857223271,0.6943411041526787,0.4482051539539458,0.24914491919538473,0.3549045696051596,2.661346962143823,1.3059514034863002
m17_h6_q3_d8_l1,6,3,17,mom12_1+size,8,1,0.7071138514386793,1.790878313511624,1.151417676497937,0.5420740699452982,0.0386514102634387,0.3809981491623813,0.807483367340466,0.2457288290603158,0.42253249177249774,3.7808525637874006,2.014970230288745,1.6897015580960388,0.668993936323052,0.5429669263143482,0.398562202120675,0.6218046475846064,0.18526598476065695,0.2175008846899109,0.35623352473664993,3.6109114978553345,1.729657815988515
m17_h6_q3_d8_l50,6,3,17,mom12_1+size,8,50,0.616292651176974,0.8537940942021764,0.9136922290747234,0.5485356780062023,0.05191185086208141,0.32404060002797874,0.6835163157337565,0.3348267819800562,0.5022953761864131,2.603995903780044,1.393663201703962,1.100498120763327,0.361595629193951,0.5443764619588796,0.5025341145976931,0.6594699949905989,0.3313313632224001,0.24199176700439518,0.35482199672940806,2.5778997186790855,1.2225007353043678
m18_h6_q3_d2_l1,6,3,18,mom3+size,2,1,0.6061850390560085,0.7408657944158025,0.8236427738523707,0.5622047280087754,0.0435525925458383,0.5811834682505757,0.7499789159328881,0.3828790112285613,0.5301496919605513,3.0629405111039216,1.4364479695290135,0.8241341611199402,0.6375108197136581,0.5504489561970543,0.38303769565782325,0.6661251521318462,0.20623331550718121,0.15881326816952723,0.2483099083839332,2.5363833198800543,1.1417458007899515
m18_h6_q3_d2_l50,6,3,18,mom3+size,2,50,0.5964224746378879,0.567826571516458,0.7672940212786966,0.558610849744849,0.047128191938085116,0.5113742366016717,0.7110786073996759,0.3859660186612909,0.5417054683094862,2.885514864561062,1.4458455260810428,0.6454788058920014,0.4847523805885323,0.541215758037398,0.08941713343219243,0.5515643566906377,-0.07780093937790426,0.2774202685393645,0.2876590512812003,2.599107019536884,1.2790401019418578
m18_h6_q3_d4_l1,6,3,18,mom3+size,4,1,0.6257526353018305,1.2150511536972621,0.9563084114265233,0.5639131565067076,0.036047162097395696,0.6802386199570577,0.7929194611718621,0.24571692356582642,0.47945719084690774,2.965604992511757,1.4256550087834892,1.189433155809712,0.6818872681256923,0.5504262494964101,0.32832324634584925,0.6178200862053376,0.04196132349262259,0.18512267047962505,0.2788670721160216,2.7173118374216867,1.357236762292464
m18_h6_q3_d4_l50,6,3,18,mom3+size,4,50,0.6053790430116708,0.7602760857485749,0.7797598173660596,0.5563406128076693,0.04671656702440486,0.5489194696572135,0.7361005680036999,0.3808829555701385,0.5494337770292269,2.6734883917346832,1.3350922415263184,0.6745523257681209,0.5344447015382756,0.5372560190818855,0.15025605020989574,0.5969551848209995,-0.018473048720540942,0.24224991970070398,0.24796191535754442,2.933096004685627,1.508503105185892
m18_h6_q3_d8_l1,6,3,18,mom3+size,8,1,0.696688987124265,1.75908916159374,1.0137116207098948,0.5541743325501931,0.031012121523113927,0.37051390586883765,0.6680398586790881,0.3119696014829928,0.5639564317925547,3.584282291838003,1.9450524990748794,1.543086805926625,0.43357656347363693,0.5395230767166523,0.1541282416431566,0.5989138389649841,-0.0884712294136274,0.1976811576940556,0.2929043562511783,3.4021864166025906,1.6925489465906347
m18_h6_q3_d8_l50,6,3,18,mom3+size,8,50,0.6090984803007989,0.9352689993441899,0.8192640246666353,0.555498342517648,0.045989565276171235,0.5766867432165158,0.7541444193987564,0.36505563587872336,0.5309712077493671,2.8433152817875054,1.4317867247434315,0.7752560001829946,0.594247598516096,0.5382678434242256,0.27339333796964227,0.6335020360601078,0.11933216399680364,0.21164215951491416,0.25871479623307503,2.793064364625134,1.5107777837602794
m19_h6_q3_d2_l1,6,3,19,mom12_1+mom3+size,2,1,0.6091640246187112,0.6536827023029373,0.8032241761557922,0.5620584513757745,0.051667397488078436,0.42570218901558127,0.632586420160181,0.4867478374986345,0.6284222910678446,3.0904528216948663,1.5263930598541304,0.8480052331743134,0.3723245233227637,0.5421561938890764,0.3284011130914063,0.5912853226111358,0.09810450208536511,0.21732895781469175,0.3509209092290865,2.953343598740446,1.494986088726642
m19_h6_q3_d2_l50,6,3,19,mom12_1+mom3+size,2,50,0.5953641071647386,0.5277740896950766,0.7685301519844423,0.5535530255006472,0.058291326322237956,0.3987641744918882,0.7075723378521216,0.43571898116425356,0.5708856443279471,2.9532775655714274,1.458915198027018,0.6914747888663498,0.5180584600836503,0.5361277368885146,0.38698912043770867,0.6137440655412094,0.18416131564749708,0.22745400346725098,0.319389451470678,2.795847672501416,1.351182125990214
m19_h6_q3_d4_l1,6,3,19,mom12_1+mom3+size,4,1,0.6375764173755996,1.0191916705092245,0.9478936924974634,0.5630061529083319,0.044908771990273974,0.5640025741688882,0.7621504966616427,0.3995083135477324,0.5233240961135597,3.1849336247485027,1.6614175685664276,1.2625817351617437,0.6489145664583429,0.5399555361516477,0.47037733711287516,0.6629587680227065,0.28613730383656344,0.19889470134697718,0.30827853268741956,2.6503148118150834,1.2215258609487432
m19_h6_q3_d4_l50,6,3,19,mom12_1+mom3+size,4,50,0.6068716692390416,0.682849026926544,0.8006607303675343,0.5538091570646821,0.05684644388736675,0.45932159730010813,0.7517071447711537,0.4185635784561087,0.5438917507435086,2.805972005750457,1.5073668313942588,0.7721928559149212,0.6173501051347857,0.5384735798936982,0.3159524430714401,0.5895868080161367,0.15113139688560537,0.30608275753560255,0.3702433404043306,2.4636398950937664,1.1787676063271224
m19_h6_q3_d8_l1,6,3,19,mom12_1+mom3+size,8,1,0.7330042256547096,1.941563978972726,1.1377844971912072,0.5540512802818066,0.038409696323889415,0.47681368539795926,0.7036510161315508,0.2965442549408033,0.5474243664687259,3.711867645988992,1.9768399229306437,1.96071911451576,0.5508766095655001,0.5343595385860813,0.07732345321928469,0.602054930384067,0.10583806743788343,0.2943634447738559,0.3273653482950528,3.088355700417164,1.530480866347094
m19_h6_q3_d8_l50,6,3,19,mom12_1+mom3+size,8,50,0.6116839050434619,0.7096339475995198,0.8048456683375689,0.551663152046155,0.05657625590209873,0.35427869417291313,0.7220723578979545,0.4498944807312386,0.5592544738189144,2.6996517805125513,1.414987433076196,0.7896687419952131,0.5316229590250663,0.5393039226513445,0.3749071609222787,0.6343762059947667,0.24620380274982898,0.298485527080369,0.3193877137593051,2.362939998966333,1.127278818695408
m20_h6_q3_d2_l1,6,3,20,rev1+size,2,1,0.6035161540570163,0.693236204105233,0.7307539474364996,0.5625022210602668,0.04768311710359771,0.3624433210975995,0.6401793162881453,0.3255800286274477,0.5614316577828389,2.542895521095101,1.2576779516547334,0.5838317234532118,0.2849475115458353,0.5586288730836491,0.2547267709505607,0.5722166513763567,0.009284412388432688,0.18896701033775476,0.3019192332898457,2.114093955364673,0.8222086567034332
m20_h6_q3_d2_l50,6,3,20,rev1+size,2,50,0.5961883140600599,0.6017663718078938,0.6626638555380134,0.5551560964841851,0.046608505562880057,0.27978296280412246,0.5814318699498443,0.3789434310940085,0.5835473605436102,2.509323093430874,1.2407877396076334,0.358697824898112,0.1172242807067459,0.5548263608280515,0.3068778888782449,0.5662295886335437,0.016385987102715768,0.2165864957829734,0.32279968895259625,2.2701679832579287,0.9107517343904225
m20_h6_q3_d4_l1,6,3,20,rev1+size,4,1,0.6209246216751005,1.187090111320891,0.9197309203945172,0.5613518408663587,0.039225710757239664,0.589585345624855,0.7250019477058286,0.17417364179571593,0.5210622999205548,2.7602979091071007,1.4881057738750973,1.16877160142577,0.5134032551350225,0.5594736655598871,0.3838546561823234,0.5857175355002603,0.03694037544051549,0.20794956515976437,0.32308623132606284,2.6351035742625095,1.376143801744501
m20_h6_q3_d4_l50,6,3,20,rev1+size,4,50,0.6095181408829771,0.8692837353742855,0.7809090861157582,0.5529731536666995,0.04065305271094689,0.3133386828462399,0.6297356191380388,0.3387343099105008,0.5517132141080747,2.5803075615974365,1.3117029099812338,0.7353448426605316,0.19717779295618137,0.5567135972884071,0.2603299594051031,0.5461902010218794,-0.04487489108672511,0.20679479985503446,0.34082926709300343,2.7084521956198677,1.2819102251077168
m20_h6_q3_d8_l1,6,3,20,rev1+size,8,1,0.6878389559151425,1.7094315696041844,1.0482769955102134,0.5464139295462727,0.030807547833377323,0.44930666916328016,0.6970326993413661,0.1960514814300356,0.4768122200373106,3.711750052638885,1.9179930670762442,1.467704710290983,0.3382734688342499,0.5465549290570424,0.0478717125494475,0.5133263212047283,-0.17363401876043516,0.22321016737169208,0.3531191009077608,3.2887970757428198,1.7430974968781587
m20_h6_q3_d8_l50,6,3,20,rev1+size,8,50,0.6123146492951369,0.8733244805578739,0.8065601966565833,0.5525498066774398,0.037273057808176545,0.3649397730182197,0.6349289876981318,0.340954099900349,0.5562769260483157,2.6186692046619835,1.323004781463461,0.7991874324458531,0.24222226035839242,0.5543476278894707,0.26241504625198964,0.5098170180079279,-0.16671752410842225,0.2549532628482113,0.34280253552815565,2.864067957531335,1.3452138512143335
m21_h6_q3_d2_l1,6,3,21,mom12_1+rev1+size,2,1,0.6084905917730306,0.5855833865520513,0.7454550228305754,0.5633180229474417,0.0573416643544407,0.156607481551802,0.4889091479921263,0.545789861217562,0.6664518053035222,3.023311315135944,1.5162818102843307,0.6896562718888154,0.05158338059488793,0.5512001695433648,0.3859922627227379,0.6060904613372236,0.12299113819316498,0.2168765815709115,0.2927988947221951,2.6613421602872926,1.2582061329451455
m21_h6_q3_d2_l50,6,3,21,mom12_1+rev1+size,2,50,0.5978750664843517,0.5258947730166401,0.7071251129589778,0.555383252888558,0.06220035407261599,0.061152096732830695,0.48474864960129876,0.5428725672483115,0.6629646210717828,2.8532355803155034,1.4811243481153475,0.5642116799762568,0.0241169531836617,0.5451226867118668,0.40340146792819953,0.6305946279302784,0.22408243972198397,0.2470878032906232,0.32665464213831896,2.3179060007624965,0.9787017479181737
m21_h6_q3_d4_l1,6,3,21,mom12_1+rev1+size,4,1,0.6340877491697843,0.9656801851077262,0.9339260549203375,0.5639067421583854,0.04955841414786964,0.24365572273060135,0.5414724334087972,0.35123293404955924,0.5630213662913262,2.961161707219866,1.5159703364593178,1.1860318873931135,0.08141630746933308,0.5497472847430582,0.32242348722413033,0.5452370893916616,-0.016484282643736903,0.2642915355085992,0.35090727893599216,2.8916126755103138,1.4155331633334511
m21_h6_q3_d4_l50,6,3,21,mom12_1+rev1+size,4,50,0.6102788678483518,0.6126287906853533,0.7617729211289135,0.5538497075425806,0.05648867847959749,0.19782204415368781,0.5810496172328125,0.4430270208361531,0.5896409737641081,2.6379801446969307,1.3972149607748097,0.659138338786204,0.14505905993194174,0.5455124850729246,0.4850463766713642,0.6480353943574749,0.27604257155052914,0.22231442935512002,0.3296377065854187,2.4831400097819794,1.1025548270221088
m21_h6_q3_d8_l1,6,3,21,mom12_1+rev1+size,8,1,0.7280948898877577,1.9227786858195688,1.1676650359667988,0.5533886117448045,0.0426055747537187,0.2243894020601445,0.5893129264909469,0.36132353922506366,0.5215962868865605,3.724179228855092,1.9126658099103657,1.9347392763006601,0.1663733401726124,0.5488333400421312,0.4490659309090084,0.6127614849999881,0.1476247084648286,0.16798488695586644,0.33351708995792595,3.1632723963818745,1.5774265080420977
m21_h6_q3_d8_l50,6,3,21,mom12_1+rev1+size,8,50,0.6156849838336305,0.7085681490214781,0.7924013133331016,0.5521903082588347,0.057270806793251645,0.09397555986232671,0.5377380825969955,0.48813103417418224,0.6042090008032697,2.7375019566076215,1.4201843296627077,0.7512987424352029,0.030763871234581405,0.5454433328482357,0.4505939843111885,0.6248040198038083,0.21902685121000873,0.22552203181194608,0.33199148847271487,2.587946698855462,1.1904406968534038
m22_h6_q3_d2_l1,6,3,22,mom3+rev1+size,2,1,0.6088539240550006,0.7920203998011246,0.7708214444908872,0.5641581551213558,0.046276830560747904,0.4546967419786843,0.6423565493039294,0.44514816085988473,0.6349194886957604,3.546715333184934,1.7227917771037244,0.7808837901415981,0.4260777786502777,0.5426669226331102,-0.17194292860314767,0.47003546234637533,-0.358358153127757,0.31247294849229945,0.28019437157314364,3.2945789510050707,1.7169278071619891
m22_h6_q3_d2_l50,6,3,22,mom3+rev1+size,2,50,0.5985809397123512,0.6548704265259976,0.7034019360579228,0.5587570526497083,0.04713543049413056,0.33620561944264615,0.5869448953296896,0.46977657206680246,0.6521547219786965,3.3051443951486092,1.558835383255734,0.6036301759272645,0.2426893552384666,0.5354945295773699,-0.08860079948948821,0.47692624489230495,-0.33163173030995124,0.2965345986515683,0.2861371644856885,2.836115208777634,1.3441828260576405
m22_h6_q3_d4_l1,6,3,22,mom3+rev1+size,4,1,0.6320988588210782,1.1525002210754145,0.9743264771591165,0.5684151442911342,0.04361064662053417,0.695016487465221,0.7604295375451007,0.28691805764916,0.5298236288291196,3.274888511010943,1.6725160536122956,1.2681721172884342,0.6675591340004234,0.5459831330499124,-0.11975204781074668,0.45088979676532925,-0.45677116509836363,0.22596726131296407,0.31048461999859256,2.815052568309886,1.2858976591274758
m22_h6_q3_d4_l50,6,3,22,mom3+rev1+size,4,50,0.6101316327495097,0.9228077050608192,0.8146860701616564,0.5610270684024631,0.04793072902254161,0.5050376335524854,0.6891496671473403,0.3568131438737139,0.5442293346666589,2.997390053440373,1.5124063248536401,0.8303321758940133,0.40955164384704823,0.5433030542920653,-0.018335873779779317,0.4872905685234251,-0.3032015701599315,0.2700058825976065,0.2961437282665321,2.838600524090508,1.203925875352827
m22_h6_q3_d8_l1,6,3,22,mom3+rev1+size,8,1,0.717059482832476,1.8023084182845919,1.0730383214880248,0.5692296927999014,0.037324866248527946,0.6830571465674873,0.7028497052020963,0.2580585075699843,0.5572568216673321,3.647040961833696,1.8983032815644734,1.5089035927682635,0.5162092770188021,0.5414729286242388,0.011270215676689578,0.46888250943662096,-0.36761459980991623,0.22293293386384183,0.33213894881679906,3.3359689498067047,1.6203702462992076
m22_h6_q3_d8_l50,6,3,22,mom3+rev1+size,8,50,0.6129880084126759,1.0025225150812267,0.8642210291750975,0.5602381772869842,0.04770239382499301,0.46439326726689867,0.7099076307084522,0.35808088901924917,0.5442293346666587,3.0650501427154873,1.5408122177609382,0.8975355722273728,0.47060964669439603,0.5437208919880095,0.12546751001433296,0.5682221168984793,-0.03633028835250726,0.2400207017178112,0.2961437282665321,2.864220278217519,1.2513261913563887
m23_h6_q3_d2_l1,6,3,23,mom12_1+mom3+rev1+size,2,1,0.6122140103818071,0.711760667208996,0.7981685228385572,0.562632719870958,0.05136289831769828,0.2942644874903281,0.5960152936151175,0.48106285614001865,0.6287665632037316,2.8567671657622107,1.3366527240912245,0.8204686283386158,0.27910676282361124,0.5522273037065937,0.3255585274423846,0.591654221621716,0.05659236851351752,0.18523573051720088,0.3168472556549855,2.2464767496757836,0.9408170377605027
m23_h6_q3_d2_l50,6,3,23,mom12_1+mom3+rev1+size,2,50,0.6011452044783653,0.6899759942932454,0.8132007249030325,0.5553243441033928,0.0535345404559989,0.3444491236764763,0.6969332046694225,0.42493731841280025,0.5496816953331138,2.7850465638759707,1.3952515748958003,0.7885354843312254,0.4536301388879973,0.5448116737212257,0.25009647129967016,0.5441377384234701,-0.029303111429919825,0.23456599610899065,0.3235795442422785,2.4496586838706853,1.0916008750067887
m23_h6_q3_d4_l1,6,3,23,mom12_1+mom3+rev1+size,4,1,0.6368026405291557,0.9813841532690624,0.9055985601859566,0.566627236856521,0.047971440010942216,0.4896366456722145,0.7145955683597698,0.3667679569303095,0.5101917353870382,2.9601003892622972,1.562157008126481,1.1452623774846167,0.5436517707891754,0.5478906679244802,0.3832412557941458,0.5564958406161212,-0.06136321900237999,0.2216665603971273,0.3378919901144586,2.5323373884238203,1.0850977087265536
m23_h6_q3_d4_l50,6,3,23,mom12_1+mom3+rev1+size,4,50,0.6141167862610852,0.8560167916892927,0.8448889741066447,0.5551908224388944,0.05407829271929091,0.2674339344155843,0.6502951906353369,0.46401763592753287,0.5691646637595327,2.6833031277807637,1.3916685144425547,0.8751635918021647,0.3267567901678848,0.5439145870253225,0.5060253180566772,0.6011841809560582,0.17019580435039727,0.253834959027609,0.3702862665377811,2.804361519454005,1.3576681829447728
m23_h6_q3_d8_l1,6,3,23,mom12_1+mom3+rev1+size,8,1,0.740287607582261,1.9880282855798894,1.275693261681998,0.5610801526644392,0.04371926831910959,0.5595771920858819,0.6942126227058051,0.2466087864585973,0.512409659125294,3.738985249359741,1.9428256036248552,2.1437739556640185,0.5315164229836625,0.5363216039462869,0.12385053094073227,0.52457914330044,-0.14309883549826485,0.2529470949735567,0.3508073862432939,3.19365413302657,1.5266787972438505
m23_h6_q3_d8_l50,6,3,23,mom12_1+mom3+rev1+size,8,50,0.6210941964008576,0.8631009914107741,0.8591425770930406,0.5554625843689558,0.05258059550413915,0.38783974825423995,0.6894906169150344,0.42253522411707556,0.5484136601253682,2.760901107460345,1.391637824537508,0.8986004941279477,0.44976793252900826,0.5422370435050063,0.4781825229609203,0.6125070564798468,0.14837753555696592,0.22703614125544647,0.3365484950863894,2.7739473898063514,1.3674586889673406
m24_h6_q3_d2_l1,6,3,24,vol6+size,2,1,0.6089361309329221,0.5738523102519097,0.6271635351803161,0.564429917051417,0.055901404200837126,0.3500507998416927,0.5562734736712708,0.43185707896519,0.6667003716744511,2.1789196557661534,1.2211865655127856,0.44960584431113637,0.28011387278578226,0.5721833972045299,0.5389411124484491,0.6343873571524394,0.3189042554551932,0.16911847523068912,0.31832766391718614,2.081425111331246,1.2066338361204334
m24_h6_q3_d2_l50,6,3,24,vol6+size,2,50,0.6001499482944542,0.5039730650785682,0.6080974223421504,0.5593451083073773,0.06107237915623778,0.3165869420397272,0.5178379063358391,0.3937151045785222,0.6577122724054147,2.168877704495139,1.1997092884430787,0.40148412335475553,0.19263779553558844,0.5681452169195196,0.5046305574661549,0.583052836732798,0.1646377254590678,0.18096703702813188,0.32374567066205917,2.0154500812875265,1.0776498193491135
m24_h6_q3_d4_l1,6,3,24,vol6+size,4,1,0.6342666136413873,1.0992646249282814,0.8961092057502631,0.5577890758782017,0.04754759285006208,0.3997855173071224,0.6190623639939978,0.306109118308147,0.5936853222019085,2.493664938298977,1.3935229622640024,1.202418271866987,0.28997428404786535,0.5672541509396962,0.5346300532852134,0.6561562069743704,0.27222216272742034,0.15773911268384755,0.3232202471766602,2.3146001541195256,1.414914529859597
m24_h6_q3_d4_l50,6,3,24,vol6+size,4,50,0.6151374049257181,0.8112629762100122,0.7057613636062615,0.5569647952547389,0.053265670191042,0.39987693024779497,0.5616299822131071,0.3695454253560363,0.6342095535750512,2.4422110852809173,1.3921443732496268,0.6039593168949494,0.2450001062690715,0.5657555086971824,0.4782825088768216,0.596677546488758,0.11217867135537657,0.1776928673871433,0.3331246996498033,2.4645956470812393,1.5011002931384176
m24_h6_q3_d8_l1,6,3,24,vol6+size,8,1,0.7112197716462505,2.1952763301276983,1.191867767318874,0.5336706838181917,0.034017670953995986,0.5353688510639542,0.6981285465864653,0.18879311977562618,0.5822972818660284,3.7058485750293233,1.9128405176649812,1.989609614813672,0.44612755867259607,0.5559751134560941,0.7042955395410261,0.6684869497970215,0.24801405806134863,0.08909563383815522,0.28868261830962794,3.5290925621529854,1.8752360829390806
m24_h6_q3_d8_l50,6,3,24,vol6+size,8,50,0.6201824004732757,0.9053543333060247,0.7546785356105123,0.5556180770196608,0.04969363118590349,0.4255427249607045,0.5830922687153173,0.37406702761586175,0.6233695989856144,2.45028119008568,1.3740077568029243,0.7312024228492251,0.2714320325421983,0.563820278528647,0.4133972678097572,0.6014483682608444,0.09309289328872494,0.1894515542471753,0.32677007769313926,2.4935117368060595,1.5587134984175899
m25_h6_q3_d2_l1,6,3,25,mom12_1+vol6+size,2,1,0.6102328614879725,0.5374698714243366,0.6203001720178186,0.5643294993225121,0.06294250032818666,0.27462657564960613,0.5722171853311996,0.47984880244694184,0.664002913663658,2.3467319395125554,1.2632035659723215,0.44094265063187976,0.32563624790515655,0.5648814727428422,0.3826947420686103,0.6347453458276808,0.3028731902785932,0.24518800574198107,0.3346222840668849,2.226057849606068,1.2038760652396638
m25_h6_q3_d2_l50,6,3,25,mom12_1+vol6+size,2,50,0.6000099385534923,0.4130420271132585,0.5649891784612991,0.5569695138558034,0.07046062758383434,0.3670309540131413,0.5702224440920446,0.43268543730887243,0.660258148844256,2.3224045200247136,1.2605806167731257,0.31599635773461066,0.32692274553685796,0.5615184727610762,0.42927064905352996,0.6271232614060798,0.30425571381284466,0.23800978420653984,0.3247698591575121,2.1578916974968396,1.127898415531068
m25_h6_q3_d4_l1,6,3,25,mom12_1+vol6+size,4,1,0.6445456436916507,1.002530724686188,0.8947449670691536,0.5615180978257424,0.05145248278777683,0.16788887573045924,0.5175018219010015,0.43194908244923225,0.6377388566671055,2.711592441978304,1.5469684037492815,1.1306196803075115,0.1032627521756608,0.5586956170219062,0.4464049247101842,0.6375282842436135,0.30599008434913216,0.15528300159505903,0.32564134096141983,2.6128419217630983,1.494454147300178
m25_h6_q3_d4_l50,6,3,25,mom12_1+vol6+size,4,50,0.6141712713577524,0.5601455159734774,0.6198885831409634,0.5539187170831495,0.06224942847744404,0.31170540502823485,0.5438876053879824,0.44974689544518565,0.6513116443045495,2.560397537875797,1.450405836256606,0.4347936083654963,0.25915263138221745,0.5605056162959797,0.3913040774727341,0.6328703594168226,0.3068170635802167,0.21418280794505917,0.34010911362570306,2.3760233476982098,1.3146719074808144
m25_h6_q3_d8_l1,6,3,25,mom12_1+vol6+size,8,1,0.7511674482586961,2.291764120715683,1.3127219429504602,0.5521158428357849,0.04165424870052719,0.34744808195217486,0.6929604673750761,0.30022852557161184,0.5615797175665564,3.362470634498855,1.917756611087033,2.4085791134682326,0.5016520384248229,0.550615472001778,0.45446247677883395,0.6750495067753838,0.37758605386228716,0.1461141460884321,0.29461770425484923,3.2603764991110222,1.820346141714733
m25_h6_q3_d8_l50,6,3,25,mom12_1+vol6+size,8,50,0.6200319213362018,0.8147964160772125,0.7916511257764822,0.5521175385830425,0.06073327656271502,0.30484453691192914,0.5454042563950814,0.44370305587222225,0.6446958789266002,2.5932410126311147,1.5196901282872817,0.8414075280755489,0.22823234727066183,0.5609124446825208,0.46944081175144636,0.6499706811162104,0.3597211991872393,0.20064789173944808,0.33723176668367694,2.4521649306993627,1.361220733926564
m26_h6_q3_d2_l1,6,3,26,mom3+vol6+size,2,1,0.6115284861208985,0.47651256540812365,0.6322184761040044,0.5647832960342665,0.05830877800639034,0.41718681212883163,0.6525449061623596,0.37118201935351247,0.6119834092527319,2.9147251555984135,1.5077729114897664,0.4830634557266515,0.5160311565340246,0.5625989332667269,0.27061885149324244,0.6009191876955898,0.19422262255478273,0.2560799758761302,0.3128116752538217,2.6547758982590874,1.4428599486663805
m26_h6_q3_d2_l50,6,3,26,mom3+vol6+size,2,50,0.6011877456160878,0.41557101229263793,0.6183375375513187,0.5593742309233225,0.05887293500920099,0.34291378128340144,0.6109024909245504,0.4581292687361296,0.6473148039269011,2.72000067327856,1.5160299974874725,0.45245752890011054,0.4385959380146116,0.5563994879294963,0.36789486458150394,0.6200017660140645,0.2771514256525437,0.2506357585502267,0.3277345261839746,2.629897994114064,1.5437683285362414
m26_h6_q3_d4_l1,6,3,26,mom3+vol6+size,4,1,0.6403888510663522,0.7858325519166273,0.7513239577627833,0.5659540251952653,0.050000183705037005,0.4753018897154758,0.6406070209044812,0.3992027787545719,0.6510519693181511,2.9400635219940483,1.6492399101256467,0.7585632138616959,0.47047896586432686,0.5632632762810278,0.16478255442886564,0.4990621990216517,-0.1633402718586658,0.2730354526475933,0.3440563985845396,2.525621827204228,1.4887213356739757
m26_h6_q3_d4_l50,6,3,26,mom3+vol6+size,4,50,0.6147484889786012,0.6929721538720465,0.668669995582527,0.5586147573363556,0.05571172422557833,0.3472617444528745,0.6002039456113882,0.44647930206429154,0.6433686214112833,2.935525596943812,1.6957661182118813,0.5689569785813736,0.3714205884522066,0.5571579261351028,0.39240398011809524,0.5776697338972504,0.09450074930953323,0.22172447927573602,0.33048020507187303,2.6216451376140215,1.6229595265476067
m26_h6_q3_d8_l1,6,3,26,mom3+vol6+size,8,1,0.7408009029043137,1.686528580967324,1.122156175767364,0.5608569038515729,0.037153778453257735,0.6363198606351259,0.7462435157022829,0.2566717114902154,0.555985832884514,3.6297258460228385,1.9781081302337162,1.7632156936984826,0.712741762319385,0.5463571055287032,0.17789256124111447,0.5270085058012326,-0.22200189667611395,0.1954169001862477,0.28698979226059307,3.486945032810176,1.8928968653266551
m26_h6_q3_d8_l50,6,3,26,mom3+vol6+size,8,50,0.6198419976433537,0.7051831689084428,0.662139467062201,0.557763049844205,0.05359189704317085,0.3139469093746206,0.5794265740454079,0.4547591850173057,0.6500528509265739,2.9922627558171713,1.737250800559119,0.5522929639419644,0.312956318600008,0.556216974222046,0.2732147343315427,0.5225660987126531,-0.05022176503357127,0.22077141261015787,0.3396872942375555,2.5789116680163073,1.5390707021268883
m27_h6_q3_d2_l1,6,3,27,mom12_1+mom3+vol6+size,2,1,0.6154362988119005,0.5567509240431898,0.7019347279272551,0.5652471935014247,0.05690855338669864,0.294705554117393,0.5584021449743133,0.47886243654639693,0.6747431082222899,2.445923785657894,1.3934125247247435,0.5990212866688484,0.2804723785728189,0.5637471698333913,0.2896775942860646,0.5803845957669367,0.12000488887463584,0.22022383067340845,0.3120009356108999,2.2745167098910968,1.2116851888552986
m27_h6_q3_d2_l50,6,3,27,mom12_1+mom3+vol6+size,2,50,0.6053134986937585,0.39557054337275566,0.588421890229953,0.5576424306044926,0.06187550742544032,0.25862282126928854,0.5042304585772674,0.4743439267976607,0.6867223742472672,2.489840025286916,1.4552176411148325,0.3696697556977622,0.1742275503838138,0.5589677533887171,0.44158850329792854,0.62466498782211,0.2620325785114892,0.2364186925016576,0.33946927326606613,2.4321017056936087,1.351034944728389
m27_h6_q3_d4_l1,6,3,27,mom12_1+mom3+vol6+size,4,1,0.6504054089324004,1.0169773839307732,0.9366806370984564,0.5652226420302606,0.054746340830347115,0.33358357345604794,0.5811549302097766,0.4702271028372379,0.6590729791708521,2.883226750221754,1.638854409663933,1.242163647760635,0.2895681053504185,0.5553950604669117,0.20522096164040055,0.5248719622692181,-0.037342823728156394,0.24936993188320866,0.3448469367809759,2.378818884446916,1.3223864986555516
m27_h6_q3_d4_l50,6,3,27,mom12_1+mom3+vol6+size,4,50,0.6218356803212659,0.6388707710578274,0.6981665783833791,0.5557331666487507,0.054139915655215004,0.24475147543537173,0.4997832590253482,0.4380536940453955,0.6651746525939533,2.6063590611607217,1.5394283549733474,0.5698366880842162,0.12871494224614163,0.5541437836450516,0.3362266899114752,0.569952148112019,0.05266612575455664,0.22656707326802472,0.3252978116866577,2.4714286620262613,1.3969916149436301
m27_h6_q3_d8_l1,6,3,27,mom12_1+mom3+vol6+size,8,1,0.7724823277330912,2.304420393875575,1.2661183927200648,0.5640332596494285,0.03929224012078773,0.5525485056415456,0.6890544891123834,0.27494498857140137,0.5640531257649659,3.5787218073497904,1.9949453023967998,2.376984295755159,0.5441017534688314,0.5389540330368733,0.11706153267050215,0.5075922732777686,-0.231146793440303,0.25677944754553406,0.3188740801836394,3.300779449680964,1.7471533033931945
m27_h6_q3_d8_l50,6,3,27,mom12_1+mom3+vol6+size,8,50,0.6287412792510872,0.846550673444829,0.7900482160819582,0.5551055927071661,0.050816225963307864,0.29930849847219715,0.543698345865539,0.4215493617580309,0.6548979335254347,2.7673170300892997,1.6375823992728513,0.8017662802033995,0.19667420127218505,0.5515306208459209,0.33466469539547367,0.5717394695972913,0.09269954254090887,0.24615425011960812,0.33934631388689507,2.6447065406807386,1.4322688091986224
m28_h6_q3_d2_l1,6,3,28,rev1+vol6+size,2,1,0.605952353041013,0.5906043905923487,0.6191230777046007,0.5624863695098155,0.06329326334067598,0.3346269893653828,0.5899672196414442,0.4458532241567962,0.6517490054424064,2.483752326861644,1.3173576239582294,0.47099275466789486,0.3740055526236966,0.5713812658022295,0.4222067091680973,0.6408423254723257,0.31452773655724475,0.155490272455846,0.31855276561201595,2.4173825057464726,1.2956140195670842
m28_h6_q3_d2_l50,6,3,28,rev1+vol6+size,2,50,0.5988097918639816,0.49507407762981287,0.5758169452331893,0.559250810014228,0.0669544534003663,0.374240347429334,0.5827490687935034,0.40798993461550837,0.6356453116530303,2.2735044123011527,1.272820423139014,0.3476336643890577,0.35766196899558095,0.5687985506244171,0.5319678614054759,0.6593580240965965,0.3743996808944454,0.14952347028692237,0.33124812217831456,2.36186995002357,1.3600120382406067
m28_h6_q3_d4_l1,6,3,28,rev1+vol6+size,4,1,0.6321102866830314,0.8701213257159743,0.7362000915022526,0.5624663891834328,0.053039903015681754,0.3370597449119776,0.5609489265908283,0.40483038049665077,0.6429872812564541,2.7093828675223066,1.494274743635201,0.753868003536002,0.24537433783630538,0.5652012587769139,0.3217098955685494,0.52703329008164,-0.02337215596926085,0.24931010680262577,0.34655321262475924,2.3534887390322314,1.414292866267131
m28_h6_q3_d4_l50,6,3,28,rev1+vol6+size,4,50,0.6114087516188856,0.6247344766527411,0.6099155360070491,0.5562909200402084,0.05982219924036392,0.3817745137203532,0.5303755770558564,0.35431270244835356,0.65362535677659,2.4457441774637743,1.3966806154528841,0.43316331693975885,0.2320267006812358,0.5674346004016334,0.3463758600519723,0.5632483633415126,0.09477944339496547,0.18277706981454644,0.32470875555527456,2.3315184695489233,1.2654616221701458
m28_h6_q3_d8_l1,6,3,28,rev1+vol6+size,8,1,0.7252576835414162,1.6499944477918933,1.072699144692034,0.5500510125011963,0.04188993589361852,0.33842496670869954,0.5544441961930711,0.29918725951687697,0.6196344144090201,3.4407828976127566,1.8370371866626918,1.5885329410160405,0.16334023839262246,0.5533423403245888,0.29171853941924164,0.5187972620499783,-0.14973249382805068,0.24971622811351413,0.3388222745626278,3.350311758543943,1.949261521252784
m28_h6_q3_d8_l50,6,3,28,rev1+vol6+size,8,50,0.6196823762167172,0.7880690897115431,0.7432666250751905,0.5542743816383897,0.05718328058725001,0.3478924974694829,0.5374957718481158,0.37742486270700515,0.6558114914065821,2.5282926393523977,1.4307093318098598,0.721174911358073,0.2443559607996218,0.5646482129998613,0.3114837862017308,0.5383606803576404,0.003133663093150613,0.1925936597549287,0.32498297184444425,2.533593984586023,1.4734868024682968
m29_h6_q3_d2_l1,6,3,29,mom12_1+rev1+vol6+size,2,1,0.6110283144080566,0.5077054753697781,0.5823893780136569,0.5642161791688214,0.0598809247749235,0.32195467160970576,0.556719874696585,0.4392238497933354,0.6662933290010623,2.260952332187505,1.2594363830872115,0.3639012701123633,0.28276280828134487,0.5677364963079249,0.48388367545589583,0.6813801273525318,0.4185906937768665,0.17162501750546866,0.3120049362864378,2.126706277318618,1.244662008019946
m29_h6_q3_d2_l50,6,3,29,mom12_1+rev1+vol6+size,2,50,0.602813082498399,0.3962311881981121,0.548491575072803,0.556493377517134,0.06584668926195313,0.23390411283158094,0.4912351292777796,0.4577883413927125,0.674750947844893,2.208924307141629,1.229899238248109,0.2667713929074018,0.12912774797514634,0.5631707292738569,0.4521289981885846,0.6080411587231505,0.2225519660259019,0.18950021423787256,0.32830193318668555,2.1607325692021777,1.1916506453854443
m29_h6_q3_d4_l1,6,3,29,mom12_1+rev1+vol6+size,4,1,0.6449532128586007,1.139451600809709,0.8974919663592275,0.5644951664567626,0.05709833958362371,0.34662631954424533,0.5508309675796512,0.43096992771277554,0.6592941416994464,2.8016246184632174,1.619127734979256,1.1861640482011608,0.2263285892940493,0.5616056871340049,0.2818854041095239,0.5549623481604146,0.03210477113013222,0.21789432394501607,0.318527329173415,2.3998711934609114,1.3504959643349719
m29_h6_q3_d4_l50,6,3,29,mom12_1+rev1+vol6+size,4,50,0.6192826222327801,0.662094157870929,0.6661303769571536,0.5526814851383973,0.06007054366152236,0.2986336219846804,0.4948642727939106,0.42229537364817116,0.6736825420938188,2.4390400852924823,1.4653475572474324,0.5299466264424135,0.12587122154827715,0.5596560072468779,0.3623888249903271,0.5360988035593545,0.025354892644133088,0.23561068266171026,0.3548816104842375,2.2904930251523474,1.336178888268248
m29_h6_q3_d8_l1,6,3,29,mom12_1+rev1+vol6+size,8,1,0.7557966908155821,1.8921514749038753,1.1870824821666663,0.5542340523449162,0.04753589301996513,0.24168732949562782,0.5551585150342987,0.38592173133233554,0.6396899003944736,3.538894914219147,1.9085645247292569,1.997310864350985,0.17888871681315205,0.543915619148079,0.2855734189908766,0.5626969426315602,0.06450042962837677,0.1962807421807159,0.3575411335092169,3.389363225872169,1.9009696099400906
m29_h6_q3_d8_l50,6,3,29,mom12_1+rev1+vol6+size,8,50,0.6260165820488786,0.7870465100852071,0.7507036899100977,0.5516295320135701,0.05730710285455224,0.2765966676280407,0.5068509281115339,0.4555536215276481,0.6753022568059776,2.5221933452368934,1.5508257249989932,0.7353656705386858,0.14166938658408798,0.5596675326176594,0.39920720312303676,0.5935710149917464,0.18302679202128797,0.2443689127056976,0.34679956522961053,2.4664816293177285,1.393383566300804
m30_h6_q3_d2_l1,6,3,30,mom3+rev1+vol6+size,2,1,0.6137014756392636,0.6424765398430378,0.709280761253565,0.5664934940075979,0.05670188214528628,0.3743240712701676,0.6264829312764878,0.41411238314990184,0.6296991216320271,2.5334807150568497,1.4220799890697904,0.6620601395398505,0.453347122963531,0.5674528345703325,0.3066429270819694,0.5693117900716667,0.08918009760539018,0.183114668332243,0.3184571197418661,2.191664473520541,1.2879114395059368
m30_h6_q3_d2_l50,6,3,30,mom3+rev1+vol6+size,2,50,0.6053513212304165,0.5206213363898924,0.6421819196574288,0.5601857565782828,0.060208294816714636,0.27659065983779274,0.5202376378307612,0.441942515510255,0.6745974829678087,2.5615808718626183,1.5057470350340634,0.5144506051833769,0.19793367856979255,0.5621699142409201,0.3670158249317596,0.5975890441316133,0.20942527877303768,0.1936916339844562,0.3323425540313223,2.372639219839967,1.3979101954317654
m30_h6_q3_d4_l1,6,3,30,mom3+rev1+vol6+size,4,1,0.6444337981007926,0.9184698687351567,0.7967636250136845,0.5679115073556356,0.050910708285877536,0.44312702474200283,0.6185947288083856,0.4201575471252502,0.659631899045957,2.966834316350664,1.673498666308724,0.8698461704334589,0.4151770986609858,0.5572969186663185,0.21758627951235537,0.5039318348055021,-0.1756338141608323,0.1851517365679669,0.31684663337305774,2.541067928382187,1.3350778482776964
m30_h6_q3_d4_l50,6,3,30,mom3+rev1+vol6+size,4,50,0.620204076546916,0.5777174981640139,0.645697565113054,0.5571848737575149,0.05375466329960082,0.4147871205251137,0.5773841010307756,0.3534986262870533,0.6262086275087071,2.8017821542517436,1.6688096125636083,0.49780780916920675,0.318593150759411,0.5590314009587044,0.255670976250081,0.5294266437768073,-0.08159773480047537,0.16238119526607875,0.32580082165906343,2.5263801072178538,1.4950902777982582
m30_h6_q3_d8_l1,6,3,30,mom3+rev1+vol6+size,8,1,0.750670151943378,1.8046862957256027,1.143399672101371,0.5669788463639713,0.03976150785918586,0.5578006597225892,0.6644715640055557,0.2910853341331492,0.6127595924585045,3.7201380121134613,2.1281552939662967,1.768721030611713,0.5108093549228955,0.5358349580665727,-0.028347803865810484,0.4740781878048485,-0.46450652418992,0.1742221964025522,0.3161367100383392,3.4402910721623248,1.6888524332691879
m30_h6_q3_d8_l50,6,3,30,mom3+rev1+vol6+size,8,50,0.6272462199950425,0.6815686234002868,0.7120500574086559,0.5569776976795247,0.0511319612459847,0.39383608428477196,0.6055626037751178,0.35253241251390355,0.6125790707432947,2.8611283599832746,1.7214370348480532,0.6364676969458852,0.366878046765014,0.556623802608587,0.10359046996666538,0.4773785303263994,-0.2356868498962509,0.17997274323934964,0.3381861805604657,2.5674212611684735,1.4648059362733847
m31_h6_q3_d2_l1,6,3,31,mom12_1+mom3+rev1+vol6+size,2,1,0.6132421493168867,0.6166116289335625,0.6946218189728887,0.562060147123032,0.063257102617744,0.3120991561382692,0.5398795179860865,0.47061577824869905,0.673908950634005,2.4704825809048203,1.4015229523922323,0.5995661742755691,0.2475424398857096,0.5646619746366154,0.49966059037183824,0.6552651536307277,0.3483160786898362,0.17214995445584724,0.3120009356108998,2.178239357648849,1.163124971513806
m31_h6_q3_d2_l50,6,3,31,mom12_1+mom3+rev1+vol6+size,2,50,0.603520651473656,0.5273013960269048,0.6434518379661262,0.5581695868171723,0.06619434948757072,0.23844337557764347,0.48136653057869133,0.5045558857250343,0.695261409397292,2.548553943064563,1.4357000158516715,0.49649281693872577,0.11887225390244578,0.5607762044786558,0.42694277081340276,0.6068836064548304,0.22584543775676102,0.23070943049156445,0.36773388344770386,2.2621137803428253,1.2871707865174653
m31_h6_q3_d4_l1,6,3,31,mom12_1+mom3+rev1+vol6+size,4,1,0.646912095853662,0.9252780157408922,0.8336291419400182,0.5666761186144241,0.05549018237991693,0.4428727114874235,0.5513503195795987,0.4113296571561236,0.6629784602493585,2.9334108687782496,1.6080058852952093,0.9859031834371854,0.2695514000707333,0.5566361880816657,0.24977418405241628,0.539246603911621,-0.015292170096439862,0.22034929669579228,0.32619514532165195,2.2774777602983827,1.2242524876013472
m31_h6_q3_d4_l50,6,3,31,mom12_1+mom3+rev1+vol6+size,4,50,0.6184628390259568,0.6869161791535179,0.7120832599863399,0.5557428987634463,0.05938053449170224,0.37330156064689496,0.5289936822493904,0.42183851084388424,0.6666901540691504,2.8103137937255163,1.6426095644838739,0.6426217618128848,0.1783696808681318,0.5583536403485685,0.24986730201108354,0.533945717717719,0.009561883444448815,0.22671092222983635,0.3547343306310333,2.338600701918639,1.2926999407439985
m31_h6_q3_d8_l1,6,3,31,mom12_1+mom3+rev1+vol6+size,8,1,0.7649798994967465,1.9776871892212657,1.2109587966542503,0.5604993223646503,0.045052032947592593,0.491817787354286,0.5917341126603268,0.31221460407690216,0.6097948366970193,3.651738426978747,2.0458530150583383,2.049259224330727,0.3054163455191646,0.5471802234270535,0.1825973613090381,0.5279215690169854,-0.08457912144910955,0.23540208264185247,0.311520902196164,2.9335479416180967,1.4762921864309853
m31_h6_q3_d8_l50,6,3,31,mom12_1+mom3+rev1+vol6+size,8,50,0.6259716078824821,0.7585693896161979,0.7517630165759113,0.5541840646648886,0.058392280872232534,0.35966712505992887,0.5273947036005292,0.43569083053226687,0.6522995888473772,2.8514982340753314,1.6685740507952633,0.7186582969297943,0.17204170409418787,0.5564500619445674,0.17600091532391968,0.5047093473281999,-0.07488022749011788,0.30287756429748014,0.38847733212286695,2.289667907685848,1.2944119095971265
m01_h6_q5_d2_l1,6,5,1,mom12_1,2,1,0.5546593974820143,-0.045860761229531435,0.3608031357407509,0.5252791247218052,0.054693695483613206,-0.30761489002326786,0.2670361113715887,0.6909957960191301,0.7209528306823154,5.355442823720353,2.5709193454901906,-0.0955060212364355,-0.2724798547643237,0.5230082417582418,0.042864137521338434,0.49667159402633393,-0.016712698015163813,0.4464675205507892,0.36796848247325076,5.343764484453528,2.5506001640730274
m01_h6_q5_d2_l50,6,5,1,mom12_1,2,50,0.5519756070143885,-0.2685461258040241,0.24277787176623744,0.5248284735520936,0.05136540012948119,-0.3535835720652196,0.2396293289824141,0.7040061560114322,0.736241673600988,5.479625791732533,2.695054740782995,-0.3035894735864005,-0.3346949685716074,0.5230940934065934,0.11516023317452297,0.4520100351384407,-0.11607189550604965,0.4871830375783488,0.39041006692549785,5.173633230086999,2.46607991907726
m01_h6_q5_d4_l1,6,5,1,mom12_1,4,1,0.567277428057554,0.01874821448851849,0.44450451115012934,0.5176880078670876,0.0419400991977827,-0.2587242269952321,0.34930783996547926,0.6284644093523737,0.6691344217966606,5.594514436189677,2.8396449827415076,0.027824946103817864,-0.16218289368580419,0.5209478021978022,0.09355942720722278,0.4577054211558245,-0.1611059772815018,0.39424784866399254,0.3897686750665553,5.382248049947098,2.7137644776135383
m01_h6_q5_d4_l50,6,5,1,mom12_1,4,50,0.5610948741007195,-0.11651300032986052,0.29132875645218587,0.5155481729724134,0.04954324545715862,-0.3226608392168361,0.2249095526935022,0.6829721888873739,0.7449747255391048,5.656639100803846,2.760822621909764,-0.2170042062156999,-0.3804670935781449,0.5242960164835164,0.002278862611553736,0.411659840843844,-0.17402552373397628,0.4563879801516466,0.4028587429617051,5.3560932317077565,2.5204639757430636
m01_h6_q5_d8_l1,6,5,1,mom12_1,8,1,0.5710993705035972,0.11710517550922325,0.5537391038628061,0.5101472329330781,0.03345387632175597,-0.2066171184040138,0.4448373598896992,0.49734609355149595,0.6180292585821622,5.829106894536854,2.975925159805305,0.20403044502544293,-0.023839559212113816,0.5203468406593407,-0.18788054580756602,0.35613441739942153,-0.4824711723317634,0.40296863782409553,0.37230894698207706,5.643255155967179,2.7952688814381426
m01_h6_q5_d8_l50,6,5,1,mom12_1,8,50,0.5621627697841727,-0.10665620162133459,0.29132875645218587,0.5147772744034989,0.0501077122333303,-0.4000664956964948,0.2041996509806048,0.7044448052951731,0.7449747255391048,5.584551767561571,2.726208354726264,-0.2170042062156999,-0.41289557672305244,0.5217633928571428,-0.07919332718132283,0.411659840843844,-0.17402552373397628,0.5087083069939753,0.4028587429617051,5.378793088026354,2.5204639757430636
m02_h6_q5_d2_l1,6,5,2,mom3,2,1,0.5542097571942447,0.0678395066798922,0.38792686701880436,0.5308058184747166,0.014990368237197281,-0.08536824719525819,0.3034691034908302,0.6384414931784794,0.736866015017354,6.2409078442332655,3.1682455769378826,-0.005342614708686839,-0.17066797768920047,0.49068509615384615,-0.547411334375147,0.3666304815967557,-0.5482168373747413,0.5292634907737708,0.274256558157725,5.9926466754504295,2.9762942396367267
m02_h6_q5_d2_l50,6,5,2,mom3,2,50,0.5498117131294964,0.054587704061614145,0.37379339476410217,0.5322544122975001,0.015327375390888865,-0.004237189806117485,0.2999734026787139,0.6248070764431559,0.7547389368950669,6.137933239369725,3.040459625226966,-0.018818291803897165,-0.17616772056605995,0.4913075206043956,-0.49440853190122247,0.3597324373095576,-0.4708012931284569,0.5501425383524556,0.2504862297028684,5.993826173676988,2.977473737863285
m02_h6_q5_d4_l1,6,5,2,mom3,4,1,0.5615445143884893,0.13078549386955576,0.44680786706940945,0.5244087553698049,0.013363578454014079,-0.03233163059638595,0.38772525839480526,0.6255827386245131,0.7433583002916836,6.266480950657988,3.2293026461865217,0.059793920661883326,-0.052704386514938084,0.4908567994505495,-0.5767815036298475,0.4399489283272019,-0.42713630582137524,0.5107923262747097,0.23594107311361623,6.200532315936376,3.1408897708099386
m02_h6_q5_d4_l50,6,5,2,mom3,4,50,0.5533526303956835,0.1253070486007254,0.4572250193570106,0.5255449866725325,0.01391054073116636,0.005772241188592773,0.31738514075799484,0.6160767655065502,0.772907332586731,6.257938244751137,3.096368904554511,0.0907577684460061,-0.16183895286470915,0.49323918269230765,-0.5826605726839835,0.39996069701558323,-0.4402744305426491,0.5826082854100278,0.2654481043850937,6.161787660744295,3.172785593434808
m02_h6_q5_d8_l1,6,5,2,mom3,8,1,0.5656193794964028,0.16772191357228614,0.47534862912015213,0.5157452949510895,0.013219110959389406,-0.19242587261845642,0.3932935335786638,0.6932190314815568,0.7133478209356179,6.279317189124746,3.213617446171521,0.08020279697711137,-0.08008781997683857,0.49909855769230765,-0.6776068226536512,0.31711980058515965,-0.713084521163038,0.565104946222148,0.34799245429282577,6.105980583988746,2.989079182476143
m02_h6_q5_d8_l50,6,5,2,mom3,8,50,0.5542238084532375,0.17798879654806532,0.4572250193570106,0.5244661734641064,0.016471229258997695,0.004432361662632033,0.3255179344857639,0.6152148100971546,0.772907332586731,6.256585174982078,3.133597595206613,0.0907577684460061,-0.1518660546722492,0.4924235920329671,-0.4697954422258693,0.39996069701558323,-0.4402744305426491,0.5224361018152777,0.2654481043850937,6.3821431799898285,3.172785593434808
m03_h6_q5_d2_l1,6,5,3,mom12_1+mom3,2,1,0.5675432900082811,0.12955495548315407,0.43747917211241544,0.5333741662245743,0.031684009433677746,-0.09656712273517398,0.3677251137821082,0.6831131636835521,0.7447032626000776,5.371407754262818,2.731874443329231,0.11241978690274233,-0.02063954913429449,0.5160276064937809,-0.37211379197396605,0.49732461025523966,-0.13393215095385605,0.5209262541477735,0.26395428260209486,5.412238529507207,2.6192323666710027
m03_h6_q5_d2_l50,6,5,3,mom12_1+mom3,2,50,0.5621470000258786,0.04892760005760317,0.3791053110555449,0.5340537821541328,0.034332260980030414,-0.05951146447721267,0.4001952482532256,0.6486845845108058,0.7373655587968981,5.473868814645697,2.775091554437735,0.004448004335296227,0.04755889623823419,0.514953753320855,-0.2404193447270143,0.5072864255479712,-0.03686277145751391,0.4390401925324826,0.3232509779489129,5.370821323677474,2.4554630883607578
m03_h6_q5_d4_l1,6,5,3,mom12_1+mom3,4,1,0.6031243126002795,0.2195607829806127,0.4845591150638078,0.5267660309701878,0.031237334304327992,-0.01527174838309892,0.4220535189552932,0.5735035651770413,0.7273173151069143,5.715435283150174,2.891767282618687,0.18436581330030308,0.06984621411715958,0.5100887479622026,-0.6164995829055921,0.334099646519142,-0.6794699707562605,0.5339010513365114,0.34018623266560877,5.645870758771112,2.8144931510958013
m03_h6_q5_d4_l50,6,5,3,mom12_1+mom3,4,50,0.5726466264039128,0.08317204099243819,0.41884621874033656,0.5246222536359402,0.03502168088709872,-0.1826443170581126,0.34224619124348027,0.7018970673188842,0.7509108257507742,5.506890026476394,2.7431450906438752,0.04150932454732996,-0.056077345308665046,0.5128560484844825,-0.39337011753449413,0.4346804060498466,-0.2965056568282202,0.5153073237228455,0.2618537702190036,5.503015360580205,2.6734149328864647
m03_h6_q5_d8_l1,6,5,3,mom12_1+mom3,8,1,0.7185929089462243,1.0514412982375037,0.8307216241729942,0.5075900048845815,0.0224678734615971,-0.07391277537948648,0.3647824928797059,0.4614982837612759,0.7109735554286662,5.955971164266157,2.9689984464679817,0.8582514189075985,-0.136629244761168,0.5031498592410337,-0.7601720624199422,0.34558393728447595,-0.5933345277844325,0.6509362730247431,0.3444515815861199,5.735220774819794,2.851899135505918
m03_h6_q5_d8_l50,6,5,3,mom12_1+mom3,8,50,0.5785928361627245,0.04342504750349347,0.38985535456574744,0.5207135775192795,0.034502247447885416,-0.1465604473536587,0.3515498767145095,0.6895042116745096,0.7509108257507743,5.480380094080346,2.7384754817677543,-0.008281328455815225,-0.03543106949204371,0.5154580138268325,-0.48005446878059604,0.36765774025232467,-0.5273839877223826,0.5430371870779245,0.25682185982478334,5.631310657865265,2.7465205876235776
m04_h6_q5_d2_l1,6,5,4,rev1,2,1,0.5492918165467625,0.03365838408830198,0.44981380913246416,0.5179168715387402,0.023492279955431097,-0.11101483351124142,0.4105108062933637,0.674500972730006,0.6927079122197826,6.16682218231992,3.109021269946871,0.08045248993592015,0.01730701558165595,0.5028760302197802,-0.8166758882207052,0.3019546336632002,-0.5390354266378998,0.6644799713188104,0.3919196488462411,5.907211912454809,3.0188165855245406
m04_h6_q5_d2_l50,6,5,4,rev1,2,50,0.5497133543165467,0.03365838408830198,0.44981380913246416,0.5165384329227266,0.02343277718438048,-0.14482839258710786,0.4245314907694826,0.6284155642272479,0.6927079122197826,6.236873088215042,3.0936058204966046,0.08045248993592015,0.047104718913783795,0.5001931662087913,-0.8166758882207052,0.3019546336632002,-0.5390354266378998,0.6644799713188104,0.3919196488462411,5.907211912454809,3.0188165855245406
m04_h6_q5_d4_l1,6,5,4,rev1,4,1,0.5600550809352518,0.09133007703588768,0.44981380913246416,0.5138039972698101,0.02673612656671998,-0.10528059322568166,0.4683772647307264,0.6088733020052521,0.6605042293722796,6.135786423585039,3.084795628517792,0.08045248993592015,0.08112517351673401,0.5041208791208791,-0.8039132840544954,0.3019546336632002,-0.5390354266378998,0.6939228596555405,0.3919196488462411,6.058749035563116,3.0188165855245406
m04_h6_q5_d4_l50,6,5,4,rev1,4,50,0.5559240107913669,0.13140063597050264,0.44981380913246416,0.5199210460768077,0.024504572517227673,-0.2523896086904664,0.3915419977657865,0.6635550683284133,0.6659594309543768,6.161361902309527,3.0676374016890633,0.08045248993592015,-0.08215083323086284,0.5064174107142857,-0.8874698790526184,0.3019546336632002,-0.5390354266378998,0.6790312668428666,0.3919196488462411,6.231915258173923,3.0188165855245406
m04_h6_q5_d8_l1,6,5,4,rev1,8,1,0.564017535971223,-0.05367775436011099,0.45680353382487426,0.5140356914109001,0.02239284111893506,-0.07481404029815476,0.5501699570815237,0.4543642147501702,0.5780125526536759,6.3589429169667175,3.1464532756711012,0.11043687338157125,0.1758610780636458,0.5077695741758242,-1.0398544224677249,0.2460498396037066,-0.6819395932116291,0.6720647112932057,0.3805691524584658,6.182800219280063,3.1000747018119137
m04_h6_q5_d8_l50,6,5,4,rev1,8,50,0.5567108812949639,0.13140063597050264,0.44981380913246416,0.5209422390145437,0.025669180084704354,-0.18529558357723008,0.4124659171937755,0.6099832309133517,0.6659594309543768,6.165074603817082,3.114628313228504,0.08045248993592015,-0.035445997837162894,0.5106670673076923,-0.8874698790526184,0.3019546336632002,-0.5390354266378998,0.6790312668428666,0.3919196488462411,6.231915258173923,3.0188165855245406
m05_h6_q5_d2_l1,6,5,5,mom12_1+rev1,2,1,0.5696173164885358,-0.080122252737247,0.38650563966467283,0.5381883903848145,0.05452476956555764,-0.029731038697822884,0.4473685755580418,0.6483077630101294,0.7108268306868915,5.437040504611557,2.7544187283229724,0.021525483866996032,0.13855995551657774,0.5270831289246467,-0.15300584352590485,0.39928827926923627,-0.24118054794797011,0.4706399510478967,0.3844818290753672,5.643540091984144,2.811200049151406
m05_h6_q5_d2_l50,6,5,5,mom12_1+rev1,2,50,0.5667266995755913,-0.024000975660984324,0.4109432789151812,0.5383808623065576,0.05909490484429608,-0.06929623703898286,0.39620806003062053,0.6794446751533955,0.7477513869118156,5.365099201954499,2.819544474335247,0.07656648749318276,0.05634550285298028,0.5271647351618163,-0.31408800608194903,0.3258359372717554,-0.38538956925167234,0.46672874871538483,0.38589988122158947,5.567408942448923,2.7679610884573878
m05_h6_q5_d4_l1,6,5,5,mom12_1+rev1,4,1,0.5980663648038405,0.10008543256978682,0.49860843141167777,0.5298693374437141,0.05226564699325276,0.09099239392507696,0.4882043534031645,0.5333149395144531,0.6200456282052693,5.721814370592763,3.0559957315914104,0.2342415135547999,0.15143174380434102,0.5183741395966671,-0.5945991550256896,0.25385575304183583,-0.6417206146592545,0.5909529682982011,0.34870286392983496,5.515241594398457,2.9779292445217216
m05_h6_q5_d4_l50,6,5,5,mom12_1+rev1,4,50,0.5773360066443249,0.11184247092181707,0.5059347618358365,0.5324380895463485,0.06073109223859532,0.03217655543726723,0.4087708164143041,0.6294423093993355,0.7477513869118155,5.488604351988095,2.8218861249427607,0.24318064565401482,0.08470051567145939,0.5234457549661877,-0.38359816569403304,0.3019955970850036,-0.4402981405299572,0.5061804713957923,0.3926367927124942,5.54068021515327,2.8015775297343057
m05_h6_q5_d8_l1,6,5,5,mom12_1+rev1,8,1,0.7141744450662492,0.6895087884142299,0.8245525486821632,0.5216868546529683,0.03294980890671242,-0.19268577134414125,0.34004551584946235,0.49433754024591203,0.6481826650921158,6.279130683423123,3.154024384198408,0.8004311121865851,-0.18164850094131768,0.5127244407378336,0.0951520986025832,0.5234808837906562,-0.10392636192031159,0.3088112735391796,0.3416475544233657,5.906464774864715,2.9856510229717665
m05_h6_q5_d8_l50,6,5,5,mom12_1+rev1,8,50,0.5846800639524352,0.08487877651064304,0.41466574650488947,0.5319754088815278,0.05873117367167941,0.040599808448388224,0.4454658834357799,0.587092454917647,0.6972033707834665,5.555224954554778,2.8681887961710046,0.10466673822954488,0.12084208712741562,0.5230990463863061,-0.40629619934475175,0.3823056885120809,-0.32778088774435643,0.4890055763571489,0.343411646149544,5.594639897852884,2.8229499571084538
m06_h6_q5_d2_l1,6,5,6,mom3+rev1,2,1,0.5692785699497955,0.42166568694755935,0.61131884736512,0.5413786327053465,0.017851859986278314,0.12087901127558252,0.4428069416472002,0.6133964943292585,0.7375840684274001,6.175050275340067,3.161896256171287,0.4231452372537667,0.11611453007895754,0.4977867256370003,-0.7443682730478741,0.3164944835207137,-0.5468585457602096,0.6666255704670987,0.29989645766195283,5.9068141607684215,3.063494164487202
m06_h6_q5_d2_l50,6,5,6,mom3+rev1,2,50,0.5662521915920501,0.2554082107520173,0.5443293897690885,0.5410450416645102,0.020358855540484302,0.12312001195025776,0.4287319921154314,0.6107622813281831,0.7500958620140871,6.125720640405127,3.156730096962086,0.3006915427257292,0.10094468207941276,0.49927851595519857,-0.6662089775180916,0.34431895595793277,-0.5229742487422401,0.6199098420725653,0.2791094419814205,5.87948230925177,3.027128640037014
m06_h6_q5_d4_l1,6,5,6,mom3+rev1,4,1,0.5966596214934528,0.7463858111429794,0.7964073468248971,0.5447072647637285,0.02117906440933996,0.28251885067020943,0.6049850974983504,0.5006817577606333,0.7042527418764475,6.206255532220831,3.231601727445362,0.7987132987444215,0.39837704606824526,0.5030616490309141,-0.6371711183900566,0.4059162559276929,-0.4429919052619021,0.612932632885651,0.2719350676285841,5.711830998752129,3.0233215326842937
m06_h6_q5_d4_l50,6,5,6,mom3+rev1,4,50,0.5785307680114902,0.456103198366125,0.5626540038281256,0.543391804092697,0.021469562027857263,0.20010627003077608,0.4759091367603658,0.5767856117219369,0.7534454419068279,6.294104953279894,3.3208744346737777,0.34757704216856344,0.18917863491592354,0.5046631124713199,-0.6016123474290053,0.42391682661164026,-0.3548128655390487,0.5726809966178723,0.27307979016636075,6.1134251160149455,3.2438305133350296
m06_h6_q5_d8_l1,6,5,6,mom3+rev1,8,1,0.6992028791535118,0.9373353383136555,0.9118556223048139,0.5346722397262047,0.015263133812715978,0.4560895198819969,0.7168740726574518,0.2739486808158482,0.5345083683443459,6.235213618546546,3.154365604785518,1.091286610463725,0.4689457648074137,0.4959265279706557,-0.18788917608389788,0.5008550741966193,-0.1808934391662941,0.3912128735091909,0.35959125312277906,6.088622880042685,3.164378106360615
m06_h6_q5_d8_l50,6,5,6,mom3+rev1,8,50,0.5834875265255421,0.4402703949682372,0.5570413215256628,0.5426965194930387,0.020769440930027864,0.23602473126868723,0.5076002681971576,0.5511970601050344,0.7515218492446991,6.274329775241195,3.3235036592283316,0.33285130685935077,0.25370151987535944,0.5084797371241396,-0.618955087704787,0.41622970944096366,-0.37379650746670107,0.5765030926432583,0.27307979016636064,6.116519233614893,3.1596806384601006
m07_h6_q5_d2_l1,6,5,7,mom12_1+mom3+rev1,2,1,0.5722526857111433,0.006212602125267408,0.41235772137814053,0.5405870110566223,0.03824220016949702,0.09377206441817178,0.4534262231252085,0.5916919601516926,0.7131167852961198,5.5959505713648126,2.8939338564953005,0.08891424905736225,0.15751252430411847,0.515614858184398,-0.6412033562195207,0.2718395809888461,-0.6302253482873037,0.6178307488970264,0.334248288360418,5.5687311399171735,2.7907124487357864
m07_h6_q5_d2_l50,6,5,7,mom12_1+mom3+rev1,2,50,0.5688960522229698,0.048475901629086306,0.4582945615509298,0.5390935340756172,0.04152184970247104,0.019474898451965747,0.38742299366492766,0.6404198845579059,0.7410410474076613,5.536477089266189,2.730855602660025,0.17085006389930277,0.04630755397252277,0.5198859776898925,-0.5344674709873966,0.28457116630123735,-0.5972290678083599,0.5675528767370869,0.3201240937024008,5.599516766841658,2.819976975743758
m07_h6_q5_d4_l1,6,5,7,mom12_1+mom3+rev1,4,1,0.6123682214300502,0.21748234897208982,0.5632898063008713,0.543165366537705,0.04025628026865355,0.0938975828935494,0.48512807467429453,0.5560258065782997,0.709954814955809,5.633175531306808,2.8968762600779576,0.37635768815924364,0.21383299393076946,0.5127930748852795,-0.4430333200369462,0.36656397040241895,-0.48333315492216167,0.49399913867906386,0.27494451854345214,5.715777414240836,3.0651278567798967
m07_h6_q5_d4_l50,6,5,7,mom12_1+mom3+rev1,4,50,0.5816370060426479,0.11150303477596239,0.47547155103249655,0.5384166475273019,0.04314927620724725,-0.095733994120984,0.33135833512928636,0.69948028985649,0.7656221629055031,5.450843360013344,2.648280801160338,0.1919476271578529,-0.05451346580094899,0.5171127807631929,-0.5513555092763969,0.251848135925844,-0.6343525255288223,0.5695859422856444,0.37082058259911976,5.608426575545547,2.844588414176056
m07_h6_q5_d8_l1,6,5,7,mom12_1+mom3+rev1,8,1,0.7485004577273433,0.8358366421524567,0.8252477817836618,0.5398547281778894,0.03370048237858858,0.06664423684323358,0.4348515256474189,0.514057798534663,0.6726511281698233,5.702922498310362,2.996024620508765,0.8802411386196136,0.09334358410593814,0.5118562541510687,-0.07863838785028356,0.5523359018598701,-0.1312966142561687,0.41384360800942155,0.27500500156276575,5.706126565063898,2.986920332051089
m07_h6_q5_d8_l50,6,5,7,mom12_1+mom3+rev1,8,50,0.5962078583536049,0.1630759810711067,0.4532657883280531,0.5378436796426168,0.042080807552619746,-0.10312711391605911,0.3220314814895199,0.6888053250309238,0.7656221629055031,5.369766724844625,2.667938324851655,0.1621238202805689,-0.0667583109438696,0.517352174782635,-0.4958465624161755,0.2682578252674246,-0.6188321846836395,0.5461577527685277,0.36883181716762103,5.488128658816656,2.837559209882074
m08_h6_q5_d2_l1,6,5,8,vol6,2,1,0.5855440647482014,0.22499477743012627,0.48380088760011514,0.560847208024947,0.0659619655985702,0.17545655258608475,0.47615768781562884,0.5394552631711389,0.7257909377126566,3.7856032587579485,1.8248033329215663,0.2227207302472399,0.20846657539820446,0.5816449175824175,0.44797960835735917,0.5489646090135202,0.19753841083783108,0.3164802072326437,0.3188918100861954,3.6908271801178856,1.4216907823762144
m08_h6_q5_d2_l50,6,5,8,vol6,2,50,0.5850101169064748,0.20147506872695023,0.46012926116746383,0.5609820596760002,0.06362066522952319,0.16247169479555432,0.48458976179299784,0.5625550338696621,0.7257909377126566,3.757775212681248,1.8801228193990933,0.18590378730505042,0.2228874103141924,0.5825892857142856,0.3201254049581442,0.43519161179093524,0.005401210524677247,0.37903002645705075,0.3946537477666572,3.6974303699427202,1.4282939722010495
m08_h6_q5_d4_l1,6,5,8,vol6,4,1,0.5999887589928058,0.4182533296349776,0.6085972672068768,0.5577102391827545,0.05431143632615533,0.22597100952446914,0.4917892778801075,0.5485794073814015,0.7423835156685037,4.877045640876219,2.1475555938416764,0.4259543773138895,0.21957186124368638,0.5623282967032966,0.05997777556034749,0.49471583120386803,0.0752537888921523,0.4376718745013023,0.3163489013905193,4.561857992768381,1.9557514226266668
m08_h6_q5_d4_l50,6,5,8,vol6,4,50,0.5944244604316546,0.3185565448320943,0.5044851885493162,0.5547295526887842,0.05865480905262678,0.1884887530401186,0.4947940240486895,0.5544383295637498,0.7216564311801679,4.680458652686705,2.1853001460560777,0.2739539687561852,0.22586122090970795,0.5676510989010989,0.10039325232877094,0.531683246755503,0.16147962577851852,0.42463717682130286,0.31901450325375547,4.586840831754862,2.052500052214017
m08_h6_q5_d8_l1,6,5,8,vol6,8,1,0.6054406474820144,0.4896981939494716,0.6254919537845084,0.5555734369339062,0.049639337133725085,0.17143686218720064,0.478339127001902,0.5641597967263643,0.7270608548089805,5.220542117026468,2.3680463144028705,0.45718763754418307,0.17784471422237727,0.5497081043956045,0.036153941592761744,0.46606250401360744,-0.015822829843493386,0.40153443983063597,0.35096945884220165,4.989176689153343,2.2209830816518767
m08_h6_q5_d8_l50,6,5,8,vol6,8,50,0.5968131744604317,0.3185565448320943,0.5044851885493162,0.5540312354433001,0.057607596992835026,0.21581302802157043,0.4947940240486895,0.5475056742630535,0.7216564311801679,4.7004818234434795,2.1853001460560777,0.2739539687561852,0.22586122090970795,0.5608258928571428,0.10039325232877094,0.531683246755503,0.16147962577851852,0.42463717682130286,0.31901450325375547,4.586840831754862,2.052500052214017
m09_h6_q5_d2_l1,6,5,9,mom12_1+vol6,2,1,0.5944788458801304,0.18668739771629725,0.5354350134021142,0.5599507579188447,0.0735547894396504,0.09271472938499131,0.49797173627262054,0.6184836797068922,0.7337405912813186,4.302399578054447,2.0538613827936723,0.31655239683079817,0.24820836436387353,0.5816666163506823,0.19862724491226727,0.4804522395825553,0.0708330574458928,0.4055097623850994,0.34358633883674417,3.9672204259271213,1.6545901608308848
m09_h6_q5_d2_l50,6,5,9,mom12_1+vol6,2,50,0.5922090115677242,0.18460380309644422,0.5490999155434335,0.5622547600408881,0.07478209977046853,0.13072331366611775,0.5148643700775595,0.6002009206399098,0.7221904791235034,4.205729715593651,1.995962699640157,0.3408548591476331,0.2773743207103481,0.582281965115928,0.18756211824405883,0.4718694840813481,0.06853990126736456,0.4091299204478701,0.34358633883674417,3.9677614859144485,1.5919438472262386
m09_h6_q5_d4_l1,6,5,9,mom12_1+vol6,4,1,0.6267522627581388,0.2630857613636792,0.5752295699211506,0.5595277038261477,0.05872836418249946,0.04156727425727687,0.46218777635739294,0.6346248166059737,0.7420049303862266,4.7243471161079995,2.125574265181278,0.3954111447893183,0.18213693134695166,0.5757695043623958,0.34281664381566035,0.5215406889857829,0.15737535069231126,0.3305914099387709,0.341892067397244,4.229975391802007,1.7241129251406317
m09_h6_q5_d4_l50,6,5,9,mom12_1+vol6,4,50,0.6072122180852441,0.25206479890982103,0.5319816594165971,0.5610599986737228,0.06984283525466481,0.06889559128623657,0.47956692137465523,0.6206688961474983,0.7257909377126566,4.2509712373658015,1.9093813742649948,0.310481114218271,0.21340380544282211,0.5777457432677213,0.2585528234292425,0.5365612009326421,0.19098224556092003,0.37353425588672173,0.3355006409949549,4.0304178836710305,1.6806770429107534
m09_h6_q5_d8_l1,6,5,9,mom12_1+vol6,8,1,0.7231380363335231,0.7241511126642068,0.7729961035685766,0.5415259182042855,0.03945337531563238,-0.026528321453540008,0.5299814928619527,0.5281796298190438,0.6854518002445251,5.455358721560867,2.6732530642765275,0.7564040649295392,0.20320490315695747,0.5499979716368796,0.42038709118914785,0.7489757148772734,0.5196750078507253,0.33175800491859364,0.28063486203392973,5.124560003873068,2.1506707185007015
m09_h6_q5_d8_l50,6,5,9,mom12_1+vol6,8,50,0.6134125635642566,0.21559936294709664,0.49074381179586096,0.5576624244669013,0.06986735816872058,0.07882298156030103,0.46847394376083096,0.5828176249384005,0.7257909377126563,4.399466164481813,1.910636639221383,0.23499959399645184,0.19958755307750045,0.5719870788552107,0.19627750438727185,0.5126308232593164,0.13131309829238597,0.37661163594195934,0.33560671649545837,4.137998139236464,1.6229558299037667
m10_h6_q5_d2_l1,6,5,10,mom3+vol6,2,1,0.5908274392176907,0.2723424899171113,0.5111291036625556,0.5633995838401221,0.0530980319441374,0.18546440361869307,0.4813271612304081,0.5641816875774945,0.7168811220019338,4.69520620727269,2.149031706687671,0.2893185474056241,0.2138605201601303,0.5558118263947591,0.008773454876367283,0.4347633614225262,-0.015746233592940608,0.4052529835709767,0.3706262933864859,4.167392632502844,1.681596404132541
m10_h6_q5_d2_l50,6,5,10,mom3+vol6,2,50,0.5891448262253507,0.30096859787264296,0.5322571408711058,0.5658030567452513,0.05685306728089598,0.19851487182724512,0.5007781250693516,0.609273695715522,0.7292400800127059,4.713601437293835,2.126642373480927,0.3271110235855451,0.2682407515038499,0.5603857852312523,0.07140038126744806,0.45710804453934717,0.03487292537416415,0.419154801463135,0.3706262933864859,4.087152980419027,1.662004346565181
m10_h6_q5_d4_l1,6,5,10,mom3+vol6,4,1,0.6231525121629315,0.2917647962498542,0.5462735365094448,0.5669179584390042,0.04768790775247609,0.23446689352940506,0.47995132193601003,0.5790610413736463,0.7354872142367208,4.867273185899414,2.2969774934723506,0.3373310147303602,0.2165976834054791,0.5536016181620578,0.021488411286801956,0.4033024016549236,-0.0908355443019087,0.41419670463274416,0.40393567468596947,4.39760724175477,1.7723507274927202
m10_h6_q5_d4_l50,6,5,10,mom3+vol6,4,50,0.6005288732143781,0.2596483700951041,0.5012131829008573,0.5659587325643083,0.053137994393418105,0.18525968594753897,0.4593260020962174,0.5703517863300251,0.7168811220019338,4.655614130541323,2.1514473436774755,0.2720903069739877,0.17789702514987518,0.5646755373747132,0.11632700184341357,0.4565269823472472,0.029101548492950564,0.40221311537790927,0.35282375938134825,4.262539907072391,1.6771516549110432
m10_h6_q5_d8_l1,6,5,10,mom3+vol6,8,1,0.7315451370917654,0.869558394000712,0.7583804908551034,0.5637888744759587,0.029756145569633626,0.1884439698619973,0.509132353231698,0.5066857505572175,0.723103477910993,5.894222994397153,2.7400118237045574,0.7169176452288901,0.2279829568590971,0.5351713447953146,-0.23536116525333264,0.33763297260380426,-0.33375167510752374,0.41220969118363215,0.3965479648133212,5.111102656442724,2.360970241565213
m10_h6_q5_d8_l50,6,5,10,mom3+vol6,8,50,0.6055056471908804,0.3247585589224546,0.5220032029534889,0.5632815128293049,0.051005538157341705,0.1781967747928814,0.4679608268065337,0.559655092641713,0.7168811220019338,4.613117759023383,2.129228574623596,0.2991364261239172,0.19450417525185199,0.5610174080726966,0.17070101031054888,0.5103045092477313,0.13553065789965293,0.3895257087330233,0.34729147147343964,4.259174893784402,1.6983274813298734
m11_h6_q5_d2_l1,6,5,11,mom12_1+mom3+vol6,2,1,0.5955087324025672,0.16045244643575388,0.5644778210481557,0.5641986860152166,0.05808034759429403,-0.019911907573607557,0.4650457750000986,0.6963595550095196,0.7250890416346594,4.749548015990579,2.203819489088963,0.3855531632077682,0.1897961581951487,0.56181295095701,0.08897896626556882,0.4927471823542594,0.09350780754860928,0.39999498040849824,0.34177350874184875,4.484307274346763,1.7580163293364004
m11_h6_q5_d2_l50,6,5,11,mom12_1+mom3+vol6,2,50,0.5933807248266134,0.20058020591672684,0.5687261906081285,0.5641215557230475,0.06219011559461951,0.01870196316240442,0.5094960874368254,0.6453059305680735,0.6896669855689637,4.611598476677076,2.1505242666641324,0.393342217072713,0.26705689667447363,0.5622438601920059,0.0669100727395765,0.4656220225402009,0.046122906685712346,0.40508618940763397,0.33436803051965003,4.531290931259425,1.8054622521723425
m11_h6_q5_d4_l1,6,5,11,mom12_1+mom3+vol6,4,1,0.6296736104821179,0.24059770418603482,0.5427452803786639,0.5600095912478651,0.05443235097140669,0.07594007900856523,0.49120325568082934,0.6223909279882318,0.7398360558666922,4.670663693566382,2.191410180060558,0.3482493934326144,0.24470257155885317,0.5601669106991909,0.032734102417031875,0.4479935392321492,0.0015813491803348843,0.4073418475760854,0.38303615555512416,4.361318249992083,1.7721723854151565
m11_h6_q5_d4_l50,6,5,11,mom12_1+mom3+vol6,4,50,0.6048547403084726,0.22108529638079782,0.5767980550137242,0.5629032408066352,0.06075733045091065,-0.01284680774052667,0.46537121588432456,0.6697476381436347,0.7257909377126565,4.495040267084108,2.02978067084924,0.3977950699930612,0.19793556148900696,0.5663222852010628,0.028534393372540337,0.4508802940085991,0.020352716954024005,0.3845302156163519,0.3439931703353115,4.238350829874573,1.5689610566043948
m11_h6_q5_d8_l1,6,5,11,mom12_1+mom3+vol6,8,1,0.7621143081038766,0.9071416768593595,0.8560003985908423,0.5511237368019254,0.034541525357881575,-0.05176222310269537,0.4405179074928612,0.6355630867171433,0.7542172826273628,5.393396721872136,2.5774361464888145,0.9619569226235999,0.1137747643744778,0.5444390774061103,0.03491343572177105,0.5195716619362195,0.015599882244496115,0.2944026441259542,0.2921433354658909,4.879188237220411,2.1772780940966676
m11_h6_q5_d8_l50,6,5,11,mom12_1+mom3+vol6,8,50,0.6150646479219503,0.243428732411172,0.5436852335870215,0.5630154487021893,0.06067706764212268,-0.011597965723965735,0.43734163819614985,0.6800923773449143,0.7257909377126566,4.560010952556858,1.9489274985193106,0.34097885518845766,0.1470527531337294,0.5646043088093226,-0.027263484364093423,0.45878407861790604,0.04649192559679102,0.35225309512900593,0.34420381682709833,4.2735641120781995,1.5696074217036462
m12_h6_q5_d2_l1,6,5,12,rev1+vol6,2,1,0.5918262916645101,0.2928316909313128,0.5761768438482062,0.5618897305716578,0.06908868346648851,0.20817299304514045,0.487827782007043,0.5893614559348865,0.7337364468057839,4.51591885755262,2.039511245240933,0.3969567303681251,0.240329325554867,0.5714097029344283,-0.020607443754848912,0.38385921111602356,-0.14888411791728812,0.44863110222527636,0.38523588456538504,4.135774138031,1.7696839709050551
m12_h6_q5_d2_l50,6,5,12,rev1+vol6,2,50,0.5907303945512654,0.2901315297916433,0.5427778557095467,0.5643497117773406,0.07281459410339522,0.22957990238745424,0.5306986326164084,0.5873115986792312,0.7209991253158834,4.323571613894283,1.9861148151253278,0.33455007202616055,0.316830849741744,0.5670609867467697,-0.015435552331019954,0.36935240608221176,-0.1794018428110301,0.4586623851989303,0.38523588456538504,4.095922479904189,1.7449771194627406
m12_h6_q5_d4_l1,6,5,12,rev1+vol6,4,1,0.6165031329253143,0.31636456975362554,0.5792041911037925,0.5669813407367631,0.06582504149957334,0.2614095465301749,0.5689583602926348,0.5248237688420236,0.7068017821437167,4.559130716410658,2.088136481925453,0.4074185222158183,0.3929820476931787,0.5568019506249245,0.05403280964405082,0.41367154690784175,-0.04671845755980434,0.5194929768914279,0.4143730975335823,4.250752801604538,1.7124449140760571
m12_h6_q5_d4_l50,6,5,12,rev1+vol6,4,50,0.6006528073404586,0.24794736141051138,0.5647483947719069,0.5664066543527768,0.0666022023575787,0.2027899608578414,0.5343274863234605,0.5942336678603205,0.720962162699342,4.299256569518557,2.005091243069737,0.3775246019423147,0.32351290220725476,0.5656913699281487,0.0006655875727822959,0.375243314215739,-0.13315288639860848,0.4686494799318185,0.4176518237214031,4.187005952353333,1.7490379335716015
m12_h6_q5_d8_l1,6,5,12,rev1+vol6,8,1,0.7217025839759847,0.6866223616679026,0.6962123340480155,0.5716125952655142,0.05253498033104047,0.3150859578573728,0.5925364466754606,0.4996198602914743,0.6956480837379371,5.517575310571373,2.606934726428564,0.6202128372314908,0.4238209719001721,0.5475049718482067,-0.2967526456248696,0.32462457748105955,-0.319383006335443,0.5543673068143247,0.45732164401061304,5.273744175549728,2.22243180128626
m12_h6_q5_d8_l50,6,5,12,rev1+vol6,8,50,0.6098948965827338,0.37559323717891213,0.567661841580619,0.5655710593395786,0.0660640819935732,0.2668693187894139,0.536824711472712,0.5329535896390972,0.720962162699342,4.4017755288661995,2.0053795632331215,0.38356799600569497,0.3285506431021117,0.5657059930111098,-0.06378167321181506,0.3764715772254305,-0.12012566447819345,0.5264529549962275,0.4143730975335823,4.464320689548158,1.7268090696065785
m13_h6_q5_d2_l1,6,5,13,mom12_1+rev1+vol6,2,1,0.5979338381812536,0.21629369067929682,0.6042016056875072,0.5659762208219036,0.07228926632088824,0.09603151494494495,0.5262280416415904,0.5944853790923317,0.6957110656560852,4.53527143558283,2.0875065834525715,0.4505603982382843,0.3061316870220152,0.5661293548484483,-0.09723409694315102,0.35488160128276963,-0.2037068930884057,0.38956170601860773,0.38367951194326533,4.397025479264519,1.7171210507453296
m13_h6_q5_d2_l50,6,5,13,mom12_1+rev1+vol6,2,50,0.5970195965529734,0.1813517116692297,0.5767527738219977,0.5690422257517727,0.07542297765105772,0.13051893645773613,0.5496021388684209,0.5822817577284534,0.6976796719484916,4.442155974627536,2.0164652912572456,0.401358668909957,0.35402198448985944,0.5657378335949764,-0.09479797470404956,0.36669728750253877,-0.14683792297817153,0.4227970912424217,0.39368745536397953,4.404718394079621,1.724222998906067
m13_h6_q5_d4_l1,6,5,13,mom12_1+rev1+vol6,4,1,0.6285172626287461,0.2683950202872087,0.6213930028044636,0.5655192010959578,0.06729082826417566,0.07635259288519412,0.5473577198298923,0.6820229755840796,0.7481645232411062,4.643779803776148,2.2963112624810718,0.48174640536782726,0.3579371895246186,0.5618728584259147,-0.10775260628116717,0.3777955455300173,-0.13832269108903303,0.4698299082726861,0.4373335853852153,4.330505232591825,1.6750726549964816
m13_h6_q5_d4_l50,6,5,13,mom12_1+rev1+vol6,4,50,0.6092097208024947,0.22259122514365506,0.5768448342698823,0.5664270741680038,0.07482025649305646,0.028664491058983558,0.4924645656862304,0.6630218502934904,0.7291925292537983,4.4632132128468145,2.0075660891936127,0.40003955056211565,0.2522186482320246,0.5644076047578795,-0.10903451390070158,0.34628867388024337,-0.1926374762594593,0.4441186672894467,0.41872698354915194,4.135393233952937,1.6708304409307932
m13_h6_q5_d8_l1,6,5,13,mom12_1+rev1+vol6,8,1,0.7519540347937477,0.6307036332759881,0.7711679054844751,0.5627006600654728,0.05254335190239375,0.04292908889737329,0.5409223943823982,0.5913050390837113,0.7084994029374851,5.460467006954481,2.7039144629208045,0.7656900603382247,0.3079360107202247,0.5450294254166164,0.20534135519991153,0.6328912159703662,0.3051613370086288,0.3959964998991856,0.3414027040895755,5.107681734829982,2.3538021718575215
m13_h6_q5_d8_l50,6,5,13,mom12_1+rev1+vol6,8,50,0.6191231367424046,0.2549780214941483,0.5912364518916814,0.5675277224263755,0.07354618298565264,0.0225879809107051,0.46759150312778247,0.6459915028562964,0.7291925292537983,4.522292654441877,2.006627390592199,0.4249461436345463,0.20621611971852102,0.5616242660155778,0.019356193884520322,0.4098544133394859,-0.04173712877611672,0.4485554704139999,0.4023842658702843,4.3324683938909185,1.6788372708369086
m14_h6_q5_d2_l1,6,5,14,mom3+rev1+vol6,2,1,0.5937559642034573,0.21261382223411163,0.5841675287101087,0.5681160557165778,0.052630846734712765,0.27550590851684414,0.5839762191150938,0.5251517185652206,0.6885328320938022,5.0047593760459455,2.2771403914642603,0.4103329981170273,0.4014112855376847,0.5450541903151793,-0.3655539512313432,0.30879399591671913,-0.34446546869268396,0.5590353657746899,0.3699940126440302,4.724408673565925,1.8577349003327361
m14_h6_q5_d2_l50,6,5,14,mom3+rev1+vol6,2,50,0.5917660431007712,0.22164567939606955,0.5655337879228967,0.5693840049363388,0.054077372065964094,0.263757276320362,0.5713137836496619,0.5612045153791114,0.6975523548028404,4.967131646753651,2.2136681527849933,0.37661439968799604,0.39333329166334824,0.5461740354425794,-0.18622940074551858,0.39368037787507515,-0.15211017575682675,0.4400519714092346,0.36770531822435704,4.637585460394029,1.8947914392422915
m14_h6_q5_d4_l1,6,5,14,mom3+rev1+vol6,4,1,0.6244577629263496,0.3646331709969354,0.6305715661531421,0.5726046748033228,0.05442748429632729,0.2736856105815681,0.5705001687420426,0.586513974526552,0.7370961928372657,4.9262854731881225,2.281699519085327,0.5005279873970804,0.4032037059019114,0.549653385762589,-0.28872495202199855,0.39376740886996814,-0.07741453766868774,0.5392394670791653,0.4190429382999018,4.325645348171902,1.489695854000191
m14_h6_q5_d4_l50,6,5,14,mom3+rev1+vol6,4,50,0.606189508824595,0.2548142019930938,0.5816146817816261,0.5716899277340717,0.059682121095359864,0.1617853733200018,0.4994820182316899,0.6258591327026715,0.7291925292537983,4.863275666993503,2.1473397400899934,0.40749101993468534,0.27399549310774163,0.5557858822153121,-0.2034640640576369,0.3650749360199028,-0.14203726897945818,0.49779888815907747,0.41179310486907583,4.216736722602251,1.5679474118836034
m14_h6_q5_d8_l1,6,5,14,mom3+rev1+vol6,8,1,0.7491217457688526,0.8886268006566567,0.7904586369804532,0.5698751924719218,0.043810742489477764,0.29205801715853746,0.5386823732539455,0.5545631247113502,0.7433427970979072,5.490972021949435,2.5538319722562535,0.8116745189590497,0.32742383348995824,0.5307438526446082,-0.5456582069361673,0.2345391298808678,-0.5541267611875388,0.6343260444238239,0.42372168417820333,5.059080127134598,2.2285179968005124
m14_h6_q5_d8_l50,6,5,14,mom3+rev1+vol6,8,50,0.6143580414445422,0.33251880606002865,0.6065694220334745,0.573093840575022,0.05931140799516119,0.13092797639577625,0.4993620688205391,0.5931580395909288,0.7168811220019338,4.954955487830051,2.188677538088841,0.45633320775040437,0.26055866359667396,0.5570271932737593,-0.19860678676766896,0.3843787611122522,-0.11055723157563851,0.47880519464339244,0.3844388168160794,4.319758600981673,1.6425713358275784
m15_h6_q5_d2_l1,6,5,15,mom12_1+mom3+rev1+vol6,2,1,0.5986955377244967,0.3419674442965945,0.6067381404113014,0.5632529048703483,0.0675314156243536,0.11880681173260972,0.49368175441041173,0.6129526122245043,0.7250890416346591,4.341178162344686,2.0206899960473765,0.45325544917230565,0.24637703912052258,0.5560667869218694,-0.2674858599538773,0.3440225378662056,-0.19134837095014498,0.5086896505840472,0.40933755581883813,4.149329119716005,1.5648885842645008
m15_h6_q5_d2_l50,6,5,15,mom12_1+mom3+rev1+vol6,2,50,0.5963071269603022,0.31693966045604427,0.5724223477123394,0.5678478687373841,0.06794903022342802,0.15484216173968024,0.4872849463221567,0.6107328646368685,0.7168811220019337,4.503716785249867,2.0214188505439403,0.39739596507600733,0.23209413023365824,0.5530994803616713,-0.11392725858602805,0.33661793144054386,-0.18924157939397518,0.49974081389420766,0.42130574387950837,4.2368318696629395,1.5653646287327387
m15_h6_q5_d4_l1,6,5,15,mom12_1+mom3+rev1+vol6,4,1,0.6343989781196626,0.3281315843846248,0.6146904492277133,0.5666799968298742,0.060676645759193855,0.06104320547556297,0.4643129418835914,0.6567259670122165,0.7487584605939986,4.63702389843602,2.1300601033378412,0.4831986592150682,0.20874451025851018,0.5605574885279556,-0.14943311544853008,0.3925374539490057,-0.06830550611059232,0.502944880077925,0.46543707021347724,4.26997370371962,1.7155983930563228
m15_h6_q5_d4_l50,6,5,15,mom12_1+mom3+rev1+vol6,4,50,0.612422606878526,0.27783250479784655,0.5565264377949981,0.5675268126326277,0.06650876338263434,0.1262402853956012,0.4705371134534714,0.6157418722678436,0.7168811220019338,4.678454947034727,2.1377316646851092,0.3653176611668039,0.20574488295696225,0.5568406310379181,-0.04967688842171302,0.34110708424737957,-0.1852686994968936,0.4878500343428047,0.42130574387950837,4.316979730621311,1.5585887120645774
m15_h6_q5_d8_l1,6,5,15,mom12_1+mom3+rev1+vol6,8,1,0.7743204042880802,0.7839069635670036,0.8713017078856118,0.5598761548315304,0.050535874679344985,0.15986183105330665,0.5263785472446718,0.6015629256392294,0.7340270667001352,5.5539533525460145,2.7426600728622943,0.9672247747076341,0.3037331657280447,0.5404432020589301,-0.3647191469393775,0.32246071309873725,-0.3998694337322594,0.49174944653426855,0.36836351959387215,5.123586631571148,2.2900120793876977
m15_h6_q5_d8_l50,6,5,15,mom12_1+mom3+rev1+vol6,8,50,0.6244252125278194,0.26942911286418225,0.5447588461056971,0.5662870670190466,0.06749037629442584,0.218637298466255,0.4789481127442376,0.5414333365058623,0.7168811220019338,4.742857776500751,2.142106797257284,0.3449898088376896,0.2237886462095238,0.5604272959183674,-0.009942044067960284,0.40392387293342924,-0.04846876623631244,0.489154911888643,0.42130574387950837,4.294814576367045,1.6182639504602974
m16_h6_q5_d2_l1,6,5,16,size,2,1,0.6187893435251799,1.0673697673342166,0.9317592241603029,0.5728552724367268,0.06736562806413794,0.9582240428238682,0.8623833915738348,0.17578084110610592,0.47147613716156156,2.979845559917368,1.5237402188556333,0.9175278354694628,0.7447023746268984,0.5888135302197802,0.5303571506696327,0.7305921436235576,0.38463240294834145,0.22082865631914694,0.3388715147252921,2.64540163782324,1.3624810977834407
m16_h6_q5_d2_l50,6,5,16,size,2,50,0.6123679181654677,1.1721502737614184,0.8898516625397778,0.5596960156694788,0.07068004829629403,0.5678703016894183,0.6348019741307747,0.2400320924997793,0.5006617328084164,3.130109129958651,1.5599809508490246,0.8630796371794177,0.26618454304429773,0.5716861263736264,0.5968423031361612,0.7285563405838632,0.3939593568047976,0.16205345210778677,0.3229862077498068,2.650714432717958,1.4741510668634066
m16_h6_q5_d4_l1,6,5,16,size,4,1,0.6278945593525178,1.1367589693220257,0.9659886303882601,0.573599685898763,0.06173754851728437,0.7894690868604655,0.9054379636258962,0.25698075975994195,0.48174686295747016,3.627718797050743,1.8943194782610118,1.051863201787617,0.8586487056470773,0.5902300824175823,0.9330851802711261,0.7930234881545963,0.5174322263280916,0.1281042322529341,0.295477044866849,2.935224598474123,1.4493967887615624
m16_h6_q5_d4_l50,6,5,16,size,4,50,0.6198853417266187,1.0393687413226798,0.8898516625397778,0.5640009575073754,0.0573856672932873,0.5303038196266534,0.6667941034501883,0.2123670487811279,0.5454998572410299,3.448479327487735,1.6765812656513248,0.8630796371794177,0.3704183590360829,0.5792410714285714,0.8423444429360344,0.7285563405838632,0.3939593568047976,0.14936935060171186,0.3229862077498068,2.959978876575967,1.4741510668634066
m16_h6_q5_d8_l1,6,5,16,size,8,1,0.6333745503597122,1.2030682725362771,0.9659886303882601,0.5612612652683608,0.049288956346955314,0.9187332894731047,0.9711282495195336,0.24031528256759094,0.48174686295747016,3.9599254741495145,1.9810324375942212,1.051863201787617,1.0057747923007745,0.585679945054945,0.9339683353780045,0.7930234881545963,0.5174322263280916,0.12282649718448824,0.295477044866849,3.396489242156101,1.4493967887615624
m16_h6_q5_d8_l50,6,5,16,size,8,50,0.6216839028776978,1.1099442968045876,0.8898516625397778,0.5647520427902283,0.057267097390888345,0.503217523768528,0.6667941034501883,0.2765831309080925,0.5454998572410299,3.562779018077371,1.6765812656513248,0.8630796371794177,0.3704183590360829,0.5838341346153845,0.9685375073022082,0.7285563405838632,0.3939593568047976,0.1280346780114474,0.3229862077498068,3.0905891264066794,1.4741510668634066
m17_h6_q5_d2_l1,6,5,17,mom12_1+size,2,1,0.6275660227213912,0.7757341305053369,0.8694785582957397,0.5821132325254904,0.06677546473019291,0.3685618436971407,0.6691359480300486,0.432966131525544,0.5415930900604649,3.723478398176214,1.7590486585255078,0.8667245848053913,0.36148437693825525,0.5899586119580968,0.5431377183287495,0.7218335805350243,0.4861156112220311,0.27491731126412366,0.31839105262047707,3.802160574165638,1.6859183578804275
m17_h6_q5_d2_l50,6,5,17,mom12_1+size,2,50,0.6179488962786605,0.7378511941111194,0.8575910769230682,0.5677559795688629,0.0784483575604354,0.24177447686856654,0.6245917929066459,0.47061682936449867,0.5537861051209163,3.8092262371206473,1.9280362504786301,0.8200217456309041,0.315418001145107,0.5778221606690013,0.5472345673072699,0.7119102418814965,0.4715828786744524,0.28251194607266616,0.31872384412975674,4.036786299006678,2.0355543711135304
m17_h6_q5_d4_l1,6,5,17,mom12_1+size,4,1,0.6533031780510844,1.0707416584978908,1.0320924800513882,0.5851521458193158,0.06536572322938965,0.5630677152361401,0.7859804958320582,0.43285609113600054,0.5305899273653594,3.8984846808518547,2.0282754770980316,1.1775692645588107,0.631096793107658,0.5889781578311798,0.5262473857860138,0.6400130553418178,0.30233107360089095,0.23601929654593212,0.3374579481023062,3.7688866628045785,1.8462062612273602
m17_h6_q5_d4_l50,6,5,17,mom12_1+size,4,50,0.6303133976631644,0.6211664309633715,0.8117417125588576,0.5685969322563532,0.07438563444160552,0.4220894051654906,0.8288633923524001,0.4799630118842517,0.488802605117304,3.7340802772950927,2.0336382908538684,0.7002351049522091,0.653903756402553,0.5780995275329066,0.5089797194203569,0.6707973337507597,0.3765768929480122,0.25026227509595456,0.3702165909834325,3.9094013967833674,1.9681583294317133
m17_h6_q5_d8_l1,6,5,17,mom12_1+size,8,1,0.7389689529850939,1.81997398334875,1.2960182937747318,0.5652203843939236,0.056218250581916984,0.6485506008387274,0.832896212960038,0.3937813326005316,0.4972851420807234,4.783663988305306,2.595812156367929,1.7983999916844142,0.7477233042103116,0.5740923310892405,0.3789913625615731,0.5991503437629309,0.18672905330615772,0.2657453840355244,0.370166087820054,4.761299599491269,2.409665186650651
m17_h6_q5_d8_l50,6,5,17,mom12_1+size,8,50,0.6342651373505512,0.6619460676681294,0.7487379777264724,0.567601415719942,0.07371319535397047,0.42939510691672517,0.8196032903773368,0.4792822281830217,0.488802605117304,3.7280767197546942,2.0541781924102662,0.5932034449365905,0.6245597254356458,0.5768608108924043,0.48884070491512593,0.6752221872499928,0.40452080609822555,0.27585594420935766,0.3830154978230439,3.957412634225153,2.0205446786060506
m18_h6_q5_d2_l1,6,5,18,mom3+size,2,1,0.6252467562820248,0.9231724002257683,0.9057029801875817,0.5837742126442731,0.050054501425705264,0.6004536075193955,0.7930322934281175,0.36302566141779913,0.5496594418353994,5.085759251796352,2.4988534626744126,0.951243682176265,0.71184917492504,0.5740279423529767,0.11905325838343704,0.6269917871038065,0.04767537694634728,0.19794387777845113,0.2524547148444739,4.205244936718641,2.0543190646873395
m18_h6_q5_d2_l50,6,5,18,mom3+size,2,50,0.618006314372962,0.8860123377382596,0.8818200496338676,0.5706093960263443,0.06234835527284579,0.37005875546098527,0.6506764410751411,0.4785170484288471,0.5882565847791619,5.0503274118625985,2.570272145405477,0.8757946141529188,0.38245474868326107,0.5627059024423379,0.052011951279808066,0.5501983960332534,-0.12398496736540383,0.2131437105528604,0.2641587675616641,4.378254228959944,2.212773158824685
m18_h6_q5_d4_l1,6,5,18,mom3+size,4,1,0.6455025053698049,0.9744565033395027,0.9510189179952854,0.5845951498693132,0.05198433696126958,0.7283344256573345,0.8358108020533292,0.33751774439629045,0.5770509086890604,4.422082561992744,2.347845067822904,1.077068203834116,0.8107388649075419,0.5720042963561164,0.0014081616098638703,0.5433518305090632,-0.17289864020354867,0.2831698189949876,0.2611438529692045,4.022985659958216,1.991888331540073
m18_h6_q5_d4_l50,6,5,18,mom3+size,4,50,0.6265702029203974,0.8292152023571309,0.8265062424542332,0.5697050610410952,0.06368112350296556,0.3768486669441651,0.6651263320325009,0.5131748527251816,0.5864883029528709,4.833999016567135,2.515241819951776,0.7669029843889441,0.40956474783982827,0.5626827885370125,0.2303013012483399,0.5589363219881319,-0.10256288286066043,0.2413781921517757,0.2571675955022412,4.330561752108655,2.315008068846669
m18_h6_q5_d8_l1,6,5,18,mom3+size,8,1,0.7301319241369494,1.8194222935811901,1.1277254974324198,0.5664966228456083,0.03955865797954891,0.4741523681005107,0.6414477430302632,0.42329507895908114,0.6298100713401973,4.914771896696052,2.6845222669344366,1.583026651033828,0.38899126734081224,0.5523593636789035,0.17027874015822334,0.5203128482783692,-0.21848679810079416,0.3387905084606513,0.27375557211205626,4.376340813488243,2.0558587231961614
m18_h6_q5_d8_l50,6,5,18,mom3+size,8,50,0.6302672003584183,0.7738100978422818,0.7923157410806039,0.5690859969398582,0.06319323156202844,0.42590052201284884,0.6850313243966827,0.49483834561356277,0.5483445622566658,4.825597377029538,2.528275726105528,0.7052032498421913,0.4410715098285468,0.5631743128094433,0.11809283566849547,0.5261381269829936,-0.14096307763754126,0.35888384387122263,0.23727047995301376,4.4882473366201205,2.4135799339299915
m19_h6_q5_d2_l1,6,5,19,mom12_1+mom3+size,2,1,0.630427425146214,0.5395334027334855,0.74147642033511,0.5834005906785362,0.048674382763456314,0.32550349611232954,0.624232855180301,0.5105956539874332,0.658315451497018,4.54279424633761,2.244141662535865,0.6452590710836563,0.4422190244721226,0.574507673816568,0.13698582908636464,0.5197868992826731,-0.06756623349025545,0.37539789915201816,0.2729469945351688,4.23484378934781,2.0366322591069483
m19_h6_q5_d2_l50,6,5,19,mom12_1+mom3+size,2,50,0.6192127008824595,0.4268831086244676,0.6255159276633329,0.567084551783034,0.06742565442833609,0.12256894765980805,0.4913004219537107,0.506416506075962,0.5745607408968396,4.654057609977076,2.311588439531849,0.4150182847860049,0.10441904891828963,0.5723182209274242,-0.08049865968486175,0.39637680926747065,-0.22763037965814312,0.383852774376196,0.395721613726852,4.266569113694991,2.1628026103874314
m19_h6_q5_d4_l1,6,5,19,mom12_1+mom3+size,4,1,0.6593392552145333,0.9639834482678007,0.9008707986578429,0.5874895070454428,0.0565786381446386,0.4627764539546761,0.710641971343934,0.41162408738384026,0.5604244701735073,4.332054840228401,2.1758171985953894,1.021205027777135,0.5278043151118592,0.5759287072817292,0.2085352409661329,0.517256672275042,-0.1261750700640545,0.2453601812372651,0.27631457876431686,4.09877577475012,2.010326859744448
m19_h6_q5_d4_l50,6,5,19,mom12_1+mom3+size,4,50,0.6312637277767713,0.6958100619585507,0.7483938298635343,0.5693466023044873,0.07032231167049287,0.2547054237242062,0.587135362995426,0.5562292190146477,0.5847187477568685,4.4156820111453365,2.355170728260212,0.6351886574132274,0.28663091097395715,0.5706167544680594,-0.046611638613450086,0.4289030626801795,-0.25444277136643845,0.42750972430066037,0.3813170234142613,4.141573740630176,2.063288787710782
m19_h6_q5_d8_l1,6,5,19,mom12_1+mom3+size,8,1,0.7657154739338026,1.6102381465542908,1.2337814593785104,0.5780685927876404,0.054753483501416046,0.43511507630090557,0.672680065753081,0.35349661273916244,0.5349169663130289,4.626522701682251,2.3701736877294466,1.6224754084490882,0.4564038360290234,0.5586180431862094,0.11348635735050593,0.5920553599658245,0.060250367121736495,0.33304921718989444,0.3256376604308282,4.403623312723205,2.149754222824865
m19_h6_q5_d8_l50,6,5,19,mom12_1+mom3+size,8,50,0.6365056560866414,0.625832653731514,0.8124383264129422,0.5683949580443559,0.07220035529084835,0.15545280578212664,0.5341132278590673,0.6067561551714139,0.6198413616180072,4.509073047060498,2.3245343293535883,0.7252047647952959,0.1855465658737084,0.5719156144336432,-0.017058653040242327,0.3398719800222848,-0.42224204118344544,0.3820424573264166,0.4835556938350304,3.926954620913583,1.9718657973701261
m20_h6_q5_d2_l1,6,5,20,rev1+size,2,1,0.620702740864862,0.5732660411133459,0.7430623526660884,0.5786276105015269,0.05708138537486542,0.5100053692874086,0.7601907279252863,0.349149504382124,0.5075879780557864,4.483709797742829,2.2508154167300023,0.6076920016973483,0.5803866752500177,0.5844294356056032,-0.294706141624402,0.4492356897256183,-0.342570158084796,0.3695997259330257,0.30891371816730173,4.571391466451912,2.329600147032064
m20_h6_q5_d2_l50,6,5,20,rev1+size,2,50,0.6150176419116505,0.7173373875401635,0.8109840115523426,0.5657087414600693,0.06844934176821776,0.33726380322530447,0.6218650734910071,0.29595318457638253,0.5136762322619168,4.3692623083051005,2.27628645752028,0.7854382963697167,0.2950031364222129,0.5724059594251902,-0.10442007345751392,0.4560223361597157,-0.18728246063138385,0.33991202218451466,0.31889371339199823,4.701016241815509,2.625635874374513
m20_h6_q5_d4_l1,6,5,20,rev1+size,4,1,0.6417041164730086,1.0408272597578383,0.9437220360025377,0.5801464606192743,0.057643553013230556,0.6477483050965939,0.7750777619789997,0.27362003828891523,0.4913249446152116,4.329174053866389,2.1785967033444336,1.0299588314411587,0.6437264295921626,0.5804451172110856,-0.2633507329173518,0.334542981815511,-0.48944030800869065,0.37395270020861415,0.40649783918775073,4.288999812418747,2.2506944861924243
m20_h6_q5_d4_l50,6,5,20,rev1+size,4,50,0.6249830171833756,0.7894431170668601,0.8498617348693819,0.5665520191760262,0.06762445380156522,0.36909428253155063,0.6330081797772875,0.3179365817761052,0.5290393567265059,4.303041662061478,2.3994729971882887,0.7740108084307556,0.30968535803436603,0.5726908736867529,-0.1078391766441478,0.4443812513475974,-0.292658380279412,0.3432239519607757,0.3505720185011544,4.43797123388579,2.451010335156939
m20_h6_q5_d8_l1,6,5,20,rev1+size,8,1,0.7211074777767713,1.8987866986501352,1.3100841936989653,0.5724218062600279,0.051286827858814554,0.6519062227855832,0.6090942209343678,0.17400317312188684,0.5175784918016636,4.554062295879205,2.231756179901748,1.8973546158841175,0.2616966977642292,0.5647663420027774,0.1031434776523153,0.5219669699938958,-0.09134978894136253,0.3162066318143588,0.39972256649304705,4.696469953833141,2.3379863995806236
m20_h6_q5_d8_l50,6,5,20,rev1+size,8,50,0.6301114234511671,0.7497395304191653,0.7972232031643729,0.56613573799234,0.06467820577273882,0.2762935934001883,0.6260226275931192,0.3808474669339371,0.5335828181319704,4.315671211796535,2.4005587199710967,0.6482829149790185,0.25385232801479646,0.5724540740852554,0.06521968022505983,0.5255068861932484,-0.13645558120828766,0.29746284086943,0.2837596344951093,4.547021536826063,2.560343205155415
m21_h6_q5_d2_l1,6,5,21,mom12_1+rev1+size,2,1,0.6327625624320687,0.5407621336401816,0.6900494593751231,0.5845678560568811,0.060412490163280895,0.25368120718087406,0.6054629201983668,0.4917871305969329,0.6608125974585173,4.536506942729598,2.1911970384895993,0.5813767296573801,0.4112434985146509,0.5831742090327254,-0.01025791184959454,0.4264433965057911,-0.18558144213333552,0.37057666114367893,0.3776221697497658,4.100733640951715,2.0816562756499817
m21_h6_q5_d2_l50,6,5,21,mom12_1+rev1+size,2,50,0.6233389187930232,0.45469247394940404,0.6535215763370162,0.5723978483580042,0.07894717735908686,0.12792168997428122,0.5269349336627677,0.5402523766624014,0.6369749503068205,4.420148950305619,2.2715563118393742,0.49250024705158274,0.22718647690528834,0.5778264060801837,-0.05554997921254175,0.36958639934310805,-0.21683254510298017,0.4279202523733797,0.47558654069447037,4.296615683666995,2.336290603424702
m21_h6_q5_d4_l1,6,5,21,mom12_1+rev1+size,4,1,0.6585803861407278,0.838181358598717,0.8843218772138519,0.5878040935057709,0.06080032067137415,0.39179263515208224,0.6996921317393064,0.3803361125811201,0.5614791113669355,4.3580253645220255,2.2893452994474264,0.9397743684339509,0.5744442505512608,0.5829244373415046,0.3101201551600409,0.5448113333406511,0.07183184641571477,0.2932222671948713,0.3340711662835626,4.074007400050407,2.1950475425971976
m21_h6_q5_d4_l50,6,5,21,mom12_1+rev1+size,4,50,0.6353003815472802,0.5256371684980011,0.7208006450602307,0.5731085994513742,0.07493451409888628,0.16381625622290408,0.5682641688414123,0.5447592749437635,0.6043703741929537,3.9885523722737637,2.044631118483809,0.5955340223491888,0.24249999694043986,0.5764539589874411,0.14162175532462343,0.43292606779117854,-0.06012759174492376,0.4029101880691214,0.47580932663540554,4.035770509653683,2.223297860622875
m21_h6_q5_d8_l1,6,5,21,mom12_1+rev1+size,8,1,0.7619274971210083,1.3705149113356412,1.1002403495299946,0.5827933538960199,0.059103309493888805,0.5613797473968871,0.7335863179263923,0.28511215853856386,0.47886112587689666,4.75545403547225,2.4548733340952382,1.4518185592282375,0.5548071505809999,0.5719580685454656,0.35595953667427366,0.5996767233837059,0.15279912143904398,0.28786924794920743,0.31650138629226743,4.360286832834339,2.2512828113796015
m21_h6_q5_d8_l50,6,5,21,mom12_1+rev1+size,8,50,0.6406468350499457,0.6166857622365118,0.7136108368671208,0.5726332827622794,0.07465119909660092,0.08797910694167739,0.5722794547257481,0.5613095799879713,0.5843821301604095,4.128704039770482,2.1167412121709375,0.5813054643762463,0.23223162419162718,0.5748482501358532,0.07716674492711463,0.4088989708631486,-0.12932623350771627,0.4126281572756496,0.4763450809848303,3.955921596038092,1.9391370782518407
m22_h6_q5_d2_l1,6,5,22,mom3+rev1+size,2,1,0.624495165558201,0.6163350887985756,0.7364765267086011,0.5814445341209047,0.04022839570594742,0.4457670316806371,0.6724155393790283,0.46607633299655493,0.6546719536497019,5.39892674428102,2.6694610995656856,0.6759335265586709,0.5339238041525362,0.5651288529465041,-0.37585909765668146,0.4067287406186955,-0.3415405449817363,0.4402392300964326,0.26695887168015464,4.60352219806955,2.452011774565573
m22_h6_q5_d2_l50,6,5,22,mom3+rev1+size,2,50,0.6148389179843177,0.490472035310519,0.6998491769539977,0.567365981315667,0.05532700564712807,0.35186355002552067,0.6274086750316739,0.5432178281392223,0.6343682024115683,5.436038951436046,2.8290436860670383,0.5923897632875389,0.4072445487791952,0.5585619094161333,-0.5428566845992823,0.32266670176798057,-0.5128291047560916,0.5251978387282754,0.39300110661555043,4.767014405281752,2.610299358874389
m22_h6_q5_d4_l1,6,5,22,mom3+rev1+size,4,1,0.6516806114460949,1.1266235188419913,1.0410013199504453,0.5868638722115833,0.05204160274416597,0.5775432449079411,0.8654855813375564,0.30829098512412323,0.5081374864503938,4.788637672334573,2.361237207463623,1.2646755813193216,0.8830767210361131,0.5733458462896994,-0.1562464694221966,0.4398948305457121,-0.24879027948995638,0.28235536802769123,0.34456583955628817,4.206972974438395,2.019732160336779
m22_h6_q5_d4_l50,6,5,22,mom3+rev1+size,4,50,0.6305936141374671,0.6151345854496456,0.7532115579837324,0.5731828992741058,0.0654057889081952,0.38199790283705504,0.7214395366361888,0.4469983448413841,0.5377566680080335,4.892190577301711,2.627028716571681,0.6805541893734104,0.5382140646224459,0.5622308881022824,-0.3284736668076662,0.39460580102474485,-0.3907574447657141,0.3915169000915709,0.3740232041933683,4.592960736250809,2.360996857774275
m22_h6_q5_d8_l1,6,5,22,mom3+rev1+size,8,1,0.7550424813027277,1.9630896663158104,1.2559690673264277,0.5865427150186326,0.05003169564407283,0.873651712114534,0.8599560830197038,0.19749489017279265,0.49828139927437054,5.022557444827611,2.5481263218121546,1.8633024430694962,0.8943467104333571,0.5602895559111218,0.013197700554531422,0.4468112699593936,-0.32439759005126345,0.30950944864215,0.3375542933719353,4.05582317387597,1.9331001655797293
m22_h6_q5_d8_l50,6,5,22,mom3+rev1+size,8,50,0.6360647093835723,0.7372326809906833,0.7766708485120455,0.5729678846850577,0.06679329604660987,0.412997937466103,0.734714917214119,0.4348074227168339,0.5332874602681537,4.839385791414686,2.6289450939230656,0.7096529274504437,0.5499499502416595,0.5627084968602826,-0.3358684927355038,0.3694374952304489,-0.448611646523973,0.405010856343626,0.3692257860618935,4.531189241962771,2.2787259529691752
m23_h6_q5_d2_l1,6,5,23,mom12_1+mom3+rev1+size,2,1,0.6352685387661093,0.5662647346624977,0.712056242411955,0.5868030171186791,0.05863213819140407,0.5041381462573875,0.740341311265061,0.41045242910403046,0.5903987857972344,4.754759237516153,2.4155974638185764,0.6056055653145883,0.6574854060010916,0.5854080028831059,-0.03987140798678393,0.42312637588312324,-0.33393752650806535,0.28073196952507906,0.27631457876431686,3.7590351931138106,1.8145640146597133
m23_h6_q5_d2_l50,6,5,23,mom12_1+mom3+rev1+size,2,50,0.6275740086887325,0.6089282121910183,0.7943752664027607,0.5720885184837741,0.06911565072666001,0.3739671440850521,0.6816806534333713,0.4843434928801357,0.5584815011913431,4.609253981640876,2.402649551004323,0.7339386897948478,0.46614991320450744,0.5731673031638691,0.15471142961197662,0.4638468036893132,-0.23216826415980493,0.2943259816665542,0.30800874276663637,4.393118809736484,2.3101594813186166
m23_h6_q5_d4_l1,6,5,23,mom12_1+mom3+rev1+size,4,1,0.6616920829343719,0.9280990325492964,0.9015998909940559,0.592621956841002,0.06286330077254967,0.6488638785189837,0.8329694891413741,0.37316022002792126,0.5689873993912785,4.519153254709306,2.417346277474908,1.0048906178131656,0.8572215958682674,0.5820385615414805,-0.0894601471987551,0.49322864696067475,-0.1690968364681586,0.26735652319180747,0.27631457876431686,3.8304900609784203,1.9846513671146233
m23_h6_q5_d4_l50,6,5,23,mom12_1+mom3+rev1+size,4,50,0.6390452947893484,0.6843379290844745,0.8117370537003257,0.574521205877025,0.0726523610261873,0.2734359390004739,0.6295814320271236,0.5174287017725989,0.5547441347004618,4.624534469664526,2.5774543874654428,0.8004807466659798,0.3660537932008412,0.5709886996588576,-0.06195707799128406,0.372624867115718,-0.3719054656434234,0.39697191778633456,0.38539205281178124,3.9893714021247266,1.9786612465265119
m23_h6_q5_d8_l1,6,5,23,mom12_1+mom3+rev1+size,8,1,0.774767315194607,1.3083410507222741,1.1054977764921072,0.5912534248680194,0.06102224280989698,0.7460001764323795,0.8192605478549223,0.3588488252622679,0.5334303509169892,4.730050444552642,2.5853641825642395,1.3404920194071535,0.7968269873141349,0.5689494871543292,0.14435972826262525,0.553122258306974,0.005407982215871417,0.3679386439988699,0.3169127045138209,4.191568421708062,2.0480664266157373
m23_h6_q5_d8_l50,6,5,23,mom12_1+mom3+rev1+size,8,50,0.6477813365314943,0.862551991050639,0.8460858134493728,0.5737203852026294,0.07122916497179085,0.30154777189645227,0.6510665834154916,0.5110403117946195,0.5418016602685367,4.628135911104634,2.5207977202748824,0.8411433031363705,0.4017500532979826,0.5702231105089965,-0.039782934663153434,0.39999861626848615,-0.3697730077696652,0.4018222976952094,0.3380774326029682,4.106453219020713,2.069925832406251
m24_h6_q5_d2_l1,6,5,24,vol6+size,2,1,0.6355020524946949,0.5265541709655217,0.607960218759543,0.6005322091247866,0.06936486563933976,0.42768007520264406,0.5751790512728635,0.5281490865575915,0.6881798714336076,2.86822335107194,1.5671706427647283,0.4284876711344372,0.36660076269705194,0.6178231323964496,0.532675926978304,0.6112847754896101,0.26006028430703926,0.2315543670843243,0.30505061234917263,2.660825663743318,1.3683584860038327
m24_h6_q5_d2_l50,6,5,24,vol6+size,2,50,0.6242543734796335,0.3642243887254403,0.4785384800433225,0.5882288660977693,0.07840165102778704,0.3256349910118261,0.4838197079064424,0.5535459871717339,0.714491985703129,2.8296588237435913,1.594320030896279,0.21078410134029185,0.2123559008606021,0.6088716829187296,0.34664512802323527,0.4975154188729002,0.11084746954421337,0.28054371669408285,0.35228696744689614,2.904775291289668,1.6744739696881146
m24_h6_q5_d4_l1,6,5,24,vol6+size,4,1,0.6587364663125614,0.7298996527203407,0.6503310035560937,0.6003609657238238,0.06012248350369638,0.5010701454256797,0.5844824242427655,0.4320843794221255,0.6670066910296872,3.3389113650235163,1.7803391894460232,0.518436199363419,0.3529460007246046,0.6162141215583867,0.48591011543844304,0.5754672409951661,0.171454641988927,0.22087671816418009,0.30504010271366644,2.9827310337169335,1.6129037469811809
m24_h6_q5_d4_l50,6,5,24,vol6+size,4,50,0.6396181615858392,0.5585937747819187,0.5578604623746716,0.5859320412375136,0.07275556547371474,0.3030397451016007,0.44986079021002645,0.5737772644344257,0.7354560506895045,3.1106744898263705,1.6413206413838493,0.3442644563201703,0.15702947308301698,0.6074367339391378,0.5036127687312516,0.5816208226987506,0.22053748137652204,0.21795896850370522,0.305045964083826,3.089350213270306,1.725714897860021
m24_h6_q5_d8_l1,6,5,24,vol6+size,8,1,0.7477144970174938,1.922689389209837,1.18948819389594,0.5676987636509497,0.04357631926718829,0.31501851724261715,0.5324880680448587,0.38979748202483855,0.6607543406726517,4.1039786411745665,2.235199792544502,1.746127309082533,0.14105112882437779,0.6025755022793141,0.6957552706113546,0.6760067895803948,0.41715260448903324,0.14705197350353494,0.3207670298510088,4.064660698592327,2.293463739731721
m24_h6_q5_d8_l50,6,5,24,vol6+size,8,50,0.6453418762292324,0.5328680974563751,0.5654589046905603,0.5849470378732985,0.07043216138393815,0.3535150259757158,0.4380986773861783,0.5475348521584997,0.7354560506895045,3.0671501789602487,1.646189960819945,0.359868700116671,0.1358795928733677,0.6073751754769956,0.41057785398894514,0.5471226470480889,0.12979379285300613,0.2194927173153377,0.305045964083826,3.2610952561515028,1.8552637852899143
m25_h6_q5_d2_l1,6,5,25,mom12_1+vol6+size,2,1,0.6402428866259511,0.42421322610939666,0.5648121984723141,0.6000910602453289,0.07146012923226398,0.3600090131556098,0.6146120693430589,0.5189279940880986,0.6789772496916118,3.4974178036212997,1.7430941652983745,0.3703685599654998,0.4448907628468595,0.6147390770287405,0.44008242589486324,0.5583651854569571,0.18237971155430657,0.2437623603683564,0.30488190706889295,3.1878437007762117,1.440139990039535
m25_h6_q5_d2_l50,6,5,25,mom12_1+vol6+size,2,50,0.6297616582992598,0.3355351230471089,0.509736735349376,0.5884060737021893,0.08252659419691419,0.2336337085913428,0.5228479857789302,0.5350768319218924,0.6914267503299902,3.4578315486504594,1.8599649829836398,0.2738933647870056,0.2774186258080824,0.6087745101738921,0.37170854036927814,0.4773446696339486,0.07599332279477362,0.3270575933987828,0.35918644962572255,3.281934197850769,1.5920514654691962
m25_h6_q5_d4_l1,6,5,25,mom12_1+vol6+size,4,1,0.6723533493349205,0.6732539507797274,0.7226285069310602,0.6037814869507271,0.06551486936123858,0.2896793791560139,0.5246611154817238,0.561486187988457,0.7205327590562116,3.5665878660898085,1.764887041619237,0.664869074223295,0.25852031739747294,0.6139871675371331,0.36343873327571763,0.5370306874397319,0.11313398141849548,0.29833079138157703,0.3079351409690757,3.032780306567463,1.6992768674147256
m25_h6_q5_d4_l50,6,5,25,mom12_1+vol6+size,4,50,0.6430340327558097,0.41263482167925614,0.511995996796326,0.588421641284095,0.07834379558793048,0.20356018923821584,0.4653051541476651,0.5953095138534938,0.7241945499603064,3.2154839447233265,1.736463061678175,0.27922216092392954,0.1715379371705361,0.6072919182465886,0.31645697198676975,0.47978376004877027,0.06291245736590155,0.24985423621179847,0.32986288981515277,3.2648461112553724,1.6755428026961916
m25_h6_q5_d8_l1,6,5,25,mom12_1+vol6+size,8,1,0.7810301331776306,1.5268749316457906,1.1263009991609665,0.5837055737604162,0.05100448738104731,0.15407912780131625,0.44819555823058016,0.5906584006378315,0.7137366010919832,4.164327126840964,2.3127660107214716,1.5451547789434024,0.06912112288122915,0.6047413695507788,0.2851619183633538,0.5941867521136375,0.22018569690390213,0.33835871423470343,0.29945109367293854,3.7016195027895122,1.9384792083425906
m25_h6_q5_d8_l50,6,5,25,mom12_1+vol6+size,8,50,0.650389007588893,0.5563668518050319,0.5910089922622734,0.5887873783706847,0.07668403566263231,0.2010601713580683,0.44576356960237395,0.6135444821667069,0.7372464384426151,3.3648264715517597,1.819983655823499,0.41487344474170135,0.1405882377175416,0.6060473052016664,0.3538673393228519,0.445359441902115,-0.009991057299744317,0.24148797146509748,0.3406469529661592,3.315508632518474,1.6759721317532308
m26_h6_q5_d2_l1,6,5,26,mom3+vol6+size,2,1,0.637761373634905,0.5222055853858428,0.6706949363895858,0.5996268632575953,0.060310884917372784,0.4088248527189466,0.6643223258544645,0.516861621888782,0.6712249874927918,4.203930486092497,1.924127102688893,0.5630176352009493,0.5408518542667453,0.6041835696926701,0.42272035755199566,0.6184050012085084,0.32788983108408504,0.2997963961604281,0.3070870901329601,3.722861143947152,1.681031438684609
m26_h6_q5_d2_l50,6,5,26,mom3+vol6+size,2,50,0.6270174170915067,0.4521061622610557,0.6167129844103426,0.5881845894687128,0.07435504686478767,0.42906286516425507,0.6574162318178073,0.5257679768567928,0.6838747313595439,4.264537476320619,2.1679595599477595,0.47570072594686286,0.5545846788961051,0.5963519653423499,0.20744393597813454,0.47667997743022616,0.07998294887478384,0.3182152199477689,0.3946311251216412,3.6645280750692577,1.8155129262123817
m26_h6_q5_d4_l1,6,5,26,mom3+vol6+size,4,1,0.6690715211104498,0.813642490522631,0.7611796116715774,0.6054588433569692,0.06014402692832475,0.4940632295410919,0.6705287867329851,0.49624685568625304,0.6408218911351429,4.071754605231056,2.0016453820747206,0.7362466490048484,0.5456626268723336,0.6071631407740612,0.2205778226538704,0.5470446940535272,0.14409723792518003,0.2745343690248352,0.32279255550017427,3.195056208565149,1.6001136314535231
m26_h6_q5_d4_l50,6,5,26,mom3+vol6+size,4,50,0.6411775480694581,0.5721808230673358,0.6594905751519815,0.5913225691928471,0.07316211219860488,0.5033431049559254,0.6591664924603013,0.48641843877262325,0.6645783384143746,4.222444802666778,2.3032285227498197,0.5486959905111326,0.5380773447717272,0.5985829289186089,0.3154902440072494,0.454017429239807,0.013302222390276739,0.29746760587131815,0.3897050463906626,3.2144694032745402,1.7996245069686372
m26_h6_q5_d8_l1,6,5,26,mom3+vol6+size,8,1,0.7743714538261477,1.3483354379073027,1.0383960131896643,0.5952183060206511,0.0480478530871268,0.678359078143084,0.7392027524003814,0.42328512123639594,0.6756088090110688,4.646308261186288,2.423542010730156,1.276914012088823,0.6471756051769919,0.5872549926035503,0.1585680042619472,0.4812731264183611,-0.11041919184163307,0.24414091486528966,0.31331577152529433,4.072073446278592,2.1663638191068335
m26_h6_q5_d8_l50,6,5,26,mom3+vol6+size,8,50,0.6469380588155376,0.6746213362751646,0.6678271194988356,0.5908035824038611,0.07237629220518228,0.49755950491033635,0.649167523077607,0.5069311719381712,0.6818738553845609,4.029317843166888,2.228544723218834,0.5640051968480766,0.5209032043700945,0.596196771978022,0.3920883947160588,0.5321608182440141,0.15625486762464338,0.2700900071724711,0.3907174992115662,3.7847770208790052,1.9725032898132802
m27_h6_q5_d2_l1,6,5,27,mom12_1+mom3+vol6+size,2,1,0.6446404252497283,0.576782584832661,0.6633497458950549,0.6032578501048083,0.06694173183630754,0.36532006755491414,0.6163337142903538,0.5135233154931,0.67094857524336,3.6035126344472714,1.7888213231850898,0.5499857039044231,0.43762067643648367,0.6094346716127279,0.4175117417648096,0.5747155839169702,0.23401544422987347,0.2715518383804122,0.3070883287333598,3.299742293086376,1.5749370606183917
m27_h6_q5_d2_l50,6,5,27,mom12_1+mom3+vol6+size,2,50,0.633730886244242,0.48934406763948785,0.6083550251048853,0.5894807422946535,0.07698616487687018,0.387070577657939,0.5896752695150834,0.48340859815900483,0.6558498588070782,3.756809225500721,1.9655016702149222,0.45565529527501536,0.40301077016526,0.5991334172352373,0.11502581886799518,0.4452540145351996,-0.011956915007339,0.31240205208923466,0.341618728104782,3.2558507999033983,1.6567955537021877
m27_h6_q5_d4_l1,6,5,27,mom12_1+mom3+vol6+size,4,1,0.6758450366505357,0.6815050253306856,0.7715175633739114,0.6075923096954091,0.06312052914418405,0.3885691016079076,0.5629574440812978,0.5752208056292201,0.7353248195226094,3.592389411935328,1.9373522260268328,0.7614862192286314,0.3656145286265773,0.6073515898593165,0.5278952036945596,0.6682062901569364,0.41259200474798224,0.22344387570032387,0.3032204019173227,3.454456384248969,1.7009771442682264
m27_h6_q5_d4_l50,6,5,27,mom12_1+mom3+vol6+size,4,50,0.6480052468816313,0.5432134023630681,0.6488008658487597,0.5886996338181254,0.07514561634465705,0.3921944910915695,0.599037543812708,0.46127109035534175,0.644651620145008,3.809612615364433,2.0567767264167935,0.5285329349798783,0.41419451001444224,0.5981086221470836,0.3514090408059455,0.5209037074991789,0.14196517948933046,0.2421759109158239,0.36709639872397726,3.411163649064263,1.8645724298753457
m27_h6_q5_d8_l1,6,5,27,mom12_1+mom3+vol6+size,8,1,0.7911500722982765,1.4527963463423228,1.1572882134050193,0.6015672511451271,0.04983158932794309,0.6169726560566169,0.7120658250724515,0.45351702693707685,0.6909668382219252,4.553808359930528,2.441702049955967,1.563952749846175,0.602401032144365,0.5863257192669967,0.4750718391545516,0.6676684659963535,0.37950038825700055,0.24128869277182174,0.30491654296304715,3.717546161153206,1.9704710771684715
m27_h6_q5_d8_l50,6,5,27,mom12_1+mom3+vol6+size,8,50,0.6554205713666477,0.6581752157734692,0.6506495409319071,0.587376389356141,0.07493821449254681,0.3691781013117678,0.5551455516477053,0.5221802037211475,0.6776296345639905,3.8659223377719436,2.153204603744372,0.5337190485831369,0.3349535234559274,0.5980171099504891,0.33432985802173076,0.5135924714785158,0.12606313359160917,0.24710297227793543,0.3623426190831496,3.3191194623076212,1.7728063343925844
m28_h6_q5_d2_l1,6,5,28,rev1+vol6+size,2,1,0.6385296439107706,0.5668402154240796,0.6179323959076816,0.5979437448242845,0.06946998993873044,0.36325605705909886,0.5804570579126821,0.5862977715458554,0.697101499288568,3.4929601119819154,1.786428767797801,0.46409541390087805,0.3961273750928295,0.6137892842048062,0.3313920829990485,0.5263961286092477,0.13371218568550358,0.27574416333664664,0.3504957209330333,2.901388561810982,1.4209215494869012
m28_h6_q5_d2_l50,6,5,28,rev1+vol6+size,2,50,0.6274182317814813,0.43548296435873424,0.5399461398849529,0.5895540312354433,0.08151361566604157,0.325864583906706,0.5797637782951803,0.547690404058625,0.6944812141546024,3.4850437639228,1.9815723831517735,0.3217200644574224,0.3985381766464712,0.6065258573843739,0.33747786119004003,0.4885654150213365,0.08855144278018379,0.26046236000686296,0.39403136212495493,3.19474297627373,1.6892600595545435
m28_h6_q5_d4_l1,6,5,28,rev1+vol6+size,4,1,0.6639645455398271,0.6977665884613742,0.6933542312704772,0.6041334760429067,0.06660814767037411,0.521992819941103,0.6138931702391922,0.5198876601113472,0.6976607603805831,3.750618547790516,2.0253227677900845,0.6057318345956489,0.4544657038200737,0.6110547676911001,0.5073536687257871,0.6282518204010057,0.3185067475365002,0.16780450479724218,0.3174174217468766,3.3592474242378163,1.7549605514171578
m28_h6_q5_d4_l50,6,5,28,rev1+vol6+size,4,50,0.6393369342295948,0.47738553553752056,0.5319426667509339,0.58961205585891,0.0777995971440087,0.45555371186834104,0.5934628899633512,0.5401309723052593,0.6850247454221677,3.376258200533903,1.9682616352911921,0.3172506867450115,0.42224230044523076,0.6053918608863664,0.2666208388180987,0.45802388743863176,0.024176148840358146,0.3450923276930654,0.39403136212495493,3.2508586362742906,1.7079618178178446
m28_h6_q5_d8_l1,6,5,28,rev1+vol6+size,8,1,0.760861724289633,1.421025690678829,1.000775742490411,0.6039345344767352,0.057809439047868984,0.6469643628165932,0.6512246880462563,0.4605633862173656,0.6901635625963048,4.215201831262664,2.121006000066968,1.2268372576336684,0.5045190312880796,0.6014077783480256,0.37261458699116506,0.548724967384571,0.1271946051584623,0.24202043550621255,0.3237136195049324,3.746141542012908,1.885392905680181
m28_h6_q5_d8_l50,6,5,28,rev1+vol6+size,8,50,0.6450109134814451,0.49955649507171324,0.5306723603033044,0.5893729822796439,0.0762532823729303,0.39805630165088113,0.5821293213011498,0.5379497068605765,0.6849718946933604,3.2303736179761775,1.9677128810556652,0.314208640091637,0.39903193632918466,0.6026747977297428,0.2561956321391402,0.45664175554567404,0.01674569825788718,0.31290893756314586,0.38798931524147817,3.2917860609014054,1.7139142688505034
m29_h6_q5_d2_l1,6,5,29,mom12_1+rev1+vol6+size,2,1,0.642649392176906,0.514678369358496,0.6619407615791245,0.605466121706951,0.07031443979235766,0.4803364637335637,0.6443332539271491,0.5025914762848652,0.6660363597287413,3.303941883735939,1.7829792376689824,0.5378431981768008,0.4935706433737881,0.6152277710270498,0.23486586724598987,0.4933702829593187,0.05971008649697419,0.30414707634767124,0.3671955967378736,2.719135952276901,1.3918196146020425
m29_h6_q5_d2_l50,6,5,29,mom12_1+rev1+vol6+size,2,50,0.6335706614564462,0.3808940942869277,0.557603158646937,0.5903118894273071,0.07962846714940444,0.38212455375795684,0.6010339680819564,0.5287029426151173,0.6789866707005592,3.4430555535267326,1.98273461709596,0.3553894093343466,0.42967992138486605,0.6035783627430262,0.19046505557863222,0.4584377246981757,0.026908867127885577,0.4117324497172926,0.3934179150662064,3.108256546413761,1.594854216677898
m29_h6_q5_d4_l1,6,5,29,mom12_1+rev1+vol6+size,4,1,0.6724802150186326,0.7521679717288765,0.7652441009535125,0.6082732397714922,0.0674950758849535,0.3817285038211372,0.569390919815517,0.5481105336421198,0.6968094697454459,3.5282929312688007,1.905561869726909,0.7452459364162555,0.37454049781059373,0.6092549492060138,0.29504525866355197,0.48052502065534103,-0.027754371592615054,0.2860534251363033,0.3033733421065903,3.2090637576345893,1.669234699208186
m29_h6_q5_d4_l50,6,5,29,mom12_1+rev1+vol6+size,4,50,0.6481143210431654,0.5349891864314097,0.6014994581723921,0.5898489054979038,0.08000466915865376,0.3317268673585195,0.5385436512163796,0.5248941311104726,0.6855251713708179,3.5705867629070256,1.9334907212965895,0.4414713335907254,0.3136469545671313,0.6016665125739644,0.24814747130638184,0.43283931761320843,-0.016064780140184476,0.39005764904561147,0.410458782982827,3.2262087956257437,1.6814596321654152
m29_h6_q5_d8_l1,6,5,29,mom12_1+rev1+vol6+size,8,1,0.7875802438085503,1.4924096741497543,1.1664527463091365,0.5958919577467523,0.06238783099119639,0.3577733235049353,0.6003781901825151,0.5144522153981061,0.6960976986882028,4.401993701046595,2.2666450140030254,1.5123748778938468,0.39970518210723754,0.5950597093497162,0.26023701839898034,0.48177430720616143,-0.005713322327902667,0.3448223239379379,0.3027451373420962,3.858788826919114,1.9453533662698677
m29_h6_q5_d8_l50,6,5,29,mom12_1+rev1+vol6+size,8,50,0.6566825563829511,0.5029694758928283,0.5971789774019145,0.5887662509380984,0.08001783022179812,0.3687839561357556,0.5560725033388453,0.5209129798561796,0.6855251713708179,3.606992475895257,2.044841819360102,0.4202349040101587,0.3512389712774085,0.5988218512256973,0.09885818234635732,0.3873587960188485,-0.0990880473477237,0.44699532386054,0.4493560318539458,3.373840504326103,1.7569767867000725
m30_h6_q5_d2_l1,6,5,30,mom3+rev1+vol6+size,2,1,0.6425742836486208,0.4580203549643361,0.640564549425334,0.605698826729983,0.0647314462933684,0.4993251675994119,0.6794586801837238,0.47748813833281567,0.6653903659990072,3.8772559973881946,1.9207789113842528,0.5109833315920982,0.5627594706022294,0.6068775189439681,0.12891065437809132,0.4787332293458618,-0.0009456584340673022,0.2877694581251474,0.3188916518887369,3.6001803802448675,1.5604323167834642
m30_h6_q5_d2_l50,6,5,30,mom3+rev1+vol6+size,2,50,0.634238753331867,0.40867685653791797,0.5908369116927495,0.5909093206549869,0.0761533410378585,0.4161280741004775,0.6018258933168381,0.5328286208037961,0.6896270539240013,3.804547875966977,2.032660330942536,0.42639675917645425,0.4537557695419637,0.5970232120214949,0.04728153460548709,0.3875268970237886,-0.15841120475351375,0.3578947982509809,0.4016977963304299,3.664110773018761,1.8738837225052176
m30_h6_q5_d4_l1,6,5,30,mom3+rev1+vol6+size,4,1,0.669712723526215,0.7720497860044341,0.8007699118596503,0.6099543364409192,0.06206699931583893,0.563672760401829,0.6931724302228702,0.5231329575969159,0.694270231105826,3.926099253973149,2.07289765374482,0.8046375509353769,0.6094242940319388,0.6058437613210965,0.3478939626232173,0.6191141864825174,0.26408042171255636,0.23913281202815417,0.2847378601122077,3.3450093439863267,1.6261577178489592
m30_h6_q5_d4_l50,6,5,30,mom3+rev1+vol6+size,4,50,0.6467980516665803,0.569532028108237,0.6469503466491769,0.5904125732687231,0.07557219004400466,0.4714102136571671,0.6062004673693059,0.4917035532865528,0.6724477448208073,3.928270073231672,2.1036806464727724,0.5340068360747275,0.4503574374920185,0.5959988886456951,0.15493362338470595,0.38608937990050346,-0.14753679755324278,0.40491792316539066,0.4586075461716763,3.5575771221305232,1.9059380692216523
m30_h6_q5_d8_l1,6,5,30,mom3+rev1+vol6+size,8,1,0.7772942167848456,1.5179415650140937,1.1544264326026872,0.6050308359427566,0.057796233200746075,0.5557020758909635,0.6812553576147591,0.48139030526696114,0.7091073461689686,4.540287969750288,2.3205946138278803,1.5846767391000591,0.5780508726320763,0.5861745354576742,0.105233777218242,0.4898859248108271,-0.05704586279949345,0.31851034455979677,0.3836140791809459,3.912333053043311,1.954052574895999
m30_h6_q5_d8_l50,6,5,30,mom3+rev1+vol6+size,8,50,0.6548127280549662,0.6909441464402358,0.6790927781137014,0.5908238000426996,0.0752661891400923,0.46547958125847133,0.5981949918480455,0.49867920348246475,0.6747298607668628,3.843298983728257,2.059069418862681,0.5862373683895215,0.4360700441495255,0.59531514158918,0.15788338544741032,0.3808738148028851,-0.1705552406227304,0.39617422728657814,0.4394353077997152,3.639637876757301,1.933345662134565
m31_h6_q5_d2_l1,6,5,31,mom12_1+mom3+rev1+vol6+size,2,1,0.6437475132304229,0.5262605363858333,0.6569156786346705,0.6031745534327934,0.06852079485006204,0.4494290288570484,0.6745341734219392,0.5016075962840552,0.6660363597287412,3.874875714331177,1.9588956641541178,0.5358190804974954,0.5532043414836417,0.6093405649981887,0.13174024060596937,0.42002149479300566,-0.10822940699771619,0.32596802331021557,0.38520333081598623,3.186205619025781,1.4844190704745563
m31_h6_q5_d2_l50,6,5,31,mom12_1+mom3+rev1+vol6+size,2,50,0.6350842549880958,0.4227813201215181,0.6150741744187133,0.5899586872767972,0.0778445549022647,0.39809535815394737,0.6138996381764827,0.5185645654831155,0.6860995662596153,3.7547229314459636,2.0432353030315276,0.4656293106786594,0.4620847632363903,0.599540740852554,0.06542376945499222,0.3817968595917395,-0.14741082468431962,0.38190907159656684,0.4235471888386023,3.3245274455185134,1.6610547004505192
m31_h6_q5_d4_l1,6,5,31,mom12_1+mom3+rev1+vol6+size,4,1,0.6755560255033384,0.679197839694506,0.7607916487260725,0.6050348794705243,0.06714509105181526,0.4597649770163498,0.6678987860034057,0.5407266492784646,0.6922826124278889,3.924293181749005,2.006978767440159,0.7425171562292379,0.5603802596039151,0.6031224527532907,0.4020948232171504,0.5334872998729435,0.14180352206958174,0.29985215970548684,0.3890302194089489,3.2594745637029297,1.6358408937404951
m31_h6_q5_d4_l50,6,5,31,mom12_1+mom3+rev1+vol6+size,4,50,0.648466815576316,0.631163230786935,0.6714127068923766,0.5897822883779308,0.07683811798865937,0.36577089951193936,0.6020212708226563,0.5436010026179827,0.6995002130841372,4.095428809999235,2.2787037430280357,0.5628305121453203,0.4379279861973334,0.5978437556605483,0.2054265430994362,0.44762450448361957,0.0008180118885624444,0.39118268803773903,0.4501079055596201,3.4298227364332563,1.8529189364675183
m31_h6_q5_d8_l1,6,5,31,mom12_1+mom3+rev1+vol6+size,8,1,0.7891047548651725,1.3682679119969994,1.0754905160928507,0.6048515054862584,0.060469318577335646,0.5346355961668094,0.6891448830655362,0.4091999470796047,0.667600182006882,4.3030489048955545,2.338257372611825,1.3683902950685825,0.5828876713436335,0.5901489478927666,0.21929148463799564,0.6172702492175083,0.21103565010243838,0.36697933373786595,0.29928680400297025,4.160435548113716,2.1597310488965666
m31_h6_q5_d8_l50,6,5,31,mom12_1+mom3+rev1+vol6+size,8,50,0.657576782548781,0.564972838137661,0.6512673069767126,0.5896369235546814,0.07597621078890028,0.39656453561334937,0.5993401837976057,0.5403523141184748,0.6995002130841372,3.8661091424193312,2.2336167926452757,0.5342165374349899,0.4340820848876189,0.5950097078402367,0.23136986113766636,0.47795304261394544,0.0669759655496511,0.4152132378506427,0.4420999012623532,3.560454974841715,1.9288503704229112
