rep,id,h,q,auc_val,sharpe_val_ls,sharpe_val_lo
0,m01_h1_q3_d2_l1,1,3,0.5009496676163343,0.2119833238111071,0.7040980060416042
0,m01_h1_q3_d2_l50,1,3,0.5009496676163343,0.2119833238111071,0.7040980060416042
0,m01_h1_q3_d4_l1,1,3,0.5060145615701171,0.07489457736439625,0.6711205937762492
0,m01_h1_q3_d4_l50,1,3,0.5060145615701171,0.07489457736439625,0.6711205937762492
0,m01_h1_q3_d8_l1,1,3,0.5058266065210509,0.05794667430174919,0.7272700149641684
0,m01_h1_q3_d8_l50,1,3,0.5058562836340614,0.05794667430174919,0.7272700149641684
0,m02_h1_q3_d2_l1,1,3,0.49911298406668775,0.11074163081820773,0.6392379535341512
0,m02_h1_q3_d2_l50,1,3,0.49911298406668775,0.11074163081820773,0.6392379535341512
0,m02_h1_q3_d4_l1,1,3,0.4952648517463332,0.02814643801868609,0.6321182994537254
0,m02_h1_q3_d4_l50,1,3,0.4952516619183286,0.02814643801868609,0.6321182994537254
0,m02_h1_q3_d8_l1,1,3,0.48523728500580354,-0.08686792516269871,0.5229698177892305
0,m02_h1_q3_d8_l50,1,3,0.48527355703281627,-0.08686792516269871,0.5229698177892305
0,m03_h1_q3_d2_l1,1,3,0.5007948245313214,0.31027312067530605,0.6237492943943804
0,m03_h1_q3_d2_l50,1,3,0.5007766885178151,0.4069747799367705,0.6828095557012598
0,m03_h1_q3_d4_l1,1,3,0.49886285821374554,0.07234957254356995,0.6111109756611295
0,m03_h1_q3_d4_l50,1,3,0.49831795344430374,0.24419578191759453,0.6400357108649776
0,m03_h1_q3_d8_l1,1,3,0.4906734863573212,-0.7535323125330342,0.4440628329527751
0,m03_h1_q3_d8_l50,1,3,0.4942178404514439,-0.3376475366096276,0.5872336794304819
0,m04_h1_q3_d2_l1,1,3,0.4978484093067426,-0.08938610607562865,0.5728243453448512
0,m04_h1_q3_d2_l50,1,3,0.4978484093067426,-0.08938610607562865,0.5728243453448512
0,m04_h1_q3_d4_l1,1,3,0.49126833386092644,-0.13534006833947768,0.4838610883537978
0,m04_h1_q3_d4_l50,1,3,0.4912551440329218,-0.13534006833947768,0.4838610883537978
0,m04_h1_q3_d8_l1,1,3,0.4875356125356125,-0.032572515248270685,0.5151538087459892
0,m04_h1_q3_d8_l50,1,3,0.487525720164609,-0.032572515248270685,0.5151538087459892
0,m05_h1_q3_d2_l1,1,3,0.5058982575138053,0.3784186103090303,0.6912730869142802
0,m05_h1_q3_d2_l50,1,3,0.5058106001151912,0.3682642530070252,0.6793651732760124
0,m05_h1_q3_d4_l1,1,3,0.5097841731956315,0.2619435734656644,0.7383318279970345
0,m05_h1_q3_d4_l50,1,3,0.5102495955119412,0.3750625839243126,0.7659748272024771
0,m05_h1_q3_d8_l1,1,3,0.502132012042313,0.26213731218656294,0.7057179571896982
0,m05_h1_q3_d8_l50,1,3,0.5120768675697303,0.5079749636810703,0.8379034727092008
0,m06_h1_q3_d2_l1,1,3,0.5039175163114207,0.35038307019471776,0.6757985901745868
0,m06_h1_q3_d2_l50,1,3,0.5049628788778094,0.3549196154925342,0.667701938915188
0,m06_h1_q3_d4_l1,1,3,0.49971923527575535,0.11305752506774144,0.6162598991784711
0,m06_h1_q3_d4_l50,1,3,0.5027546818393654,0.11219841075546842,0.6033001110902202
0,m06_h1_q3_d8_l1,1,3,0.49951177027276567,-0.11501490456308405,0.553550747149902
0,m06_h1_q3_d8_l50,1,3,0.4981752010349619,0.03594861791149886,0.6386029419750788
0,m07_h1_q3_d2_l1,1,3,0.5057221183523266,0.44389825205995265,0.6537647867259642
0,m07_h1_q3_d2_l50,1,3,0.5047983495128556,0.2913633030372804,0.5950673841088178
0,m07_h1_q3_d4_l1,1,3,0.5055380790334494,0.19314121454963434,0.6978390843225167
0,m07_h1_q3_d4_l50,1,3,0.5061885024269284,0.19495843573408433,0.6283316090720723
0,m07_h1_q3_d8_l1,1,3,0.504255780442123,0.08604809227543683,0.6779365775823121
0,m07_h1_q3_d8_l50,1,3,0.5046114936161232,0.08146693506181549,0.6404219498133884
0,m08_h1_q3_d2_l1,1,3,0.49759780257465447,0.04859413493440553,0.6230230126036155
0,m08_h1_q3_d2_l50,1,3,0.49759780257465447,0.04859413493440553,0.6230230126036155
0,m08_h1_q3_d4_l1,1,3,0.4950637068692624,-0.19443621375663722,0.511478169710661
0,m08_h1_q3_d4_l50,1,3,0.4950637068692624,-0.19443621375663722,0.511478169710661
0,m08_h1_q3_d8_l1,1,3,0.49174976258309594,-0.5909638166534865,0.4141242270549822
0,m08_h1_q3_d8_l50,1,3,0.49174976258309594,-0.5909638166534865,0.4141242270549822
0,m09_h1_q3_d2_l1,1,3,0.4984778114118392,-0.07665194688203292,0.6951502726274637
0,m09_h1_q3_d2_l50,1,3,0.49723879194365306,-0.007895789547901365,0.652601796671023
0,m09_h1_q3_d4_l1,1,3,0.49269544577222046,-0.05931821827575444,0.6992223975294586
0,m09_h1_q3_d4_l50,1,3,0.49143567980373537,0.0034834536768876454,0.6824933431462915
0,m09_h1_q3_d8_l1,1,3,0.5045217753068834,-0.09362929390044142,0.6083557856188312
0,m09_h1_q3_d8_l50,1,3,0.4961807204284056,-0.05812162887912173,0.6648130523830319
0,m10_h1_q3_d2_l1,1,3,0.5011728642371004,0.32811648140596766,0.6694719051664848
0,m10_h1_q3_d2_l50,1,3,0.5018337982747705,0.33290916532630105,0.6853022160260209
0,m10_h1_q3_d4_l1,1,3,0.498889169172734,0.26800568606811787,0.6336285435935938
0,m10_h1_q3_d4_l50,1,3,0.4965777205119412,0.18567805395842296,0.6534214525208247
0,m10_h1_q3_d8_l1,1,3,0.499121090315149,-0.08370126407088817,0.622922694237222
0,m10_h1_q3_d8_l50,1,3,0.49320009408743976,0.11848461321581731,0.6318020067904722
0,m11_h1_q3_d2_l1,1,3,0.505323675631353,0.3958398791316426,0.6474946726606671
0,m11_h1_q3_d2_l50,1,3,0.5020894198893813,0.2736582628181029,0.649901252698163
0,m11_h1_q3_d4_l1,1,3,0.5016659027557947,0.18333019346181018,0.6978618175659855
0,m11_h1_q3_d4_l50,1,3,0.5011130978289544,0.3491183796191678,0.774417695210071
0,m11_h1_q3_d8_l1,1,3,0.49909168799022197,-0.2700901569839469,0.5780681599804567
0,m11_h1_q3_d8_l50,1,3,0.4993745823221132,0.04103807737905699,0.6024581306141886
0,m12_h1_q3_d2_l1,1,3,0.5057831213068481,0.417061025184969,0.7308169715674835
0,m12_h1_q3_d2_l50,1,3,0.506407096347297,0.40445284908201246,0.7716642074499849
0,m12_h1_q3_d4_l1,1,3,0.503307967645352,0.07059962196688635,0.5686405121999285
0,m12_h1_q3_d4_l50,1,3,0.503630019279132,0.014368710887670071,0.49687329620080073
0,m12_h1_q3_d8_l1,1,3,0.5029073266197109,0.04721892886354985,0.5266345251130801
0,m12_h1_q3_d8_l50,1,3,0.503140621702543,0.17112810703709502,0.5929064446371323
0,m13_h1_q3_d2_l1,1,3,0.5064387656739122,0.3531128087409327,0.7303870484776827
0,m13_h1_q3_d2_l50,1,3,0.5049101195657908,0.4005412924438464,0.7416633749680797
0,m13_h1_q3_d4_l1,1,3,0.5088032484348071,0.3248160200723804,0.685227973396304
0,m13_h1_q3_d4_l50,1,3,0.5051465747115824,0.2511795998426485,0.6985936374894848
0,m13_h1_q3_d8_l1,1,3,0.5118733869939502,0.1975406162377861,0.6761569082666643
0,m13_h1_q3_d8_l50,1,3,0.5098012100568042,0.34552630597219186,0.7802418952093482
0,m14_h1_q3_d2_l1,1,3,0.5048606577107735,0.37097521352047896,0.6711513989101987
0,m14_h1_q3_d2_l50,1,3,0.5056887316001899,0.3120921651002354,0.6307815610739428
0,m14_h1_q3_d4_l1,1,3,0.5044253246895993,0.37394357792554905,0.6912238615019886
0,m14_h1_q3_d4_l50,1,3,0.5043790915945623,0.33127324396174723,0.6657098444800472
0,m14_h1_q3_d8_l1,1,3,0.5102035685079667,0.3298774075169751,0.6687129973432866
0,m14_h1_q3_d8_l50,1,3,0.5022191885617812,0.30288121964155407,0.6414303774464468
0,m15_h1_q3_d2_l1,1,3,0.5053099362271816,0.42748781245522566,0.7360410142883549
0,m15_h1_q3_d2_l50,1,3,0.5064040049813584,0.4379907532759108,0.7300715385380729
0,m15_h1_q3_d4_l1,1,3,0.5046848620343991,0.2821426121549125,0.75877299516989
0,m15_h1_q3_d4_l50,1,3,0.5052175387341282,0.28189180722996865,0.7102151405670194
0,m15_h1_q3_d8_l1,1,3,0.5098852265133129,-0.03417890852419745,0.7215707313513878
0,m15_h1_q3_d8_l50,1,3,0.5028583456438395,0.017298150707810486,0.5936848240859145
0,m16_h1_q3_d2_l1,1,3,0.4806966867152052,0.2512481093493253,0.7102404072066196
0,m16_h1_q3_d2_l50,1,3,0.4806966867152052,0.2512481093493253,0.7102404072066196
0,m16_h1_q3_d4_l1,1,3,0.48558681544792653,0.12121189960430633,0.622489322749551
0,m16_h1_q3_d4_l50,1,3,0.48558681544792653,0.12121189960430633,0.622489322749551
0,m16_h1_q3_d8_l1,1,3,0.4946877967711302,0.002356384261384995,0.6238339055413383
0,m16_h1_q3_d8_l50,1,3,0.49469439168513246,0.002356384261384995,0.6238339055413383
0,m17_h1_q3_d2_l1,1,3,0.4865169044133164,0.27683978689469896,0.6639922529940325
0,m17_h1_q3_d2_l50,1,3,0.4859690456719778,0.2328191337661334,0.6519943233589308
0,m17_h1_q3_d4_l1,1,3,0.4903295890709085,0.1775069910422624,0.7143665260761517
0,m17_h1_q3_d4_l50,1,3,0.48409265524427564,0.1766193146758716,0.7195540526485504
0,m17_h1_q3_d8_l1,1,3,0.4862614888897682,-0.31438667396780673,0.5795023778843149
0,m17_h1_q3_d8_l50,1,3,0.4877119577881538,0.005015215919374912,0.6222587543343546
0,m18_h1_q3_d2_l1,1,3,0.4836476359431606,-0.0008940129824379358,0.5156764821609677
0,m18_h1_q3_d2_l50,1,3,0.4858596800147726,0.03351319242500178,0.5391363954145014
0,m18_h1_q3_d4_l1,1,3,0.47766762897453485,-0.013210194835046775,0.5721784536390307
0,m18_h1_q3_d4_l50,1,3,0.4805338060787521,0.01427751569718064,0.5515129269539379
0,m18_h1_q3_d8_l1,1,3,0.4736182143830678,-0.4573336972141322,0.49735653546444925
0,m18_h1_q3_d8_l50,1,3,0.48406428337466145,0.014106668423703955,0.5905255401862414
0,m19_h1_q3_d2_l1,1,3,0.4895271391702719,0.15149490572459787,0.5993609098320207
0,m19_h1_q3_d2_l50,1,3,0.4882833109106257,0.1856806232192954,0.6384088849130883
0,m19_h1_q3_d4_l1,1,3,0.4862218507087334,0.2712591714506583,0.7017060108639442
0,m19_h1_q3_d4_l50,1,3,0.4872492146556576,0.07474499423930175,0.6147158153657923
0,m19_h1_q3_d8_l1,1,3,0.4804677195446871,-0.3418403490775015,0.5679021320843392
0,m19_h1_q3_d8_l50,1,3,0.4850717938825577,0.03282510878703164,0.6905697736479589
0,m20_h1_q3_d2_l1,1,3,0.4939989717429918,-0.037505992867075365,0.6162610295563785
0,m20_h1_q3_d2_l50,1,3,0.4953022229256797,0.012559739529874088,0.6433078671764878
0,m20_h1_q3_d4_l1,1,3,0.48713572717720094,-0.2902014874237037,0.4327667361033887
0,m20_h1_q3_d4_l50,1,3,0.48950817879251524,-0.09049421118644449,0.5449292061750848
0,m20_h1_q3_d8_l1,1,3,0.5014911375347332,0.20638172821231346,0.5631421048100607
0,m20_h1_q3_d8_l50,1,3,0.4950168555010377,0.008370689811204495,0.6374533617625934
0,m21_h1_q3_d2_l1,1,3,0.49685910350937357,0.2699138180358682,0.6431535675039243
0,m21_h1_q3_d2_l50,1,3,0.49652873953606974,0.20997300762950058,0.6501764094611227
0,m21_h1_q3_d4_l1,1,3,0.49950380141834616,0.3033906190825331,0.7492782829983174
0,m21_h1_q3_d4_l50,1,3,0.4960558292444867,0.3092472839954701,0.7274423549091062
0,m21_h1_q3_d8_l1,1,3,0.4965144505557314,0.26091376468887184,0.7069656808199049
0,m21_h1_q3_d8_l50,1,3,0.49656020277162255,0.17878398957745195,0.6721879592029365
0,m22_h1_q3_d2_l1,1,3,0.4923676235886884,0.18804922578675126,0.6351620212743433
0,m22_h1_q3_d2_l50,1,3,0.49373881612500436,0.1100131696030303,0.5762958175956294
0,m22_h1_q3_d4_l1,1,3,0.4837767176453519,-0.1306755516039971,0.5512958003849432
0,m22_h1_q3_d4_l50,1,3,0.4881570457862896,0.07595649714124546,0.5741411721856114
0,m22_h1_q3_d8_l1,1,3,0.4864419559635609,-0.1536207114219314,0.5546736785643643
0,m22_h1_q3_d8_l50,1,3,0.48900037041433647,0.04785344417651867,0.6246667663941797
0,m23_h1_q3_d2_l1,1,3,0.49313806067760546,0.08647268593620284,0.5575460597147734
0,m23_h1_q3_d2_l50,1,3,0.49414639554975204,0.15665787395416228,0.6090129606968046
0,m23_h1_q3_d4_l1,1,3,0.488259060862263,0.153540110824822,0.700061188720216
0,m23_h1_q3_d4_l50,1,3,0.4930193522255637,0.04466646719794684,0.6259601947095919
0,m23_h1_q3_d8_l1,1,3,0.48442425576395487,0.0033929928808145784,0.6020920486833997
0,m23_h1_q3_d8_l50,1,3,0.4916010335329394,0.04866751868630188,0.6357582356724962
0,m24_h1_q3_d2_l1,1,3,0.49213796944796173,0.05617877895939746,0.6209097506649824
0,m24_h1_q3_d2_l50,1,3,0.490994713626851,0.12003466920648882,0.6125970851736868
0,m24_h1_q3_d4_l1,1,3,0.4947351977155218,0.10004894468885706,0.6039454836645681
0,m24_h1_q3_d4_l50,1,3,0.49240664349653546,0.12328592325590833,0.6016945148695257
0,m24_h1_q3_d8_l1,1,3,0.4987677128398579,-0.06515991668429341,0.5144550643146463
0,m24_h1_q3_d8_l50,1,3,0.49594852449790716,-0.17668433693705896,0.44771039523547074
0,m25_h1_q3_d2_l1,1,3,0.48711326325138055,0.20645366659105427,0.6767360791675555
0,m25_h1_q3_d2_l50,1,3,0.4865737855465865,0.2560664783138686,0.7383439435146456
0,m25_h1_q3_d4_l1,1,3,0.48672670511501537,-0.19391767758645412,0.6112745492890893
0,m25_h1_q3_d4_l50,1,3,0.4826521474139144,0.03016872220452214,0.639304427708618
0,m25_h1_q3_d8_l1,1,3,0.4912279400126622,-0.18543657808348832,0.5930180684265293
0,m25_h1_q3_d8_l50,1,3,0.4804059609229362,-0.20994433386091785,0.636671572799451
0,m26_h1_q3_d2_l1,1,3,0.4903468320231438,0.1999434903723439,0.6557207479505114
0,m26_h1_q3_d2_l50,1,3,0.4924803553999155,0.10586379370141047,0.584838186201619
0,m26_h1_q3_d4_l1,1,3,0.4844825795346629,0.09959975360820826,0.5926041727526146
0,m26_h1_q3_d4_l50,1,3,0.4854965475625198,0.12984771276593648,0.5833052195506546
0,m26_h1_q3_d8_l1,1,3,0.4804203872973163,-0.016312786040899946,0.5415708151130915
0,m26_h1_q3_d8_l50,1,3,0.48323339290738987,0.009346070129246065,0.5600266954707888
0,m27_h1_q3_d2_l1,1,3,0.4948087035278393,0.268586967904233,0.6504725994092295
0,m27_h1_q3_d2_l50,1,3,0.49476947752892964,0.22256687225763774,0.6268924648801619
0,m27_h1_q3_d4_l1,1,3,0.48983929843304846,0.1640228938187713,0.6046877305181335
0,m27_h1_q3_d4_l50,1,3,0.48724722244205276,0.07663554108508626,0.617417803285185
0,m27_h1_q3_d8_l1,1,3,0.4818730545003693,-0.2310621925059774,0.6234090583123407
0,m27_h1_q3_d8_l50,1,3,0.48281131841124125,-0.04415968549885675,0.6230311447349729
0,m28_h1_q3_d2_l1,1,3,0.4978799412393163,0.19216080244035116,0.6415895592692428
0,m28_h1_q3_d2_l50,1,3,0.4992669340904295,0.2714124150943167,0.6949784369426368
0,m28_h1_q3_d4_l1,1,3,0.4959500358323661,-0.008347302608968769,0.5435733472540778
0,m28_h1_q3_d4_l50,1,3,0.4951924450863494,0.056699262705272854,0.5631154749035353
0,m28_h1_q3_d8_l1,1,3,0.5026588494952693,-0.10656361874793137,0.411995751911965
0,m28_h1_q3_d8_l50,1,3,0.49065569382891916,-0.04821219373753294,0.5096845984584086
0,m29_h1_q3_d2_l1,1,3,0.49921389999032745,0.15567238611232093,0.7329711578387736
0,m29_h1_q3_d2_l50,1,3,0.500471536351166,0.06979151496481174,0.7075140857724733
0,m29_h1_q3_d4_l1,1,3,0.49669471153846156,0.18207777218491933,0.6420412872545238
0,m29_h1_q3_d4_l50,1,3,0.49631577877141153,0.23263328419064275,0.6856040876581768
0,m29_h1_q3_d8_l1,1,3,0.4989820475449333,0.04263149688385363,0.5407318399022415
0,m29_h1_q3_d8_l50,1,3,0.4914946218476311,0.12022687596508487,0.6726555579215623
0,m30_h1_q3_d2_l1,1,3,0.4978618052258098,0.3692936070877814,0.7106775361820061
0,m30_h1_q3_d2_l50,1,3,0.4998925578593788,0.3502805551528731,0.7370924170947464
0,m30_h1_q3_d4_l1,1,3,0.4895152545856636,0.03830246759677296,0.6146741086299012
0,m30_h1_q3_d4_l50,1,3,0.49174619033801126,0.21639405351317306,0.7070150566699048
0,m30_h1_q3_d8_l1,1,3,0.48538848714871097,0.15188111032705426,0.5720272226896682
0,m30_h1_q3_d8_l50,1,3,0.48737025880640844,0.2259686025006878,0.6333856231799474
0,m31_h1_q3_d2_l1,1,3,0.5001033203193697,0.3523313501497491,0.7430076668014162
0,m31_h1_q3_d2_l50,1,3,0.500541401221378,0.3616779932190001,0.7287818587368871
0,m31_h1_q3_d4_l1,1,3,0.49272402373289714,0.16039606824687502,0.6552732201859953
0,m31_h1_q3_d4_l50,1,3,0.49322180234603075,0.32072583795610227,0.7161950657853937
0,m31_h1_q3_d8_l1,1,3,0.4866446121750906,-0.017728346791597505,0.5432322688314215
0,m31_h1_q3_d8_l50,1,3,0.49034064929126664,0.2110335548012385,0.6464082755510419
0,m01_h1_q5_d2_l1,1,5,0.5256731951678242,0.4471030715184942,0.7598274702014629
0,m01_h1_q5_d2_l50,1,5,0.5256731951678242,0.4471030715184942,0.7598274702014629
0,m01_h1_q5_d4_l1,1,5,0.5260868778935185,0.4546736352202911,0.8816698685828664
0,m01_h1_q5_d4_l50,1,5,0.5260868778935185,0.4546736352202911,0.8816698685828664
0,m01_h1_q5_d8_l1,1,5,0.5242060908564815,0.4170081152578956,0.9185555429500065
0,m01_h1_q5_d8_l50,1,5,0.5242060908564815,0.4170081152578956,0.9185555429500065
0,m02_h1_q5_d2_l1,1,5,0.47709599247685186,-0.5717084581856898,0.34740450040484305
0,m02_h1_q5_d2_l50,1,5,0.47709599247685186,-0.5717084581856898,0.34740450040484305
0,m02_h1_q5_d4_l1,1,5,0.4650517216435185,-0.4965763641150644,0.40028011846292594
0,m02_h1_q5_d4_l50,1,5,0.4650245949074074,-0.4965763641150644,0.40028011846292594
0,m02_h1_q5_d8_l1,1,5,0.45402018229166663,-0.4685069910770744,0.44893784871952963
0,m02_h1_q5_d8_l50,1,5,0.45396140769675924,-0.4685069910770744,0.44893784871952963
0,m03_h1_q5_d2_l1,1,5,0.5035683902693383,0.08029916573252167,0.6787722716633257
0,m03_h1_q5_d2_l50,1,5,0.5009863582658178,-0.053475691203620314,0.571447686425899
0,m03_h1_q5_d4_l1,1,5,0.504937536922502,0.13076818512427804,0.7021213972368832
0,m03_h1_q5_d4_l50,1,5,0.5040844575858411,0.0044420580108277385,0.562614828997343
0,m03_h1_q5_d8_l1,1,5,0.495631182635272,-0.39729469881843327,0.5096509171873121
0,m03_h1_q5_d8_l50,1,5,0.5014099309473862,0.04594973788868521,0.7355224838715386
0,m04_h1_q5_d2_l1,1,5,0.48730920862268523,-0.38560587972601035,0.25171171471642356
0,m04_h1_q5_d2_l50,1,5,0.48730920862268523,-0.38560587972601035,0.25171171471642356
0,m04_h1_q5_d4_l1,1,5,0.4849446614583334,-0.17850746706502268,0.35740907488385903
0,m04_h1_q5_d4_l50,1,5,0.4849446614583334,-0.17850746706502268,0.35740907488385903
0,m04_h1_q5_d8_l1,1,5,0.48727756076388895,-0.0278862594495509,0.39213136127338594
0,m04_h1_q5_d8_l50,1,5,0.48727756076388895,-0.0278862594495509,0.39213136127338594
0,m05_h1_q5_d2_l1,1,5,0.5044435100790895,-0.20355116692069347,0.4152863457541248
0,m05_h1_q5_d2_l50,1,5,0.5034212654019579,-0.2694417639240048,0.3863764365547142
0,m05_h1_q5_d4_l1,1,5,0.5049134242681809,0.16981262241622752,0.6266535060453158
0,m05_h1_q5_d4_l50,1,5,0.5087180431978202,0.08396481611512131,0.5848019594235876
0,m05_h1_q5_d8_l1,1,5,0.4965799590687693,0.007825111016018047,0.5595597456844122
0,m05_h1_q5_d8_l50,1,5,0.5082559467833718,0.18696474084264206,0.6165318293646262
0,m06_h1_q5_d2_l1,1,5,0.47130952058015047,-0.4985271902860204,0.24366239682379892
0,m06_h1_q5_d2_l50,1,5,0.47278039249373066,-0.3598311941271034,0.28248610936417384
0,m06_h1_q5_d4_l1,1,5,0.46442535777150845,-0.379147191267814,0.2715844180472173
0,m06_h1_q5_d4_l50,1,5,0.46744706895616317,-0.4432137272674422,0.2494683058743358
0,m06_h1_q5_d8_l1,1,5,0.47908321427710265,-0.33241004442551886,0.40667199560452716
0,m06_h1_q5_d8_l50,1,5,0.4659111117139275,-0.3897709881528927,0.3859452537551744
0,m07_h1_q5_d2_l1,1,5,0.49292868155020253,-0.17220091725512443,0.3983926137208128
0,m07_h1_q5_d2_l50,1,5,0.491724932635272,-0.12726304734224428,0.4472096890056798
0,m07_h1_q5_d4_l1,1,5,0.49698676592038005,0.09414027176628724,0.5893801476128065
0,m07_h1_q5_d4_l50,1,5,0.49052909568504044,0.002017668787845801,0.5524808498433676
0,m07_h1_q5_d8_l1,1,5,0.4985361923406153,-0.06921744246834903,0.6176580594379589
0,m07_h1_q5_d8_l50,1,5,0.49354393099561145,-0.026441599801268142,0.5607795664252576
0,m08_h1_q5_d2_l1,1,5,0.5050387912326388,0.1286855824684176,0.6389583353623103
0,m08_h1_q5_d2_l50,1,5,0.5050387912326388,0.1286855824684176,0.6389583353623103
0,m08_h1_q5_d4_l1,1,5,0.5004928023726851,-0.248755456873806,0.5821127383750698
0,m08_h1_q5_d4_l50,1,5,0.5004928023726851,-0.248755456873806,0.5821127383750698
0,m08_h1_q5_d8_l1,1,5,0.49121545862268523,-0.743621301753626,0.3332485638242218
0,m08_h1_q5_d8_l50,1,5,0.49121545862268523,-0.743621301753626,0.3332485638242218
0,m09_h1_q5_d2_l1,1,5,0.5186681865174094,0.447005647676671,0.9982902983389385
0,m09_h1_q5_d2_l50,1,5,0.516601656690056,0.3214723280384671,0.974972585458227
0,m09_h1_q5_d4_l1,1,5,0.5234895871009355,0.4859207177126625,0.8899267759377368
0,m09_h1_q5_d4_l50,1,5,0.5199989978178048,0.46261180454401213,0.9799544449779773
0,m09_h1_q5_d8_l1,1,5,0.501696268717448,-0.15226395602350717,0.5800462628191028
0,m09_h1_q5_d8_l50,1,5,0.5141845514744888,0.5160160200758722,0.9286044904401445
0,m10_h1_q5_d2_l1,1,5,0.5003734635718075,0.3209849873112711,0.6929949798360132
0,m10_h1_q5_d2_l50,1,5,0.49600822542920525,0.21250977331691925,0.6620195232370045
0,m10_h1_q5_d4_l1,1,5,0.49512321566358025,-0.07842274828779192,0.6461353397289128
0,m10_h1_q5_d4_l50,1,5,0.4849667019314236,-0.4649167255743487,0.5035233533781682
0,m10_h1_q5_d8_l1,1,5,0.4818961061077353,-0.2687994701246489,0.45358147465948123
0,m10_h1_q5_d8_l50,1,5,0.47497464403694056,-0.5855726387139292,0.4326664322146705
0,m11_h1_q5_d2_l1,1,5,0.505649142795139,0.039299683627710996,0.7157450107097741
0,m11_h1_q5_d2_l50,1,5,0.5024234159493152,0.18022128990151345,0.7655793990579226
0,m11_h1_q5_d4_l1,1,5,0.5120884459695699,0.3672923976148857,0.79976345496581
0,m11_h1_q5_d4_l50,1,5,0.5000221346631463,-0.02452316271380284,0.6779544483665783
0,m11_h1_q5_d8_l1,1,5,0.502585893795814,-0.3109022342284679,0.635300354379153
0,m11_h1_q5_d8_l50,1,5,0.4931659463011188,-0.26939072174557716,0.5375644914443606
0,m12_h1_q5_d2_l1,1,5,0.5008969719027295,-0.017065718004080663,0.5497727708944267
0,m12_h1_q5_d2_l50,1,5,0.49888092794536076,0.09231986346983591,0.5498329805669858
0,m12_h1_q5_d4_l1,1,5,0.49662290973427853,-0.23100163761928363,0.4985882005249685
0,m12_h1_q5_d4_l50,1,5,0.49310076678240744,-0.17476008160533846,0.4284502981242142
0,m12_h1_q5_d8_l1,1,5,0.4938878188898534,-0.3712352846814588,0.45672473028570426
0,m12_h1_q5_d8_l50,1,5,0.48705414195119595,-0.2970107181720972,0.4686846104648959
0,m13_h1_q5_d2_l1,1,5,0.5025421896098572,-0.24338313800481753,0.6376173584682251
0,m13_h1_q5_d2_l50,1,5,0.5006928620515047,-0.2544001184484346,0.6703846913253494
0,m13_h1_q5_d4_l1,1,5,0.5041767638406636,0.3502071814406731,0.8643386052278971
0,m13_h1_q5_d4_l50,1,5,0.500502692328559,0.0874632288036338,0.7481108335703709
0,m13_h1_q5_d8_l1,1,5,0.5020917727623456,-0.04366038531584904,0.5084385136939961
0,m13_h1_q5_d8_l50,1,5,0.49789560577015823,-0.09389332813325509,0.6649284178900791
0,m14_h1_q5_d2_l1,1,5,0.49045082374855326,0.02643538738486079,0.631595466425111
0,m14_h1_q5_d2_l50,1,5,0.4881041726948302,0.04236309412127696,0.6065485888430756
0,m14_h1_q5_d4_l1,1,5,0.4895075103383006,-0.08856245506915368,0.5623995865173794
0,m14_h1_q5_d4_l50,1,5,0.4833844031816647,-0.11246672173898231,0.5332070143876632
0,m14_h1_q5_d8_l1,1,5,0.49138556586371523,-0.2406153658723504,0.5216559694407495
0,m14_h1_q5_d8_l50,1,5,0.4776967366536458,-0.3422689269779725,0.5565749788743871
0,m15_h1_q5_d2_l1,1,5,0.5016171490704572,0.36136794839835046,0.7431891222380533
0,m15_h1_q5_d2_l50,1,5,0.500377419554157,0.3674073544450763,0.7302096430289088
0,m15_h1_q5_d4_l1,1,5,0.4984666800793306,0.22671366773160997,0.8378551440787009
0,m15_h1_q5_d4_l50,1,5,0.4935610735857928,0.23173197106019078,0.795000323049586
0,m15_h1_q5_d8_l1,1,5,0.5037469746154032,0.2849842103670085,0.7633891379049246
0,m15_h1_q5_d8_l50,1,5,0.48732588026258683,0.018870613124185937,0.7512270734408653
0,m16_h1_q5_d2_l1,1,5,0.49912968388310186,-0.007137193523207484,0.5666201949960162
0,m16_h1_q5_d2_l50,1,5,0.49916133174189814,-0.007137193523207484,0.5666201949960162
0,m16_h1_q5_d4_l1,1,5,0.5048828125,-0.0028451206842502724,0.47145381894262034
0,m16_h1_q5_d4_l50,1,5,0.5048828125,-0.0028451206842502724,0.47145381894262034
0,m16_h1_q5_d8_l1,1,5,0.510082103587963,0.27907464579839486,0.6122811628759174
0,m16_h1_q5_d8_l50,1,5,0.5101363570601851,0.27907464579839486,0.6122811628759174
0,m17_h1_q5_d2_l1,1,5,0.5086347791883681,0.06579700357578569,0.575078333911501
0,m17_h1_q5_d2_l50,1,5,0.5089275218822338,-0.08400714928819768,0.4814186583063492
0,m17_h1_q5_d4_l1,1,5,0.5048197993525753,-0.0007575972505310713,0.6086166885721122
0,m17_h1_q5_d4_l50,1,5,0.5093446896399981,0.20467030849809098,0.6880126692233671
0,m17_h1_q5_d8_l1,1,5,0.49340076211058065,-0.2865324022907325,0.43363171951782414
0,m17_h1_q5_d8_l50,1,5,0.5025564123083044,0.06464414928046047,0.6083673594787965
0,m18_h1_q5_d2_l1,1,5,0.4792764922718943,-0.14066829887664112,0.5586996650369919
0,m18_h1_q5_d2_l50,1,5,0.4807876775294174,-0.06791709228324487,0.5711435544398332
0,m18_h1_q5_d4_l1,1,5,0.4761116122022087,-0.5153623534140374,0.38676342340835007
0,m18_h1_q5_d4_l50,1,5,0.48126823519483025,-0.3976156697930773,0.3974759894942885
0,m18_h1_q5_d8_l1,1,5,0.47507015275366504,-0.7822641620454024,0.4430509911757325
0,m18_h1_q5_d8_l50,1,5,0.4770321316189236,-0.5975868554897739,0.39570169981275427
0,m19_h1_q5_d2_l1,1,5,0.4934457849573206,-0.2543262399370096,0.5535745157646323
0,m19_h1_q5_d2_l50,1,5,0.49092648353105706,-0.40357783071201736,0.562377335970763
0,m19_h1_q5_d4_l1,1,5,0.4950895898136092,-0.23827878033464275,0.46836359198520383
0,m19_h1_q5_d4_l50,1,5,0.49583171326437114,-0.503926631664714,0.4274346418956869
0,m19_h1_q5_d8_l1,1,5,0.48219195707344714,-0.3305290727335415,0.5272686277612068
0,m19_h1_q5_d8_l50,1,5,0.4905886238003955,-0.32778733666670407,0.5741804237131964
0,m20_h1_q5_d2_l1,1,5,0.4875588122709298,-0.01129268732335814,0.5976300583294964
0,m20_h1_q5_d2_l50,1,5,0.4876679785457658,-0.00778807903860153,0.5871432860343435
0,m20_h1_q5_d4_l1,1,5,0.48832467161578896,-0.12555134481412153,0.5934554428419984
0,m20_h1_q5_d4_l50,1,5,0.48333985128520446,-0.13473421010951558,0.6052823268538807
0,m20_h1_q5_d8_l1,1,5,0.4848176932629244,-0.13864637429907117,0.5045992974667644
0,m20_h1_q5_d8_l50,1,5,0.48906359260464893,-0.25644321089351585,0.43107958664060897
0,m21_h1_q5_d2_l1,1,5,0.4978822307822145,-0.16643414597566344,0.5190881352099581
0,m21_h1_q5_d2_l50,1,5,0.49614640224127116,-0.1664713641336971,0.5113444703863462
0,m21_h1_q5_d4_l1,1,5,0.49758506115571954,-0.01721483897440345,0.6110504735734542
0,m21_h1_q5_d4_l50,1,5,0.49663543701171875,-0.12933324263092308,0.5708104930577845
0,m21_h1_q5_d8_l1,1,5,0.4843804630232446,0.015041989079977959,0.5802588980172149
0,m21_h1_q5_d8_l50,1,5,0.4905327690972222,-0.00933555111029154,0.5823660608783142
0,m22_h1_q5_d2_l1,1,5,0.47258796220944255,-0.3237505727990784,0.47499358668898245
0,m22_h1_q5_d2_l50,1,5,0.47414464126398537,-0.2671317302672076,0.4418726639143959
0,m22_h1_q5_d4_l1,1,5,0.46816960087528936,-0.30306089604327935,0.5375541530123942
0,m22_h1_q5_d4_l50,1,5,0.47046727309992276,-0.25694142059272773,0.4189421099180372
0,m22_h1_q5_d8_l1,1,5,0.47037873444733797,-0.24963111390991832,0.4692747926768492
0,m22_h1_q5_d8_l50,1,5,0.4691864767192323,-0.8704031470390714,0.39603467086224453
0,m23_h1_q5_d2_l1,1,5,0.4869860425407504,-0.08807436547462817,0.5549879749684864
0,m23_h1_q5_d2_l50,1,5,0.48687169581283757,-0.1014953617795513,0.5230936865180021
0,m23_h1_q5_d4_l1,1,5,0.4857361404984085,-0.2575530357321772,0.5751400906974676
0,m23_h1_q5_d4_l50,1,5,0.4906694388683931,-0.21299505386023204,0.558385130699948
0,m23_h1_q5_d8_l1,1,5,0.4783539006739487,-0.29355627171794074,0.4916437160830478
0,m23_h1_q5_d8_l50,1,5,0.48479141423731675,-0.17388215487244532,0.5451577502865892
0,m24_h1_q5_d2_l1,1,5,0.5027405538676697,0.26007684935256153,0.7368779813575664
0,m24_h1_q5_d2_l50,1,5,0.5016589694552951,0.1281209107176966,0.6586712068690884
0,m24_h1_q5_d4_l1,1,5,0.4999200326425058,-0.13008013107906735,0.5641157917569508
0,m24_h1_q5_d4_l50,1,5,0.4986039149908372,-0.16919414059733376,0.6494701343415163
0,m24_h1_q5_d8_l1,1,5,0.4927932362497589,-0.5518385091092904,0.32923736764774036
0,m24_h1_q5_d8_l50,1,5,0.4991550210081501,-0.20902572658390098,0.48926209424017053
0,m25_h1_q5_d2_l1,1,5,0.5051168747890143,0.015722929619867723,0.7068397851553377
0,m25_h1_q5_d2_l50,1,5,0.5040180535964025,-0.0445067750700419,0.7049568788509358
0,m25_h1_q5_d4_l1,1,5,0.5022064962504823,-0.21702597349405875,0.6575226894870262
0,m25_h1_q5_d4_l50,1,5,0.5008187941562983,-0.10376103670901543,0.6973034901546314
0,m25_h1_q5_d8_l1,1,5,0.48957749354986496,-0.4626293598935117,0.5279083928861107
0,m25_h1_q5_d8_l50,1,5,0.4957512749565972,-0.23501792069410438,0.5699914901723705
0,m26_h1_q5_d2_l1,1,5,0.4895164583936149,-0.10566404080412387,0.6367333448292779
0,m26_h1_q5_d2_l50,1,5,0.4893311865535783,-0.005331490989151783,0.5899768898064485
0,m26_h1_q5_d4_l1,1,5,0.4845652639130016,-0.45766851026810423,0.5729633888209815
0,m26_h1_q5_d4_l50,1,5,0.47895370295018325,-0.5492166924737474,0.5096891768134921
0,m26_h1_q5_d8_l1,1,5,0.48265659661940585,-0.43171796494081077,0.5426167631170482
0,m26_h1_q5_d8_l50,1,5,0.47819292986834494,-0.5033378183646726,0.48606971593338316
0,m27_h1_q5_d2_l1,1,5,0.5007055777090568,-0.04278705834727964,0.5950560128912842
0,m27_h1_q5_d2_l50,1,5,0.4977586534288194,0.011471731736505337,0.6471361662032474
0,m27_h1_q5_d4_l1,1,5,0.4990216478889371,0.006079340762403453,0.6870632077703789
0,m27_h1_q5_d4_l50,1,5,0.49194740954740546,0.09484829461196138,0.7292190340148434
0,m27_h1_q5_d8_l1,1,5,0.4889876754195601,-0.5459234057446526,0.5834374393262531
0,m27_h1_q5_d8_l50,1,5,0.4849143322603202,-0.5504827951783858,0.507420604535157
0,m28_h1_q5_d2_l1,1,5,0.49429877010392553,0.11240891728714054,0.6819343170684813
0,m28_h1_q5_d2_l50,1,5,0.49399924572603204,0.12445204498401416,0.6817898310754519
0,m28_h1_q5_d4_l1,1,5,0.49025170597029316,0.08256464036624335,0.7281285453488706
0,m28_h1_q5_d4_l50,1,5,0.4882179542824074,-0.2690103416744973,0.632507496135359
0,m28_h1_q5_d8_l1,1,5,0.4877862812560282,-0.4944418162902539,0.4601330352073508
0,m28_h1_q5_d8_l50,1,5,0.485163653338397,-0.16458155651981698,0.5101922759640328
0,m29_h1_q5_d2_l1,1,5,0.49879530918451004,-0.1363890119227089,0.5998583948397705
0,m29_h1_q5_d2_l50,1,5,0.49770892107928244,0.043006644647128306,0.6853892604486171
0,m29_h1_q5_d4_l1,1,5,0.49556722758728783,-0.008765148941510845,0.6669049513950966
0,m29_h1_q5_d4_l50,1,5,0.492425235701196,0.03866156856964534,0.6861615435323111
0,m29_h1_q5_d8_l1,1,5,0.48636410560136956,-0.17690532739238932,0.5258045897141812
0,m29_h1_q5_d8_l50,1,5,0.4827359046465085,-0.019197946995004718,0.6525784471629155
0,m30_h1_q5_d2_l1,1,5,0.48969268798828125,0.08747450565159079,0.6978764834269233
0,m30_h1_q5_d2_l50,1,5,0.490261595926167,-0.03752963329860899,0.7778846436831313
0,m30_h1_q5_d4_l1,1,5,0.4838027012201003,-0.06710960316851826,0.5886050082743712
0,m30_h1_q5_d4_l50,1,5,0.47696827076099535,-0.37396099711402503,0.572502456078904
0,m30_h1_q5_d8_l1,1,5,0.48584361135223764,-0.35812715970982484,0.5487637077639638
0,m30_h1_q5_d8_l50,1,5,0.47035989643614967,-0.6362457858997461,0.4674484877589703
0,m31_h1_q5_d2_l1,1,5,0.49342091878255206,0.17031083569103883,0.656523964800862
0,m31_h1_q5_d2_l50,1,5,0.49474975209177274,0.07973894593591421,0.6646758550527752
0,m31_h1_q5_d4_l1,1,5,0.4929479905116706,0.06636339242620742,0.739655944686849
0,m31_h1_q5_d4_l50,1,5,0.48500758041570213,-0.1310544499817862,0.7371251036081523
0,m31_h1_q5_d8_l1,1,5,0.4843064296392747,-0.0592533996849443,0.7407000316398479
0,m31_h1_q5_d8_l50,1,5,0.4829606421199846,-0.30578482169620974,0.5540493261216087
0,m01_h3_q3_d2_l1,3,3,0.47496991902863755,-0.884263827959943,0.33265430836270143
0,m01_h3_q3_d2_l50,3,3,0.4739784762101763,-0.7695198649800983,0.35434612944483895
0,m01_h3_q3_d4_l1,3,3,0.4859898123139543,-0.6485343247397636,0.37387321354337083
0,m01_h3_q3_d4_l50,3,3,0.4885942394869195,-0.5847171879464168,0.3796630708149417
0,m01_h3_q3_d8_l1,3,3,0.49170788141230515,-0.18073769065585601,0.4711654418677993
0,m01_h3_q3_d8_l50,3,3,0.49287650383663073,-0.6097782757993881,0.34468817029871884
0,m02_h3_q3_d2_l1,3,3,0.4934392680871555,-0.12027297952129802,0.46216127909617993
0,m02_h3_q3_d2_l50,3,3,0.4941284882764748,-0.16730478856648112,0.47959823895206466
0,m02_h3_q3_d4_l1,3,3,0.49613934964063905,-0.0007573734527641786,0.48492464391522505
0,m02_h3_q3_d4_l50,3,3,0.496149663923915,-0.04005655383978972,0.5017663508515863
0,m02_h3_q3_d8_l1,3,3,0.5007824726134584,-0.06788662821497506,0.44999937561673764
0,m02_h3_q3_d8_l50,3,3,0.4971842006656528,-0.09250289308592433,0.45419375739486684
0,m03_h3_q3_d2_l1,3,3,0.4812538607916509,-0.65178896313538,0.4476097940338556
0,m03_h3_q3_d2_l50,3,3,0.48262000880528955,-0.523842315902885,0.4593500341899718
0,m03_h3_q3_d4_l1,3,3,0.49042290539513317,-0.4601182282796461,0.47186486437363434
0,m03_h3_q3_d4_l50,3,3,0.4861058833236972,-0.5471345103598689,0.4080387977268077
0,m03_h3_q3_d8_l1,3,3,0.5043440794035914,-0.3489421350141937,0.47485604707951107
0,m03_h3_q3_d8_l50,3,3,0.48880801360468096,-0.5834613402128025,0.4523851365196841
0,m04_h3_q3_d2_l1,3,3,0.46644721262852584,-1.1270987564367088,0.31071956633190984
0,m04_h3_q3_d2_l50,3,3,0.4618031006148443,-1.0908370048230234,0.26983964793320603
0,m04_h3_q3_d4_l1,3,3,0.463968958811252,-0.7852567163478859,0.4125734248067442
0,m04_h3_q3_d4_l50,3,3,0.45818208072721067,-0.7497297053185805,0.3638336463775232
0,m04_h3_q3_d8_l1,3,3,0.46609539666472816,-0.7115094407521421,0.40240704524606746
0,m04_h3_q3_d8_l50,3,3,0.46051113066586186,-0.5949062942270462,0.38290597791387815
0,m05_h3_q3_d2_l1,3,3,0.46821300379622144,-1.0733325195647105,0.23158930347879553
0,m05_h3_q3_d2_l50,3,3,0.465353969247046,-1.009314856698648,0.30857735754165017
0,m05_h3_q3_d4_l1,3,3,0.47035696180211156,-0.8468617085617411,0.2962310078829825
0,m05_h3_q3_d4_l50,3,3,0.465558700705497,-0.8205749798650651,0.30519866573407506
0,m05_h3_q3_d8_l1,3,3,0.4738491237945711,-0.5484934632665748,0.3006155984923959
0,m05_h3_q3_d8_l50,3,3,0.4712598148176407,-0.8478881245276682,0.3528492563726198
0,m06_h3_q3_d2_l1,3,3,0.4779147175497106,-0.3545372396773244,0.5288311320532314
0,m06_h3_q3_d2_l50,3,3,0.47691507982124925,-0.33247871730644984,0.5271462665943503
0,m06_h3_q3_d4_l1,3,3,0.4833369221387471,-0.5671852941666392,0.38859972402673937
0,m06_h3_q3_d4_l50,3,3,0.481538987143034,-0.5058526456301664,0.4503114603959068
0,m06_h3_q3_d8_l1,3,3,0.4742876221253527,-0.6609278914130614,0.39588018756122945
0,m06_h3_q3_d8_l50,3,3,0.4815904172678622,-0.6354708059307397,0.40764602278457734
0,m07_h3_q3_d2_l1,3,3,0.47363365417818903,-0.6981890658335714,0.4315437254277691
0,m07_h3_q3_d2_l50,3,3,0.474794364275618,-0.4282259662488141,0.47844349485739024
0,m07_h3_q3_d4_l1,3,3,0.4783881855395444,-0.6403183716931163,0.4258451766113264
0,m07_h3_q3_d4_l50,3,3,0.47314195957818256,-0.5896326932911291,0.45227509899267954
0,m07_h3_q3_d8_l1,3,3,0.48562273686257024,-0.6042249593731305,0.386100678738959
0,m07_h3_q3_d8_l50,3,3,0.4759867236806336,-0.6799718075633293,0.41967281073156815
0,m08_h3_q3_d2_l1,3,3,0.5029594928424526,0.28484573286410797,0.6059510138081127
0,m08_h3_q3_d2_l50,3,3,0.505127046537481,0.42462739512432435,0.655634809471123
0,m08_h3_q3_d4_l1,3,3,0.5038708233510851,0.10514467412150195,0.5501139891505875
0,m08_h3_q3_d4_l50,3,3,0.5045285355243696,0.1495582096523225,0.5606053022610202
0,m08_h3_q3_d8_l1,3,3,0.5008285336593212,0.13310761887403313,0.6137867446377184
0,m08_h3_q3_d8_l50,3,3,0.5039498053285,0.1643623114290691,0.5954119975328308
0,m09_h3_q3_d2_l1,3,3,0.489312777673222,0.12790624521096863,0.6253753790080401
0,m09_h3_q3_d2_l50,3,3,0.49392149615319625,0.13338780755606086,0.6069948863369548
0,m09_h3_q3_d4_l1,3,3,0.48734882510423083,0.10232529500303353,0.5692439482785075
0,m09_h3_q3_d4_l50,3,3,0.4895719770248633,0.34699657962823616,0.6754982213756435
0,m09_h3_q3_d8_l1,3,3,0.4868427187659483,-0.16229124222725172,0.5027768709479926
0,m09_h3_q3_d8_l50,3,3,0.4900868434393529,0.16929266725998948,0.5929563962448563
0,m10_h3_q3_d2_l1,3,3,0.5025053111494293,0.6692525680668988,0.6671245263283432
0,m10_h3_q3_d2_l50,3,3,0.5019236138309735,0.2817283002656484,0.5806044541778546
0,m10_h3_q3_d4_l1,3,3,0.5044482819229893,0.6234496038284527,0.745075809145269
0,m10_h3_q3_d4_l50,3,3,0.5009323829498398,0.45277343253578484,0.665938269953613
0,m10_h3_q3_d8_l1,3,3,0.4937388061768145,0.355607917135745,0.6939281136526608
0,m10_h3_q3_d8_l50,3,3,0.49889255681757166,0.3045488235246006,0.6114010767541371
0,m11_h3_q3_d2_l1,3,3,0.4947739787305349,0.07133113131677062,0.5461653112196284
0,m11_h3_q3_d2_l50,3,3,0.4958860138883944,0.16170207459508595,0.5664566819092706
0,m11_h3_q3_d4_l1,3,3,0.49558732354804563,0.434703992585963,0.7031195715712059
0,m11_h3_q3_d4_l50,3,3,0.4914730548533366,0.24990023669998318,0.6668852199954449
0,m11_h3_q3_d8_l1,3,3,0.507667609929066,0.14511515807807232,0.628167441975724
0,m11_h3_q3_d8_l50,3,3,0.49302132767714996,0.19720077522935087,0.6081016161926296
0,m12_h3_q3_d2_l1,3,3,0.49373449678448683,0.1737982221553229,0.6505894779835883
0,m12_h3_q3_d2_l50,3,3,0.4931956108062039,0.05203510032985906,0.5806699209454513
0,m12_h3_q3_d4_l1,3,3,0.4957739696878757,0.22480857817918656,0.5559808957214107
0,m12_h3_q3_d4_l50,3,3,0.4910334261901411,0.19620195126756262,0.5884887564201804
0,m12_h3_q3_d8_l1,3,3,0.4939433963437137,0.3215273385631922,0.5811088904722532
0,m12_h3_q3_d8_l50,3,3,0.4908094790806554,-0.0596162526583864,0.507538090853051
0,m13_h3_q3_d2_l1,3,3,0.4857164131613646,-0.370673974742254,0.47546961549362776
0,m13_h3_q3_d2_l50,3,3,0.4845706799684185,-0.15859123616816612,0.47687259965964013
0,m13_h3_q3_d4_l1,3,3,0.4865423329269788,-0.16898931058986374,0.49830589714546886
0,m13_h3_q3_d4_l50,3,3,0.47972981946895854,-0.3398422510213756,0.4816542114600948
0,m13_h3_q3_d8_l1,3,3,0.4884020123307963,0.10837579108722827,0.531922894232329
0,m13_h3_q3_d8_l50,3,3,0.4779023545389346,-0.419945737702285,0.44413409864280845
0,m14_h3_q3_d2_l1,3,3,0.4923809237189518,-0.0413776245888601,0.5645982603299234
0,m14_h3_q3_d2_l50,3,3,0.49263468334585175,-0.1131672749145808,0.5666301585109876
0,m14_h3_q3_d4_l1,3,3,0.4934101620274999,-0.09739632140467303,0.5044128268136129
0,m14_h3_q3_d4_l50,3,3,0.4896156361143467,0.099637148312258,0.5526603927169963
0,m14_h3_q3_d8_l1,3,3,0.48803726819001564,-0.14158955169450885,0.5499955036919495
0,m14_h3_q3_d8_l50,3,3,0.49043124159668494,0.13362377330590958,0.5898950873163937
0,m15_h3_q3_d2_l1,3,3,0.488834788353733,0.014292366268779822,0.5304827525095104
0,m15_h3_q3_d2_l50,3,3,0.4884130330718309,-0.06135783188536185,0.46926215797988785
0,m15_h3_q3_d4_l1,3,3,0.48965399677064037,-0.04187831055711188,0.5882613693658977
0,m15_h3_q3_d4_l50,3,3,0.48371727899599354,-0.2295933395020515,0.4848891466835787
0,m15_h3_q3_d8_l1,3,3,0.4916611845544597,-0.20343057612225754,0.5160424074446562
0,m15_h3_q3_d8_l50,3,3,0.48326768927840136,-0.3910751060748901,0.4677451402090077
0,m16_h3_q3_d2_l1,3,3,0.49575108045649613,-0.11475138947394796,0.5203836035893418
0,m16_h3_q3_d2_l50,3,3,0.4991385454091267,-0.1258360938913629,0.49768787017602395
0,m16_h3_q3_d4_l1,3,3,0.4990188714648148,-0.03445771358976714,0.535167988793188
0,m16_h3_q3_d4_l50,3,3,0.49782792497531636,-0.1603841588853763,0.5088063463150642
0,m16_h3_q3_d8_l1,3,3,0.5059483743276642,-0.12233415453686612,0.4843412808616349
0,m16_h3_q3_d8_l50,3,3,0.4986284829073958,-0.028812893075500265,0.5535541160051968
0,m17_h3_q3_d2_l1,3,3,0.4803245156101732,-0.2548967734675751,0.44206591555894525
0,m17_h3_q3_d2_l50,3,3,0.4830072183027946,-0.2521728463354231,0.4332808873742011
0,m17_h3_q3_d4_l1,3,3,0.4805587770029349,-0.31524730513898713,0.48777735669006683
0,m17_h3_q3_d4_l50,3,3,0.4839355744434102,-0.3793780698241209,0.42770654910858225
0,m17_h3_q3_d8_l1,3,3,0.4825646931627887,-0.21782310865955468,0.5423948771755294
0,m17_h3_q3_d8_l50,3,3,0.4870357936713819,-0.4690726743375329,0.44834725240908563
0,m18_h3_q3_d2_l1,3,3,0.4915579710759238,-0.47928383682893205,0.4149831399912938
0,m18_h3_q3_d2_l50,3,3,0.4944925259594968,-0.22974459482745818,0.4367856318564359
0,m18_h3_q3_d4_l1,3,3,0.5024174278042558,-0.2386207556897984,0.5173120230697444
0,m18_h3_q3_d4_l50,3,3,0.5014445648248466,-0.1636652368502295,0.5011336853803663
0,m18_h3_q3_d8_l1,3,3,0.5088170873481328,0.2396568476738167,0.610697052163883
0,m18_h3_q3_d8_l50,3,3,0.5058908686661117,0.18206745659441437,0.575277129491504
0,m19_h3_q3_d2_l1,3,3,0.48500013563988964,-0.32784395905642855,0.3740369486707816
0,m19_h3_q3_d2_l50,3,3,0.48694720386844964,-0.2862974205714877,0.34696581686468264
0,m19_h3_q3_d4_l1,3,3,0.48682046534655143,-0.13168496609274147,0.4771851844878049
0,m19_h3_q3_d4_l50,3,3,0.48907915209244307,-0.19344437905903314,0.43460144455329147
0,m19_h3_q3_d8_l1,3,3,0.4943311003616499,-0.25281488391747614,0.46848692305567585
0,m19_h3_q3_d8_l50,3,3,0.490823608235828,-0.3494687056529568,0.42742465175075706
0,m20_h3_q3_d2_l1,3,3,0.4761287216901182,-0.8830715022020595,0.34199571425675207
0,m20_h3_q3_d2_l50,3,3,0.4788107885707569,-0.8427716895927687,0.4114875823757999
0,m20_h3_q3_d4_l1,3,3,0.47460241970259825,-0.845312044634703,0.37975920133189695
0,m20_h3_q3_d4_l50,3,3,0.4778151776515196,-0.8500655768966777,0.3771833171113595
0,m20_h3_q3_d8_l1,3,3,0.5036797971731517,0.03775235763757163,0.5395198227070889
0,m20_h3_q3_d8_l50,3,3,0.47890524197308565,-0.6536455363653164,0.34059219557432113
0,m21_h3_q3_d2_l1,3,3,0.4733866058999961,-1.1075412332838943,0.2164410196827365
0,m21_h3_q3_d2_l50,3,3,0.4718359311198033,-0.9788244720254133,0.2507064144653196
0,m21_h3_q3_d4_l1,3,3,0.4784010430707515,-0.8197910267440243,0.3118368703112775
0,m21_h3_q3_d4_l50,3,3,0.47765700175936243,-0.6943642959064388,0.3221900394382563
0,m21_h3_q3_d8_l1,3,3,0.4850550274077352,-0.34567934825248,0.4240145935923789
0,m21_h3_q3_d8_l50,3,3,0.4769713138588362,-0.680611063028124,0.2937225474467472
0,m22_h3_q3_d2_l1,3,3,0.4778062762837609,-0.6527829679153228,0.44306247061995446
0,m22_h3_q3_d2_l50,3,3,0.47937051505291933,-0.5812355648515011,0.44845097727808725
0,m22_h3_q3_d4_l1,3,3,0.48610694301033525,-0.8311990403682565,0.32204505274696243
0,m22_h3_q3_d4_l50,3,3,0.4820068741165746,-0.6335564782516546,0.34964415080743133
0,m22_h3_q3_d8_l1,3,3,0.4904499627272887,-0.28227827895216645,0.5142984286676882
0,m22_h3_q3_d8_l50,3,3,0.48688962756112125,-0.5945020034883663,0.34720409635934657
0,m23_h3_q3_d2_l1,3,3,0.4749634196172582,-0.7274449265374173,0.3777302254387676
0,m23_h3_q3_d2_l50,3,3,0.47730730516884057,-0.5600137166671545,0.4022298791788856
0,m23_h3_q3_d4_l1,3,3,0.48408668575798114,-0.6981902434986307,0.34517943397390344
0,m23_h3_q3_d4_l50,3,3,0.48009350392310124,-0.7117005242291409,0.34006824130641117
0,m23_h3_q3_d8_l1,3,3,0.49363149524327865,-0.5250138148792645,0.3969947108921647
0,m23_h3_q3_d8_l50,3,3,0.4841343010109128,-0.5301667699755637,0.3300567629819606
0,m24_h3_q3_d2_l1,3,3,0.5037846355045323,0.24164099760058314,0.6097167627108873
0,m24_h3_q3_d2_l50,3,3,0.5075880627854443,0.25937772203480647,0.6358384647815375
0,m24_h3_q3_d4_l1,3,3,0.5057100154799025,0.38937265062380383,0.6196701092460768
0,m24_h3_q3_d4_l50,3,3,0.507186512195439,0.2415224484585167,0.5968218935350964
0,m24_h3_q3_d8_l1,3,3,0.5038465212041884,0.4964727695412418,0.7084505030552757
0,m24_h3_q3_d8_l50,3,3,0.5059935876242165,0.2528151987082646,0.6573940825294343
0,m25_h3_q3_d2_l1,3,3,0.4926353898036104,0.09307628334303092,0.5782419470980497
0,m25_h3_q3_d2_l50,3,3,0.49637565976090076,0.1364492398126327,0.6186665946299806
0,m25_h3_q3_d4_l1,3,3,0.4946670210258784,0.19539412415616617,0.6009787973177726
0,m25_h3_q3_d4_l50,3,3,0.4988183081071397,0.09273064163516549,0.618391351987423
0,m25_h3_q3_d8_l1,3,3,0.48867632987847226,0.01793794391660856,0.5694604989090437
0,m25_h3_q3_d8_l50,3,3,0.49773643869557377,0.016342961132221105,0.5664124200604181
0,m26_h3_q3_d2_l1,3,3,0.4997471587681863,0.22024885581026576,0.5886524316806461
0,m26_h3_q3_d2_l50,3,3,0.5001513232518985,0.2514295925973999,0.6463556551262869
0,m26_h3_q3_d4_l1,3,3,0.5048788679268743,0.3292964788062614,0.6693104919340589
0,m26_h3_q3_d4_l50,3,3,0.5030001141635738,0.28625605392149783,0.6650829601589376
0,m26_h3_q3_d8_l1,3,3,0.50265762344219,0.26497241857899906,0.6634155260670793
0,m26_h3_q3_d8_l50,3,3,0.5051986107084302,0.24447077762622618,0.6434624032423588
0,m27_h3_q3_d2_l1,3,3,0.4877691674706156,-0.0034508078132869852,0.5381319417406699
0,m27_h3_q3_d2_l50,3,3,0.4931033474229268,0.08935800881521397,0.5399390926418128
0,m27_h3_q3_d4_l1,3,3,0.4953202825152835,0.16217812648031543,0.5749500457641201
0,m27_h3_q3_d4_l50,3,3,0.4977086042598838,0.18520951229903906,0.6045783746827824
0,m27_h3_q3_d8_l1,3,3,0.4981795290017865,0.2526290110278368,0.6135759321970919
0,m27_h3_q3_d8_l50,3,3,0.49937443165473316,0.31581996033317533,0.6056108530211906
0,m28_h3_q3_d2_l1,3,3,0.4933026391566364,-0.08462379080415916,0.5075078357184836
0,m28_h3_q3_d2_l50,3,3,0.4938995959626787,-0.05725650889113283,0.5278103217236152
0,m28_h3_q3_d4_l1,3,3,0.49526652107985175,-0.03795059519627443,0.5148144992884142
0,m28_h3_q3_d4_l50,3,3,0.4936131979873301,0.043389380241440755,0.5739611077789383
0,m28_h3_q3_d8_l1,3,3,0.4959799021245163,0.3573412700974261,0.6203305897995913
0,m28_h3_q3_d8_l50,3,3,0.49552430751597587,0.10851916844604716,0.560956346079973
0,m29_h3_q3_d2_l1,3,3,0.48484210103928416,-0.02224602860503736,0.5235767645486492
0,m29_h3_q3_d2_l50,3,3,0.48725663236672956,-0.0139049973866437,0.545243471555525
0,m29_h3_q3_d4_l1,3,3,0.4877852747075124,-0.3107088729916202,0.46980984095883005
0,m29_h3_q3_d4_l50,3,3,0.4912462819128163,-0.03438634727722267,0.4853063468097469
0,m29_h3_q3_d8_l1,3,3,0.49060820926522175,-0.10945616060535023,0.5985424955171977
0,m29_h3_q3_d8_l50,3,3,0.49052823824694486,-0.0545456730468363,0.510590182125467
0,m30_h3_q3_d2_l1,3,3,0.48959408915270847,-0.28799610141662046,0.5008592627134532
0,m30_h3_q3_d2_l50,3,3,0.4916760201673909,-0.16382336052630203,0.4742826217162745
0,m30_h3_q3_d4_l1,3,3,0.48976498128452106,-0.3110954014057351,0.5111606326826813
0,m30_h3_q3_d4_l50,3,3,0.4931135204146512,-0.17359501145472953,0.49725772727752054
0,m30_h3_q3_d8_l1,3,3,0.49461424863130876,-0.09279898242715375,0.5959835365510718
0,m30_h3_q3_d8_l50,3,3,0.49639162570624584,-0.0005417852698442196,0.5753230859385328
0,m31_h3_q3_d2_l1,3,3,0.4872206030210394,-0.2600601489537808,0.4471938927621061
0,m31_h3_q3_d2_l50,3,3,0.48857587158519505,-0.25465347270405536,0.40381186401999486
0,m31_h3_q3_d4_l1,3,3,0.4892410722107211,-0.22283914526723278,0.4633264316445002
0,m31_h3_q3_d4_l50,3,3,0.4886425611976098,-0.22514433658021485,0.4462363185829366
0,m31_h3_q3_d8_l1,3,3,0.4922724824530022,-0.2575636542573322,0.507561625210349
0,m31_h3_q3_d8_l50,3,3,0.4898805577738329,-0.13434370558795172,0.41563052319671123
0,m01_h3_q5_d2_l1,3,5,0.4709185460474112,-0.7632735535431193,0.3101076859850597
0,m01_h3_q5_d2_l50,3,5,0.47022792011753617,-0.7063941658236051,0.2991374091248545
0,m01_h3_q5_d4_l1,3,5,0.4724869352559016,-0.5352576179353503,0.35880248957770317
0,m01_h3_q5_d4_l50,3,5,0.47260297591003775,-0.4786869443339902,0.37380897009722025
0,m01_h3_q5_d8_l1,3,5,0.47537845913509225,-0.5774251689571056,0.39163026959494135
0,m01_h3_q5_d8_l50,3,5,0.472782364300238,-0.7417521854192358,0.2866293117434083
0,m02_h3_q5_d2_l1,3,5,0.49912669237254503,-0.12092528095698062,0.47494826496347703
0,m02_h3_q5_d2_l50,3,5,0.500413988109998,-0.21704446358454166,0.4584493369218123
0,m02_h3_q5_d4_l1,3,5,0.49367646238345564,-0.18915922412610991,0.42658977417286337
0,m02_h3_q5_d4_l50,3,5,0.4958378406442174,-0.2063523099290767,0.47725234824205764
0,m02_h3_q5_d8_l1,3,5,0.4970902660682404,-0.29142834118991623,0.37107541566809477
0,m02_h3_q5_d8_l50,3,5,0.4987200657731601,-0.12214384627786824,0.49322690982705275
0,m03_h3_q5_d2_l1,3,5,0.49664528212408254,-0.371334122648559,0.3692645189353492
0,m03_h3_q5_d2_l50,3,5,0.4983256437834755,-0.24292526812305762,0.5102437566030789
0,m03_h3_q5_d4_l1,3,5,0.5001258237142928,-0.2607026009740081,0.4972999773874857
0,m03_h3_q5_d4_l50,3,5,0.5064530420861436,-0.2766066988930419,0.4690240609886277
0,m03_h3_q5_d8_l1,3,5,0.5061574193178436,-0.4813550127599576,0.3275493040812099
0,m03_h3_q5_d8_l50,3,5,0.5093021404173279,-0.3038339028857596,0.4370056609964265
0,m04_h3_q5_d2_l1,3,5,0.4992169677395357,-0.5120998658221295,0.4168605627986151
0,m04_h3_q5_d2_l50,3,5,0.49445368292501485,-0.6836483286408166,0.5071775000917595
0,m04_h3_q5_d4_l1,3,5,0.49404182577861533,-0.517241368870266,0.372702860357357
0,m04_h3_q5_d4_l50,3,5,0.4889666453828606,-0.6826928594497907,0.3782163844983226
0,m04_h3_q5_d8_l1,3,5,0.48563536810652647,-0.563938567523596,0.3799157136868486
0,m04_h3_q5_d8_l50,3,5,0.4879375836887522,-0.5261632379901485,0.3698304711221643
0,m05_h3_q5_d2_l1,3,5,0.4893054685950209,-0.5025608849509724,0.3719810746734551
0,m05_h3_q5_d2_l50,3,5,0.4835432461627157,-0.44308557503561175,0.41457428597391544
0,m05_h3_q5_d4_l1,3,5,0.4871356633418469,-0.5476502395932137,0.33072076339523676
0,m05_h3_q5_d4_l50,3,5,0.4859162678536005,-0.5319402800135385,0.3137584143312612
0,m05_h3_q5_d8_l1,3,5,0.47817128065487996,-0.40574548288822243,0.4820327179749748
0,m05_h3_q5_d8_l50,3,5,0.4836004915939298,-0.43197178286600946,0.393528695925475
0,m06_h3_q5_d2_l1,3,5,0.4985879460300535,-0.40938312396647314,0.4925340698540375
0,m06_h3_q5_d2_l50,3,5,0.5005005827216822,-0.5366922972463504,0.45604546842312144
0,m06_h3_q5_d4_l1,3,5,0.49817250499032933,-0.4208547281289981,0.43515599968103064
0,m06_h3_q5_d4_l50,3,5,0.49694090489238246,-0.3090091972530665,0.4127196529841338
0,m06_h3_q5_d8_l1,3,5,0.4917404819542253,-0.44843877427514495,0.2769742818736797
0,m06_h3_q5_d8_l50,3,5,0.49532621565661583,-0.4987625585242992,0.3411135540257711
0,m07_h3_q5_d2_l1,3,5,0.498342110320373,-0.5935651257080358,0.42329360984091
0,m07_h3_q5_d2_l50,3,5,0.5008552912988494,-0.6970072048753158,0.43732069166404375
0,m07_h3_q5_d4_l1,3,5,0.5076433789798651,-0.5854696333559054,0.37569297817416275
0,m07_h3_q5_d4_l50,3,5,0.5056662322083912,-0.5559624473976555,0.364763480662437
0,m07_h3_q5_d8_l1,3,5,0.5048413555718112,-0.49698728856522567,0.4995721379773275
0,m07_h3_q5_d8_l50,3,5,0.5083212191281491,-0.5432018635470092,0.39030835150345566
0,m08_h3_q5_d2_l1,3,5,0.48664466995635786,0.15858570926081267,0.4683884411267726
0,m08_h3_q5_d2_l50,3,5,0.4870173948621306,0.08240306596972123,0.42631160594440926
0,m08_h3_q5_d4_l1,3,5,0.48004255728030154,0.11684724594480721,0.4866983885607438
0,m08_h3_q5_d4_l50,3,5,0.48276399151953975,0.1855018089806144,0.4910472325310731
0,m08_h3_q5_d8_l1,3,5,0.4748619910484031,-0.34685950987489383,0.4037821464446832
0,m08_h3_q5_d8_l50,3,5,0.48222543890101166,0.08866042531657732,0.4685839816466627
0,m09_h3_q5_d2_l1,3,5,0.4751317516675759,0.011792961810486417,0.5764774364430197
0,m09_h3_q5_d2_l50,3,5,0.47727840690711165,0.045010682817630994,0.5185879753075492
0,m09_h3_q5_d4_l1,3,5,0.47293899012472723,-0.03431875301507729,0.5946282243075051
0,m09_h3_q5_d4_l50,3,5,0.47352045260117037,-0.03844253398482833,0.5890388043834228
0,m09_h3_q5_d8_l1,3,5,0.47636538586713945,-0.09663445173363219,0.5335842225778494
0,m09_h3_q5_d8_l50,3,5,0.47595246323894064,0.08080950911138218,0.5691082924451143
0,m10_h3_q5_d2_l1,3,5,0.4912668268634695,0.19764297215509746,0.6352498125483659
0,m10_h3_q5_d2_l50,3,5,0.49640419265150765,0.39326314700644815,0.6939911765276892
0,m10_h3_q5_d4_l1,3,5,0.487710539203531,0.14767714584519331,0.5461091110108888
0,m10_h3_q5_d4_l50,3,5,0.48928677423254313,0.1514158962354751,0.561362623297963
0,m10_h3_q5_d8_l1,3,5,0.4816739067769292,0.22643235799064496,0.7503732115377616
0,m10_h3_q5_d8_l50,3,5,0.48829161423204726,0.28733260368169444,0.6693200820086493
0,m11_h3_q5_d2_l1,3,5,0.48875781095020826,-0.0037831363007113372,0.5956787573093524
0,m11_h3_q5_d2_l50,3,5,0.4896810024982642,0.14834123964970478,0.6945896656480572
0,m11_h3_q5_d4_l1,3,5,0.4967589980906566,0.0035193347495290966,0.6357091411315162
0,m11_h3_q5_d4_l50,3,5,0.49199348545055543,-0.06834375380131827,0.5160896334171748
0,m11_h3_q5_d8_l1,3,5,0.49553844025862925,0.2697419829985303,0.6922209164925872
0,m11_h3_q5_d8_l50,3,5,0.4971702740651656,-0.12740938219669487,0.4271016694802839
0,m12_h3_q5_d2_l1,3,5,0.49323632153838526,-0.20643652775849505,0.4472010536895625
0,m12_h3_q5_d2_l50,3,5,0.49091618648953583,0.07644413326562918,0.43509102745306916
0,m12_h3_q5_d4_l1,3,5,0.4983113082101766,0.09082508123685296,0.5221307097266873
0,m12_h3_q5_d4_l50,3,5,0.491066613147193,-0.16273420274762038,0.41253806949552074
0,m12_h3_q5_d8_l1,3,5,0.5054048985816306,0.3312605651123948,0.6460414228381477
0,m12_h3_q5_d8_l50,3,5,0.4880497498636183,-0.23688088645683344,0.40656047983914156
0,m13_h3_q5_d2_l1,3,5,0.4870339582610097,-0.13497473476656122,0.5449582577700689
0,m13_h3_q5_d2_l50,3,5,0.4792261076361337,-0.31943218657885786,0.4187037774024041
0,m13_h3_q5_d4_l1,3,5,0.48678085790269787,0.13935680881411558,0.6046163099375494
0,m13_h3_q5_d4_l50,3,5,0.47685676670055543,-0.356079129783573,0.3797381152844785
0,m13_h3_q5_d8_l1,3,5,0.49191512410731997,0.17602890503215826,0.5392896768465255
0,m13_h3_q5_d8_l50,3,5,0.4787556489907757,-0.35015006874015214,0.3607342031835872
0,m14_h3_q5_d2_l1,3,5,0.5005110438157112,-0.1757637863014852,0.5250815607188257
0,m14_h3_q5_d2_l50,3,5,0.4955644961317198,-0.11108334481801511,0.4464232849532449
0,m14_h3_q5_d4_l1,3,5,0.4935001735766713,0.007295510274744646,0.5624839636198783
0,m14_h3_q5_d4_l50,3,5,0.48308140823373336,-0.23464095488844153,0.44189459901111894
0,m14_h3_q5_d8_l1,3,5,0.5015153088424915,0.14263872542467354,0.6338019294291231
0,m14_h3_q5_d8_l50,3,5,0.4834481276966376,-0.23819893968773026,0.49225842622231736
0,m15_h3_q5_d2_l1,3,5,0.48718574098641143,-0.10242086783021734,0.5270731741627624
0,m15_h3_q5_d2_l50,3,5,0.48510378955068434,-0.1883508437658374,0.5053928267422612
0,m15_h3_q5_d4_l1,3,5,0.4907832918505753,-0.10407179901565769,0.5850907031237834
0,m15_h3_q5_d4_l50,3,5,0.48634410722698873,-0.005890644283516248,0.5819858920815172
0,m15_h3_q5_d8_l1,3,5,0.5028257545935826,0.053888517196327014,0.6698452361319498
0,m15_h3_q5_d8_l50,3,5,0.4890599234712854,-0.054604557338462124,0.5735590823276342
0,m16_h3_q5_d2_l1,3,5,0.4912297287244594,-0.3441732199673703,0.4844049284442158
0,m16_h3_q5_d2_l50,3,5,0.48340734880232095,-0.08787834648619046,0.4348502468060452
0,m16_h3_q5_d4_l1,3,5,0.5106579175758778,-0.07605011589042261,0.5498982340716978
0,m16_h3_q5_d4_l50,3,5,0.5029362741147589,-0.2028034989349345,0.47200057753743
0,m16_h3_q5_d8_l1,3,5,0.5172003632711765,0.060115365297127146,0.7088090051867618
0,m16_h3_q5_d8_l50,3,5,0.5101257578481452,-0.1251657237177522,0.5092475421062469
0,m17_h3_q5_d2_l1,3,5,0.46960490385092246,-1.0064604377194701,0.16274721288817692
0,m17_h3_q5_d2_l50,3,5,0.4681241747359155,-0.9580370040523102,0.2531424632085914
0,m17_h3_q5_d4_l1,3,5,0.47992922876165445,-0.7827949587214619,0.3833552656973072
0,m17_h3_q5_d4_l50,3,5,0.48017525819529855,-0.4832353486001224,0.5304992728164521
0,m17_h3_q5_d8_l1,3,5,0.4956822803015275,0.16680504973694657,0.6524000988564709
0,m17_h3_q5_d8_l50,3,5,0.4868060420179528,-0.39178925884454724,0.5197075476042095
0,m18_h3_q5_d2_l1,3,5,0.48549937388415,-0.02638126895937897,0.576625462071078
0,m18_h3_q5_d2_l50,3,5,0.48709837147887325,-0.14753342890096582,0.4406237000445902
0,m18_h3_q5_d4_l1,3,5,0.4930004626128249,-0.16800608984942406,0.43607717745539026
0,m18_h3_q5_d4_l50,3,5,0.48945395801304303,0.016819540933380187,0.4337983067363745
0,m18_h3_q5_d8_l1,3,5,0.5004818883592046,0.10662059540135321,0.5803473536146662
0,m18_h3_q5_d8_l50,3,5,0.49366241739610195,0.09622941273569811,0.46508143892876697
0,m19_h3_q5_d2_l1,3,5,0.48005059682478673,-0.6932566011349605,0.26493286336675864
0,m19_h3_q5_d2_l50,3,5,0.4858643498313826,-0.4012878844190486,0.36619687416065694
0,m19_h3_q5_d4_l1,3,5,0.49266464212209876,-0.4213773534305524,0.432791594641026
0,m19_h3_q5_d4_l50,3,5,0.49199329172659195,-0.3574246331704489,0.3535807762162853
0,m19_h3_q5_d8_l1,3,5,0.5047838195546518,-0.18035445454900223,0.5292432717311022
0,m19_h3_q5_d8_l50,3,5,0.498654296487552,-0.4483999525450749,0.34379184485691067
0,m20_h3_q5_d2_l1,3,5,0.49308560429478276,-0.597238927128216,0.5233401144004776
0,m20_h3_q5_d2_l50,3,5,0.48753337863891094,-0.6316377704850876,0.4354996166220596
0,m20_h3_q5_d4_l1,3,5,0.5027067112180122,-0.5605204115168217,0.37112274920030724
0,m20_h3_q5_d4_l50,3,5,0.4903815083502777,-0.5488093256195656,0.37042109762866565
0,m20_h3_q5_d8_l1,3,5,0.513671875,-0.07311651634499793,0.6237670499796674
0,m20_h3_q5_d8_l50,3,5,0.48994524198447725,-0.242876274048106,0.3670359230195132
0,m21_h3_q5_d2_l1,3,5,0.48301050526309264,-0.8618985306113898,0.3779467161845495
0,m21_h3_q5_d2_l50,3,5,0.47424042771151553,-0.7420720377527872,0.28060713947441646
0,m21_h3_q5_d4_l1,3,5,0.49113383536252725,-0.7034383085504636,0.3983427173449304
0,m21_h3_q5_d4_l50,3,5,0.4825818909938504,-0.6886344443410449,0.4309027000766017
0,m21_h3_q5_d8_l1,3,5,0.5087365633058917,-0.049027046739338415,0.5964670565788953
0,m21_h3_q5_d8_l50,3,5,0.4838701553511208,-0.40238176263740844,0.4751637122228588
0,m22_h3_q5_d2_l1,3,5,0.4912735103402103,-0.6287121406191614,0.46220054920677867
0,m22_h3_q5_d2_l50,3,5,0.4900159512311545,-0.2766233573053645,0.4458362348351629
0,m22_h3_q5_d4_l1,3,5,0.49179947090111087,-0.7648972955031448,0.33587388304155447
0,m22_h3_q5_d4_l50,3,5,0.48608800414724257,-0.27847137143545747,0.424333123884657
0,m22_h3_q5_d8_l1,3,5,0.5109787244594326,-0.46746042070648747,0.2783449127797484
0,m22_h3_q5_d8_l50,3,5,0.4912474544671196,-0.3051522844358963,0.25844847332071785
0,m23_h3_q5_d2_l1,3,5,0.48523523125991874,-0.7282515078264218,0.36076485222381444
0,m23_h3_q5_d2_l50,3,5,0.4842971229666733,-0.7328996869057824,0.3390020010008187
0,m23_h3_q5_d4_l1,3,5,0.5012523285620413,-0.7843137475506122,0.35321421167308836
0,m23_h3_q5_d4_l50,3,5,0.49658454966152554,-0.558951618883236,0.3921886203645713
0,m23_h3_q5_d8_l1,3,5,0.5093960965396251,-0.35906182721995866,0.4472236365121497
0,m23_h3_q5_d8_l50,3,5,0.5040363356414899,-0.44333051413522995,0.44177668248530005
0,m24_h3_q5_d2_l1,3,5,0.4819786345715136,0.042812640577164135,0.5029331012256094
0,m24_h3_q5_d2_l50,3,5,0.48177202796444163,0.22085280781350328,0.6029081079353711
0,m24_h3_q5_d4_l1,3,5,0.4912376714069629,0.18696449438950227,0.5761557280244808
0,m24_h3_q5_d4_l50,3,5,0.4825123440909541,0.1268148723597694,0.4870150970368746
0,m24_h3_q5_d8_l1,3,5,0.5029329808073795,0.26933577623501537,0.6154707376868576
0,m24_h3_q5_d8_l50,3,5,0.4849978225426503,0.3865533372553014,0.644852607346388
0,m25_h3_q5_d2_l1,3,5,0.4663617709779806,-0.10074328369024446,0.5466855519535312
0,m25_h3_q5_d2_l50,3,5,0.46971794178362425,-0.04374242228696462,0.5481090898776523
0,m25_h3_q5_d4_l1,3,5,0.4732658024511506,0.1717631898452739,0.5884659946590892
0,m25_h3_q5_d4_l50,3,5,0.4720774027970641,0.17253619385155772,0.6100928789219537
0,m25_h3_q5_d8_l1,3,5,0.47940995167749445,0.22377966241214756,0.6633501510471251
0,m25_h3_q5_d8_l50,3,5,0.47897630058520135,0.1028732821146439,0.5917130006494374
0,m26_h3_q5_d2_l1,3,5,0.4813683072245091,0.0745996988074309,0.5822006601880766
0,m26_h3_q5_d2_l50,3,5,0.4843241474595814,0.04485821035816111,0.4982557769121049
0,m26_h3_q5_d4_l1,3,5,0.48398212780202343,0.3771743690751263,0.7137028208846024
0,m26_h3_q5_d4_l50,3,5,0.4802259170117536,0.15910223855689315,0.5796513925883648
0,m26_h3_q5_d8_l1,3,5,0.480678068742561,0.43165464906859097,0.6824551709078956
0,m26_h3_q5_d8_l50,3,5,0.48490280093855387,0.15798378752118916,0.5997675273650279
0,m27_h3_q5_d2_l1,3,5,0.4770216257934934,-0.030535567711931676,0.5357022207389394
0,m27_h3_q5_d2_l50,3,5,0.47876368853526086,0.1385625926884412,0.6392593067829553
0,m27_h3_q5_d4_l1,3,5,0.4831397191467467,-0.1521250567762979,0.5755271889324772
0,m27_h3_q5_d4_l50,3,5,0.49185516654061695,0.28688694937063025,0.7075778176013673
0,m27_h3_q5_d8_l1,3,5,0.500360229710127,0.48638390028450873,0.7209509776202913
0,m27_h3_q5_d8_l50,3,5,0.4987430220628347,0.18960902348912062,0.6053335474902557
0,m28_h3_q5_d2_l1,3,5,0.4857553801019143,-0.6129548937530902,0.4224170900053494
0,m28_h3_q5_d2_l50,3,5,0.48023996199910735,-0.3054885306872795,0.39449288872891397
0,m28_h3_q5_d4_l1,3,5,0.48597942186570126,-0.17944968692780838,0.4272497085510145
0,m28_h3_q5_d4_l50,3,5,0.4785578568240429,-0.11735191874239596,0.47781695371735156
0,m28_h3_q5_d8_l1,3,5,0.4975187834755009,0.3013716649281694,0.6737058672268487
0,m28_h3_q5_d8_l50,3,5,0.48241741934883947,-0.0021593168523824776,0.497830626490217
0,m29_h3_q5_d2_l1,3,5,0.47745818274523905,-0.1903677972878202,0.4702368851374075
0,m29_h3_q5_d2_l50,3,5,0.473550382953531,-0.19083611283484103,0.4207589365969712
0,m29_h3_q5_d4_l1,3,5,0.48312993608658994,-0.09010506497265168,0.4672074411810896
0,m29_h3_q5_d4_l50,3,5,0.4816700322976592,0.06621638961971771,0.5568850119877087
0,m29_h3_q5_d8_l1,3,5,0.4910518901259671,0.1895218717228222,0.5858327316632975
0,m29_h3_q5_d8_l50,3,5,0.4832103315314422,-0.09368094310354348,0.5311079810893551
0,m30_h3_q5_d2_l1,3,5,0.4873290967194009,-0.12994898943776823,0.4895060435636414
0,m30_h3_q5_d2_l50,3,5,0.4856085373375818,-0.042457129995990904,0.47711330441697447
0,m30_h3_q5_d4_l1,3,5,0.4858706458601964,-0.10764487563272283,0.4908991947365727
0,m30_h3_q5_d4_l50,3,5,0.4845207772825333,-0.059429049257748064,0.5134824456993063
0,m30_h3_q5_d8_l1,3,5,0.4923375392097302,0.08818503611827518,0.5301413780644828
0,m30_h3_q5_d8_l50,3,5,0.4855103192880877,-0.033470518937503926,0.48009965521728815
0,m31_h3_q5_d2_l1,3,5,0.48148366984477287,-0.0656747248401231,0.5841317926728251
0,m31_h3_q5_d2_l50,3,5,0.48121729939496133,-0.24320657676845542,0.4947653703354556
0,m31_h3_q5_d4_l1,3,5,0.4901022552568935,-0.17565045579780872,0.5467829062661489
0,m31_h3_q5_d4_l50,3,5,0.48800480590408646,0.025576756529348595,0.6320379590125641
0,m31_h3_q5_d8_l1,3,5,0.503756501376215,0.27028713298828055,0.7038317946496399
0,m31_h3_q5_d8_l50,3,5,0.4927744836094029,-0.1462046305667784,0.5453817325096582
0,m01_h6_q3_d2_l1,6,3,0.4905103771622067,-0.05013979846497332,0.4810422665109972
0,m01_h6_q3_d2_l50,6,3,0.4954050410289736,-0.06170764124498758,0.5538188120739111
0,m01_h6_q3_d4_l1,6,3,0.5012263201797905,0.05427982906760705,0.506275967790814
0,m01_h6_q3_d4_l50,6,3,0.49803993735467256,-0.12706059408486078,0.5494347794155625
0,m01_h6_q3_d8_l1,6,3,0.5090379642421462,0.12157846674210458,0.5411906537494999
0,m01_h6_q3_d8_l50,6,3,0.4968333025886983,-0.05537021675421837,0.5292524597066842
0,m02_h6_q3_d2_l1,6,3,0.5146681400498491,-0.11013333247680672,0.48298505187020174
0,m02_h6_q3_d2_l50,6,3,0.5171613308873285,0.05563509819234294,0.6058187624911422
0,m02_h6_q3_d4_l1,6,3,0.5113509635014734,0.059149550134927426,0.5131585292434678
0,m02_h6_q3_d4_l50,6,3,0.516188709242899,0.042467110997462705,0.5605524050694731
0,m02_h6_q3_d8_l1,6,3,0.5078407666783009,0.028529498827211258,0.45882268943481364
0,m02_h6_q3_d8_l50,6,3,0.5154462668566493,0.07079303830447081,0.5669353506612763
0,m03_h6_q3_d2_l1,6,3,0.5078263896906825,-0.24656951726795379,0.5228897722428315
0,m03_h6_q3_d2_l50,6,3,0.5160123515281115,-0.25131628543079754,0.5216728963387759
0,m03_h6_q3_d4_l1,6,3,0.5071143970269274,-0.03000670225344822,0.5384498194159385
0,m03_h6_q3_d4_l50,6,3,0.5174016109009122,-0.2399766414940216,0.515561709226227
0,m03_h6_q3_d8_l1,6,3,0.5036732097443241,-0.27783084698969884,0.5042216367241212
0,m03_h6_q3_d8_l50,6,3,0.5173300946035276,-0.1723074420180411,0.5066110655900483
0,m04_h6_q3_d2_l1,6,3,0.5065465428800661,-0.9443588484312433,0.3063364056362457
0,m04_h6_q3_d2_l50,6,3,0.5073640405144986,-1.0370292879708174,0.29678315159664503
0,m04_h6_q3_d4_l1,6,3,0.5013615375915464,-1.0864291422941572,0.2753392395809458
0,m04_h6_q3_d4_l50,6,3,0.504340154513541,-1.1862267213072761,0.2612925713682106
0,m04_h6_q3_d8_l1,6,3,0.49904839087593605,-0.7857849374585691,0.3423575165346779
0,m04_h6_q3_d8_l50,6,3,0.503772005454113,-1.1252348577610738,0.2986972568156672
0,m05_h6_q3_d2_l1,6,3,0.506155636273125,-0.7816413369396424,0.3345716778491978
0,m05_h6_q3_d2_l50,6,3,0.5098946115197862,-0.833124359751607,0.3506885527203031
0,m05_h6_q3_d4_l1,6,3,0.503617102628541,-0.599039875758889,0.43321273264765014
0,m05_h6_q3_d4_l50,6,3,0.5099846335807208,-0.6403765120595984,0.3815418827221501
0,m05_h6_q3_d8_l1,6,3,0.5004873430161976,-0.27770903012833237,0.5104252142456176
0,m05_h6_q3_d8_l50,6,3,0.5099514559169857,-0.5547994849689778,0.39411178206128766
0,m06_h6_q3_d2_l1,6,3,0.5153510100976588,-0.5830119974462415,0.433615673552759
0,m06_h6_q3_d2_l50,6,3,0.5188884863332356,-0.6351354166453295,0.41855211094489714
0,m06_h6_q3_d4_l1,6,3,0.5062225076975867,-0.6637047852542012,0.3663300762676243
0,m06_h6_q3_d4_l50,6,3,0.5152829590229311,-0.75458879211582,0.3956684866601624
0,m06_h6_q3_d8_l1,6,3,0.4827841840160043,-0.3889785163488618,0.36369893311386337
0,m06_h6_q3_d8_l50,6,3,0.514957670462044,-0.8355113043423055,0.3872335690269445
0,m07_h6_q3_d2_l1,6,3,0.5099346459006932,-0.5582845882211239,0.4526505088048365
0,m07_h6_q3_d2_l50,6,3,0.5176276613831605,-0.6344466289975251,0.5011210724518514
0,m07_h6_q3_d4_l1,6,3,0.5072387026737216,-0.5152130564011516,0.42459337984707846
0,m07_h6_q3_d4_l50,6,3,0.5178988334880886,-0.4882044417074747,0.5251402209365241
0,m07_h6_q3_d8_l1,6,3,0.49483033016494016,-0.2919219287717859,0.4932373847778985
0,m07_h6_q3_d8_l50,6,3,0.5189721677739896,-0.5625893118778559,0.46261233561830223
0,m08_h6_q3_d2_l1,6,3,0.49628004661388025,-0.024312114435508486,0.6129747906542206
0,m08_h6_q3_d2_l50,6,3,0.49936733881664264,0.0465951476221523,0.6762102038765821
0,m08_h6_q3_d4_l1,6,3,0.49636763564614095,-0.07841542501497224,0.5699218311427243
0,m08_h6_q3_d4_l50,6,3,0.4989790864228005,0.061206717138311745,0.6541104098874154
0,m08_h6_q3_d8_l1,6,3,0.4983434023856362,-0.3115466697866296,0.5024483303910979
0,m08_h6_q3_d8_l50,6,3,0.49932782053272706,0.0036875746888723367,0.5986698824913752
0,m09_h6_q3_d2_l1,6,3,0.48771718651642054,-0.09488203245853012,0.5146502948453515
0,m09_h6_q3_d2_l50,6,3,0.4908726772501939,-0.004296426342602701,0.5713613316568505
0,m09_h6_q3_d4_l1,6,3,0.4978995589730024,0.2659096092818531,0.7194504690198362
0,m09_h6_q3_d4_l50,6,3,0.5024384845563874,0.16013424033195578,0.6559155338965379
0,m09_h6_q3_d8_l1,6,3,0.5056168310140672,0.6173484386484018,0.7659947497622488
0,m09_h6_q3_d8_l50,6,3,0.5033050851331479,0.2515088496737023,0.6578216923709133
0,m10_h6_q3_d2_l1,6,3,0.5114212264204501,-0.04794298284156667,0.5321446469278037
0,m10_h6_q3_d2_l50,6,3,0.5129757105586514,0.09718006509221433,0.5967279129415263
0,m10_h6_q3_d4_l1,6,3,0.506598668676201,0.13919415190907722,0.578261300074411
0,m10_h6_q3_d4_l50,6,3,0.5148298258644514,-0.2612212978236978,0.5039636872461116
0,m10_h6_q3_d8_l1,6,3,0.5061990621485472,0.23106269477676847,0.6287517457136461
0,m10_h6_q3_d8_l50,6,3,0.5136994259969261,-0.1738874326379074,0.5438196684280275
0,m11_h6_q3_d2_l1,6,3,0.5003628161849787,-0.44019129879120344,0.4744289397351524
0,m11_h6_q3_d2_l50,6,3,0.5094170743464259,-0.19457517779722527,0.5406297074739597
0,m11_h6_q3_d4_l1,6,3,0.5073381619367852,0.22591835601176258,0.5862277559603429
0,m11_h6_q3_d4_l50,6,3,0.5130227491130136,-0.1328631939378622,0.4962797359361327
0,m11_h6_q3_d8_l1,6,3,0.5051643614088622,-0.05595923627032911,0.563762033003598
0,m11_h6_q3_d8_l50,6,3,0.5139052012402253,-0.21205569490404588,0.4927155763173468
0,m12_h6_q3_d2_l1,6,3,0.5112322611934433,-0.6986761455369167,0.4680316363361421
0,m12_h6_q3_d2_l50,6,3,0.5125805277194957,-0.7608134825543016,0.427608916901537
0,m12_h6_q3_d4_l1,6,3,0.5108586806997862,-0.5418972178561577,0.3584391749488444
0,m12_h6_q3_d4_l50,6,3,0.511847153894667,-0.4341690201838039,0.43031901324460453
0,m12_h6_q3_d8_l1,6,3,0.5126611863064428,-0.03860960820680278,0.5846232163810965
0,m12_h6_q3_d8_l50,6,3,0.5092710926259915,-0.41949965364324393,0.44248216512787497
0,m13_h6_q3_d2_l1,6,3,0.503785276519607,-0.9261506599405267,0.30865995525501194
0,m13_h6_q3_d2_l50,6,3,0.5081002160087094,-0.3346323121680647,0.41402103103998295
0,m13_h6_q3_d4_l1,6,3,0.5030171030119274,-0.3071402333165419,0.4849474650828236
0,m13_h6_q3_d4_l50,6,3,0.5106941194876602,-0.5584799260121404,0.37873636171739444
0,m13_h6_q3_d8_l1,6,3,0.5090069246945186,0.05582887080359859,0.5932577406416416
0,m13_h6_q3_d8_l50,6,3,0.5089805300198137,-0.6000931457552069,0.34778668932402806
0,m14_h6_q3_d2_l1,6,3,0.5144662723980564,-0.6539621149136021,0.3823737020420271
0,m14_h6_q3_d2_l50,6,3,0.5159694417496808,-0.5021186519874826,0.4179900969005855
0,m14_h6_q3_d4_l1,6,3,0.509905523284748,-0.34189118755421705,0.4516749553526484
0,m14_h6_q3_d4_l50,6,3,0.5136869659409901,-0.4409037436462828,0.38779684977314377
0,m14_h6_q3_d8_l1,6,3,0.5079057211710801,-0.255025060953155,0.3991181495312948
0,m14_h6_q3_d8_l50,6,3,0.5133916110056062,-0.5167763610039489,0.4018177318801351
0,m15_h6_q3_d2_l1,6,3,0.5079346226026005,-0.4275878826671537,0.43713296409631147
0,m15_h6_q3_d2_l50,6,3,0.5133781187556873,-0.45507135656924835,0.4694814771352911
0,m15_h6_q3_d4_l1,6,3,0.5108690763677566,-0.4010253643058385,0.46070243630805413
0,m15_h6_q3_d4_l50,6,3,0.51320131867205,-0.6406064610081034,0.4066194970460202
0,m15_h6_q3_d8_l1,6,3,0.511653986163587,-0.3310837063630374,0.40322553852252774
0,m15_h6_q3_d8_l50,6,3,0.5126457033966997,-0.5530855548934521,0.3925607718910632
0,m16_h6_q3_d2_l1,6,3,0.46926281148112325,-0.4400693477968807,0.45802246445714445
0,m16_h6_q3_d2_l50,6,3,0.4770150306613222,0.05311149951858551,0.5816629393972631
0,m16_h6_q3_d4_l1,6,3,0.47151918752767574,-0.33908237795864654,0.44720670741947405
0,m16_h6_q3_d4_l50,6,3,0.47762122344183305,-0.08665481513115283,0.5558562638661849
0,m16_h6_q3_d8_l1,6,3,0.4785863248158161,-0.5673502635927591,0.5243354996676677
0,m16_h6_q3_d8_l50,6,3,0.4764066260365623,-0.3821091992665078,0.4686881847713107
0,m17_h6_q3_d2_l1,6,3,0.4652299558619108,-0.2744625226186426,0.417776272910151
0,m17_h6_q3_d2_l50,6,3,0.47084015134323093,-0.024430795093273495,0.5108176932439266
0,m17_h6_q3_d4_l1,6,3,0.47947998362055605,0.11305852787560687,0.6105967333088487
0,m17_h6_q3_d4_l50,6,3,0.47250943019795566,0.05667104002573394,0.5713749133194326
0,m17_h6_q3_d8_l1,6,3,0.4921255395609725,0.30035682087268506,0.6226436724519612
0,m17_h6_q3_d8_l50,6,3,0.47433995249843286,0.09843388723615228,0.5771034306812508
0,m18_h6_q3_d2_l1,6,3,0.5024984255355354,-0.37116931030181277,0.49854689621955195
0,m18_h6_q3_d2_l50,6,3,0.5042486578897738,-0.3269450627763827,0.5488387817445988
0,m18_h6_q3_d4_l1,6,3,0.5021392220294969,0.10858208658741496,0.5355329153179849
0,m18_h6_q3_d4_l50,6,3,0.5071556110581006,-0.1033222498587372,0.4453952815430973
0,m18_h6_q3_d8_l1,6,3,0.4967356865291755,0.2553919464024419,0.5885388330953044
0,m18_h6_q3_d8_l50,6,3,0.507941553047914,-0.16838837843175827,0.453753321794663
0,m19_h6_q3_d2_l1,6,3,0.4887356670649461,-0.30398693241014624,0.5077452178488621
0,m19_h6_q3_d2_l50,6,3,0.49981501609264145,-0.38210800390013006,0.49403751685420744
0,m19_h6_q3_d4_l1,6,3,0.4930391049639536,-0.3037664715545861,0.4748059717574422
0,m19_h6_q3_d4_l50,6,3,0.5026131465239172,-0.237194051737248,0.5169777242218121
0,m19_h6_q3_d8_l1,6,3,0.4932804908996618,0.11443160881522842,0.5381485866479776
0,m19_h6_q3_d8_l50,6,3,0.5020320213115617,-0.2566756661694873,0.5300177020669786
0,m20_h6_q3_d2_l1,6,3,0.4967570676902492,-0.9521425222188613,0.37473439528491864
0,m20_h6_q3_d2_l50,6,3,0.495470732803169,-1.0913081816521013,0.3466209040705389
0,m20_h6_q3_d4_l1,6,3,0.49440042137107504,-0.9499157573142294,0.2945506924178452
0,m20_h6_q3_d4_l50,6,3,0.49690260704183375,-0.8928987374779943,0.4122659497324987
0,m20_h6_q3_d8_l1,6,3,0.4980604337780467,-0.751016740637434,0.3767249835804248
0,m20_h6_q3_d8_l50,6,3,0.4965291002763183,-0.9196080688044513,0.3595811361330424
0,m21_h6_q3_d2_l1,6,3,0.48983967225776653,-0.712533132224222,0.36398558118286517
0,m21_h6_q3_d2_l50,6,3,0.498332785533241,-0.7604434954099865,0.37869627285601326
0,m21_h6_q3_d4_l1,6,3,0.48937297312122635,-0.6773616763974554,0.3799245163218052
0,m21_h6_q3_d4_l50,6,3,0.4988886219930162,-0.657413213888162,0.40816167575608514
0,m21_h6_q3_d8_l1,6,3,0.4979643660094982,0.045109343702818036,0.5529956461316632
0,m21_h6_q3_d8_l50,6,3,0.4992798972406653,-0.7174242556628493,0.3997613110142065
0,m22_h6_q3_d2_l1,6,3,0.507524104309985,-0.6191838512747563,0.4470543944403096
0,m22_h6_q3_d2_l50,6,3,0.5106442055357743,-0.5780087447174642,0.4352866454713562
0,m22_h6_q3_d4_l1,6,3,0.4970207932528723,-0.5134354089478451,0.3924637838606291
0,m22_h6_q3_d4_l50,6,3,0.508164875588922,-0.818812071874935,0.40790587271193335
0,m22_h6_q3_d8_l1,6,3,0.4868715247318839,-0.6789484336944247,0.35989213232306927
0,m22_h6_q3_d8_l50,6,3,0.5075328779588393,-0.7360757046113416,0.4259236121568139
0,m23_h6_q3_d2_l1,6,3,0.5023652725117452,-0.5783493810333912,0.4455164077436262
0,m23_h6_q3_d2_l50,6,3,0.5081719534905188,-0.6105340622680182,0.49474293710013956
0,m23_h6_q3_d4_l1,6,3,0.49603453190224056,-0.33536007987978705,0.4196909258072162
0,m23_h6_q3_d4_l50,6,3,0.5070516543783973,-0.6256851467852538,0.4155780811075718
0,m23_h6_q3_d8_l1,6,3,0.4899839582309434,-0.1870491612091578,0.48465866829341925
0,m23_h6_q3_d8_l50,6,3,0.5073091130489815,-0.6948718328137456,0.40771821052541474
0,m24_h6_q3_d2_l1,6,3,0.4802804500542713,-0.24185350670808875,0.4722804820251932
0,m24_h6_q3_d2_l50,6,3,0.4890193729539519,0.1311109148154955,0.5863035179021888
0,m24_h6_q3_d4_l1,6,3,0.4904110653554264,-0.01932822644379405,0.5888561117040934
0,m24_h6_q3_d4_l50,6,3,0.4933701443198881,0.07161730540833097,0.603275009420408
0,m24_h6_q3_d8_l1,6,3,0.5015392961410248,-0.10117507190135756,0.5864592345534263
0,m24_h6_q3_d8_l50,6,3,0.4939328374968352,0.010884933428538362,0.6182342733416164
0,m25_h6_q3_d2_l1,6,3,0.46818306284690014,-0.2915862549137557,0.39645617717006487
0,m25_h6_q3_d2_l50,6,3,0.47393356298174893,-0.1605795927281067,0.46276151145984357
0,m25_h6_q3_d4_l1,6,3,0.4840598283225476,0.02265791001677902,0.5605487692792037
0,m25_h6_q3_d4_l50,6,3,0.4822655065396124,-0.0787475917541147,0.5353402017427998
0,m25_h6_q3_d8_l1,6,3,0.5025964102357663,0.4929393909914106,0.7901621764522869
0,m25_h6_q3_d8_l50,6,3,0.4848512999229836,-0.18265769459281436,0.5566083871868519
0,m26_h6_q3_d2_l1,6,3,0.49901285391166866,-0.26942665820714445,0.4979035846120033
0,m26_h6_q3_d2_l50,6,3,0.505789281137348,-0.17548740437820023,0.4680493582068556
0,m26_h6_q3_d4_l1,6,3,0.505229389629783,0.05721809840366192,0.5404064644455909
0,m26_h6_q3_d4_l50,6,3,0.5081311081000538,-0.08385166481237434,0.5705668583661944
0,m26_h6_q3_d8_l1,6,3,0.5067281352929094,0.500207133905971,0.6907751088750901
0,m26_h6_q3_d8_l50,6,3,0.5086991834313401,-0.14512359318079537,0.5377034102573114
0,m27_h6_q3_d2_l1,6,3,0.49250664032507624,-0.23732764891920027,0.49241404830832647
0,m27_h6_q3_d2_l50,6,3,0.5008493481916183,-0.17860129127193095,0.5022398074621656
0,m27_h6_q3_d4_l1,6,3,0.4976940786422697,0.0191626586617803,0.5303873074347487
0,m27_h6_q3_d4_l50,6,3,0.5047740446270543,-0.23234380703917779,0.5203781288414394
0,m27_h6_q3_d8_l1,6,3,0.5060530804281128,0.3717784789858352,0.6386782276382583
0,m27_h6_q3_d8_l50,6,3,0.5055242284681755,-0.25654445033761547,0.48493889792327294
0,m28_h6_q3_d2_l1,6,3,0.4964227842960828,-0.8706811233230836,0.4296164373561738
0,m28_h6_q3_d2_l50,6,3,0.5019576296166535,-0.8929806880024319,0.3756658726447818
0,m28_h6_q3_d4_l1,6,3,0.5029348961340059,-0.7635446426266184,0.30698842919006364
0,m28_h6_q3_d4_l50,6,3,0.501919290983004,-0.7077204773777146,0.48314558718254363
0,m28_h6_q3_d8_l1,6,3,0.5147638391776894,-0.2339562932027905,0.45337933251905976
0,m28_h6_q3_d8_l50,6,3,0.5039767485034292,-0.4396321031274049,0.45765325011850827
0,m29_h6_q3_d2_l1,6,3,0.4881886779821669,-0.773489449131975,0.4224747225170581
0,m29_h6_q3_d2_l50,6,3,0.49574219982066364,-0.7999710512401061,0.4390249111575928
0,m29_h6_q3_d4_l1,6,3,0.4928603879486339,-0.34798653519174405,0.49610657555165033
0,m29_h6_q3_d4_l50,6,3,0.4999096092983573,-0.7879994463108507,0.3291786702559901
0,m29_h6_q3_d8_l1,6,3,0.511059294973171,0.0276743820433517,0.5675203190458029
0,m29_h6_q3_d8_l50,6,3,0.4992321951330284,-0.8068870368940039,0.34063788644347837
0,m30_h6_q3_d2_l1,6,3,0.5028252623873969,-0.6160986932097149,0.4555597893623482
0,m30_h6_q3_d2_l50,6,3,0.5078654656057482,-0.7778375811110096,0.41145576399148653
0,m30_h6_q3_d4_l1,6,3,0.5061369830532917,-0.45856223797099055,0.4228545136747477
0,m30_h6_q3_d4_l50,6,3,0.5100226773018036,-0.5373769115569176,0.4223555010445845
0,m30_h6_q3_d8_l1,6,3,0.5035966062051669,-0.05981469094927902,0.5575691568186408
0,m30_h6_q3_d8_l50,6,3,0.5097088903310114,-0.5538513243796851,0.41312224145477683
0,m31_h6_q3_d2_l1,6,3,0.4973084067333847,-0.6304092308328582,0.43398383830954596
0,m31_h6_q3_d2_l50,6,3,0.5054151108185578,-0.5612081715982775,0.4118733125831847
0,m31_h6_q3_d4_l1,6,3,0.4953087520760001,-0.35797955979471274,0.41892755732561954
0,m31_h6_q3_d4_l50,6,3,0.5081138557149116,-0.5274424422280929,0.41620542511480974
0,m31_h6_q3_d8_l1,6,3,0.5021564744146392,-0.19223791526697998,0.47937480753760403
0,m31_h6_q3_d8_l50,6,3,0.5100571820720882,-0.5105010633660836,0.3774802142431668
0,m01_h6_q5_d2_l1,6,5,0.49878936778634647,-0.12310616469185234,0.4621678916501016
0,m01_h6_q5_d2_l50,6,5,0.5035148365120854,-0.15067481979629604,0.49653485773791495
0,m01_h6_q5_d4_l1,6,5,0.5044436348403292,-0.1794220163485362,0.44910649498685756
0,m01_h6_q5_d4_l50,6,5,0.5020221682366337,0.034056468234523546,0.6023538986488822
0,m01_h6_q5_d8_l1,6,5,0.5074097646343357,0.08343556644586964,0.6162858799963552
0,m01_h6_q5_d8_l50,6,5,0.5020379379949278,0.01001297451510982,0.5555304341693684
0,m02_h6_q5_d2_l1,6,5,0.4986666467185963,-0.28657837602371217,0.37487010023497686
0,m02_h6_q5_d2_l50,6,5,0.5051083908053413,-0.22677812204337952,0.3910914382471245
0,m02_h6_q5_d4_l1,6,5,0.5017005056027122,-0.2304981628961663,0.42455475354975725
0,m02_h6_q5_d4_l50,6,5,0.5051512521996792,-0.29298982627785436,0.3248341698271246
0,m02_h6_q5_d8_l1,6,5,0.5014532438797163,-0.015962546709638918,0.5323908390737253
0,m02_h6_q5_d8_l50,6,5,0.5050463226541069,0.0463570686700824,0.4871941255360855
0,m03_h6_q5_d2_l1,6,5,0.49865552701723515,-0.05401118969623889,0.48969271961445515
0,m03_h6_q5_d2_l50,6,5,0.5020798895955179,-0.16055263101858888,0.4294818814990425
0,m03_h6_q5_d4_l1,6,5,0.5026296071955385,-0.17488036139896015,0.36418197893730875
0,m03_h6_q5_d4_l50,6,5,0.5123031408506289,-0.07481179948013612,0.4333622067762711
0,m03_h6_q5_d8_l1,6,5,0.510002575727188,-0.33102680046715577,0.42672745846464355
0,m03_h6_q5_d8_l50,6,5,0.5132309282969307,-0.07038502550047536,0.41697080174401874
0,m04_h6_q5_d2_l1,6,5,0.4908438357227887,-0.2909781001227354,0.5244995221538107
0,m04_h6_q5_d2_l50,6,5,0.4906400419232959,-0.4931470444903771,0.3793235298292289
0,m04_h6_q5_d4_l1,6,5,0.49773845491951774,-0.580112102171981,0.2912269037279774
0,m04_h6_q5_d4_l50,6,5,0.49578138747994416,-0.45967411865285035,0.3925236443009241
0,m04_h6_q5_d8_l1,6,5,0.49979297137829304,-0.5743862649283246,0.33162197292671536
0,m04_h6_q5_d8_l50,6,5,0.49743498816055076,-0.39887286879891626,0.43778749097072484
0,m05_h6_q5_d2_l1,6,5,0.4831344456808654,-0.5047054670231502,0.28174540289066435
0,m05_h6_q5_d2_l50,6,5,0.487006426783034,-0.5846373039053143,0.2611119430210164
0,m05_h6_q5_d4_l1,6,5,0.4828415931822887,-0.2638304919154216,0.4005160990044918
0,m05_h6_q5_d4_l50,6,5,0.4907828795416904,-0.5999800964752378,0.2862008993662855
0,m05_h6_q5_d8_l1,6,5,0.4898969426077842,-0.1998637456208724,0.4470345679037754
0,m05_h6_q5_d8_l50,6,5,0.48984174845375505,-0.5849069416521586,0.2435806090469698
0,m06_h6_q5_d2_l1,6,5,0.486961846889395,-0.5535795189185074,0.23597979084693826
0,m06_h6_q5_d2_l50,6,5,0.4949052561008747,-0.4511839860758639,0.26218460344169575
0,m06_h6_q5_d4_l1,6,5,0.4869413259859739,-0.5685822666754664,0.25234690360508716
0,m06_h6_q5_d4_l50,6,5,0.4963056308550282,-0.5616000348761386,0.2978027171807841
0,m06_h6_q5_d8_l1,6,5,0.48665342680891255,-0.7307401463157537,0.15118248904197937
0,m06_h6_q5_d8_l50,6,5,0.4970809773044873,-0.4001804321999626,0.31235911897765695
0,m07_h6_q5_d2_l1,6,5,0.48902990916619227,-0.49258466188188166,0.23911235817262308
0,m07_h6_q5_d2_l50,6,5,0.495732056441178,-0.5633466937461846,0.320151120214036
0,m07_h6_q5_d4_l1,6,5,0.49381117857512546,-0.6018552485484214,0.24405635641438758
0,m07_h6_q5_d4_l50,6,5,0.49952256045882726,-0.35416972274063163,0.27860008407131165
0,m07_h6_q5_d8_l1,6,5,0.4922554312664976,-0.6668445823711462,0.17686497972052503
0,m07_h6_q5_d8_l50,6,5,0.5017369984408158,-0.16101753667451024,0.40867739093426114
0,m08_h6_q5_d2_l1,6,5,0.4942274597588117,-0.05735395163932774,0.48851732453008906
0,m08_h6_q5_d2_l50,6,5,0.5017971459163605,0.017118423076829477,0.6189825442110598
0,m08_h6_q5_d4_l1,6,5,0.5066623185264738,-0.005215410149267946,0.4570052622485742
0,m08_h6_q5_d4_l50,6,5,0.5096656487759433,0.00028140544276203437,0.537336905989652
0,m08_h6_q5_d8_l1,6,5,0.5115471022462605,-0.23314918652682495,0.39506242055164636
0,m08_h6_q5_d8_l50,6,5,0.5097996917214429,0.01189200520083867,0.502569698530155
0,m09_h6_q5_d2_l1,6,5,0.48418252807825685,0.08259990173801253,0.586965933423022
0,m09_h6_q5_d2_l50,6,5,0.48677240761347756,0.015429623759567444,0.5087543125031231
0,m09_h6_q5_d4_l1,6,5,0.5044686036242948,0.061064032696638876,0.6141046007048739
0,m09_h6_q5_d4_l50,6,5,0.5022139325410175,0.07861313183624599,0.531422871540251
0,m09_h6_q5_d8_l1,6,5,0.5313089344172144,0.19457974425693159,0.6270543021348765
0,m09_h6_q5_d8_l50,6,5,0.505330987008954,0.14212231649097995,0.5952968606012411
0,m10_h6_q5_d2_l1,6,5,0.48401654126339216,-0.399718661845719,0.4252292765898811
0,m10_h6_q5_d2_l50,6,5,0.4913952718221107,-0.29632510063420214,0.48000155194859195
0,m10_h6_q5_d4_l1,6,5,0.4917781939017132,-0.1983952600474996,0.39395902153224754
0,m10_h6_q5_d4_l50,6,5,0.49821609663707883,-0.20174881886172505,0.5459016745668019
0,m10_h6_q5_d8_l1,6,5,0.4948324726010559,-0.08749840844551598,0.3866371530534367
0,m10_h6_q5_d8_l50,6,5,0.49998372480073494,-0.038187128485197085,0.5571733397425477
0,m11_h6_q5_d2_l1,6,5,0.4827421223992029,-0.36748823562445543,0.2828646772225345
0,m11_h6_q5_d2_l50,6,5,0.4921903304694374,-0.5993426687580511,0.40781014985267794
0,m11_h6_q5_d4_l1,6,5,0.4996719688098442,-0.18232911456859707,0.46682940865582506
0,m11_h6_q5_d4_l50,6,5,0.503807689010662,-0.22603793961291718,0.44872265260607963
0,m11_h6_q5_d8_l1,6,5,0.5074976102750892,-0.06551526082248611,0.48989531563030775
0,m11_h6_q5_d8_l50,6,5,0.5059098180089022,-0.22392921355659887,0.5338266647717954
0,m12_h6_q5_d2_l1,6,5,0.48504208099347856,-0.7110856506027675,0.3997565636578923
0,m12_h6_q5_d2_l50,6,5,0.4880672462928937,-0.43357204949559175,0.5959541518800783
0,m12_h6_q5_d4_l1,6,5,0.4990424926246053,-0.38743928534260363,0.481790971979702
0,m12_h6_q5_d4_l50,6,5,0.4972294758617566,-0.4189948056310821,0.5129124101292348
0,m12_h6_q5_d8_l1,6,5,0.5021655112959993,0.04815353211094576,0.5444607727626207
0,m12_h6_q5_d8_l50,6,5,0.4959914487474768,-0.2916711555359047,0.5218138153736852
0,m13_h6_q5_d2_l1,6,5,0.47947404216914247,-0.5605056247185564,0.2136923973516261
0,m13_h6_q5_d2_l50,6,5,0.4874027935924641,-0.4686797156212553,0.23049106104261083
0,m13_h6_q5_d4_l1,6,5,0.49332565197841727,-0.27102566534050293,0.43932196716048993
0,m13_h6_q5_d4_l50,6,5,0.491175809352518,-0.4077650841062591,0.31340413930177274
0,m13_h6_q5_d8_l1,6,5,0.5029237738406398,0.014360150754052602,0.5379774624722957
0,m13_h6_q5_d8_l50,6,5,0.49202939806428236,-0.4926571545833364,0.22972339611865583
0,m14_h6_q5_d2_l1,6,5,0.4821476227291548,-0.6995358713119757,0.2836548333744167
0,m14_h6_q5_d2_l50,6,5,0.49422250643729615,-0.5154059573476057,0.3994624320701749
0,m14_h6_q5_d4_l1,6,5,0.4865517320855546,-0.7275081905798484,0.2744591038426113
0,m14_h6_q5_d4_l50,6,5,0.49789918514828424,-0.7168757283959475,0.2606367082735496
0,m14_h6_q5_d8_l1,6,5,0.48815620390378345,-0.6260070182160203,0.3650493341881357
0,m14_h6_q5_d8_l50,6,5,0.5002680858909995,-0.6854505793902919,0.3188106428468625
0,m15_h6_q5_d2_l1,6,5,0.47859700099632524,-0.380820525849402,0.38092824507535206
0,m15_h6_q5_d2_l50,6,5,0.4893808873764298,-0.5063844314932191,0.37407740821893454
0,m15_h6_q5_d4_l1,6,5,0.48824384736814863,-0.5517682281194007,0.3359825042530681
0,m15_h6_q5_d4_l50,6,5,0.4936922988587547,-0.5758305225194493,0.34601086561898925
0,m15_h6_q5_d8_l1,6,5,0.4993115893975467,-0.16578294145100625,0.5170435173848988
0,m15_h6_q5_d8_l50,6,5,0.4967752866052481,-0.470043768500646,0.3646252246724295
0,m16_h6_q5_d2_l1,6,5,0.46097753092490046,-0.5020805663796339,0.4615114790633367
0,m16_h6_q5_d2_l50,6,5,0.46878740263185137,-0.332610766589091,0.46375435267468507
0,m16_h6_q5_d4_l1,6,5,0.46961652800062104,-0.640187897840349,0.3271645699243538
0,m16_h6_q5_d4_l50,6,5,0.47662295074012734,0.016751065147283004,0.508806201720511
0,m16_h6_q5_d8_l1,6,5,0.480141628603592,-0.5465432319704312,0.40363953731704977
0,m16_h6_q5_d8_l50,6,5,0.4776866007194245,-0.1320446226449417,0.46427042703686416
0,m17_h6_q5_d2_l1,6,5,0.4743021679778479,-0.03291984502784071,0.4335406914025454
0,m17_h6_q5_d2_l50,6,5,0.47615956245794727,-0.32224623677175784,0.37148417471477474
0,m17_h6_q5_d4_l1,6,5,0.47360344637958696,-0.19200527311553883,0.42718984115888836
0,m17_h6_q5_d4_l50,6,5,0.47868868798845815,-0.37425847016863295,0.3587600294001342
0,m17_h6_q5_d8_l1,6,5,0.4957348869106154,0.4844242835821503,0.7402454686918258
0,m17_h6_q5_d8_l50,6,5,0.47966135859298176,0.009989350507064924,0.5285963661137828
0,m18_h6_q5_d2_l1,6,5,0.467602547907717,-0.21677428844675367,0.42612461738034463
0,m18_h6_q5_d2_l50,6,5,0.48316002099399613,-0.06007733582681763,0.5286014432403149
0,m18_h6_q5_d4_l1,6,5,0.47255799227524453,-0.06408188315459386,0.4829701145843573
0,m18_h6_q5_d4_l50,6,5,0.4845718187140935,-0.05009401065417483,0.5418775654975937
0,m18_h6_q5_d8_l1,6,5,0.48389341584286527,0.07775573383180198,0.5769511646772548
0,m18_h6_q5_d8_l50,6,5,0.4833642191462657,-0.042986983361321174,0.5522054234322132
0,m19_h6_q5_d2_l1,6,5,0.4709879915312355,-0.30855357796542215,0.39821097754205675
0,m19_h6_q5_d2_l50,6,5,0.4816797865664303,-0.39979223746283404,0.3428298558740838
0,m19_h6_q5_d4_l1,6,5,0.48180655116194815,0.14806359740860897,0.6068163165064109
0,m19_h6_q5_d4_l50,6,5,0.4903153466435485,-0.11286841464451106,0.43236855148894227
0,m19_h6_q5_d8_l1,6,5,0.4901293443662336,0.3760098638671999,0.6643842161432365
0,m19_h6_q5_d8_l50,6,5,0.49280474451374157,-0.052585682348735584,0.4481453020641462
0,m20_h6_q5_d2_l1,6,5,0.46905569069923925,-0.8864490744977607,0.24951718917338503
0,m20_h6_q5_d2_l50,6,5,0.47497642623311426,-0.8270299270294578,0.3817833068229862
0,m20_h6_q5_d4_l1,6,5,0.47634960826302986,-0.6666568096145652,0.3709078248991268
0,m20_h6_q5_d4_l50,6,5,0.4766298247373324,-0.7907880906186434,0.4498681212418542
0,m20_h6_q5_d8_l1,6,5,0.4819678879198799,-0.5550542644489223,0.4301496563808146
0,m20_h6_q5_d8_l50,6,5,0.47679783331608094,-0.7337465691542832,0.461012834052562
0,m21_h6_q5_d2_l1,6,5,0.46472679095931885,-0.7131056031382356,0.21654012630309036
0,m21_h6_q5_d2_l50,6,5,0.47267373825759534,-0.7694607341145027,0.2909028665198851
0,m21_h6_q5_d4_l1,6,5,0.474167518503183,-0.513015158622118,0.30383633588634157
0,m21_h6_q5_d4_l50,6,5,0.47179598946741885,-0.5215852104662596,0.3848883493073036
0,m21_h6_q5_d8_l1,6,5,0.4743901147067958,0.1323994392206796,0.7085620430120083
0,m21_h6_q5_d8_l50,6,5,0.47221378697401795,-0.36504380118248503,0.4544662206511245
0,m22_h6_q5_d2_l1,6,5,0.4722824258578748,-0.35174341852440205,0.4271575661646104
0,m22_h6_q5_d2_l50,6,5,0.48084550569975676,-0.45186535802305855,0.44491127849685863
0,m22_h6_q5_d4_l1,6,5,0.470718288229129,-0.5753330232621133,0.3234995533137472
0,m22_h6_q5_d4_l50,6,5,0.4803628095724859,-0.3223661062297298,0.4194822270329175
0,m22_h6_q5_d8_l1,6,5,0.4696759678588065,-0.40189250113635294,0.32303984812955144
0,m22_h6_q5_d8_l50,6,5,0.4814908527314839,-0.4999293085614316,0.40600792512484585
0,m23_h6_q5_d2_l1,6,5,0.4696839538261477,-0.6653510186489369,0.32394677691734375
0,m23_h6_q5_d2_l50,6,5,0.4832321979646499,-0.5427053445431864,0.4387486812130754
0,m23_h6_q5_d4_l1,6,5,0.4715330590743233,-0.18690938079424085,0.349446294534597
0,m23_h6_q5_d4_l50,6,5,0.4883839556052999,-0.304394874272994,0.365680147725499
0,m23_h6_q5_d8_l1,6,5,0.48300030164717145,-0.27602305452145753,0.39001920733542966
0,m23_h6_q5_d8_l50,6,5,0.4912291839190518,-0.2579872543179461,0.3770580005618628
0,m24_h6_q5_d2_l1,6,5,0.47233812545287507,-0.7089091003754612,0.31126823376928003
0,m24_h6_q5_d2_l50,6,5,0.4800511546697893,-0.6235099795850043,0.3525140781661298
0,m24_h6_q5_d4_l1,6,5,0.48996052708193155,-0.5089949448214819,0.3863600774059651
0,m24_h6_q5_d4_l50,6,5,0.4897198360915584,-0.13919183384197575,0.48951008246156735
0,m24_h6_q5_d8_l1,6,5,0.5054630081905698,-0.35389624442221085,0.45082185535529545
0,m24_h6_q5_d8_l50,6,5,0.4906059752018529,-0.09821100899068837,0.5683935022660884
0,m25_h6_q5_d2_l1,6,5,0.46792441271802704,-0.18379915281125142,0.3446472128294847
0,m25_h6_q5_d2_l50,6,5,0.471799729730604,-0.559742318957905,0.18221637008432257
0,m25_h6_q5_d4_l1,6,5,0.4872920009316287,0.041162479000737794,0.5648578865791847
0,m25_h6_q5_d4_l50,6,5,0.4774028461583251,-0.19085322295952228,0.5186271032376675
0,m25_h6_q5_d8_l1,6,5,0.5094679202681021,0.2233032555857605,0.6265891384574486
0,m25_h6_q5_d8_l50,6,5,0.48141705834972304,-0.20284846453348326,0.4935000688926661
0,m26_h6_q5_d2_l1,6,5,0.4731752367889861,-0.28406012234618366,0.3551016197472472
0,m26_h6_q5_d2_l50,6,5,0.47787654543631275,-0.33885587041257864,0.3872943987737051
0,m26_h6_q5_d4_l1,6,5,0.47781710557812745,-0.4141801575332595,0.3732090877539718
0,m26_h6_q5_d4_l50,6,5,0.4824975900574505,-0.3402015209624427,0.37105486412078204
0,m26_h6_q5_d8_l1,6,5,0.4903898486426686,-0.058875929582342196,0.3858025700385929
0,m26_h6_q5_d8_l50,6,5,0.48345216587521356,-0.40266082471783077,0.345258380541799
0,m27_h6_q5_d2_l1,6,5,0.466725607823094,-0.40928456751019804,0.3147710632258256
0,m27_h6_q5_d2_l50,6,5,0.4782249964416956,-0.4749933013190775,0.3550564227368155
0,m27_h6_q5_d4_l1,6,5,0.4825426753920604,-0.06055035842766248,0.46827880383511944
0,m27_h6_q5_d4_l50,6,5,0.4866705107137312,-0.13036252181110974,0.4616223048639367
0,m27_h6_q5_d8_l1,6,5,0.5030087890119559,-0.03168851944292026,0.4724331603788858
0,m27_h6_q5_d8_l50,6,5,0.4889406482907199,-0.10386134152042181,0.48436705947466835
0,m28_h6_q5_d2_l1,6,5,0.4640917549233994,-0.5828762650701549,0.3169144468512157
0,m28_h6_q5_d2_l50,6,5,0.47860539131644325,-0.7120766231486074,0.30874113779133244
0,m28_h6_q5_d4_l1,6,5,0.47979651350861763,-0.38767296589710104,0.45108789248248893
0,m28_h6_q5_d4_l50,6,5,0.478529271906216,-0.6312154297361551,0.3016647781845854
0,m28_h6_q5_d8_l1,6,5,0.48757444134620365,-0.025240180681689893,0.5055985173571617
0,m28_h6_q5_d8_l50,6,5,0.4796020198229905,-0.7314048769503333,0.3207040806241107
0,m29_h6_q5_d2_l1,6,5,0.4603906128694167,-0.8279906960711004,0.1969496791839467
0,m29_h6_q5_d2_l50,6,5,0.4698414492327002,-0.8129151253327715,0.2376022436607355
0,m29_h6_q5_d4_l1,6,5,0.4809875346125977,-0.3431210758982981,0.41052699875945736
0,m29_h6_q5_d4_l50,6,5,0.4721426208853061,-0.7368947090553836,0.2939465063459944
0,m29_h6_q5_d8_l1,6,5,0.4905571496040578,-0.0036113162073929113,0.4469053433406861
0,m29_h6_q5_d8_l50,6,5,0.4776511187632627,-0.8580862299708616,0.25935510729213535
0,m30_h6_q5_d2_l1,6,5,0.4641922365884271,-0.6781106662199651,0.2758484724380181
0,m30_h6_q5_d2_l50,6,5,0.47573458768956056,-0.9079106156295247,0.23697275518457353
0,m30_h6_q5_d4_l1,6,5,0.4741135374074841,-0.37106563179617097,0.3375651093269092
0,m30_h6_q5_d4_l50,6,5,0.4844942840691476,-0.3866638292446949,0.4212844879314862
0,m30_h6_q5_d8_l1,6,5,0.48449185795248695,-0.1696580021899845,0.4216415820071199
0,m30_h6_q5_d8_l50,6,5,0.48543076510015015,-0.35915032061788355,0.41970786591699155
0,m31_h6_q5_d2_l1,6,5,0.47039591797784785,-0.75483973589802,0.3603674972699008
0,m31_h6_q5_d2_l50,6,5,0.4777464449303866,-0.6021146343726549,0.44319350506272354
0,m31_h6_q5_d4_l1,6,5,0.475497839138761,-0.49721051767391744,0.34627196102223956
0,m31_h6_q5_d4_l50,6,5,0.4845921374411262,-0.2254242975783672,0.5203017769635302
0,m31_h6_q5_d8_l1,6,5,0.4904354394182496,0.10635881599678308,0.4725395855979338
0,m31_h6_q5_d8_l50,6,5,0.4861270605817505,-0.259311206617437,0.5233079878284033
1,m01_h1_q3_d2_l1,1,3,0.47832086894586895,-0.2523640322000732,0.5622040591559371
1,m01_h1_q3_d2_l50,1,3,0.47832086894586895,-0.2523640322000732,0.5622040591559371
1,m01_h1_q3_d4_l1,1,3,0.48919423340719637,-0.16425598716355588,0.6499429950569799
1,m01_h1_q3_d4_l50,1,3,0.48919423340719637,-0.16425598716355588,0.6499429950569799
1,m01_h1_q3_d8_l1,1,3,0.5006265168302204,0.09532356070654918,0.6211255423174206
1,m01_h1_q3_d8_l50,1,3,0.5006265168302204,0.09532356070654918,0.6211255423174206
1,m02_h1_q3_d2_l1,1,3,0.48658594491927826,-0.9089232347078758,0.2560448605457172
1,m02_h1_q3_d2_l50,1,3,0.48658594491927826,-0.9089232347078758,0.2560448605457172
1,m02_h1_q3_d4_l1,1,3,0.4919739896591748,-0.47060477236197396,0.4574891644214611
1,m02_h1_q3_d4_l50,1,3,0.49200696422918644,-0.46688557131245967,0.4574891644214611
1,m02_h1_q3_d8_l1,1,3,0.49290057507650104,-0.3835142001917721,0.49493825496361055
1,m02_h1_q3_d8_l50,1,3,0.4929071699905033,-0.3835142001917721,0.49493825496361055
1,m03_h1_q3_d2_l1,1,3,0.46853958102511345,-0.9182137088574909,0.28559569953124264
1,m03_h1_q3_d2_l50,1,3,0.4681249945042384,-0.9670894194138561,0.2637075847180845
1,m03_h1_q3_d4_l1,1,3,0.47333806793201083,-1.022505962858391,0.2542499032874266
1,m03_h1_q3_d4_l50,1,3,0.47666609510745317,-0.8984152501595333,0.30483691642977573
1,m03_h1_q3_d8_l1,1,3,0.48397119891139956,-0.43613861972488854,0.4369711910848056
1,m03_h1_q3_d8_l50,1,3,0.4864313766223488,-0.5699826651493003,0.28868951818795924
1,m04_h1_q3_d2_l1,1,3,0.4797882373113855,-0.7156346304349082,0.4008218975735969
1,m04_h1_q3_d2_l50,1,3,0.4797882373113855,-0.7156346304349082,0.4008218975735969
1,m04_h1_q3_d4_l1,1,3,0.479173261580669,-0.7016818088413862,0.42009185830529255
1,m04_h1_q3_d4_l50,1,3,0.479173261580669,-0.7016818088413862,0.42009185830529255
1,m04_h1_q3_d8_l1,1,3,0.4826982431149097,-0.9532619546534609,0.4162317752894289
1,m04_h1_q3_d8_l50,1,3,0.4826982431149097,-0.9532619546534609,0.4162317752894289
1,m05_h1_q3_d2_l1,1,3,0.47232554254159187,-0.6867658020025521,0.4548561127598627
1,m05_h1_q3_d2_l50,1,3,0.47372524434156377,-0.8199594437181893,0.49190016809650405
1,m05_h1_q3_d4_l1,1,3,0.4716727834494038,-1.1206413165138376,0.37543808725156025
1,m05_h1_q3_d4_l50,1,3,0.4688807991277127,-0.9527030391309326,0.3854789599660031
1,m05_h1_q3_d8_l1,1,3,0.4826207528753825,-0.768328795890201,0.41124814615422867
1,m05_h1_q3_d8_l50,1,3,0.4773147323783898,-0.9855556716442994,0.38779194789381727
1,m06_h1_q3_d2_l1,1,3,0.4748287932846189,-1.0655246239031755,0.2837024031289521
1,m06_h1_q3_d2_l50,1,3,0.4755036041205023,-1.0694286050637523,0.23693948062730255
1,m06_h1_q3_d4_l1,1,3,0.4751265261730154,-1.0117338004102618,0.3538285581602297
1,m06_h1_q3_d4_l50,1,3,0.47517035487232245,-1.013852235686208,0.42981111567885844
1,m06_h1_q3_d8_l1,1,3,0.4748921319378495,-0.8935637546849449,0.3295357611589904
1,m06_h1_q3_d8_l50,1,3,0.48297543559406986,-0.7689419771807747,0.4641599774102147
1,m07_h1_q3_d2_l1,1,3,0.46296866481569415,-0.8471676797903845,0.39469824885552524
1,m07_h1_q3_d2_l50,1,3,0.46504523836217515,-0.9081101123790817,0.3637016158882273
1,m07_h1_q3_d4_l1,1,3,0.46370173072526466,-1.4790676019949565,0.23540377067616552
1,m07_h1_q3_d4_l50,1,3,0.4672824255434209,-1.300761554098026,0.2805605598753089
1,m07_h1_q3_d8_l1,1,3,0.47889854219425976,-1.2101604188071062,0.20451828804206612
1,m07_h1_q3_d8_l50,1,3,0.4759135192439591,-1.3090011664257029,0.23539201136783663
1,m08_h1_q3_d2_l1,1,3,0.489852076078928,-0.8917870846554843,0.2906455055641553
1,m08_h1_q3_d2_l50,1,3,0.489852076078928,-0.8917870846554843,0.2906455055641553
1,m08_h1_q3_d4_l1,1,3,0.4964156642397383,-0.6538092137412042,0.4104592316272401
1,m08_h1_q3_d4_l50,1,3,0.49641236678273715,-0.6538092137412042,0.4104592316272401
1,m08_h1_q3_d8_l1,1,3,0.4973389522000634,-0.7312894501621121,0.41366464085897914
1,m08_h1_q3_d8_l50,1,3,0.49731257254405403,-0.7312894501621121,0.41366464085897914
1,m09_h1_q3_d2_l1,1,3,0.479840515744258,-0.8923007157856262,0.3777801182532155
1,m09_h1_q3_d2_l50,1,3,0.4795302113010446,-0.7608386106504792,0.3958251775771441
1,m09_h1_q3_d4_l1,1,3,0.48305100231701315,-1.0799619026836103,0.4277881254361805
1,m09_h1_q3_d4_l50,1,3,0.4823331184490521,-1.0488180948271422,0.40832698509206583
1,m09_h1_q3_d8_l1,1,3,0.4876487565289649,-0.7720761399656373,0.37418340587292537
1,m09_h1_q3_d8_l50,1,3,0.49149276702806793,-0.8150048120262802,0.4216492999908678
1,m10_h1_q3_d2_l1,1,3,0.4827642609519538,-0.9205698936861245,0.22284746733527905
1,m10_h1_q3_d2_l50,1,3,0.4839284006674053,-1.0434560600559872,0.18722353943916062
1,m10_h1_q3_d4_l1,1,3,0.48753678038496706,-0.773288526945668,0.2849114824830854
1,m10_h1_q3_d4_l50,1,3,0.48832707091291194,-0.9146890429298679,0.2568709071148231
1,m10_h1_q3_d8_l1,1,3,0.5048796180885301,-0.19899581336741318,0.4889476767718863
1,m10_h1_q3_d8_l50,1,3,0.4930113833711442,-0.819438458282187,0.3215389831010567
1,m11_h1_q3_d2_l1,1,3,0.4697233680885301,-1.1328767097297945,0.17054271871025764
1,m11_h1_q3_d2_l50,1,3,0.47036932617565336,-1.0979022138958847,0.20460853019752484
1,m11_h1_q3_d4_l1,1,3,0.47806868218230103,-0.8512366975112616,0.29055544011677276
1,m11_h1_q3_d4_l50,1,3,0.4796889014192255,-0.9608920465041595,0.1774378106568328
1,m11_h1_q3_d8_l1,1,3,0.4881322461617601,-0.6066597874165909,0.41176370839052157
1,m11_h1_q3_d8_l50,1,3,0.48476100856019844,-0.7906698967160252,0.3608143776990963
1,m12_h1_q3_d2_l1,1,3,0.4810877788549471,-0.8480766215106607,0.38125660871571565
1,m12_h1_q3_d2_l50,1,3,0.4843331635142978,-0.8128083754420711,0.38516420179041877
1,m12_h1_q3_d4_l1,1,3,0.47354553293500057,-1.0194302664309698,0.3144591845828817
1,m12_h1_q3_d4_l50,1,3,0.47616467555221414,-0.8849224275368649,0.3840636781379083
1,m12_h1_q3_d8_l1,1,3,0.4745555852326686,-1.0937584022637417,0.20983872298364684
1,m12_h1_q3_d8_l50,1,3,0.47865748434807076,-0.8908607791690418,0.30072523033415727
1,m13_h1_q3_d2_l1,1,3,0.46902691769107663,-1.3112163323099024,0.22211642240419383
1,m13_h1_q3_d2_l50,1,3,0.46963969511712567,-1.1977588947142421,0.28297711958069716
1,m13_h1_q3_d4_l1,1,3,0.4721939877466498,-1.0232906297096704,0.38601577819222777
1,m13_h1_q3_d4_l50,1,3,0.4726372209252225,-0.9102658184433674,0.38985947542848176
1,m13_h1_q3_d8_l1,1,3,0.47870041998610674,-0.8840205820693414,0.353022813881751
1,m13_h1_q3_d8_l50,1,3,0.475088605417502,-1.10761846102535,0.3854797635769073
1,m14_h1_q3_d2_l1,1,3,0.4765358455559073,-1.1481182057870507,0.18953112240724918
1,m14_h1_q3_d2_l50,1,3,0.4783378371100207,-1.1166844922049244,0.20246906660619307
1,m14_h1_q3_d4_l1,1,3,0.47467237016812636,-0.8378699923016324,0.3312747627860353
1,m14_h1_q3_d4_l50,1,3,0.4767551264464845,-1.309431983837375,0.1948234405921562
1,m14_h1_q3_d8_l1,1,3,0.4850396436767964,-0.8953506784828827,0.265432256191357
1,m14_h1_q3_d8_l50,1,3,0.4836942812203229,-0.9138129357858942,0.32359488587389573
1,m15_h1_q3_d2_l1,1,3,0.47087995113168724,-1.315110102911604,0.14365084118173968
1,m15_h1_q3_d2_l50,1,3,0.4705638761387218,-1.2767441921956215,0.1462324345788601
1,m15_h1_q3_d4_l1,1,3,0.4675448481630966,-1.0442514399009735,0.2940585881545687
1,m15_h1_q3_d4_l50,1,3,0.47420536782033695,-1.0982266896606225,0.2298676659275743
1,m15_h1_q3_d8_l1,1,3,0.4756879869244839,-1.1069957266620403,0.17373055311369828
1,m15_h1_q3_d8_l50,1,3,0.47627081244943903,-1.3513538077501992,0.16156719708540632
1,m16_h1_q3_d2_l1,1,3,0.4868497414793711,-0.3660580527129991,0.5666163857674404
1,m16_h1_q3_d2_l50,1,3,0.4868497414793711,-0.3660580527129991,0.5666163857674404
1,m16_h1_q3_d4_l1,1,3,0.4840897699693997,-0.6029174142750101,0.4051422101970247
1,m16_h1_q3_d4_l50,1,3,0.4840897699693997,-0.6029174142750101,0.4051422101970247
1,m16_h1_q3_d8_l1,1,3,0.4785830167774613,-0.8037187235905542,0.3294403136086474
1,m16_h1_q3_d8_l50,1,3,0.4785731244064578,-0.8037187235905542,0.3294403136086474
1,m17_h1_q3_d2_l1,1,3,0.4778969396301572,-0.5378073943283402,0.4815540332039062
1,m17_h1_q3_d2_l50,1,3,0.478449538465935,-0.4552027828409259,0.5071572324966762
1,m17_h1_q3_d4_l1,1,3,0.48159964035735636,-0.4259599019129138,0.4844535023294973
1,m17_h1_q3_d4_l50,1,3,0.48186137600682355,-0.45749616341691834,0.502153695693257
1,m17_h1_q3_d8_l1,1,3,0.49883860816538284,0.20212455694295461,0.7301966957859621
1,m17_h1_q3_d8_l50,1,3,0.4864796019309908,-0.0487445446324673,0.6066729728707679
1,m18_h1_q3_d2_l1,1,3,0.48171058604604133,-0.7930892500565075,0.32874502848040765
1,m18_h1_q3_d2_l50,1,3,0.48044415646653305,-0.8144853654225087,0.32570574799655255
1,m18_h1_q3_d4_l1,1,3,0.4891020420052056,-0.7681917183043551,0.3658533763406411
1,m18_h1_q3_d4_l50,1,3,0.4896832188016601,-0.6291187101864518,0.4154459275979854
1,m18_h1_q3_d8_l1,1,3,0.4970403949474166,-0.20572576887990965,0.5210620359194121
1,m18_h1_q3_d8_l50,1,3,0.501415021235623,-0.4073825708059293,0.44615393459500885
1,m19_h1_q3_d2_l1,1,3,0.46577425114751514,-0.9981276578126035,0.27921536362784466
1,m19_h1_q3_d2_l50,1,3,0.466723094399599,-0.9537133144388986,0.2707322295034896
1,m19_h1_q3_d4_l1,1,3,0.4755262741373852,-0.7854766351321845,0.3272712402174325
1,m19_h1_q3_d4_l50,1,3,0.4762572104393092,-0.6489946120645651,0.3800052013616344
1,m19_h1_q3_d8_l1,1,3,0.49221717711301044,-0.055223919658136576,0.5261650840879093
1,m19_h1_q3_d8_l50,1,3,0.4904427330642608,-0.4852103733355433,0.42509676560255766
1,m20_h1_q3_d2_l1,1,3,0.47890774759505467,-0.4898977840623258,0.5046675175467588
1,m20_h1_q3_d2_l50,1,3,0.47833041783176816,-0.5162585813841564,0.4928173425562717
1,m20_h1_q3_d4_l1,1,3,0.48027145215609723,-0.6148192155987575,0.45542411178059755
1,m20_h1_q3_d4_l50,1,3,0.47921489197530864,-0.7128136363302934,0.4468971400519376
1,m20_h1_q3_d8_l1,1,3,0.502717791539165,-0.18300687455577028,0.48788441615719486
1,m20_h1_q3_d8_l50,1,3,0.4878525805898491,-0.473303356965586,0.45578272960300736
1,m21_h1_q3_d2_l1,1,3,0.46987539459568783,-0.9939795118073274,0.36912974539745397
1,m21_h1_q3_d2_l50,1,3,0.47012627611585944,-0.651158817908914,0.48201754180873935
1,m21_h1_q3_d4_l1,1,3,0.47489948251908126,-0.8989649065052843,0.38837185873897395
1,m21_h1_q3_d4_l50,1,3,0.4747317243941473,-0.8975899638898739,0.3883369230169167
1,m21_h1_q3_d8_l1,1,3,0.48741237008019417,-0.33527464163336085,0.5561838319194683
1,m21_h1_q3_d8_l50,1,3,0.48333424013400866,-0.19902046164005902,0.5399729621186388
1,m22_h1_q3_d2_l1,1,3,0.47460772627149944,-1.001256057514761,0.30847560271457125
1,m22_h1_q3_d2_l50,1,3,0.47545668405525654,-0.9982107477969125,0.3325978455490759
1,m22_h1_q3_d4_l1,1,3,0.4779155565228096,-0.7775176076604168,0.379851207709157
1,m22_h1_q3_d4_l50,1,3,0.47673513561341496,-0.7331946964275082,0.342526879904237
1,m22_h1_q3_d8_l1,1,3,0.49327957654057186,-0.5013885948056918,0.5375108600767552
1,m22_h1_q3_d8_l50,1,3,0.4879327500131898,-0.5660307377656209,0.3833746468538261
1,m23_h1_q3_d2_l1,1,3,0.4670959131317927,-0.9637714614848152,0.29590296553732276
1,m23_h1_q3_d2_l50,1,3,0.4675985692334072,-1.0146510895808358,0.3289209522210288
1,m23_h1_q3_d4_l1,1,3,0.4697206202076958,-0.9157766893932663,0.3341660147165803
1,m23_h1_q3_d4_l50,1,3,0.47304651777549156,-0.9926980633833341,0.2852517253165353
1,m23_h1_q3_d8_l1,1,3,0.488964922751574,-0.5651157528324519,0.4270412248641644
1,m23_h1_q3_d8_l50,1,3,0.4835863582005557,-0.8885671955338228,0.27273328961055215
1,m24_h1_q3_d2_l1,1,3,0.48501408838503746,-0.6822343884937122,0.3679585131243511
1,m24_h1_q3_d2_l50,1,3,0.48502329378583237,-0.7443542351414862,0.3608635450774688
1,m24_h1_q3_d4_l1,1,3,0.4862498790932433,-0.7290417228895739,0.3936370324651664
1,m24_h1_q3_d4_l50,1,3,0.4852374910968661,-0.8477092940046264,0.35278984196312146
1,m24_h1_q3_d8_l1,1,3,0.49009574441190956,-0.7819320550285074,0.3044611208478131
1,m24_h1_q3_d8_l50,1,3,0.48616586263673456,-0.8262536313178117,0.3476858888524274
1,m25_h1_q3_d2_l1,1,3,0.4768446386646618,-0.7369743990995267,0.4101868417347262
1,m25_h1_q3_d2_l50,1,3,0.47796728537951527,-0.9191525907753753,0.3788359897942597
1,m25_h1_q3_d4_l1,1,3,0.4832551011659808,-0.7819770956863907,0.49188472852467363
1,m25_h1_q3_d4_l50,1,3,0.4823974875575956,-0.881830413739082,0.43934143530237246
1,m25_h1_q3_d8_l1,1,3,0.48766696123949205,-0.8585344069296054,0.3718321661722159
1,m25_h1_q3_d8_l50,1,3,0.49047859290914847,-0.9426141396497294,0.40085463913725444
1,m26_h1_q3_d2_l1,1,3,0.4812077925503852,-0.9510434038727146,0.2714141247312333
1,m26_h1_q3_d2_l50,1,3,0.481338522981077,-0.9329598734433654,0.25428075681762025
1,m26_h1_q3_d4_l1,1,3,0.4831255385846435,-0.8128392886508735,0.36655624772983486
1,m26_h1_q3_d4_l50,1,3,0.48876549530002467,-0.6984154165062151,0.33705121892206485
1,m26_h1_q3_d8_l1,1,3,0.500418021371918,-0.26381500430170185,0.47788287587996453
1,m26_h1_q3_d8_l50,1,3,0.4984547979098519,-0.6207515734726651,0.37734411226671233
1,m27_h1_q3_d2_l1,1,3,0.46911629251521225,-1.1307497719264097,0.2433219958717005
1,m27_h1_q3_d2_l50,1,3,0.46871214794150745,-1.1168488495052398,0.2398432898048001
1,m27_h1_q3_d4_l1,1,3,0.4800367831328479,-0.7413200844373594,0.3118191606954855
1,m27_h1_q3_d4_l50,1,3,0.48282890484858076,-0.7568254204281619,0.287449966039514
1,m27_h1_q3_d8_l1,1,3,0.4892559233319264,-0.3720299496137899,0.4798413748326341
1,m27_h1_q3_d8_l50,1,3,0.49454669309028876,-0.6623747377283908,0.31073122090238714
1,m28_h1_q3_d2_l1,1,3,0.4802544152949245,-0.7513340204023012,0.34777021080018194
1,m28_h1_q3_d2_l50,1,3,0.4811142272079772,-0.9433901431053429,0.32752807748663704
1,m28_h1_q3_d4_l1,1,3,0.4744672408638458,-0.8331669535604664,0.41353336039639127
1,m28_h1_q3_d4_l50,1,3,0.4789108389609933,-0.8528225646675806,0.43206036174231227
1,m28_h1_q3_d8_l1,1,3,0.48399977687207624,-0.7119190556570377,0.40120133621857307
1,m28_h1_q3_d8_l50,1,3,0.4810900458566354,-1.0427342930013055,0.27134669728617394
1,m29_h1_q3_d2_l1,1,3,0.4726479376604762,-1.0123767448644847,0.2700597869621128
1,m29_h1_q3_d2_l50,1,3,0.4731214662252471,-0.8353801025695262,0.3116711517871405
1,m29_h1_q3_d4_l1,1,3,0.4753818043025219,-1.1040595289432555,0.3175099571482717
1,m29_h1_q3_d4_l50,1,3,0.4741559746623404,-0.9625893656495765,0.3464286679364784
1,m29_h1_q3_d8_l1,1,3,0.4829075629374627,-0.8771247189951645,0.38027257495193223
1,m29_h1_q3_d8_l50,1,3,0.4863289493642503,-0.8494350123871297,0.3853232614378726
1,m30_h1_q3_d2_l1,1,3,0.475138754242728,-0.8412103524133139,0.337616705482449
1,m30_h1_q3_d2_l50,1,3,0.47579920740125214,-0.7971543290888742,0.33636892140032293
1,m30_h1_q3_d4_l1,1,3,0.48121012824909426,-0.7755079842356479,0.40768409930755545
1,m30_h1_q3_d4_l50,1,3,0.4820329811649256,-0.871462027828976,0.2696809105896797
1,m30_h1_q3_d8_l1,1,3,0.48827286896345545,-0.6412003086414543,0.35850271448608384
1,m30_h1_q3_d8_l50,1,3,0.48767561706412016,-0.81902568505795,0.3343591664567743
1,m31_h1_q3_d2_l1,1,3,0.466997470300904,-1.152269239267531,0.26327629981550377
1,m31_h1_q3_d2_l50,1,3,0.46761354518395415,-1.1532939046761925,0.2502623739851679
1,m31_h1_q3_d4_l1,1,3,0.47003587083641096,-1.0183835116071445,0.2563546674182653
1,m31_h1_q3_d4_l50,1,3,0.47479258995462703,-1.1916211267504437,0.2387325595526955
1,m31_h1_q3_d8_l1,1,3,0.48522423257184055,-0.7817450699791166,0.3397658456136839
1,m31_h1_q3_d8_l50,1,3,0.4886360014157082,-0.7640984552951029,0.3116430793961836
1,m01_h1_q5_d2_l1,1,5,0.5010963722511573,0.2573363206866434,0.6875827438666893
1,m01_h1_q5_d2_l50,1,5,0.5010963722511573,0.2573363206866434,0.6875827438666893
1,m01_h1_q5_d4_l1,1,5,0.5028392650462963,0.1336541772428504,0.6797003726153462
1,m01_h1_q5_d4_l50,1,5,0.5028392650462963,0.1336541772428504,0.6797003726153462
1,m01_h1_q5_d8_l1,1,5,0.5061396846064814,0.16639215803156937,0.5976087818953164
1,m01_h1_q5_d8_l50,1,5,0.506153247974537,0.16639215803156937,0.5976087818953164
1,m02_h1_q5_d2_l1,1,5,0.4897144458912038,-0.93083490705077,0.20457122153438745
1,m02_h1_q5_d2_l50,1,5,0.4897144458912038,-0.93083490705077,0.20457122153438745
1,m02_h1_q5_d4_l1,1,5,0.49763545283564814,-0.38209567789331167,0.3987335353507493
1,m02_h1_q5_d4_l50,1,5,0.49763997395833337,-0.38209567789331167,0.3987335353507493
1,m02_h1_q5_d8_l1,1,5,0.49496799045138895,-0.3998892750024549,0.4352559170458539
1,m02_h1_q5_d8_l50,1,5,0.49496799045138895,-0.3998892750024549,0.4352559170458539
1,m03_h1_q5_d2_l1,1,5,0.48290601188753857,-0.6931027161080313,0.38713064825280935
1,m03_h1_q5_d2_l50,1,5,0.48393296606746716,-0.5229042672845993,0.37348915553234263
1,m03_h1_q5_d4_l1,1,5,0.4874741354106385,-1.053192057049465,0.18066546157768698
1,m03_h1_q5_d4_l50,1,5,0.49079339298201197,-0.9120088408360676,0.2609843074300796
1,m03_h1_q5_d8_l1,1,5,0.4862692562150367,-0.4094054846461194,0.44855930779189146
1,m03_h1_q5_d8_l50,1,5,0.49491929419246716,-0.6321268725149056,0.28517953468749857
1,m04_h1_q5_d2_l1,1,5,0.48860224971064814,-0.5010500529941406,0.44988629395136
1,m04_h1_q5_d2_l50,1,5,0.48860224971064814,-0.5010500529941406,0.44988629395136
1,m04_h1_q5_d4_l1,1,5,0.4869656032986111,-0.68188861304808,0.31955396020633553
1,m04_h1_q5_d4_l50,1,5,0.4869656032986111,-0.68188861304808,0.31955396020633553
1,m04_h1_q5_d8_l1,1,5,0.4844789858217592,-0.8030077971117903,0.2512361567927563
1,m04_h1_q5_d8_l50,1,5,0.48445638020833326,-0.8472872604623706,0.2512361567927563
1,m05_h1_q5_d2_l1,1,5,0.502338456518856,-0.536690190455484,0.46041020246955305
1,m05_h1_q5_d2_l50,1,5,0.5033350815007717,-0.40249970217485237,0.4751266651863038
1,m05_h1_q5_d4_l1,1,5,0.49515156687041867,-0.4485275690674752,0.3934833257351178
1,m05_h1_q5_d4_l50,1,5,0.4965729890046296,-0.5116954839763239,0.35607783978694574
1,m05_h1_q5_d8_l1,1,5,0.49198404947916663,-0.7815771479171294,0.30537638996473854
1,m05_h1_q5_d8_l50,1,5,0.49276545018325624,-0.5329215638213896,0.3387949290950104
1,m06_h1_q5_d2_l1,1,5,0.4880687572337963,-1.0845191597661838,0.1426951459762712
1,m06_h1_q5_d2_l50,1,5,0.4904862392095872,-0.7380094758631519,0.2644163462176096
1,m06_h1_q5_d4_l1,1,5,0.4838349142192323,-0.9953430459136376,0.12210893357681316
1,m06_h1_q5_d4_l50,1,5,0.4864942762586805,-0.9871928787774343,0.20886081250515504
1,m06_h1_q5_d8_l1,1,5,0.47352618935667434,-0.8839457993037158,0.19646148888359313
1,m06_h1_q5_d8_l50,1,5,0.4834223617742091,-0.7663862207727415,0.25263334412188687
1,m07_h1_q5_d2_l1,1,5,0.4931762130172164,-0.5984385243191205,0.39963883197878813
1,m07_h1_q5_d2_l50,1,5,0.49491364278911076,-0.6942405273448209,0.3572412828229998
1,m07_h1_q5_d4_l1,1,5,0.4835963308075327,-1.3163559438597843,0.18209785476415213
1,m07_h1_q5_d4_l50,1,5,0.49038432556905864,-0.9551165140315482,0.2740571168493157
1,m07_h1_q5_d8_l1,1,5,0.486212459611304,-1.0911076555327444,0.1834965210711665
1,m07_h1_q5_d8_l50,1,5,0.4839340021580826,-0.8621751183174542,0.3062393603419474
1,m08_h1_q5_d2_l1,1,5,0.49588803891782407,-0.3492478123972149,0.40154443617434765
1,m08_h1_q5_d2_l50,1,5,0.49588803891782407,-0.3492478123972149,0.40154443617434765
1,m08_h1_q5_d4_l1,1,5,0.5027036313657407,-0.21683266496870582,0.4510626302849681
1,m08_h1_q5_d4_l50,1,5,0.5026674623842592,-0.21683266496870582,0.4510626302849681
1,m08_h1_q5_d8_l1,1,5,0.5007143373842593,-0.293976601648342,0.36118785559077055
1,m08_h1_q5_d8_l50,1,5,0.5007188585069445,-0.293976601648342,0.36118785559077055
1,m09_h1_q5_d2_l1,1,5,0.5057323126145351,-0.20514287688954944,0.583031927928047
1,m09_h1_q5_d2_l50,1,5,0.5058476954330633,-0.08565882673786399,0.5916424782277736
1,m09_h1_q5_d4_l1,1,5,0.5021162621768904,-0.1473580193133236,0.5773563705399427
1,m09_h1_q5_d4_l50,1,5,0.5029044445650077,-0.17793568567006995,0.5899529530136532
1,m09_h1_q5_d8_l1,1,5,0.4938516499083719,-0.34983789200229115,0.5145348323701172
1,m09_h1_q5_d8_l50,1,5,0.5007141490041473,-0.042526520368965884,0.6618937078262762
1,m10_h1_q5_d2_l1,1,5,0.4922895078305845,-0.6574771875002113,0.2582477665829026
1,m10_h1_q5_d2_l50,1,5,0.4931001074520159,-0.767696313316452,0.22748178637668673
1,m10_h1_q5_d4_l1,1,5,0.4938890433605806,-0.6875558460963309,0.31701646079854
1,m10_h1_q5_d4_l50,1,5,0.4954819855866609,-0.515608693760414,0.24494084967272226
1,m10_h1_q5_d8_l1,1,5,0.5026867713457273,-0.5452257605264127,0.3789023407214338
1,m10_h1_q5_d8_l50,1,5,0.4976916842990452,-0.34242351588802034,0.41082617111257114
1,m11_h1_q5_d2_l1,1,5,0.4995013578438464,-0.3196106597294058,0.47268894126701383
1,m11_h1_q5_d2_l50,1,5,0.49957369580680944,-0.3681943404367624,0.45218172834859716
1,m11_h1_q5_d4_l1,1,5,0.49536999361014655,-0.5945592157435748,0.41946409979516647
1,m11_h1_q5_d4_l50,1,5,0.4952550817418982,-0.5403811991355848,0.44564905900361534
1,m11_h1_q5_d8_l1,1,5,0.49535021369839893,-0.7254120719236452,0.27859463207724894
1,m11_h1_q5_d8_l50,1,5,0.49791538568190585,-0.4156760269601486,0.4871224067690414
1,m12_h1_q5_d2_l1,1,5,0.4929334852430555,-0.8503626049320351,0.2999428287536804
1,m12_h1_q5_d2_l50,1,5,0.49642134301456403,-0.6626500700110142,0.3703800852682816
1,m12_h1_q5_d4_l1,1,5,0.4865814962504822,-0.9714562056934489,0.14169094151227668
1,m12_h1_q5_d4_l50,1,5,0.4930866382740162,-0.9233397874222896,0.2564316681243869
1,m12_h1_q5_d8_l1,1,5,0.48945919083960265,-0.803368953670692,0.21499054516672372
1,m12_h1_q5_d8_l50,1,5,0.4931537015938465,-0.7169608192773571,0.26695339902590803
1,m13_h1_q5_d2_l1,1,5,0.5065525196216725,-0.25282297223553046,0.5944309721720301
1,m13_h1_q5_d2_l50,1,5,0.5061014434437693,-0.36256617972835126,0.5626057661399942
1,m13_h1_q5_d4_l1,1,5,0.5074962097921489,-0.5908752068601963,0.5129080096620627
1,m13_h1_q5_d4_l50,1,5,0.5034744827835648,-0.6193527160324648,0.46742281300712835
1,m13_h1_q5_d8_l1,1,5,0.5027740855275848,-0.4763974507936559,0.44090811505391675
1,m13_h1_q5_d8_l50,1,5,0.5009970959321952,-0.637613552851136,0.48378933735691376
1,m14_h1_q5_d2_l1,1,5,0.4933122234579958,-1.1119292766002926,0.09094020077064617
1,m14_h1_q5_d2_l50,1,5,0.494254689157745,-0.8384844124142331,0.21207161837408642
1,m14_h1_q5_d4_l1,1,5,0.495727633252556,-0.9863817857769447,0.1334757194324956
1,m14_h1_q5_d4_l50,1,5,0.4961853027343749,-0.6225909124918488,0.32434195985955383
1,m14_h1_q5_d8_l1,1,5,0.49142964680989587,-0.8694106797273949,0.12997224060622573
1,m14_h1_q5_d8_l50,1,5,0.5009516963252314,-0.5181612348393722,0.19494317594929417
1,m15_h1_q5_d2_l1,1,5,0.49475502673490546,-0.68317633716316,0.3417259937030434
1,m15_h1_q5_d2_l50,1,5,0.4980043952847705,-0.8095586134797462,0.29890004295720884
1,m15_h1_q5_d4_l1,1,5,0.49967447916666663,-0.814452116259637,0.2526120124502327
1,m15_h1_q5_d4_l50,1,5,0.49940952253930365,-0.6918447102712353,0.3838052313582852
1,m15_h1_q5_d8_l1,1,5,0.4985219696421682,-0.7070833345157851,0.29784801667498273
1,m15_h1_q5_d8_l50,1,5,0.49673876350308643,-0.8121223318745971,0.27299228765053457
1,m16_h1_q5_d2_l1,1,5,0.5065940574363427,-0.024703979388180513,0.4939699571530087
1,m16_h1_q5_d2_l50,1,5,0.5065940574363427,-0.024703979388180513,0.4939699571530087
1,m16_h1_q5_d4_l1,1,5,0.5056061921296297,-0.21647415070108345,0.4445838688875053
1,m16_h1_q5_d4_l50,1,5,0.5056061921296297,-0.21647415070108345,0.4445838688875053
1,m16_h1_q5_d8_l1,1,5,0.5008635344328705,-0.41802560610843603,0.33052980557836864
1,m16_h1_q5_d8_l50,1,5,0.5008544921875,-0.41802560610843603,0.33052980557836864
1,m17_h1_q5_d2_l1,1,5,0.5072661976755402,-0.17322413404789427,0.5124432422325563
1,m17_h1_q5_d2_l50,1,5,0.5072514098367574,-0.22047495748016396,0.49333154256953454
1,m17_h1_q5_d4_l1,1,5,0.5107766610604746,-0.03898695065383441,0.4727140532408731
1,m17_h1_q5_d4_l50,1,5,0.5081168280707465,-0.19296169230848462,0.4357828021609473
1,m17_h1_q5_d8_l1,1,5,0.5059808801721644,0.0654605556661561,0.6303921356742422
1,m17_h1_q5_d8_l50,1,5,0.5084584554036458,-0.017698382918547504,0.5127648676506743
1,m18_h1_q5_d2_l1,1,5,0.48962421181761184,-0.7044776326281623,0.22364426213131183
1,m18_h1_q5_d2_l50,1,5,0.48991808479214893,-0.7420093863214856,0.22707128972910523
1,m18_h1_q5_d4_l1,1,5,0.5044802442009066,-0.6694845418776127,0.3309517568318164
1,m18_h1_q5_d4_l50,1,5,0.5004187689887153,-0.7905368624808332,0.22444396087464394
1,m18_h1_q5_d8_l1,1,5,0.5068143679771894,-0.2809392418673936,0.33015619468277363
1,m18_h1_q5_d8_l50,1,5,0.5092691492151331,-0.4150711513539145,0.38246418309413294
1,m19_h1_q5_d2_l1,1,5,0.4941527755172165,-0.46262194376070975,0.2713043605765042
1,m19_h1_q5_d2_l50,1,5,0.4957882916485822,-0.42285102764241206,0.2819093341053237
1,m19_h1_q5_d4_l1,1,5,0.5024049546983507,-0.631121644241406,0.3033108582761462
1,m19_h1_q5_d4_l50,1,5,0.4990011144567419,-0.7290758405637117,0.1336298623838822
1,m19_h1_q5_d8_l1,1,5,0.503734353147907,-0.6379690154457348,0.13262881895956383
1,m19_h1_q5_d8_l50,1,5,0.5036158620575328,-0.4676174127102026,0.15316257097828756
1,m20_h1_q5_d2_l1,1,5,0.4988935494128568,-0.8659172291422339,0.3872339367419941
1,m20_h1_q5_d2_l50,1,5,0.4987232537917149,-0.6253788474597418,0.38864012650843505
1,m20_h1_q5_d4_l1,1,5,0.49415965139130014,-0.6254721621348841,0.37260478735026914
1,m20_h1_q5_d4_l50,1,5,0.49866278377580053,-0.44304623579555724,0.47335006990061007
1,m20_h1_q5_d8_l1,1,5,0.4958762651608314,-0.16784873977087142,0.40415801345811403
1,m20_h1_q5_d8_l50,1,5,0.49659606556833524,-0.4294753271676,0.4984845788059358
1,m21_h1_q5_d2_l1,1,5,0.5067173522195699,-0.31447246469906837,0.5655456027992479
1,m21_h1_q5_d2_l50,1,5,0.5079376785843461,-0.2915928666075514,0.6319780951764311
1,m21_h1_q5_d4_l1,1,5,0.5038694216881269,-0.2552793005531688,0.4930119111654956
1,m21_h1_q5_d4_l50,1,5,0.5068821848174672,-0.3005936632877201,0.46350254052817036
1,m21_h1_q5_d8_l1,1,5,0.49662686571662806,-0.40029277913079925,0.39900315437013456
1,m21_h1_q5_d8_l50,1,5,0.5054151746961805,-0.5067645007282314,0.4287273225020839
1,m22_h1_q5_d2_l1,1,5,0.4907026879581404,-1.0357945350873559,0.14369803760194164
1,m22_h1_q5_d2_l50,1,5,0.4919784922658661,-1.1118151438612427,0.14669830125716393
1,m22_h1_q5_d4_l1,1,5,0.4934135719581887,-0.9659889500537985,0.23152287914125458
1,m22_h1_q5_d4_l50,1,5,0.49695106788917826,-0.9616468108073885,0.19625710628286658
1,m22_h1_q5_d8_l1,1,5,0.4952711882414641,-0.5616088092517527,0.287616992265082
1,m22_h1_q5_d8_l50,1,5,0.5023714230384355,-0.9205057781984443,0.20359645119254077
1,m23_h1_q5_d2_l1,1,5,0.4936775866849923,-1.0962059443831869,0.2844315480980543
1,m23_h1_q5_d2_l50,1,5,0.4936873824508102,-1.2118464614718147,0.2489873537491122
1,m23_h1_q5_d4_l1,1,5,0.498032369731385,-0.6594335291331473,0.28617564389497196
1,m23_h1_q5_d4_l50,1,5,0.49783475899402,-0.7601722660753704,0.28659326442225835
1,m23_h1_q5_d8_l1,1,5,0.49270855938946756,-0.6632069496715428,0.3442793433572949
1,m23_h1_q5_d8_l50,1,5,0.49731671368634256,-0.7920315276539927,0.1578149640042968
1,m24_h1_q5_d2_l1,1,5,0.49929291525004826,-0.6069974971582008,0.28477681602705474
1,m24_h1_q5_d2_l50,1,5,0.5001674699194638,-0.5006651724135868,0.3298488711700198
1,m24_h1_q5_d4_l1,1,5,0.5041515209056713,-0.348891897149209,0.5613254764363312
1,m24_h1_q5_d4_l50,1,5,0.500565422905816,-0.38164514499474134,0.3744411797497894
1,m24_h1_q5_d8_l1,1,5,0.5091221185378085,-0.34364041522745,0.5885728497346165
1,m24_h1_q5_d8_l50,1,5,0.5055841516565394,-0.45403793335823367,0.45897268626042137
1,m25_h1_q5_d2_l1,1,5,0.5047452950183255,-0.06337449913028499,0.627371554399191
1,m25_h1_q5_d2_l50,1,5,0.5056003523461612,-0.014389591347671002,0.6289079828243493
1,m25_h1_q5_d4_l1,1,5,0.5060418211383585,0.03515747767336867,0.5211307493453393
1,m25_h1_q5_d4_l50,1,5,0.51000326651114,-0.05703032280821953,0.6662248516615054
1,m25_h1_q5_d8_l1,1,5,0.5111507839626737,-0.18775830280519515,0.567859762560893
1,m25_h1_q5_d8_l50,1,5,0.5150319794077932,-0.139860524207414,0.5657694207818024
1,m26_h1_q5_d2_l1,1,5,0.49359055507330246,-0.5620935170634176,0.33586158762231266
1,m26_h1_q5_d2_l50,1,5,0.4939789948640046,-0.5279574821106755,0.2602434849792316
1,m26_h1_q5_d4_l1,1,5,0.4962662119924286,-0.4687788977485294,0.3848206267874165
1,m26_h1_q5_d4_l50,1,5,0.4948771912374614,-0.8117900570531879,0.22210918128210233
1,m26_h1_q5_d8_l1,1,5,0.4974633676034433,-0.43472621822886853,0.3992319972348543
1,m26_h1_q5_d8_l50,1,5,0.50271107238016,-0.21335518337666357,0.3518816271643052
1,m27_h1_q5_d2_l1,1,5,0.4936270066249518,-0.3628388438293094,0.4362342881668111
1,m27_h1_q5_d2_l50,1,5,0.4942561020085841,-0.3074115552108093,0.4427113356123148
1,m27_h1_q5_d4_l1,1,5,0.49927586684992287,-0.33930974470043407,0.4708118184760316
1,m27_h1_q5_d4_l50,1,5,0.49776618863329475,-0.5908604017615056,0.33171951509088804
1,m27_h1_q5_d8_l1,1,5,0.499471593786169,-0.040943934425666545,0.5346223473157763
1,m27_h1_q5_d8_l50,1,5,0.5058439278308257,-0.14929941368481944,0.49430594986312576
1,m28_h1_q5_d2_l1,1,5,0.49878127486617474,-0.537710519856639,0.4359431075552051
1,m28_h1_q5_d2_l50,1,5,0.5002511106891396,-0.6320591096485704,0.3982325632619345
1,m28_h1_q5_d4_l1,1,5,0.4930006427529417,-0.8175389695910156,0.3851309174222807
1,m28_h1_q5_d4_l50,1,5,0.49808219627097805,-0.7002046075024326,0.4121933959046105
1,m28_h1_q5_d8_l1,1,5,0.49475785243658377,-0.7618150926663295,0.3394351052595813
1,m28_h1_q5_d8_l50,1,5,0.4996775874385127,-0.7696152357383064,0.3521459899568736
1,m29_h1_q5_d2_l1,1,5,0.5027829393928434,-0.46225385418034376,0.460442963409678
1,m29_h1_q5_d2_l50,1,5,0.502246997974537,-0.3625187322757142,0.5150564916961434
1,m29_h1_q5_d4_l1,1,5,0.5044225998866705,-0.6461917910812233,0.5327880365964378
1,m29_h1_q5_d4_l50,1,5,0.5076393786771798,-0.2497870967437385,0.5456439677653901
1,m29_h1_q5_d8_l1,1,5,0.5018992482880016,-0.4252048503869017,0.44317332735012727
1,m29_h1_q5_d8_l50,1,5,0.5084285029658565,0.061392679412176375,0.6223893276611778
1,m30_h1_q5_d2_l1,1,5,0.49432448398919754,-0.917847040607579,0.21805491101459548
1,m30_h1_q5_d2_l50,1,5,0.49572735068238816,-0.973114364289043,0.2507228981655679
1,m30_h1_q5_d4_l1,1,5,0.49699505464530286,-0.7385519919392042,0.3560686364678578
1,m30_h1_q5_d4_l50,1,5,0.4990434999819155,-0.6104850728585106,0.3312834941931898
1,m30_h1_q5_d8_l1,1,5,0.501912905846113,-0.32191058834806485,0.42885412642497844
1,m30_h1_q5_d8_l50,1,5,0.5013249715169271,-0.5299584248746699,0.2998683910761746
1,m31_h1_q5_d2_l1,1,5,0.49626216182002314,-0.683324651288976,0.36718352303394747
1,m31_h1_q5_d2_l50,1,5,0.4986479959370178,-0.8752449412068282,0.274520226659444
1,m31_h1_q5_d4_l1,1,5,0.4957424210913387,-0.8729431933660979,0.26941504235714847
1,m31_h1_q5_d4_l50,1,5,0.4987216525607639,-0.6476198910809073,0.302276530110332
1,m31_h1_q5_d8_l1,1,5,0.5009008336950231,-0.3118325695667534,0.3580223673618333
1,m31_h1_q5_d8_l50,1,5,0.500796659493152,-0.8120664059393728,0.25857259437106606
1,m01_h3_q3_d2_l1,3,3,0.5040889775069501,0.6474073421178881,0.7233312262843997
1,m01_h3_q3_d2_l50,3,3,0.5042224980233312,0.6497010171185598,0.7185546503786563
1,m01_h3_q3_d4_l1,3,3,0.5111052333825593,0.7821870596460134,0.7733517038724109
1,m01_h3_q3_d4_l50,3,3,0.5126793625603385,0.5296617612908827,0.645784860975136
1,m01_h3_q3_d8_l1,3,3,0.5130217119901707,0.7407559276332811,0.7964355118526382
1,m01_h3_q3_d8_l50,3,3,0.5138582992679402,0.5678023389022757,0.6769287321756545
1,m02_h3_q3_d2_l1,3,3,0.4847275135908343,-0.40800103741341437,0.43652800602254893
1,m02_h3_q3_d2_l50,3,3,0.4838681783732369,-0.4227220547343114,0.4591293603411821
1,m02_h3_q3_d4_l1,3,3,0.4977856788013503,-0.33611593902895365,0.4576804025508254
1,m02_h3_q3_d4_l50,3,3,0.4969972719427193,-0.2390584863857735,0.5006292833809362
1,m02_h3_q3_d8_l1,3,3,0.5050361960697212,-0.09853427324199274,0.5733814449877898
1,m02_h3_q3_d8_l50,3,3,0.5065474505069824,0.030185933078348867,0.6120467714230545
1,m03_h3_q3_d2_l1,3,3,0.4961924046183121,-0.4233250151506308,0.5201736842580004
1,m03_h3_q3_d2_l50,3,3,0.4954769748461476,-0.21523346561074233,0.5999972263626452
1,m03_h3_q3_d4_l1,3,3,0.505128530098774,-0.1596117906520588,0.5944104032187209
1,m03_h3_q3_d4_l50,3,3,0.49887129243903694,0.19162863384359802,0.7023805605428958
1,m03_h3_q3_d8_l1,3,3,0.5081621303601069,-0.2164583124591752,0.5451647911733527
1,m03_h3_q3_d8_l50,3,3,0.49969615251801325,-0.2970500484416007,0.5764209119014486
1,m04_h3_q3_d2_l1,3,3,0.4980530024172158,-0.4982629592466022,0.41946319423402895
1,m04_h3_q3_d2_l50,3,3,0.49973818675465176,-0.504074324732881,0.4166638032847165
1,m04_h3_q3_d4_l1,3,3,0.4957208440644266,-0.46728028942686245,0.47562408038084814
1,m04_h3_q3_d4_l50,3,3,0.4934241498911207,-0.45042518723699193,0.44905852550103015
1,m04_h3_q3_d8_l1,3,3,0.49799309479928405,-0.22716639075808592,0.5049750314749175
1,m04_h3_q3_d8_l50,3,3,0.4944380580663064,-0.24055370699338444,0.47971385254541016
1,m05_h3_q3_d2_l1,3,3,0.5071680030021628,-0.18688214888915872,0.5158757200436069
1,m05_h3_q3_d2_l50,3,3,0.5093857151980541,-0.1811303823206931,0.5083269152273228
1,m05_h3_q3_d4_l1,3,3,0.507905827485276,0.15741519860890393,0.6412293968677696
1,m05_h3_q3_d4_l50,3,3,0.5090099503162387,-0.11182038097778536,0.5077452380084164
1,m05_h3_q3_d8_l1,3,3,0.5106947814247953,0.17734810943469753,0.5971306813311159
1,m05_h3_q3_d8_l50,3,3,0.5119409022652427,0.13344782682188688,0.5576074041431339
1,m06_h3_q3_d2_l1,3,3,0.4916582174318735,-0.6349946144316323,0.37906464809707
1,m06_h3_q3_d2_l50,3,3,0.48832472585200215,-0.7137067719713712,0.37102282265332664
1,m06_h3_q3_d4_l1,3,3,0.4955371650471829,-0.34742128455219057,0.4930584775001418
1,m06_h3_q3_d4_l50,3,3,0.4880838237563094,-0.48366847009844494,0.45619472850423415
1,m06_h3_q3_d8_l1,3,3,0.49865405667825824,-0.3051557543218839,0.36768572872251254
1,m06_h3_q3_d8_l50,3,3,0.4869048870487077,-0.32213725508054325,0.49492691723045584
1,m07_h3_q3_d2_l1,3,3,0.5038047695506533,-0.5029897664291247,0.4656853875717203
1,m07_h3_q3_d2_l50,3,3,0.5012307200613092,-0.4267592352369475,0.5703529451041518
1,m07_h3_q3_d4_l1,3,3,0.5089376796875309,-0.375403223417388,0.5307397429374353
1,m07_h3_q3_d4_l50,3,3,0.5011648075524291,-0.21689419920798797,0.5704978787618267
1,m07_h3_q3_d8_l1,3,3,0.5014249959449325,-0.4783477156308964,0.41312374316888173
1,m07_h3_q3_d8_l50,3,3,0.5010502201039793,-0.3090255107465503,0.4732016676291426
1,m08_h3_q3_d2_l1,3,3,0.5101306042587535,-0.03475701233852433,0.6175585608431979
1,m08_h3_q3_d2_l50,3,3,0.5141153086005298,0.0013760298638254042,0.6117316144246145
1,m08_h3_q3_d4_l1,3,3,0.5148503072526084,0.08702462492220181,0.705067398945367
1,m08_h3_q3_d4_l50,3,3,0.5201187866333671,0.06624293114110125,0.705923686159101
1,m08_h3_q3_d8_l1,3,3,0.5182458258236874,0.0026661709633895945,0.6522807358041594
1,m08_h3_q3_d8_l50,3,3,0.5199797557464687,0.10404879659906303,0.7080999952196361
1,m09_h3_q3_d2_l1,3,3,0.504792892017649,0.2300146355305654,0.7270040296347994
1,m09_h3_q3_d2_l50,3,3,0.5065162250740509,0.20594751910489728,0.7400740934169308
1,m09_h3_q3_d4_l1,3,3,0.508127513929934,0.3376044040813697,0.7787481054760572
1,m09_h3_q3_d4_l50,3,3,0.5101516566999607,0.2667012486261164,0.7304363742255037
1,m09_h3_q3_d8_l1,3,3,0.5136797067465586,0.5922005790076583,0.7256066731843834
1,m09_h3_q3_d8_l50,3,3,0.514982980019679,0.11465938299302969,0.7131287668888712
1,m10_h3_q3_d2_l1,3,3,0.4885245121061427,-0.3569670626960935,0.4843611363056411
1,m10_h3_q3_d2_l50,3,3,0.4940203295936285,-0.31855004044439855,0.47735253938679123
1,m10_h3_q3_d4_l1,3,3,0.4984667040806695,-0.21785050454068533,0.610199033301797
1,m10_h3_q3_d4_l50,3,3,0.5003399474734528,-0.2830452284443127,0.6229577626986461
1,m10_h3_q3_d8_l1,3,3,0.5060790690130107,-0.2793335135242067,0.5706373665230959
1,m10_h3_q3_d8_l50,3,3,0.5032207409215939,-0.13885513767561844,0.6619530690928125
1,m11_h3_q3_d2_l1,3,3,0.503002657411505,-0.07572898722711058,0.6338569656997024
1,m11_h3_q3_d2_l50,3,3,0.5017504610343333,-0.22521693165199416,0.6351667269717521
1,m11_h3_q3_d4_l1,3,3,0.5032688506949566,-0.10823652515981329,0.608906188925055
1,m11_h3_q3_d4_l50,3,3,0.5032442659649563,-0.0928085548802467,0.6705033207348494
1,m11_h3_q3_d8_l1,3,3,0.5083519555598508,-0.2528866828927542,0.6069336741695295
1,m11_h3_q3_d8_l50,3,3,0.5026244199275344,-0.11808466596900188,0.5788123658679023
1,m12_h3_q3_d2_l1,3,3,0.5027967249748642,-0.2729080172856199,0.5795065164983251
1,m12_h3_q3_d2_l50,3,3,0.5063184875474104,-0.2081277714709459,0.582691972337355
1,m12_h3_q3_d4_l1,3,3,0.5170550912715166,-0.1290570857526494,0.567728591939725
1,m12_h3_q3_d4_l50,3,3,0.5160289613771065,-0.11753923311789242,0.5950139007025457
1,m12_h3_q3_d8_l1,3,3,0.5277199188873459,0.31450021645582354,0.710088541105564
1,m12_h3_q3_d8_l50,3,3,0.5192882748923218,0.03856146686543292,0.634731105402339
1,m13_h3_q3_d2_l1,3,3,0.5112205272887678,0.016562497289767508,0.6207111477682434
1,m13_h3_q3_d2_l50,3,3,0.5119938159513641,0.02789652095336475,0.6350149322697153
1,m13_h3_q3_d4_l1,3,3,0.5131759317188795,0.03878452596819957,0.6572491928256986
1,m13_h3_q3_d4_l50,3,3,0.5149104974536437,-0.058484422711311324,0.5888881658829008
1,m13_h3_q3_d8_l1,3,3,0.5219542345360635,0.17638688694001356,0.7002099974844732
1,m13_h3_q3_d8_l50,3,3,0.5180707655910989,0.03493646533591479,0.6217771437115555
1,m14_h3_q3_d2_l1,3,3,0.495783577513393,-0.33352344737255046,0.5009343303105486
1,m14_h3_q3_d2_l50,3,3,0.4974133049167765,-0.34832583514209586,0.4872210051994549
1,m14_h3_q3_d4_l1,3,3,0.5054533593761922,-0.20920994419278977,0.5916396579370392
1,m14_h3_q3_d4_l50,3,3,0.5023352667669272,-0.19220927954079134,0.6006083007886852
1,m14_h3_q3_d8_l1,3,3,0.506274828457927,-0.08301083111220048,0.5908711587167633
1,m14_h3_q3_d8_l50,3,3,0.49991430667387826,-0.30851707968648,0.5149145191655173
1,m15_h3_q3_d2_l1,3,3,0.5026981741175354,-0.20698541075707677,0.5184909917611724
1,m15_h3_q3_d2_l50,3,3,0.5015504628428651,-0.19505085162412047,0.5369809225688306
1,m15_h3_q3_d4_l1,3,3,0.5087479251335629,-0.10560577967550186,0.6054566759818742
1,m15_h3_q3_d4_l50,3,3,0.5050149316911864,-0.17949680719541847,0.6121240874394107
1,m15_h3_q3_d8_l1,3,3,0.5130659362458608,-0.3097068979763265,0.5302062391810402
1,m15_h3_q3_d8_l50,3,3,0.5019367539452839,-0.13497125041268304,0.6363023740113511
1,m16_h3_q3_d2_l1,3,3,0.5091053927594297,0.24531724698920573,0.6575013627278294
1,m16_h3_q3_d2_l50,3,3,0.5148178101957114,0.2998311885672966,0.6672165401712361
1,m16_h3_q3_d4_l1,3,3,0.5126388118849932,0.08889885389457611,0.5943047292062656
1,m16_h3_q3_d4_l50,3,3,0.517927354666097,0.27188844687174524,0.6708745633990298
1,m16_h3_q3_d8_l1,3,3,0.5106858800570366,0.09040464673180383,0.6178322210258202
1,m16_h3_q3_d8_l50,3,3,0.5176088835085066,0.10351071951938434,0.5894685569215332
1,m17_h3_q3_d2_l1,3,3,0.5201618805566435,0.38987702472831276,0.7884116606176746
1,m17_h3_q3_d2_l50,3,3,0.5249139393158437,0.5405977439625828,0.7852678691239646
1,m17_h3_q3_d4_l1,3,3,0.5241192449831609,0.6028063788476627,0.8710851863755763
1,m17_h3_q3_d4_l50,3,3,0.5305149483635895,0.734480663954438,0.830865144703929
1,m17_h3_q3_d8_l1,3,3,0.5187158321705039,0.5141670959790811,0.7456452334684858
1,m17_h3_q3_d8_l50,3,3,0.5317495539425712,0.7112525077408746,0.7634440594444587
1,m18_h3_q3_d2_l1,3,3,0.5032570528503875,0.07725464688603301,0.6546704322737605
1,m18_h3_q3_d2_l50,3,3,0.5064344172656016,0.04084592901480225,0.6135756634359195
1,m18_h3_q3_d4_l1,3,3,0.502963449005901,0.1887231382699493,0.5788329878435576
1,m18_h3_q3_d4_l50,3,3,0.5068465647219863,0.06604258027584961,0.5812249222314161
1,m18_h3_q3_d8_l1,3,3,0.5090344644004632,0.22673057751743986,0.5409739832223037
1,m18_h3_q3_d8_l50,3,3,0.5085270864382152,0.1660862822719064,0.5464472154821978
1,m19_h3_q3_d2_l1,3,3,0.5117132815754121,-0.10377342281615587,0.6055072995279636
1,m19_h3_q3_d2_l50,3,3,0.5158510753134835,0.04158596965264584,0.6859805212149911
1,m19_h3_q3_d4_l1,3,3,0.5154590619032198,0.05470205857449141,0.695115820662898
1,m19_h3_q3_d4_l50,3,3,0.5232270594797871,0.17768368923350636,0.6000343317932066
1,m19_h3_q3_d8_l1,3,3,0.5169819022477226,0.038642647101871444,0.6024605446518835
1,m19_h3_q3_d8_l50,3,3,0.5234819494391009,0.3656279505734531,0.7246635660982454
1,m20_h3_q3_d2_l1,3,3,0.5127846954121503,-0.18228149673372587,0.5995582701481694
1,m20_h3_q3_d2_l50,3,3,0.5155270231396001,-0.14613848675957988,0.5657866721918613
1,m20_h3_q3_d4_l1,3,3,0.5129650540779286,0.11492656780846505,0.614246911185839
1,m20_h3_q3_d4_l50,3,3,0.5126646682389591,0.10177346065214543,0.5592074763004267
1,m20_h3_q3_d8_l1,3,3,0.5236267732796199,0.4300362269521143,0.6519441013372985
1,m20_h3_q3_d8_l50,3,3,0.5083637534044199,0.27208422989194525,0.6730684703058203
1,m21_h3_q3_d2_l1,3,3,0.519740337212069,0.2436684719068774,0.7123387359287406
1,m21_h3_q3_d2_l50,3,3,0.5232726966509946,-0.03423264591538902,0.5704108844252439
1,m21_h3_q3_d4_l1,3,3,0.5248815129047226,0.413328074586752,0.7018348419652122
1,m21_h3_q3_d4_l50,3,3,0.5254762796917132,0.3396024191398478,0.6855697577634099
1,m21_h3_q3_d8_l1,3,3,0.530934372334888,0.3173707833893588,0.7212479952519509
1,m21_h3_q3_d8_l50,3,3,0.5265208481336233,0.11530319410409993,0.6506156969631205
1,m22_h3_q3_d2_l1,3,3,0.504537648829456,-0.30998550356498566,0.5387223056848724
1,m22_h3_q3_d2_l50,3,3,0.507753232609412,-0.2816377504596716,0.5147516326664594
1,m22_h3_q3_d4_l1,3,3,0.5071699810838871,-0.08581340073049798,0.6254112777866178
1,m22_h3_q3_d4_l50,3,3,0.5040402319216046,-0.10115052615729081,0.5972119806751526
1,m22_h3_q3_d8_l1,3,3,0.5162702167016787,0.20185063858654026,0.640933103109048
1,m22_h3_q3_d8_l50,3,3,0.5038876370457406,-0.14157244397456584,0.5355704730488368
1,m23_h3_q3_d2_l1,3,3,0.51128947756601,-0.2988836563203768,0.5979122221760951
1,m23_h3_q3_d2_l50,3,3,0.5137266155417316,0.035384688708745865,0.6727472481466933
1,m23_h3_q3_d4_l1,3,3,0.5185196488509324,-0.20607434137404987,0.5827592938458045
1,m23_h3_q3_d4_l50,3,3,0.5162020435279709,-0.12158892542291569,0.568402545807987
1,m23_h3_q3_d8_l1,3,3,0.5214678383692468,0.19088613731434906,0.6397142078315586
1,m23_h3_q3_d8_l50,3,3,0.5170153176997057,0.06312049152129039,0.560439436184358
1,m24_h3_q3_d2_l1,3,3,0.5129900626825841,0.1102916757759302,0.6688572183584983
1,m24_h3_q3_d2_l50,3,3,0.5180673039480816,0.20248334286458222,0.7143831090874407
1,m24_h3_q3_d4_l1,3,3,0.5203338323750941,0.015789035044126685,0.6616239743817017
1,m24_h3_q3_d4_l50,3,3,0.5251736331879161,0.22088534123826536,0.7449099196515866
1,m24_h3_q3_d8_l1,3,3,0.5161408642860736,0.4018844528259412,0.7863701123365898
1,m24_h3_q3_d8_l50,3,3,0.5272949845455301,0.35889596397579765,0.7341417299890604
1,m25_h3_q3_d2_l1,3,3,0.5156669017758088,0.2531217504220554,0.6913129873370688
1,m25_h3_q3_d2_l50,3,3,0.5212782957526064,0.38832295601907924,0.8174781047647159
1,m25_h3_q3_d4_l1,3,3,0.5247821849438592,0.35190045990053637,0.7551544860796318
1,m25_h3_q3_d4_l50,3,3,0.5277461284701912,0.375383506537067,0.8639126630542937
1,m25_h3_q3_d8_l1,3,3,0.5303998663947087,1.0253247276304114,0.8756664697899211
1,m25_h3_q3_d8_l50,3,3,0.5314365931554981,0.5661569072924298,0.8592679358696196
1,m26_h3_q3_d2_l1,3,3,0.4948697744026052,-0.12534985361165774,0.6294098395124244
1,m26_h3_q3_d2_l50,3,3,0.5026182030992584,-0.031771463982829665,0.6870946163574407
1,m26_h3_q3_d4_l1,3,3,0.5027920623536573,-0.23510255892995877,0.610782707504247
1,m26_h3_q3_d4_l50,3,3,0.5068435975994,-0.08539942256375195,0.6495711437044845
1,m26_h3_q3_d8_l1,3,3,0.5150061518341621,-0.17693211863841113,0.6280153130994341
1,m26_h3_q3_d8_l50,3,3,0.5078237370937232,-0.11482339264722947,0.6145844783428248
1,m27_h3_q3_d2_l1,3,3,0.5067813586708647,-0.014818748482967263,0.6901988605087997
1,m27_h3_q3_d2_l50,3,3,0.5107173880730714,0.009791846855013706,0.6191591424593604
1,m27_h3_q3_d4_l1,3,3,0.5158009168126209,-0.2908772069411512,0.5310484512532202
1,m27_h3_q3_d4_l50,3,3,0.518241869660239,0.04007790577099517,0.6262349939034816
1,m27_h3_q3_d8_l1,3,3,0.5243417791771292,0.10473661490302369,0.650867725701599
1,m27_h3_q3_d8_l50,3,3,0.5207035923659609,-0.03917327834171838,0.6545211352040389
1,m28_h3_q3_d2_l1,3,3,0.505676176153264,-0.2662533028261954,0.6168096708803977
1,m28_h3_q3_d2_l50,3,3,0.5107512273997098,-0.10002064699384494,0.7042339551798578
1,m28_h3_q3_d4_l1,3,3,0.5122566888833503,-0.020931523700836112,0.5737505421287946
1,m28_h3_q3_d4_l50,3,3,0.5131264796757754,-0.0495592680377048,0.6781912182698684
1,m28_h3_q3_d8_l1,3,3,0.5306391436375567,0.1867826156355151,0.5860116760658651
1,m28_h3_q3_d8_l50,3,3,0.5170781217944479,0.039850055939027074,0.6232214501872793
1,m29_h3_q3_d2_l1,3,3,0.5119003515898973,0.12835975291338267,0.6120667350324717
1,m29_h3_q3_d2_l50,3,3,0.5167027101415119,0.13923961822067463,0.6757739247458422
1,m29_h3_q3_d4_l1,3,3,0.525404715520764,0.007198273663669244,0.6096713750381876
1,m29_h3_q3_d4_l50,3,3,0.5252644130099,0.11195517954875517,0.5958707775709459
1,m29_h3_q3_d8_l1,3,3,0.537620783082993,0.17094757035441013,0.6979017489198651
1,m29_h3_q3_d8_l50,3,3,0.528689320223738,0.11534590678349894,0.6098516517133193
1,m30_h3_q3_d2_l1,3,3,0.499420916575251,-0.14374426064836782,0.6066041757832932
1,m30_h3_q3_d2_l50,3,3,0.5052384549260169,-0.11482916806038804,0.6432339860000541
1,m30_h3_q3_d4_l1,3,3,0.5069483652850049,-0.22307090788886572,0.5685180285089058
1,m30_h3_q3_d4_l50,3,3,0.5109194349920396,-0.14530505961819645,0.59830718106752
1,m30_h3_q3_d8_l1,3,3,0.5151113433944221,0.15610265994535988,0.6365788817477233
1,m30_h3_q3_d8_l50,3,3,0.5122711712674022,-0.18591532125036822,0.514238114145497
1,m31_h3_q3_d2_l1,3,3,0.5081378282132102,-0.1217344882250915,0.5944700642775244
1,m31_h3_q3_d2_l50,3,3,0.5102389042331514,-0.007647229590051832,0.5903818923810048
1,m31_h3_q3_d4_l1,3,3,0.5149379080146785,-0.2615722767021905,0.5501267070497434
1,m31_h3_q3_d4_l50,3,3,0.5127958574447367,-0.13661007204833653,0.5609670267329372
1,m31_h3_q3_d8_l1,3,3,0.5247514540313588,0.2440486247586631,0.6493601726022855
1,m31_h3_q3_d8_l50,3,3,0.5161384623296943,-0.06386144923577726,0.571185955503621
1,m01_h3_q5_d2_l1,3,5,0.5052526315463203,-0.029455234001675976,0.5001597032577686
1,m01_h3_q5_d2_l50,3,5,0.5121827188925808,0.14328574410670872,0.542266462797575
1,m01_h3_q5_d4_l1,3,5,0.5015862118131323,0.44381542065297297,0.7594315885137382
1,m01_h3_q5_d4_l50,3,5,0.5097995266936124,0.2625645465330381,0.6539724862473986
1,m01_h3_q5_d8_l1,3,5,0.49817938219103347,0.621083547369869,0.8164599593731788
1,m01_h3_q5_d8_l50,3,5,0.5082055659219401,0.5200127654272689,0.6923882721884614
1,m02_h3_q5_d2_l1,3,5,0.5024385972525293,-0.4337650984288283,0.37951894217505144
1,m02_h3_q5_d2_l50,3,5,0.5016179825431462,-0.3478539266527564,0.3746442781337243
1,m02_h3_q5_d4_l1,3,5,0.5126416509621106,-0.10052693125625213,0.5517617450645184
1,m02_h3_q5_d4_l50,3,5,0.5139144174023011,-0.03437282618346066,0.6465620324686806
1,m02_h3_q5_d8_l1,3,5,0.5156304242709779,0.1925359912902218,0.6496607356123009
1,m02_h3_q5_d8_l50,3,5,0.5201209457448919,-0.1229163316953248,0.6511160022169475
1,m03_h3_q5_d2_l1,3,5,0.4992742131707499,-0.34046349466665277,0.48277130335125895
1,m03_h3_q5_d2_l50,3,5,0.49962407864882963,-0.12742438504093884,0.47076481927015934
1,m03_h3_q5_d4_l1,3,5,0.5099896667637869,0.08283314710849585,0.6719177025623244
1,m03_h3_q5_d4_l50,3,5,0.500210868534269,-0.09673228042570259,0.653866682222398
1,m03_h3_q5_d8_l1,3,5,0.5158009982208391,-0.4857444388875523,0.6090673351135779
1,m03_h3_q5_d8_l50,3,5,0.5057064299308173,0.3515570361740118,0.7603984005245413
1,m04_h3_q5_d2_l1,3,5,0.5130752051924221,-0.4981225154983715,0.25983014307538554
1,m04_h3_q5_d2_l50,3,5,0.5118435082324935,-0.4404429371036663,0.28052540368903267
1,m04_h3_q5_d4_l1,3,5,0.5178071067248562,-0.37864990541305193,0.34296507538646825
1,m04_h3_q5_d4_l50,3,5,0.5161457300138861,-0.32535947487536937,0.38078643473329504
1,m04_h3_q5_d8_l1,3,5,0.5224464082027376,-0.34340836739723485,0.41146798812172736
1,m04_h3_q5_d8_l50,3,5,0.5164870716375719,-0.25350017178694784,0.4450453503694692
1,m05_h3_q5_d2_l1,3,5,0.5070150353042551,-0.20670034953057786,0.36356494631182734
1,m05_h3_q5_d2_l50,3,5,0.5084119788050486,-0.23360441089008685,0.3153864978509393
1,m05_h3_q5_d4_l1,3,5,0.5155502225500892,-0.021956655166402283,0.5359954044595034
1,m05_h3_q5_d4_l50,3,5,0.5133848729480758,-0.3766213676509895,0.32087478171845624
1,m05_h3_q5_d8_l1,3,5,0.5191773163186868,0.06944333659264756,0.6469737241935499
1,m05_h3_q5_d8_l50,3,5,0.5179030969487701,-0.1817592415877076,0.3838534411394995
1,m06_h3_q5_d2_l1,3,5,0.507607055736709,-0.5722054927843209,0.29845944397390317
1,m06_h3_q5_d2_l50,3,5,0.5055505790021821,-0.33505102258553243,0.2556705082987036
1,m06_h3_q5_d4_l1,3,5,0.5150169004785756,-0.3791502952407275,0.4519840939574409
1,m06_h3_q5_d4_l50,3,5,0.5064515891564174,-0.3680980631402958,0.3656514803553061
1,m06_h3_q5_d8_l1,3,5,0.5101590783698671,0.007616603163765142,0.518267219688393
1,m06_h3_q5_d8_l50,3,5,0.5059732846905376,-0.2908321713468971,0.38377546152156283
1,m07_h3_q5_d2_l1,3,5,0.5078644180222178,-0.38011896340647167,0.26970821271250517
1,m07_h3_q5_d2_l50,3,5,0.5078557004438603,-0.4613102643040249,0.26233816867616827
1,m07_h3_q5_d4_l1,3,5,0.5147167251971335,-0.36214082884570853,0.44612210638120975
1,m07_h3_q5_d4_l50,3,5,0.5096541368590062,-0.4306756239251503,0.29438639639079783
1,m07_h3_q5_d8_l1,3,5,0.5120623194492661,-0.20538944403341317,0.5373847306924514
1,m07_h3_q5_d8_l50,3,5,0.510676418214392,-0.4110777088420366,0.2351559776103005
1,m08_h3_q5_d2_l1,3,5,0.5115633833812736,-0.27494273003227543,0.5886524641067612
1,m08_h3_q5_d2_l50,3,5,0.5120734585771671,-0.19034387560271904,0.5341737058930756
1,m08_h3_q5_d4_l1,3,5,0.5151232549345368,0.024257679579602356,0.7907215598822336
1,m08_h3_q5_d4_l50,3,5,0.5129537402673081,0.011823630954079801,0.6563329719092662
1,m08_h3_q5_d8_l1,3,5,0.5149132581581036,0.07406156237940616,0.7586874475117749
1,m08_h3_q5_d8_l50,3,5,0.5140072111808174,0.10842298334895466,0.7532889953381743
1,m09_h3_q5_d2_l1,3,5,0.509342725587681,-0.10310282348389908,0.5830567478890373
1,m09_h3_q5_d2_l50,3,5,0.5105888549828903,0.021005639177663713,0.6499970359245356
1,m09_h3_q5_d4_l1,3,5,0.5101147155822258,0.03600905771121472,0.5918109440582532
1,m09_h3_q5_d4_l50,3,5,0.5084738736113866,0.046987531625487786,0.6058399702301237
1,m09_h3_q5_d8_l1,3,5,0.5152863705118033,0.18477757558754612,0.6313455273349303
1,m09_h3_q5_d8_l50,3,5,0.5068107533847451,0.31837902594518047,0.6058742050917669
1,m10_h3_q5_d2_l1,3,5,0.512975824799147,-0.28679699694477445,0.444815969483875
1,m10_h3_q5_d2_l50,3,5,0.5152800744829895,-0.3467125042260053,0.30101441169678345
1,m10_h3_q5_d4_l1,3,5,0.5130146664538286,-0.3438638725794834,0.49984721534236853
1,m10_h3_q5_d4_l50,3,5,0.5196975620226642,-0.22171847681284534,0.5429803425895874
1,m10_h3_q5_d8_l1,3,5,0.501905953214888,-0.43659968569444296,0.456983054228789
1,m10_h3_q5_d8_l50,3,5,0.5195708665505356,-0.051535540781678955,0.70069826097797
1,m11_h3_q5_d2_l1,3,5,0.5084482051862229,-0.322834856493791,0.5605832297378402
1,m11_h3_q5_d2_l50,3,5,0.5114357192893275,-0.13021457000052927,0.5461164920751581
1,m11_h3_q5_d4_l1,3,5,0.5125740412988494,-0.3049593666189876,0.3987275803360121
1,m11_h3_q5_d4_l50,3,5,0.5130273553734378,-0.1642812474461959,0.6155408110094068
1,m11_h3_q5_d8_l1,3,5,0.5121600531888515,-0.26338111479567333,0.518578233059682
1,m11_h3_q5_d8_l50,3,5,0.5083698438429876,-0.09951941265617041,0.6956306015665875
1,m12_h3_q5_d2_l1,3,5,0.5252392297225252,-0.3477647666824192,0.2954329311797475
1,m12_h3_q5_d2_l50,3,5,0.521961420260117,-0.2829822465936069,0.36786495495347304
1,m12_h3_q5_d4_l1,3,5,0.522609911227931,-0.03735202697530382,0.4255427280584888
1,m12_h3_q5_d4_l50,3,5,0.5243975959631026,-0.03331092962698332,0.47574097930953363
1,m12_h3_q5_d8_l1,3,5,0.5193669720789527,-0.10765296320305942,0.5264802846153738
1,m12_h3_q5_d8_l50,3,5,0.5253452935925412,0.16003700196496895,0.6404565917989972
1,m13_h3_q5_d2_l1,3,5,0.5166134765237552,-0.34807578299202474,0.38618196513540665
1,m13_h3_q5_d2_l50,3,5,0.5183593168828109,-0.33933333256775905,0.31812713199187603
1,m13_h3_q5_d4_l1,3,5,0.5184486236299841,-0.1290566513240215,0.41636984692487145
1,m13_h3_q5_d4_l50,3,5,0.5178343249417279,-0.2509618742516667,0.41346028046637373
1,m13_h3_q5_d8_l1,3,5,0.5243118731092541,0.2397052037765445,0.6068633571756447
1,m13_h3_q5_d8_l50,3,5,0.5183883754773358,-0.0305505262019159,0.5128611019287821
1,m14_h3_q5_d2_l1,3,5,0.520735728743057,-0.24699405821129466,0.3968542148995917
1,m14_h3_q5_d2_l50,3,5,0.5209570583713549,-0.25923654361040926,0.4009663273923421
1,m14_h3_q5_d4_l1,3,5,0.5174628592417179,-0.24326061060739054,0.4358661615440286
1,m14_h3_q5_d4_l50,3,5,0.5213463466760068,-0.10447808563177167,0.40453025798749326
1,m14_h3_q5_d8_l1,3,5,0.5108750821389605,-0.29577692609196404,0.439422511997092
1,m14_h3_q5_d8_l50,3,5,0.5200046145048106,-0.08781665431994304,0.5576884100609181
1,m15_h3_q5_d2_l1,3,5,0.5144799945137373,-0.4548920016204614,0.29100241184416953
1,m15_h3_q5_d2_l50,3,5,0.5161738199885936,-0.458861283017391,0.17468225770800966
1,m15_h3_q5_d4_l1,3,5,0.5176320771238346,-0.2848153244973861,0.31544937656950306
1,m15_h3_q5_d4_l50,3,5,0.5158391618416485,-0.24720242813131726,0.4253054385203746
1,m15_h3_q5_d8_l1,3,5,0.5225183766551775,-0.14938102092226568,0.5307408118516763
1,m15_h3_q5_d8_l50,3,5,0.51068184248537,-0.1665527587999657,0.4448646272492994
1,m16_h3_q5_d2_l1,3,5,0.5168725823249356,0.1871727590305145,0.4433457401835517
1,m16_h3_q5_d2_l50,3,5,0.5228342435776632,0.11692476380728667,0.49133866248910063
1,m16_h3_q5_d4_l1,3,5,0.521497548229518,0.415755640336593,0.6163859238165287
1,m16_h3_q5_d4_l50,3,5,0.5274840061495735,0.268653237640659,0.5901782324788027
1,m16_h3_q5_d8_l1,3,5,0.5210194374876016,0.30606416968991207,0.6429445213387933
1,m16_h3_q5_d8_l50,3,5,0.5266633914401905,0.3485229504328571,0.6154430589586037
1,m17_h3_q5_d2_l1,3,5,0.5029885795849038,-0.01822887547420538,0.578765893650695
1,m17_h3_q5_d2_l50,3,5,0.5137532390646697,0.27348725142096936,0.6590436235699432
1,m17_h3_q5_d4_l1,3,5,0.5098451486870165,0.1332287663304977,0.630230345865476
1,m17_h3_q5_d4_l50,3,5,0.5186021498710573,0.3063402936466633,0.6600576169613481
1,m17_h3_q5_d8_l1,3,5,0.5138363466450109,0.5485134872257389,0.732454118590007
1,m17_h3_q5_d8_l50,3,5,0.5220171158996231,0.48130644643958614,0.710445538299822
1,m18_h3_q5_d2_l1,3,5,0.5071428931201647,0.19347764859545838,0.6008066230413376
1,m18_h3_q5_d2_l50,3,5,0.5116659602199465,0.38359696263736276,0.5970141315795013
1,m18_h3_q5_d4_l1,3,5,0.5145708510526186,0.14704057869854892,0.4945066459959799
1,m18_h3_q5_d4_l50,3,5,0.5121631527722674,0.22101515654468362,0.5083645997549489
1,m18_h3_q5_d8_l1,3,5,0.5143073864622595,-0.04150638460649508,0.49484664449537935
1,m18_h3_q5_d8_l50,3,5,0.5135539939682106,0.30610884300665253,0.553252061439342
1,m19_h3_q5_d2_l1,3,5,0.4997830291608808,0.04155886000113144,0.5356497818149693
1,m19_h3_q5_d2_l50,3,5,0.505790893578903,0.041383503743562707,0.6088448280129042
1,m19_h3_q5_d4_l1,3,5,0.5030354607840706,0.25123720547322087,0.6930596290746973
1,m19_h3_q5_d4_l50,3,5,0.5125277412715731,0.17315916670484918,0.6238718000638618
1,m19_h3_q5_d8_l1,3,5,0.5091262390584705,0.0673473686222609,0.7156006458872475
1,m19_h3_q5_d8_l50,3,5,0.5126114300238048,0.2998368242510836,0.5904521550856832
1,m20_h3_q5_d2_l1,3,5,0.5142025817980064,-0.13099008186055325,0.42504516258568503
1,m20_h3_q5_d2_l50,3,5,0.5129667197728625,-0.002326905692572659,0.45599228891065624
1,m20_h3_q5_d4_l1,3,5,0.5264479703927791,0.0176160914706805,0.42584771418477624
1,m20_h3_q5_d4_l50,3,5,0.5178982538496826,0.021590198065197266,0.45274805525481815
1,m20_h3_q5_d8_l1,3,5,0.5230886031417378,0.20189484295403848,0.47905714067748006
1,m20_h3_q5_d8_l50,3,5,0.520278733913162,-0.21201185513705112,0.4197004634385079
1,m21_h3_q5_d2_l1,3,5,0.5101039639022515,-0.36844925816928986,0.4495965282372686
1,m21_h3_q5_d2_l50,3,5,0.5147302858745785,-0.11852506271518441,0.49205234595138264
1,m21_h3_q5_d4_l1,3,5,0.5163870132104245,-0.18373355585862747,0.41971820874454663
1,m21_h3_q5_d4_l50,3,5,0.5190632129041858,-0.03338880654585388,0.4679157888310744
1,m21_h3_q5_d8_l1,3,5,0.5269052558086192,0.4081619646184264,0.7893485044504855
1,m21_h3_q5_d8_l50,3,5,0.5227712832895258,0.1777505072848724,0.6230716412411141
1,m22_h3_q5_d2_l1,3,5,0.5107899404570027,-0.29017850355000074,0.3690410350896838
1,m22_h3_q5_d2_l50,3,5,0.5113438941306289,-0.4523824591935804,0.3068909401966894
1,m22_h3_q5_d4_l1,3,5,0.5148762568810752,-0.16314739707128542,0.44540316147306597
1,m22_h3_q5_d4_l50,3,5,0.5143796455006447,0.09091655281171253,0.4636889296847954
1,m22_h3_q5_d8_l1,3,5,0.5201323754587384,0.23833545251823754,0.5237024403211341
1,m22_h3_q5_d8_l50,3,5,0.5108108626450605,-0.17589381452693523,0.44664582093947164
1,m23_h3_q5_d2_l1,3,5,0.5052067189669709,-0.25362929758823183,0.4716051574050807
1,m23_h3_q5_d2_l50,3,5,0.5053583079684091,-0.1611821985565792,0.5164595140160477
1,m23_h3_q5_d4_l1,3,5,0.5129938411277524,-0.16202453914745954,0.49890129909315256
1,m23_h3_q5_d4_l50,3,5,0.5082691073819678,0.004241655256509647,0.555214541968475
1,m23_h3_q5_d8_l1,3,5,0.5274688956804205,0.18862095030137319,0.5597251253903368
1,m23_h3_q5_d8_l50,3,5,0.5118822530251934,-0.21421552574962374,0.5026033019032725
1,m24_h3_q5_d2_l1,3,5,0.5166755650540567,0.0795837949584081,0.7188677490131523
1,m24_h3_q5_d2_l50,3,5,0.5184932770035707,0.04088387546722407,0.6158940455543883
1,m24_h3_q5_d4_l1,3,5,0.5256555425200853,0.3657153236548497,0.7576210132429659
1,m24_h3_q5_d4_l50,3,5,0.5245384332845666,0.10423116818082935,0.6592549192252343
1,m24_h3_q5_d8_l1,3,5,0.5224879619929081,0.2536363477462491,0.6472486587947492
1,m24_h3_q5_d8_l50,3,5,0.5255599397440984,0.03088551051404986,0.6084517921773428
1,m25_h3_q5_d2_l1,3,5,0.5087014024065165,0.13241943616917273,0.6546883405358112
1,m25_h3_q5_d2_l50,3,5,0.5159120020519242,0.009729943240769782,0.6664434404981422
1,m25_h3_q5_d4_l1,3,5,0.512181847134745,0.15817381600298,0.6909306218194016
1,m25_h3_q5_d4_l50,3,5,0.5156828266031045,0.1849506643176457,0.7295095694714231
1,m25_h3_q5_d8_l1,3,5,0.5200551764592839,0.21655753019466648,0.6255054453953732
1,m25_h3_q5_d8_l50,3,5,0.522256268132563,0.4264265830145188,0.8079299325752272
1,m26_h3_q5_d2_l1,3,5,0.5112350212631422,-0.1208942584369414,0.5794547592320791
1,m26_h3_q5_d2_l50,3,5,0.516985717119619,-0.08947599947119117,0.4830380601043991
1,m26_h3_q5_d4_l1,3,5,0.5129525779235271,-0.09105696354023647,0.5775797675682698
1,m26_h3_q5_d4_l50,3,5,0.5178491448249355,-0.1733663014417155,0.39966592088780184
1,m26_h3_q5_d8_l1,3,5,0.5100363542389903,-0.12513934367399418,0.5181080424168513
1,m26_h3_q5_d8_l50,3,5,0.5192336899920651,-0.17886802148444997,0.4335157261236456
1,m27_h3_q5_d2_l1,3,5,0.506318985103402,-0.07375877862945167,0.6105415860906194
1,m27_h3_q5_d2_l50,3,5,0.5080201720888713,-0.01925401917448221,0.6244723241602619
1,m27_h3_q5_d4_l1,3,5,0.5124417278317794,-0.12474848283434284,0.6772424967294977
1,m27_h3_q5_d4_l50,3,5,0.5117127445571316,-0.07511836839081511,0.6159938612787756
1,m27_h3_q5_d8_l1,3,5,0.5197774731576077,0.1359720277287959,0.729561953035902
1,m27_h3_q5_d8_l50,3,5,0.5128725699266019,-0.15258550272952906,0.6682029635061072
1,m28_h3_q5_d2_l1,3,5,0.5173535020643225,-0.22142766545016654,0.4940296092205147
1,m28_h3_q5_d2_l50,3,5,0.5189144329002182,-0.17860023967559613,0.4640274997976844
1,m28_h3_q5_d4_l1,3,5,0.5210101387373537,-0.2728283324746909,0.4412460943170385
1,m28_h3_q5_d4_l50,3,5,0.5211472953035112,-0.044744879439578826,0.4095910489696248
1,m28_h3_q5_d8_l1,3,5,0.5231810094723268,0.34457984504632316,0.5947085156929319
1,m28_h3_q5_d8_l50,3,5,0.5210088795315909,-0.038270659394318784,0.38029353472811117
1,m29_h3_q5_d2_l1,3,5,0.5109921882748959,-0.25255008973315035,0.4082672760760463
1,m29_h3_q5_d2_l50,3,5,0.5127419031132215,-0.348963382917857,0.3899053465257293
1,m29_h3_q5_d4_l1,3,5,0.5180527487105733,-0.2101966371252161,0.4970546404251177
1,m29_h3_q5_d4_l50,3,5,0.5157091730621405,-0.252188981514528,0.5422843734171103
1,m29_h3_q5_d8_l1,3,5,0.5236112703952588,0.39558853656370935,0.6326634768951036
1,m29_h3_q5_d8_l50,3,5,0.5180305673167527,-0.20068399808436937,0.43241369121921747
1,m30_h3_q5_d2_l1,3,5,0.513473404799395,-0.30206917832972124,0.3453203440348716
1,m30_h3_q5_d2_l50,3,5,0.5144942332250545,-0.2926576210660123,0.3485604245611247
1,m30_h3_q5_d4_l1,3,5,0.5146692628260762,-0.2905773422308186,0.45877653621046116
1,m30_h3_q5_d4_l50,3,5,0.5174488142543643,-0.29581250514386437,0.3293987254703614
1,m30_h3_q5_d8_l1,3,5,0.512908893169758,-0.1854713643657109,0.47814103205342284
1,m30_h3_q5_d8_l50,3,5,0.5170363759360742,-0.2136892229341821,0.34943964905760794
1,m31_h3_q5_d2_l1,3,5,0.5106509435131918,-0.13404603815416513,0.4540975619156219
1,m31_h3_q5_d2_l50,3,5,0.5122611770977981,-0.3254824841426212,0.3278853782097785
1,m31_h3_q5_d4_l1,3,5,0.5182315559288831,-0.2948666878663632,0.565208064768195
1,m31_h3_q5_d4_l50,3,5,0.5142941163707597,-0.29598083450240936,0.4993689642066246
1,m31_h3_q5_d8_l1,3,5,0.5174529793195795,-0.2628902432908275,0.4240985557964114
1,m31_h3_q5_d8_l50,3,5,0.5171995883753223,-0.07405753661316088,0.4580717848371375
1,m01_h6_q3_d2_l1,6,3,0.5022383126518524,-0.29154753794551974,0.5886822986525372
1,m01_h6_q3_d2_l50,6,3,0.5048993087396897,-0.48039037259890455,0.4588711721385429
1,m01_h6_q3_d4_l1,6,3,0.510248137958919,-0.2660623719404355,0.5677038474936486
1,m01_h6_q3_d4_l50,6,3,0.5142957392064581,-0.33006266010145807,0.6228123925369726
1,m01_h6_q3_d8_l1,6,3,0.5117083975321126,-0.13720772067984374,0.5576523191256876
1,m01_h6_q3_d8_l50,6,3,0.516196745610337,-0.3277673347515113,0.6138115041728591
1,m02_h6_q3_d2_l1,6,3,0.5042552196943791,-0.14615855612714865,0.5783021531970102
1,m02_h6_q3_d2_l50,6,3,0.506640914901357,-0.26536653427077106,0.5470013808944993
1,m02_h6_q3_d4_l1,6,3,0.5027766755420604,-0.20742585791845952,0.5497953710984828
1,m02_h6_q3_d4_l50,6,3,0.5062650488353091,-0.16449780739774866,0.46882292284752264
1,m02_h6_q3_d8_l1,6,3,0.5047677777350155,-0.1387130098666029,0.5350645764626036
1,m02_h6_q3_d8_l50,6,3,0.5058992097965236,-0.08357859906449028,0.5007172424080628
1,m03_h6_q3_d2_l1,6,3,0.5099701828649605,-0.17148027430200768,0.5624394034990543
1,m03_h6_q3_d2_l50,6,3,0.5077952764149132,-0.23984433811625044,0.5455591154704891
1,m03_h6_q3_d4_l1,6,3,0.5129810927129905,-0.3283679235298916,0.5020498477377207
1,m03_h6_q3_d4_l50,6,3,0.5072754930163967,-0.2649181733021136,0.4748472435059862
1,m03_h6_q3_d8_l1,6,3,0.5201656052026116,-0.27993933918992386,0.5089482625180173
1,m03_h6_q3_d8_l50,6,3,0.5087105375651517,-0.324278394908261,0.484545789805601
1,m04_h6_q3_d2_l1,6,3,0.5104520699986773,0.23153718171576035,0.6363327511207924
1,m04_h6_q3_d2_l50,6,3,0.501334258179142,-0.12964458721461952,0.5494237177569945
1,m04_h6_q3_d4_l1,6,3,0.5160583578884909,-0.03381485331760777,0.6050827159968643
1,m04_h6_q3_d4_l50,6,3,0.5040452419470068,-0.16687700158680874,0.5700040379400687
1,m04_h6_q3_d8_l1,6,3,0.5146968940250861,-0.11770708449817115,0.6174034608785388
1,m04_h6_q3_d8_l50,6,3,0.5047242781314517,-0.11094686555342392,0.5976603488563337
1,m05_h6_q3_d2_l1,6,3,0.5075002901202373,-0.5335723128228723,0.4917540167614093
1,m05_h6_q3_d2_l50,6,3,0.5052970720638026,-0.5055470287203199,0.49787259487459207
1,m05_h6_q3_d4_l1,6,3,0.5095517019330487,-0.4269491378114421,0.49699841485958507
1,m05_h6_q3_d4_l50,6,3,0.5036659106583024,-0.5624685825897443,0.4997369285901043
1,m05_h6_q3_d8_l1,6,3,0.504919362794214,-0.35232776030079954,0.5700772819525852
1,m05_h6_q3_d8_l50,6,3,0.504074806931802,-0.5348461276930507,0.5349625229955509
1,m06_h6_q3_d2_l1,6,3,0.508590360694289,-0.09284067489714788,0.6183689271629761
1,m06_h6_q3_d2_l50,6,3,0.5104692486556779,-0.02821313102443073,0.5898307009318156
1,m06_h6_q3_d4_l1,6,3,0.5146445470445264,0.04297691907100542,0.6267918922588548
1,m06_h6_q3_d4_l50,6,3,0.5104760316447083,-0.05753599804426528,0.5647199541165112
1,m06_h6_q3_d8_l1,6,3,0.5053683671767621,-0.1612944846816424,0.5088831189254677
1,m06_h6_q3_d8_l50,6,3,0.5100959630745874,-0.14426713282510328,0.5382020955285475
1,m07_h6_q3_d2_l1,6,3,0.5140884894003263,-0.2634751463642335,0.5633485869951773
1,m07_h6_q3_d2_l50,6,3,0.5116903341374124,-0.21053680626549867,0.6115496609244327
1,m07_h6_q3_d4_l1,6,3,0.5091823239434647,-0.44988941560064694,0.5397128738945189
1,m07_h6_q3_d4_l50,6,3,0.5066468131526876,-0.23977832610658792,0.5760759968210438
1,m07_h6_q3_d8_l1,6,3,0.5216071378278303,-0.18191848909333982,0.5852063573762093
1,m07_h6_q3_d8_l50,6,3,0.5061995782455385,-0.20707572794490609,0.6520651964613183
1,m08_h6_q3_d2_l1,6,3,0.4757859825402913,-0.1253335076202422,0.469895031256324
1,m08_h6_q3_d2_l50,6,3,0.4855217836429989,-0.025565455521156563,0.49005113157233027
1,m08_h6_q3_d4_l1,6,3,0.48672517437074136,0.1435925416622871,0.5931037397668365
1,m08_h6_q3_d4_l50,6,3,0.4936385147554342,0.07801957049619414,0.561632598239121
1,m08_h6_q3_d8_l1,6,3,0.4932956788968383,0.19554903044392022,0.6366111392437013
1,m08_h6_q3_d8_l50,6,3,0.4945927043644553,0.22249628698025783,0.5388927950638382
1,m09_h6_q3_d2_l1,6,3,0.50275544183727,-0.13924779759110764,0.5297975955355919
1,m09_h6_q3_d2_l50,6,3,0.508377138908685,-0.08535437629372196,0.5040108200496971
1,m09_h6_q3_d4_l1,6,3,0.5053752238939341,-0.14176035069709497,0.492369393790823
1,m09_h6_q3_d4_l50,6,3,0.5065074669650003,-0.32547402898879574,0.5184858659257363
1,m09_h6_q3_d8_l1,6,3,0.5189242444819279,0.46194311269655547,0.7504876792098071
1,m09_h6_q3_d8_l50,6,3,0.5067472308815925,-0.28486339101510666,0.48252813654871424
1,m10_h6_q3_d2_l1,6,3,0.4927222214112127,-0.21743539930322917,0.6041564035186993
1,m10_h6_q3_d2_l50,6,3,0.49957399879764147,-0.1517385766334853,0.6240104301575953
1,m10_h6_q3_d4_l1,6,3,0.48321851649836745,-0.26321050261604134,0.4549613233704758
1,m10_h6_q3_d4_l50,6,3,0.49425075324355905,-0.19600822307532806,0.5353063174818362
1,m10_h6_q3_d8_l1,6,3,0.47928939637443335,-0.5810950665193036,0.422537670739574
1,m10_h6_q3_d8_l50,6,3,0.491266385526517,-0.0646851332210005,0.531801125508573
1,m11_h6_q3_d2_l1,6,3,0.5069783686056136,-0.1235604841284058,0.6605749197186886
1,m11_h6_q3_d2_l50,6,3,0.5101238323121249,-0.0635966905502157,0.599055826055914
1,m11_h6_q3_d4_l1,6,3,0.5012448259433405,-0.3640593903217961,0.5470626345773896
1,m11_h6_q3_d4_l50,6,3,0.5032410153780683,-0.25806038924142616,0.558318526875861
1,m11_h6_q3_d8_l1,6,3,0.5072462966723098,0.050555504752546616,0.6804161314814929
1,m11_h6_q3_d8_l50,6,3,0.502208821395199,-0.1722447315970421,0.583911762048462
1,m12_h6_q3_d2_l1,6,3,0.485587549145336,0.041674879680383636,0.6187994258593114
1,m12_h6_q3_d2_l50,6,3,0.4869591137641445,-0.043546572518453404,0.570876219499885
1,m12_h6_q3_d4_l1,6,3,0.4921400640048743,-0.02689846586271828,0.5640023009215807
1,m12_h6_q3_d4_l50,6,3,0.49049172394237345,0.032097710314644375,0.6066798119485841
1,m12_h6_q3_d8_l1,6,3,0.5048611175623235,0.25714102527222177,0.6298196326899961
1,m12_h6_q3_d8_l50,6,3,0.48942767940231835,-0.08538998016003416,0.5883436618878569
1,m13_h6_q3_d2_l1,6,3,0.5027792560270176,-0.28542242368235615,0.5619404540341221
1,m13_h6_q3_d2_l50,6,3,0.5098159435926632,-0.20884808681407646,0.5831049194485018
1,m13_h6_q3_d4_l1,6,3,0.5101498583461215,-0.2116518651287525,0.5770711524478673
1,m13_h6_q3_d4_l50,6,3,0.5049542362052066,-0.16655400716864477,0.5486160223348813
1,m13_h6_q3_d8_l1,6,3,0.5169700063597895,0.3953318984406138,0.7568677002220496
1,m13_h6_q3_d8_l50,6,3,0.5041183065353657,-0.1933425094446845,0.5667418464217606
1,m14_h6_q3_d2_l1,6,3,0.4974072761713153,-0.1704284451322642,0.5898838463379487
1,m14_h6_q3_d2_l50,6,3,0.5029240580971858,-0.15793402038621054,0.6180086589055731
1,m14_h6_q3_d4_l1,6,3,0.49605967319853767,0.08853902353780528,0.5964493268521033
1,m14_h6_q3_d4_l50,6,3,0.5027601604383345,-0.2194771034326109,0.6186497716342625
1,m14_h6_q3_d8_l1,6,3,0.49034028633945825,0.07617834258348721,0.7149315586654849
1,m14_h6_q3_d8_l50,6,3,0.5022911757294035,-0.015588667657870337,0.639279698874262
1,m15_h6_q3_d2_l1,6,3,0.5057949582042538,-0.2399065902002126,0.5938734334974799
1,m15_h6_q3_d2_l50,6,3,0.5048365660911596,-0.2535723901949615,0.5171323098509825
1,m15_h6_q3_d4_l1,6,3,0.5060586100387353,-0.13041813252389944,0.5284089850063545
1,m15_h6_q3_d4_l50,6,3,0.5028722272136174,-0.1933327018965297,0.5348696496712655
1,m15_h6_q3_d8_l1,6,3,0.5099785878731069,-0.008421611447257466,0.5526861463155884
1,m15_h6_q3_d8_l50,6,3,0.5034033647459454,-0.1888165463609409,0.5655375254535168
1,m16_h6_q3_d2_l1,6,3,0.4958478522476245,0.09186700460800996,0.5548728298322811
1,m16_h6_q3_d2_l50,6,3,0.49803669331644074,0.15547330537051016,0.580197950041621
1,m16_h6_q3_d4_l1,6,3,0.5013708273373922,0.2952233366984477,0.6283148537432037
1,m16_h6_q3_d4_l50,6,3,0.49773698842070047,0.3111693423457985,0.7037232072695943
1,m16_h6_q3_d8_l1,6,3,0.5091149364220117,0.597168022340011,0.7407433874223145
1,m16_h6_q3_d8_l50,6,3,0.4977756219669164,0.31164968211834554,0.7501464274101322
1,m17_h6_q3_d2_l1,6,3,0.5140553117365911,-0.004692356644916661,0.629005250466228
1,m17_h6_q3_d2_l50,6,3,0.5215758770957777,0.0005456657897737811,0.5774340017548284
1,m17_h6_q3_d4_l1,6,3,0.511515377257316,-0.0241839445230624,0.7386888991016166
1,m17_h6_q3_d4_l50,6,3,0.520543535656625,-0.10975181031541244,0.5960679842050829
1,m17_h6_q3_d8_l1,6,3,0.5153769624035138,0.20278550254884023,0.747898233139071
1,m17_h6_q3_d8_l50,6,3,0.5215729279701123,-0.10660134946066195,0.6058598232233359
1,m18_h6_q3_d2_l1,6,3,0.508172690771935,0.3443027780581617,0.6838922083846228
1,m18_h6_q3_d2_l50,6,3,0.5094257742671386,0.2680263977727913,0.6728046216020058
1,m18_h6_q3_d4_l1,6,3,0.5081121599676539,0.3266586354882121,0.67551031607525
1,m18_h6_q3_d4_l50,6,3,0.5061259975601884,0.031527472541472513,0.5457368187648475
1,m18_h6_q3_d8_l1,6,3,0.509629485122472,-0.026897506221504188,0.5631907115340216
1,m18_h6_q3_d8_l50,6,3,0.5053775094663248,0.06386145140620515,0.5818703496903276
1,m19_h6_q3_d2_l1,6,3,0.5199960304768545,-0.09245377223639352,0.65735935912109
1,m19_h6_q3_d2_l50,6,3,0.5226079236223639,-0.14641717539561452,0.6411530259591144
1,m19_h6_q3_d4_l1,6,3,0.5172342480194041,-0.1431432448904728,0.6234403415135767
1,m19_h6_q3_d4_l50,6,3,0.5165215180742326,-0.2705268754320913,0.5144123582621442
1,m19_h6_q3_d8_l1,6,3,0.5147717280888442,-0.13822596504751172,0.6561471986923302
1,m19_h6_q3_d8_l50,6,3,0.5170449878798308,-0.10457486300431092,0.67791871256124
1,m20_h6_q3_d2_l1,6,3,0.5065073195087169,0.1998792992069502,0.6338121943399468
1,m20_h6_q3_d2_l50,6,3,0.5071083513193135,0.28550779434187823,0.7006141100501111
1,m20_h6_q3_d4_l1,6,3,0.5026086491072775,0.18831914678221054,0.6231674609442864
1,m20_h6_q3_d4_l50,6,3,0.5061892563057099,0.1812114938373689,0.6021421006585372
1,m20_h6_q3_d8_l1,6,3,0.5100708217782903,0.03336491172627695,0.58435624998364
1,m20_h6_q3_d8_l50,6,3,0.5069395876031143,0.2650927631424217,0.6493116893927625
1,m21_h6_q3_d2_l1,6,3,0.5179253756190767,-0.17183113965573918,0.6203114843165913
1,m21_h6_q3_d2_l50,6,3,0.5245699031993737,-0.1725689123650019,0.5724272702273941
1,m21_h6_q3_d4_l1,6,3,0.513538698648165,-0.1591894205556857,0.6643596656774705
1,m21_h6_q3_d4_l50,6,3,0.5188095234935461,-0.27708238808789476,0.5338474882177243
1,m21_h6_q3_d8_l1,6,3,0.5175321834397452,-0.07641538700008985,0.6381066439814131
1,m21_h6_q3_d8_l50,6,3,0.5192660481465409,-0.21962702169652962,0.5134159118018098
1,m22_h6_q3_d2_l1,6,3,0.5133058651768864,0.2219037413287024,0.6289669460036307
1,m22_h6_q3_d2_l50,6,3,0.5158942390452147,0.2720668671755019,0.666698917884807
1,m22_h6_q3_d4_l1,6,3,0.5111928903658111,0.06119306344385377,0.6938647291322574
1,m22_h6_q3_d4_l50,6,3,0.5134707950297206,0.09011123034814669,0.6157153216871786
1,m22_h6_q3_d8_l1,6,3,0.5089879765621187,-0.1974565056325008,0.6066282269504737
1,m22_h6_q3_d8_l50,6,3,0.5124340299020699,0.0415865432236457,0.624117511784176
1,m23_h6_q3_d2_l1,6,3,0.513185024752749,-0.06835041502302606,0.7189056075267783
1,m23_h6_q3_d2_l50,6,3,0.5157175864178607,-0.22939320238068536,0.5988062383735703
1,m23_h6_q3_d4_l1,6,3,0.5131741129877873,-0.22449532677172226,0.6291665738351281
1,m23_h6_q3_d4_l50,6,3,0.512931105032963,-0.2207877846157359,0.602966385948174
1,m23_h6_q3_d8_l1,6,3,0.5107090863004118,-0.05251068238257688,0.7599373216978731
1,m23_h6_q3_d8_l50,6,3,0.5126928156792036,-0.3102521332347287,0.6119740276942531
1,m24_h6_q3_d2_l1,6,3,0.48655773776109157,0.042943967614405935,0.5872437966365337
1,m24_h6_q3_d2_l50,6,3,0.4954114553772956,0.08536408440443825,0.6185672042368521
1,m24_h6_q3_d4_l1,6,3,0.4812157652590342,-0.03246637011645445,0.5496627505328102
1,m24_h6_q3_d4_l50,6,3,0.49331381601968016,0.19042179419313524,0.6404810802553653
1,m24_h6_q3_d8_l1,6,3,0.4830486468600438,-0.1298315339825512,0.5682819230313858
1,m24_h6_q3_d8_l50,6,3,0.49422848734478564,0.27150944069991473,0.6893183055190174
1,m25_h6_q3_d2_l1,6,3,0.5089335651935931,-0.10567085198647926,0.576641765701238
1,m25_h6_q3_d2_l50,6,3,0.5162623636563909,-0.1376042439266944,0.5059204324123527
1,m25_h6_q3_d4_l1,6,3,0.5061491481966612,-0.09317980978925254,0.6163980504670221
1,m25_h6_q3_d4_l50,6,3,0.5138735718674645,-0.12170528710391716,0.5450568706119666
1,m25_h6_q3_d8_l1,6,3,0.5078274956128069,0.14436056959738713,0.6805257891721882
1,m25_h6_q3_d8_l50,6,3,0.5150013175218909,-0.16124379279851433,0.5381602311425527
1,m26_h6_q3_d2_l1,6,3,0.4950726745664896,-0.003437495881627272,0.5920354098134668
1,m26_h6_q3_d2_l50,6,3,0.5055702348285548,-0.08646782313273887,0.653797411198111
1,m26_h6_q3_d4_l1,6,3,0.48722859012181513,-0.12581500584151517,0.6138546527153133
1,m26_h6_q3_d4_l50,6,3,0.49917970069618534,-0.16630610948742613,0.5429090727803739
1,m26_h6_q3_d8_l1,6,3,0.4823482295145253,-0.08069738664787542,0.6661936492320487
1,m26_h6_q3_d8_l50,6,3,0.499801228930156,-0.08306196997007313,0.5677832061015288
1,m27_h6_q3_d2_l1,6,3,0.5096763024924093,-0.1460934557244956,0.5863946486433037
1,m27_h6_q3_d2_l50,6,3,0.5171827857765439,-0.25519199324869635,0.543072577966394
1,m27_h6_q3_d4_l1,6,3,0.5042608230331433,-0.17635574918326385,0.5990753453889648
1,m27_h6_q3_d4_l50,6,3,0.5105469581169597,-0.20826884144833444,0.5563213137697558
1,m27_h6_q3_d8_l1,6,3,0.4979902445872116,-0.06036853040735426,0.6031737542031271
1,m27_h6_q3_d8_l50,6,3,0.5094417732738732,-0.33912571669401326,0.48827477445709766
1,m28_h6_q3_d2_l1,6,3,0.4887889725113471,-0.13306760663034412,0.5816696593257774
1,m28_h6_q3_d2_l50,6,3,0.4961851584955979,0.04164081279763265,0.5579055789623011
1,m28_h6_q3_d4_l1,6,3,0.4901588413828981,-0.003995183223976144,0.6629622492744142
1,m28_h6_q3_d4_l50,6,3,0.4960804645344783,0.26730111448404664,0.6491318605689753
1,m28_h6_q3_d8_l1,6,3,0.4961989456580834,-0.11039153238223089,0.5241285476406641
1,m28_h6_q3_d8_l50,6,3,0.4984496446377301,0.29541376099982675,0.6410019878299342
1,m29_h6_q3_d2_l1,6,3,0.5098416747140934,-0.043841654782589876,0.6367641121060521
1,m29_h6_q3_d2_l50,6,3,0.5180270467263894,0.016493507508428585,0.5398814329021124
1,m29_h6_q3_d4_l1,6,3,0.5078930399307191,-0.16114230105802616,0.5800192282726475
1,m29_h6_q3_d4_l50,6,3,0.5128433685444191,-0.10259890069399467,0.5519951948621304
1,m29_h6_q3_d8_l1,6,3,0.5046957453406395,0.05484289674896746,0.7264207911761639
1,m29_h6_q3_d8_l50,6,3,0.5128409355157453,-0.04546993686706507,0.5417572924833434
1,m30_h6_q3_d2_l1,6,3,0.496679653141534,-0.06451697390675969,0.6159284377387191
1,m30_h6_q3_d2_l50,6,3,0.5043973675514486,-0.027549586530065333,0.6033510406777415
1,m30_h6_q3_d4_l1,6,3,0.4891590877823475,0.03418281951358202,0.670681313327085
1,m30_h6_q3_d4_l50,6,3,0.502438558284529,-0.08064868646939295,0.6491382976219969
1,m30_h6_q3_d8_l1,6,3,0.4918023891161928,0.25901333245862523,0.7373366825936343
1,m30_h6_q3_d8_l50,6,3,0.5044658609950261,0.01651466631412581,0.6584787806149154
1,m31_h6_q3_d2_l1,6,3,0.5147566138198093,-0.15219893336252355,0.5888791022142243
1,m31_h6_q3_d2_l50,6,3,0.5175549654355099,0.009430469734881115,0.6081619768044464
1,m31_h6_q3_d4_l1,6,3,0.5032280392251408,-0.29142882320343916,0.5615070600393015
1,m31_h6_q3_d4_l50,6,3,0.513107167835184,0.060579546617983766,0.6256006800224408
1,m31_h6_q3_d8_l1,6,3,0.504884563111363,0.04227941623266222,0.6593761015445754
1,m31_h6_q3_d8_l50,6,3,0.5128404931468955,-0.22498472653934756,0.5418088543803282
1,m01_h6_q5_d2_l1,6,5,0.5098977472698101,-0.1898360340549736,0.5859886024585491
1,m01_h6_q5_d2_l50,6,5,0.5138727372418612,-0.12701368432078097,0.5745129969892087
1,m01_h6_q5_d4_l1,6,5,0.5179876332746752,-0.40588101375296304,0.5044109460500901
1,m01_h6_q5_d4_l50,6,5,0.5201420248693132,-0.4161369265427286,0.5285599971850758
1,m01_h6_q5_d8_l1,6,5,0.520437606749133,-0.011967314362910304,0.6160537845623274
1,m01_h6_q5_d8_l50,6,5,0.5218894353941307,-0.26439352016378337,0.5240853726712431
1,m02_h6_q5_d2_l1,6,5,0.4957286194425754,-0.1114082883951878,0.480543318151519
1,m02_h6_q5_d2_l50,6,5,0.4869547707158014,-0.29902271730049296,0.5954284213268037
1,m02_h6_q5_d4_l1,6,5,0.4931943384141607,-0.31347338427707716,0.4781511904270702
1,m02_h6_q5_d4_l50,6,5,0.4876587489001605,-0.34816181165565024,0.42112219284461644
1,m02_h6_q5_d8_l1,6,5,0.49367996609906317,-0.20661018849743767,0.5091652642640325
1,m02_h6_q5_d8_l50,6,5,0.4887735495057193,-0.4162440702962819,0.4197701699449988
1,m03_h6_q5_d2_l1,6,5,0.5041088307411624,-0.17645136991498664,0.4962195991444592
1,m03_h6_q5_d2_l50,6,5,0.49865067478391384,-0.28033640104366103,0.5354949136501532
1,m03_h6_q5_d4_l1,6,5,0.5052367728119662,-0.39212969290793,0.42013634643882103
1,m03_h6_q5_d4_l50,6,5,0.500485930949485,-0.3025832766928397,0.496080824693239
1,m03_h6_q5_d8_l1,6,5,0.5124360718259924,-0.5820134009403447,0.43792368554275724
1,m03_h6_q5_d8_l50,6,5,0.502877273271311,-0.1617168169173152,0.5546679914746669
1,m04_h6_q5_d2_l1,6,5,0.4991193196521919,0.08307049249167706,0.5019361521819671
1,m04_h6_q5_d2_l50,6,5,0.48933438680710106,-0.20817204968174957,0.4859954419605222
1,m04_h6_q5_d4_l1,6,5,0.5019309866854718,-0.17779087606663482,0.43512897618063373
1,m04_h6_q5_d4_l50,6,5,0.49310356121577564,-0.34697486326090593,0.43853360399714175
1,m04_h6_q5_d8_l1,6,5,0.5076758287614512,-0.054306660574249536,0.5386806375040288
1,m04_h6_q5_d8_l50,6,5,0.49363447641167646,-0.2791572308860702,0.4643393156963578
1,m05_h6_q5_d2_l1,6,5,0.5059903852996739,-0.08449480688904293,0.7537115505507844
1,m05_h6_q5_d2_l50,6,5,0.504840304914342,-0.10056469952244596,0.57909556112937
1,m05_h6_q5_d4_l1,6,5,0.5029367131294964,-0.16782184303027634,0.5068945814001979
1,m05_h6_q5_d4_l50,6,5,0.508408515992961,-0.545435621908001,0.4660065205693586
1,m05_h6_q5_d8_l1,6,5,0.4999451091105533,-0.396374723364917,0.31516979501775816
1,m05_h6_q5_d8_l50,6,5,0.5113061079913048,-0.46369784389307067,0.49557222034920567
1,m06_h6_q5_d2_l1,6,5,0.5044185649681694,0.08258020147891552,0.5806306291681091
1,m06_h6_q5_d2_l50,6,5,0.4941915734498732,-0.13190159850495659,0.44546585218700013
1,m06_h6_q5_d4_l1,6,5,0.5043218235663268,-0.1747328984098474,0.49210911977637123
1,m06_h6_q5_d4_l50,6,5,0.4958921801407794,-0.243535041467304,0.5419102237095257
1,m06_h6_q5_d8_l1,6,5,0.4948832188745407,-0.15593629412372717,0.44561213914279607
1,m06_h6_q5_d8_l50,6,5,0.496805613063506,-0.16207343120477388,0.6509731632774395
1,m07_h6_q5_d2_l1,6,5,0.5043116136587134,-0.2027740526432095,0.5734556289427786
1,m07_h6_q5_d2_l50,6,5,0.49553978669582316,-0.27877452271693237,0.5622415020489121
1,m07_h6_q5_d4_l1,6,5,0.5079590778815797,-0.20502853752340267,0.4947874663227639
1,m07_h6_q5_d4_l50,6,5,0.4994338050243259,-0.33042993371789686,0.5302349097509402
1,m07_h6_q5_d8_l1,6,5,0.5071398591558408,-0.4104091736237516,0.4314656019373562
1,m07_h6_q5_d8_l50,6,5,0.5014934769810051,-0.3998472506191722,0.5643907913411464
1,m08_h6_q5_d2_l1,6,5,0.4959971096863517,-0.21256375337536929,0.6586817663173712
1,m08_h6_q5_d2_l50,6,5,0.4988726644583613,-0.1740996363856807,0.664495703432755
1,m08_h6_q5_d4_l1,6,5,0.5007514896356298,-0.10868757419305379,0.5484657055976171
1,m08_h6_q5_d4_l50,6,5,0.5068786472620465,-0.3691394172703315,0.5378986146705546
1,m08_h6_q5_d8_l1,6,5,0.497384848416231,-0.32986379173501823,0.35151192759284966
1,m08_h6_q5_d8_l50,6,5,0.5067446043165468,-0.3732017389552869,0.5378986146705546
1,m09_h6_q5_d2_l1,6,5,0.5128297092541794,-0.20991838502976945,0.6413096134670223
1,m09_h6_q5_d2_l50,6,5,0.516186443830547,-0.2986523322786436,0.5937430191593212
1,m09_h6_q5_d4_l1,6,5,0.5133772029139279,-0.08390258408382123,0.6958863056816719
1,m09_h6_q5_d4_l50,6,5,0.5164979976450494,-0.14327536530618457,0.6056075781578577
1,m09_h6_q5_d8_l1,6,5,0.5321260302908752,-0.44373986492257794,0.35146607586402145
1,m09_h6_q5_d8_l50,6,5,0.518119654456291,-0.04766213424354034,0.6533222549861845
1,m10_h6_q5_d2_l1,6,5,0.5048762923114746,-0.0830626019806474,0.52407824478857
1,m10_h6_q5_d2_l50,6,5,0.506723780148543,-0.14705529611341733,0.5045926371154413
1,m10_h6_q5_d4_l1,6,5,0.50022542667305,-0.17161665852498278,0.5171715612923321
1,m10_h6_q5_d4_l50,6,5,0.5034490280976658,-0.23767721707382444,0.5441667104850116
1,m10_h6_q5_d8_l1,6,5,0.49610507187774966,-0.16594816771832357,0.43511940327166443
1,m10_h6_q5_d8_l50,6,5,0.5031663855067025,-0.24035352101928326,0.5373790778107504
1,m11_h6_q5_d2_l1,6,5,0.5063608735313907,-0.17289051633879404,0.5988101405467144
1,m11_h6_q5_d2_l50,6,5,0.5085172868899125,-0.31918202627489495,0.6415415659119027
1,m11_h6_q5_d4_l1,6,5,0.5011901113102324,-0.3224813432281986,0.5788481422422529
1,m11_h6_q5_d4_l50,6,5,0.5077257663293826,-0.2615346170668459,0.5114937386836491
1,m11_h6_q5_d8_l1,6,5,0.5135254992948088,-0.21429182221101495,0.556509050550456
1,m11_h6_q5_d8_l50,6,5,0.5073586140080741,-0.3262753334328575,0.5101966274624061
1,m12_h6_q5_d2_l1,6,5,0.4986966699122717,0.10882802085144776,0.6187050997337402
1,m12_h6_q5_d2_l50,6,5,0.4988079680140779,0.11558871170382706,0.6467931686101448
1,m12_h6_q5_d4_l1,6,5,0.49921029902696545,0.08455161872924138,0.6181078023580155
1,m12_h6_q5_d4_l50,6,5,0.5002906285583044,0.18210984119912413,0.6333346807614533
1,m12_h6_q5_d8_l1,6,5,0.5053103650173386,0.3061044478572226,0.6303648359853077
1,m12_h6_q5_d8_l50,6,5,0.5013017126766214,0.20624676199612677,0.6312441785632081
1,m13_h6_q5_d2_l1,6,5,0.5048847837197867,-0.07687330511845036,0.6057117551200613
1,m13_h6_q5_d2_l50,6,5,0.510134091467833,-0.06154439173393473,0.6192238083271734
1,m13_h6_q5_d4_l1,6,5,0.5047697453547954,-0.034353042116802006,0.5672559540366859
1,m13_h6_q5_d4_l50,6,5,0.5110695616168935,0.053540449532081605,0.621714453023673
1,m13_h6_q5_d8_l1,6,5,0.5166312318849956,-0.13820255470596238,0.5267453202928967
1,m13_h6_q5_d8_l50,6,5,0.5126449200351949,0.1314241560709081,0.66109140578988
1,m14_h6_q5_d2_l1,6,5,0.5012404532309405,-0.20272022874502058,0.4677293388378821
1,m14_h6_q5_d2_l50,6,5,0.5033814000957508,0.08416900988589834,0.5294049063039072
1,m14_h6_q5_d4_l1,6,5,0.5007198490308473,-0.18879151032548938,0.4436005700071546
1,m14_h6_q5_d4_l50,6,5,0.5040367548587029,-0.03592893389223688,0.5121701868268009
1,m14_h6_q5_d8_l1,6,5,0.497892210062885,-0.16957579510854426,0.45430094207426264
1,m14_h6_q5_d8_l50,6,5,0.5067015407458206,-0.019156583345713105,0.5286678920350474
1,m15_h6_q5_d2_l1,6,5,0.506743694522799,-0.09293461008006881,0.5461573137954729
1,m15_h6_q5_d2_l50,6,5,0.5068913843745149,-0.2277057448749534,0.5501501263059386
1,m15_h6_q5_d4_l1,6,5,0.5068525665079446,-0.09805184097140687,0.5314952087748942
1,m15_h6_q5_d4_l50,6,5,0.5055357916903886,-0.019565565408789197,0.623467079401358
1,m15_h6_q5_d8_l1,6,5,0.5139855516665804,0.0035924734580921993,0.6069517331986429
1,m15_h6_q5_d8_l50,6,5,0.5053809245768852,0.08248708515775749,0.5716852554226898
1,m16_h6_q5_d2_l1,6,5,0.5073935905232649,0.16703497279930296,0.6518913420063622
1,m16_h6_q5_d2_l50,6,5,0.5105796882278351,0.11221458001153584,0.6424017180383315
1,m16_h6_q5_d4_l1,6,5,0.5053700070519125,0.2494150046451798,0.5783287680355058
1,m16_h6_q5_d4_l50,6,5,0.5083270389084416,0.0718793229815852,0.565951268533477
1,m16_h6_q5_d8_l1,6,5,0.5056884348636199,0.18530193911066148,0.5726582695647838
1,m16_h6_q5_d8_l50,6,5,0.5089048590264479,0.08199860320231381,0.5429346054102011
1,m17_h6_q5_d2_l1,6,5,0.5197653702577506,0.15755839002712949,0.6681426394557372
1,m17_h6_q5_d2_l50,6,5,0.524457075526629,0.23220696520642667,0.7675231279890602
1,m17_h6_q5_d4_l1,6,5,0.5110215447246519,0.20304845120764217,0.7075231159715886
1,m17_h6_q5_d4_l50,6,5,0.5200509444063455,0.043992491399741866,0.7268737347301656
1,m17_h6_q5_d8_l1,6,5,0.5096546301627762,0.3761937666284291,0.7721492664699331
1,m17_h6_q5_d8_l50,6,5,0.5206554518076186,-0.07672089061662163,0.6794930623330573
1,m18_h6_q5_d2_l1,6,5,0.518707785570105,0.22171645938688192,0.6020924153707048
1,m18_h6_q5_d2_l50,6,5,0.517296594379173,0.26190380353722215,0.5591487683918919
1,m18_h6_q5_d4_l1,6,5,0.5139156997243931,0.32671014096696893,0.6919679945828004
1,m18_h6_q5_d4_l50,6,5,0.5122704893639045,0.2922092321137372,0.5321633114285313
1,m18_h6_q5_d8_l1,6,5,0.5114392411430568,0.08399380776647387,0.5810779967687365
1,m18_h6_q5_d8_l50,6,5,0.5117731354484757,0.20719164622636987,0.5247814812923975
1,m19_h6_q5_d2_l1,6,5,0.5140381175275607,-0.04792463493491276,0.6289077675466845
1,m19_h6_q5_d2_l50,6,5,0.5157128456407536,0.026706035512717125,0.6245678520162465
1,m19_h6_q5_d4_l1,6,5,0.5101207478261995,-0.02556159702390945,0.7238423142454987
1,m19_h6_q5_d4_l50,6,5,0.5132258738872212,0.0861341806676653,0.6211550618820028
1,m19_h6_q5_d8_l1,6,5,0.5121807230474613,0.3525459191023716,0.8271303915806187
1,m19_h6_q5_d8_l50,6,5,0.5134685866414781,0.019684896062255902,0.5621265409768715
1,m20_h6_q5_d2_l1,6,5,0.5105356137751669,0.21190842904360094,0.544064688084459
1,m20_h6_q5_d2_l50,6,5,0.5129564738496972,0.05494028548308322,0.5385855429271575
1,m20_h6_q5_d4_l1,6,5,0.49962182906552455,0.2367261865545791,0.6476469281864994
1,m20_h6_q5_d4_l50,6,5,0.5061354468583407,0.08344843615993154,0.587960909519102
1,m20_h6_q5_d8_l1,6,5,0.49386283464235803,0.05834007050146481,0.5188932411802146
1,m20_h6_q5_d8_l50,6,5,0.5097398475104808,0.21437679979792656,0.6564169096320123
1,m21_h6_q5_d2_l1,6,5,0.5126363275386885,0.060478313568722956,0.5997296664709204
1,m21_h6_q5_d2_l50,6,5,0.5160989014543761,-0.000520927722998449,0.6690868494952884
1,m21_h6_q5_d4_l1,6,5,0.5104532268968998,0.26918858611565327,0.6932948181590011
1,m21_h6_q5_d4_l50,6,5,0.5171955061849801,0.05270100336300286,0.6395879888853206
1,m21_h6_q5_d8_l1,6,5,0.5073661956226386,0.07754434321091587,0.5376913459680849
1,m21_h6_q5_d8_l50,6,5,0.5205521396731535,0.0641873871052667,0.6455915454924909
1,m22_h6_q5_d2_l1,6,5,0.5140774408351018,0.46326724622891374,0.6561616271102624
1,m22_h6_q5_d2_l50,6,5,0.5109300599089074,0.3052593893592882,0.6298213344323262
1,m22_h6_q5_d4_l1,6,5,0.5135447060517053,0.38152090564196856,0.7674598938089975
1,m22_h6_q5_d4_l50,6,5,0.5083669687451478,0.334633173991545,0.6752616466327925
1,m22_h6_q5_d8_l1,6,5,0.5086706376805031,0.00607864337327327,0.5996417723789976
1,m22_h6_q5_d8_l50,6,5,0.5120136242624604,0.15463767295864228,0.591936844475187
1,m23_h6_q5_d2_l1,6,5,0.5133915574375032,0.03939869831511265,0.5782390470153692
1,m23_h6_q5_d2_l50,6,5,0.514490689372962,0.17001010342104111,0.6256478119516393
1,m23_h6_q5_d4_l1,6,5,0.5059728970420786,0.15245188732851508,0.7139250244933608
1,m23_h6_q5_d4_l50,6,5,0.5121890122793851,0.15705578394900468,0.6396271608443285
1,m23_h6_q5_d8_l1,6,5,0.5104286624657108,-0.09086777871979215,0.5706141945441717
1,m23_h6_q5_d8_l50,6,5,0.5109405730811034,-0.017386007748662575,0.6489024852084365
1,m24_h6_q5_d2_l1,6,5,0.5218956017739764,0.12547507721824702,0.4953454430377934
1,m24_h6_q5_d2_l50,6,5,0.5290534546283836,0.1123781493782212,0.522827027257037
1,m24_h6_q5_d4_l1,6,5,0.5129003699019202,-0.23603500726827864,0.3897607083258888
1,m24_h6_q5_d4_l50,6,5,0.5226467881450235,-0.06487959533260115,0.3822026692863181
1,m24_h6_q5_d8_l1,6,5,0.5021152704634854,-0.18653857981372962,0.534767486936945
1,m24_h6_q5_d8_l50,6,5,0.5235410143108534,-0.06560377713942085,0.3606676066844862
1,m25_h6_q5_d2_l1,6,5,0.523992069833342,0.16202698157256185,0.5997712054520337
1,m25_h6_q5_d2_l50,6,5,0.5291682908169867,-0.10161822694791324,0.5839264905949809
1,m25_h6_q5_d4_l1,6,5,0.5180040095621345,0.0067831344671215755,0.6592863362542095
1,m25_h6_q5_d4_l50,6,5,0.5264046406759485,-0.014607094015838403,0.5571130587681066
1,m25_h6_q5_d8_l1,6,5,0.5200888524791677,-0.16791294539035298,0.5394450314992942
1,m25_h6_q5_d8_l50,6,5,0.5285938066093888,-0.07218840367329404,0.49574375318429154
1,m26_h6_q5_d2_l1,6,5,0.5167967132588893,-0.0863707802232135,0.5036255105475747
1,m26_h6_q5_d2_l50,6,5,0.5213668094301537,-0.017424354298180605,0.47482232775598926
1,m26_h6_q5_d4_l1,6,5,0.5087905282788158,-0.1831082552564409,0.41903035998090843
1,m26_h6_q5_d4_l50,6,5,0.5181727257582424,-0.1230589869002737,0.4556433637106789
1,m26_h6_q5_d8_l1,6,5,0.491576826218881,-0.27312525876004806,0.4549228522178517
1,m26_h6_q5_d8_l50,6,5,0.5164912247360385,-0.08355841833108255,0.5251162305144577
1,m27_h6_q5_d2_l1,6,5,0.5260444634400393,0.09561401166072846,0.6259370827389303
1,m27_h6_q5_d2_l50,6,5,0.5269248405232647,0.03369149596758118,0.592226691852974
1,m27_h6_q5_d4_l1,6,5,0.5163677960509291,0.05406052167490124,0.6611116896471947
1,m27_h6_q5_d4_l50,6,5,0.5192419355882201,-0.0786429991609563,0.5263685282674179
1,m27_h6_q5_d8_l1,6,5,0.5127086055975364,0.18453049328542354,0.6125052426393897
1,m27_h6_q5_d8_l50,6,5,0.5178041582022151,-0.11519618801759667,0.49412614063309307
1,m28_h6_q5_d2_l1,6,5,0.5123081952603384,0.1370248674204267,0.49436346590123875
1,m28_h6_q5_d2_l50,6,5,0.521827165066508,0.16244055407686323,0.5238737580933308
1,m28_h6_q5_d4_l1,6,5,0.5065352506663734,0.1335242022128417,0.6078097471577234
1,m28_h6_q5_d4_l50,6,5,0.5198364352582682,0.12283394086414554,0.4993194225632369
1,m28_h6_q5_d8_l1,6,5,0.5015334068177113,-0.10628603962708308,0.4481701038128813
1,m28_h6_q5_d8_l50,6,5,0.5192054427501165,0.16344935560792104,0.5125515751440776
1,m29_h6_q5_d2_l1,6,5,0.5264574087133171,0.31571609459914574,0.6981632987294187
1,m29_h6_q5_d2_l50,6,5,0.5291590917913152,0.09256872838974219,0.5036020994564211
1,m29_h6_q5_d4_l1,6,5,0.5149504384801511,-0.0750032882207341,0.5107737672602534
1,m29_h6_q5_d4_l50,6,5,0.5237135718583407,-0.10608892799718904,0.47203973997790577
1,m29_h6_q5_d8_l1,6,5,0.5119543865806635,-0.019151811532489814,0.5041947340550227
1,m29_h6_q5_d8_l50,6,5,0.5224317735559754,-0.026587459833924826,0.4577205536695077
1,m30_h6_q5_d2_l1,6,5,0.5169831198889809,0.014194292617066126,0.5583633795119919
1,m30_h6_q5_d2_l50,6,5,0.522656492611666,-0.04178593346163953,0.4824136050435632
1,m30_h6_q5_d4_l1,6,5,0.5036815309443093,-0.08190531600483744,0.4441794554139416
1,m30_h6_q5_d4_l50,6,5,0.5160617009989131,0.0795709824686678,0.6052354403591834
1,m30_h6_q5_d8_l1,6,5,0.495454771524507,-0.0023219649411560296,0.43817704226416443
1,m30_h6_q5_d8_l50,6,5,0.5166956250646965,0.10324230447028283,0.5996363610492713
1,m31_h6_q5_d2_l1,6,5,0.5219098552093577,-0.11078013983385872,0.5563292781154355
1,m31_h6_q5_d2_l50,6,5,0.5318791729206562,-0.034008395795062846,0.5357451025383836
1,m31_h6_q5_d4_l1,6,5,0.5139414772139124,0.06918783085446532,0.6176129676896298
1,m31_h6_q5_d4_l50,6,5,0.5236520091480772,0.0035888991152749346,0.6418899257727666
1,m31_h6_q5_d8_l1,6,5,0.5128747945887895,0.24815686607231258,0.6302664010674286
1,m31_h6_q5_d8_l50,6,5,0.523099359990425,-0.11552563383616535,0.5963604664569092
2,m01_h1_q3_d2_l1,1,3,0.48217394745172526,-0.14093944140749734,0.6012232535186599
2,m01_h1_q3_d2_l50,1,3,0.48217394745172526,-0.14093944140749734,0.6012232535186599
2,m01_h1_q3_d4_l1,1,3,0.4914562889099926,-0.11885191399722078,0.5197838355046243
2,m01_h1_q3_d4_l50,1,3,0.4914562889099926,-0.11885191399722078,0.5197838355046243
2,m01_h1_q3_d8_l1,1,3,0.4962771710456896,-0.18737887108726656,0.5037574662103637
2,m01_h1_q3_d8_l50,1,3,0.4962771710456896,-0.18737887108726656,0.5037574662103637
2,m02_h1_q3_d2_l1,1,3,0.4919607998311702,-0.5225745100996809,0.4789621625681941
2,m02_h1_q3_d2_l50,1,3,0.4919607998311702,-0.5225745100996809,0.4789621625681941
2,m02_h1_q3_d4_l1,1,3,0.49015379339453413,-0.40008533070063673,0.527308661488155
2,m02_h1_q3_d4_l50,1,3,0.49015379339453413,-0.40008533070063673,0.527308661488155
2,m02_h1_q3_d8_l1,1,3,0.4867541152263375,-0.34382046052987114,0.5292847233208708
2,m02_h1_q3_d8_l50,1,3,0.4867541152263375,-0.34382046052987114,0.5292847233208708
2,m03_h1_q3_d2_l1,1,3,0.4776481190206113,-0.36712308616778117,0.4629950642297282
2,m03_h1_q3_d2_l50,1,3,0.4781840931773416,-0.37582397252040156,0.44802530769417154
2,m03_h1_q3_d4_l1,1,3,0.4838158062502198,-0.43372469208952374,0.4790183092630988
2,m03_h1_q3_d4_l50,1,3,0.4762668280222293,-0.6621117206097256,0.43998597201353545
2,m03_h1_q3_d8_l1,1,3,0.47479114731718897,-0.7247704224328196,0.4516050953622161
2,m03_h1_q3_d8_l50,1,3,0.4741317933109986,-0.5520337918736179,0.4508152587369744
2,m04_h1_q3_d2_l1,1,3,0.5008392028067954,-0.4602106817008167,0.40224717476169586
2,m04_h1_q3_d2_l50,1,3,0.5008392028067954,-0.4602106817008167,0.40224717476169586
2,m04_h1_q3_d4_l1,1,3,0.5108288487918117,-0.2979057020535869,0.47758215860490527
2,m04_h1_q3_d4_l50,1,3,0.5108387411628152,-0.2979057020535869,0.47758215860490527
2,m04_h1_q3_d8_l1,1,3,0.5094472143083255,-0.3031479922548683,0.3942141220324948
2,m04_h1_q3_d8_l50,1,3,0.5094669990503324,-0.3031479922548683,0.3942141220324948
2,m05_h1_q3_d2_l1,1,3,0.4773445468854419,-0.7227209229853865,0.36793677092263344
2,m05_h1_q3_d2_l50,1,3,0.47825656853434634,-0.7196556986010124,0.349272820361845
2,m05_h1_q3_d4_l1,1,3,0.48914291673261584,-0.6122308638376895,0.4056245528097881
2,m05_h1_q3_d4_l50,1,3,0.48887252525852065,-0.5692880085749059,0.43057715535692387
2,m05_h1_q3_d8_l1,1,3,0.5011703224473286,-0.3973601043040387,0.5018216490674038
2,m05_h1_q3_d8_l50,1,3,0.49793469276493973,-0.2711562246534707,0.613188306225383
2,m06_h1_q3_d2_l1,1,3,0.48942258230452673,-0.4449641246170094,0.5019347479141744
2,m06_h1_q3_d2_l50,1,3,0.4915350156958953,-0.3876389948389297,0.5323355862390137
2,m06_h1_q3_d4_l1,1,3,0.5008174258511836,-0.23746917245379928,0.47419486599911
2,m06_h1_q3_d4_l50,1,3,0.5021745354982238,-0.3982381566281084,0.45937088083465916
2,m06_h1_q3_d8_l1,1,3,0.5021769398939538,-0.37796943037327585,0.43093686643679885
2,m06_h1_q3_d8_l50,1,3,0.5047363161030214,-0.3797698502230067,0.44639536909455496
2,m07_h1_q3_d2_l1,1,3,0.4772247392810665,-0.5692124191858317,0.4273789803079402
2,m07_h1_q3_d2_l50,1,3,0.47842185356652944,-0.4226141062655653,0.42465307900826443
2,m07_h1_q3_d4_l1,1,3,0.48505180304948825,-0.42430665165366815,0.5382623196477829
2,m07_h1_q3_d4_l50,1,3,0.48569858550086176,-0.5934082547967666,0.5060103760972725
2,m07_h1_q3_d8_l1,1,3,0.49123082528753825,-0.7320727731222159,0.4572825726638503
2,m07_h1_q3_d8_l50,1,3,0.48893634479089726,-0.7719971159023942,0.4797145154433753
2,m08_h1_q3_d2_l1,1,3,0.5135245198902606,0.6010564542778583,0.8583141432279926
2,m08_h1_q3_d2_l50,1,3,0.5135245198902606,0.6010564542778583,0.8583141432279926
2,m08_h1_q3_d4_l1,1,3,0.5152903081143821,0.2680248425060028,0.7699335583818999
2,m08_h1_q3_d4_l50,1,3,0.5153034979423868,0.2680248425060028,0.7699335583818999
2,m08_h1_q3_d8_l1,1,3,0.5128798670465338,0.16727959231230916,0.6626268468890526
2,m08_h1_q3_d8_l50,1,3,0.5128798670465337,0.16727959231230916,0.6626268468890526
2,m09_h1_q3_d2_l1,1,3,0.5052720841686891,0.3148482593615629,0.6620428794076821
2,m09_h1_q3_d2_l50,1,3,0.5057497345547114,0.3870082184161385,0.7045041237355774
2,m09_h1_q3_d4_l1,1,3,0.5075345518536105,0.27185463920883784,0.6980602735380261
2,m09_h1_q3_d4_l50,1,3,0.5098265592575006,0.19942631412566247,0.7525084443650096
2,m09_h1_q3_d8_l1,1,3,0.5181472111207837,0.1020905495644783,0.6025146234753019
2,m09_h1_q3_d8_l50,1,3,0.5198319368602933,0.26014316172025714,0.7214753635876111
2,m10_h1_q3_d2_l1,1,3,0.5056345296507334,0.3327974179368002,0.6168569566121858
2,m10_h1_q3_d2_l50,1,3,0.5046537422839505,0.2035364323393094,0.5887576839629276
2,m10_h1_q3_d4_l1,1,3,0.5068666794168337,0.24519240907905834,0.7284178631929646
2,m10_h1_q3_d4_l50,1,3,0.5064365673692449,0.34029112446051,0.7731850526376388
2,m10_h1_q3_d8_l1,1,3,0.5104562361506806,0.17425967624472008,0.6793359381663544
2,m10_h1_q3_d8_l50,1,3,0.5037365683584819,0.12668920371018455,0.742698826462929
2,m11_h1_q3_d2_l1,1,3,0.5011852297008547,0.29501818759712595,0.6008692041110305
2,m11_h1_q3_d2_l50,1,3,0.5005046483152193,0.19720967200270928,0.580778592899743
2,m11_h1_q3_d4_l1,1,3,0.5043222104612922,0.1702409797886525,0.6457717164313986
2,m11_h1_q3_d4_l50,1,3,0.49773560879849466,0.12987036889731113,0.6654618616936783
2,m11_h1_q3_d8_l1,1,3,0.5092141253165559,-0.23808703180062477,0.6123538132229298
2,m11_h1_q3_d8_l50,1,3,0.5006602470674616,-0.03942262966747527,0.6897471703412327
2,m12_h1_q3_d2_l1,1,3,0.5082929669638775,0.33729320087027703,0.6462298327215836
2,m12_h1_q3_d2_l50,1,3,0.5080547943925644,0.3285181174967015,0.6661651523586756
2,m12_h1_q3_d4_l1,1,3,0.5059113099477683,0.14342459158425228,0.6584044687779816
2,m12_h1_q3_d4_l50,1,3,0.5071535581759348,0.1859646336538101,0.6592689130312436
2,m12_h1_q3_d8_l1,1,3,0.4949152526071894,-0.17309611507325412,0.5838087111415711
2,m12_h1_q3_d8_l50,1,3,0.5047690158849496,0.010353924647869666,0.5846413855389365
2,m13_h1_q3_d2_l1,1,3,0.4987989012873272,0.1140643543168075,0.6010099805677617
2,m13_h1_q3_d2_l50,1,3,0.4977619884545039,0.0720781977227245,0.5777316163679719
2,m13_h1_q3_d4_l1,1,3,0.49946333887306105,-0.2782405097104575,0.5233768929185751
2,m13_h1_q3_d4_l50,1,3,0.4994365470349266,-0.08296991048786706,0.6218059629903542
2,m13_h1_q3_d8_l1,1,3,0.500258438192466,-0.43223541535630705,0.47827455402354796
2,m13_h1_q3_d8_l50,1,3,0.5021683527663466,-0.3453810461155697,0.5678538222113736
2,m14_h1_q3_d2_l1,1,3,0.4985175869869157,0.15119373580755147,0.6664669193960021
2,m14_h1_q3_d2_l50,1,3,0.49974286705093035,0.01670471286934432,0.6173155617176791
2,m14_h1_q3_d4_l1,1,3,0.5037715351420984,0.06319118480086859,0.5740645028451071
2,m14_h1_q3_d4_l50,1,3,0.5028838322385776,0.04161069790455808,0.5597767483847721
2,m14_h1_q3_d8_l1,1,3,0.5027226003306251,-0.09776326548607028,0.5253146126792433
2,m14_h1_q3_d8_l50,1,3,0.5018524838644438,-0.18047811995398022,0.5632949501084515
2,m15_h1_q3_d2_l1,1,3,0.49341758885547465,0.08695787167688863,0.6036240701610591
2,m15_h1_q3_d2_l50,1,3,0.49326824153213045,-0.07863678366817098,0.5698810942602903
2,m15_h1_q3_d4_l1,1,3,0.49438161414916815,-0.30372706440405134,0.6007944112754775
2,m15_h1_q3_d4_l50,1,3,0.4950924909210017,-0.008130607600528255,0.6758459099486998
2,m15_h1_q3_d8_l1,1,3,0.49782044961925365,-0.2628522432928681,0.5657482819324933
2,m15_h1_q3_d8_l50,1,3,0.49424463228957827,-0.39919900292283866,0.5539908128098723
2,m16_h1_q3_d2_l1,1,3,0.5037871293658331,0.1798699761499497,0.6606017452446432
2,m16_h1_q3_d2_l50,1,3,0.5037871293658331,0.1798699761499497,0.6606017452446432
2,m16_h1_q3_d4_l1,1,3,0.5050945710667933,0.010335389877320316,0.6089835765557383
2,m16_h1_q3_d4_l50,1,3,0.5050945710667933,0.010335389877320316,0.6089835765557383
2,m16_h1_q3_d8_l1,1,3,0.5078413527487602,0.17190262732308936,0.6380172743516748
2,m16_h1_q3_d8_l50,1,3,0.5078545425767648,0.17190262732308936,0.6380172743516748
2,m17_h1_q3_d2_l1,1,3,0.49273920577450675,-0.06116431441717234,0.6114473887279563
2,m17_h1_q3_d2_l50,1,3,0.4932818435422602,0.07697840712267294,0.6757556795210475
2,m17_h1_q3_d4_l1,1,3,0.4980291511686188,-0.179363755401244,0.5536448171693948
2,m17_h1_q3_d4_l50,1,3,0.4974073057358165,-0.09620760028376506,0.6128474560792357
2,m17_h1_q3_d8_l1,1,3,0.5023313707968415,0.09990157422632659,0.6412255948191612
2,m17_h1_q3_d8_l50,1,3,0.49831190810646825,-0.48900099575926187,0.44898561193059017
2,m18_h1_q3_d2_l1,1,3,0.49791504541697446,-0.4102969187639214,0.5632552739620957
2,m18_h1_q3_d2_l50,1,3,0.4990266319114699,-0.24870848041821153,0.5604875041872792
2,m18_h1_q3_d4_l1,1,3,0.5010212499120678,-0.30159313914409547,0.60260074185968
2,m18_h1_q3_d4_l50,1,3,0.49930052693362875,-0.1250241683569295,0.6096368710201059
2,m18_h1_q3_d8_l1,1,3,0.5105798907882241,-0.18855443793993565,0.5206277113511185
2,m18_h1_q3_d8_l50,1,3,0.5007710553621048,-0.005595283901788661,0.5406675121774915
2,m19_h1_q3_d2_l1,1,3,0.48815683969522705,-0.04295084293955403,0.6458211170679046
2,m19_h1_q3_d2_l50,1,3,0.4895881421247933,-0.042691101974666607,0.6067640147604079
2,m19_h1_q3_d4_l1,1,3,0.48791337745330804,-0.4074221001539133,0.48357249629295784
2,m19_h1_q3_d4_l50,1,3,0.490223314779642,-0.5114432486949834,0.5100527797504146
2,m19_h1_q3_d8_l1,1,3,0.4880275519019732,-0.4109206527123048,0.4293228926614093
2,m19_h1_q3_d8_l50,1,3,0.4901676014957265,-0.41147123801227065,0.4647232456456366
2,m20_h1_q3_d2_l1,1,3,0.5022987397119342,-0.13453301164813591,0.44780531031516574
2,m20_h1_q3_d2_l50,1,3,0.5017550027918469,-0.21560795926654597,0.45278988708878126
2,m20_h1_q3_d4_l1,1,3,0.5049160275095846,-0.06115917482080795,0.4980402331060111
2,m20_h1_q3_d4_l50,1,3,0.5052148595503148,-0.16839559263433831,0.4807318787940564
2,m20_h1_q3_d8_l1,1,3,0.5050381021156485,0.048389566921625535,0.595341677721172
2,m20_h1_q3_d8_l50,1,3,0.5019718792866941,0.16274518774589417,0.6905427581985167
2,m21_h1_q3_d2_l1,1,3,0.4834329577529809,-0.5709102209847409,0.37884438458139896
2,m21_h1_q3_d2_l50,1,3,0.48361905798248384,-0.7437742133652502,0.3671703282793086
2,m21_h1_q3_d4_l1,1,3,0.489305797369069,-0.526125367750141,0.5129791518544633
2,m21_h1_q3_d4_l50,1,3,0.4944707828822412,-0.5955943380709161,0.4993953454610711
2,m21_h1_q3_d8_l1,1,3,0.5019668644041715,-0.19373745843193024,0.6283757515487604
2,m21_h1_q3_d8_l50,1,3,0.49782745671538114,-0.39202053423623795,0.6174125013878844
2,m22_h1_q3_d2_l1,1,3,0.49147662322816643,-0.5533508059354932,0.4108701621757126
2,m22_h1_q3_d2_l50,1,3,0.4931982392678766,-0.5659736282493613,0.4162341973270372
2,m22_h1_q3_d4_l1,1,3,0.50200038855035,0.05199229012471929,0.5706578765598049
2,m22_h1_q3_d4_l50,1,3,0.5016762073089234,-0.27443729208350925,0.45240400120761226
2,m22_h1_q3_d8_l1,1,3,0.5077063631027752,0.07430324990869701,0.5738714188852642
2,m22_h1_q3_d8_l50,1,3,0.5045219813979459,0.10103004312897564,0.6309700986595019
2,m23_h1_q3_d2_l1,1,3,0.48063877512662234,-0.4427295191843574,0.46506848316488614
2,m23_h1_q3_d2_l50,1,3,0.4809990223039991,-0.3829154590603003,0.4849025589137169
2,m23_h1_q3_d4_l1,1,3,0.4877393678994759,-0.6774566625300658,0.40395335720452846
2,m23_h1_q3_d4_l50,1,3,0.48903513110689034,-0.6779983569222782,0.43084589712995486
2,m23_h1_q3_d8_l1,1,3,0.4985021301572228,-0.542119966041324,0.49873218452254514
2,m23_h1_q3_d8_l50,1,3,0.4935562194435651,-0.4247204430318086,0.49435938187242423
2,m24_h1_q3_d2_l1,1,3,0.5171286403925293,0.5004886447419528,0.735963440801149
2,m24_h1_q3_d2_l50,1,3,0.5161752631370687,0.49585566505089984,0.7238328950647055
2,m24_h1_q3_d4_l1,1,3,0.5255194319141079,0.6644242356844976,0.8342382579436977
2,m24_h1_q3_d4_l50,1,3,0.5173428377035629,0.6379556608690163,0.7602650771399642
2,m24_h1_q3_d8_l1,1,3,0.5209835737179487,0.25636575123554434,0.6622528007411275
2,m24_h1_q3_d8_l50,1,3,0.5170153590051353,0.7093242858689092,0.7326636108927043
2,m25_h1_q3_d2_l1,1,3,0.5053297209691886,0.30874164255089864,0.7331171025321145
2,m25_h1_q3_d2_l50,1,3,0.5057673209920509,0.3330736893710141,0.7189231826196244
2,m25_h1_q3_d4_l1,1,3,0.514910001406915,0.45593034722933645,0.7887786066471347
2,m25_h1_q3_d4_l50,1,3,0.5128966291196229,0.44589259598459147,0.7886953630984516
2,m25_h1_q3_d8_l1,1,3,0.5279385288065843,0.3851616270183378,0.6931628181958244
2,m25_h1_q3_d8_l50,1,3,0.5151654169304632,0.17496537057485045,0.6873270882575699
2,m26_h1_q3_d2_l1,1,3,0.5070522300701699,0.42453634433272774,0.7050563352836298
2,m26_h1_q3_d2_l50,1,3,0.5079307962699167,0.49708129855438704,0.6875756000925332
2,m26_h1_q3_d4_l1,1,3,0.5088429553128627,0.39736717225762624,0.6961522516249637
2,m26_h1_q3_d4_l50,1,3,0.5066271329051035,0.5060390228170788,0.6947486616697376
2,m26_h1_q3_d8_l1,1,3,0.5233898929645457,0.6854824417435968,0.7155540828773248
2,m26_h1_q3_d8_l50,1,3,0.5073844488630368,0.19051149308651533,0.6924525286500103
2,m27_h1_q3_d2_l1,1,3,0.5009359282121627,0.23398751666436535,0.6788201467694206
2,m27_h1_q3_d2_l50,1,3,0.501238126406915,0.2790062404578292,0.6918911367346013
2,m27_h1_q3_d4_l1,1,3,0.5089503974534838,0.5710652432874017,0.7985263713063504
2,m27_h1_q3_d4_l50,1,3,0.5068501234348071,0.37333898989314185,0.7321439188723163
2,m27_h1_q3_d8_l1,1,3,0.5178470738366572,0.16688193284214164,0.6535339457744349
2,m27_h1_q3_d8_l50,1,3,0.5087763192026309,0.07802649220717701,0.6743917802512616
2,m28_h1_q3_d2_l1,1,3,0.5075910208047554,0.21074450137674355,0.649191194067591
2,m28_h1_q3_d2_l50,1,3,0.5071798004379023,0.0975485642523442,0.6131763961708362
2,m28_h1_q3_d4_l1,1,3,0.5135587997036686,0.3032526158020949,0.6624164463768154
2,m28_h1_q3_d4_l50,1,3,0.5095789064973093,0.35697566731574076,0.6361887672234917
2,m28_h1_q3_d8_l1,1,3,0.5107048506691639,0.2253296700600847,0.6817218625833978
2,m28_h1_q3_d8_l50,1,3,0.5100622587360627,0.3626195100726509,0.6732332918229145
2,m29_h1_q3_d2_l1,1,3,0.5003311196405332,0.11735385954204808,0.6678113008789514
2,m29_h1_q3_d2_l50,1,3,0.5010632924888326,0.0644322408834536,0.6667250931501862
2,m29_h1_q3_d4_l1,1,3,0.5077577484743766,-0.056069547141022025,0.6953611286810719
2,m29_h1_q3_d4_l50,1,3,0.505486212782702,0.007781045990935735,0.7019405281621526
2,m29_h1_q3_d8_l1,1,3,0.5142893238234674,0.00455539190276714,0.6390455665400906
2,m29_h1_q3_d8_l50,1,3,0.5096706857171749,-0.16853856137414885,0.662282176163556
2,m30_h1_q3_d2_l1,1,3,0.5025458428959586,0.34293498183699456,0.7037726078902448
2,m30_h1_q3_d2_l50,1,3,0.5022178146213641,0.24276089054823818,0.6718015148185316
2,m30_h1_q3_d4_l1,1,3,0.508616255144033,0.31762355142843895,0.6514677584625843
2,m30_h1_q3_d4_l50,1,3,0.5036186842706905,0.374223138727337,0.6649749489471164
2,m30_h1_q3_d8_l1,1,3,0.5133836909975027,0.12708357364797512,0.5775463770533051
2,m30_h1_q3_d8_l50,1,3,0.5098839899669374,0.5211707981375773,0.6832825744964665
2,m31_h1_q3_d2_l1,1,3,0.4950387011536703,0.19326792060123854,0.6716264711402942
2,m31_h1_q3_d2_l50,1,3,0.49620819923674864,0.15170698314408554,0.6582203615798372
2,m31_h1_q3_d4_l1,1,3,0.5020434615824276,0.17945863911062748,0.5953332399729834
2,m31_h1_q3_d4_l50,1,3,0.4999907945992051,0.09392735405090577,0.6538917079726224
2,m31_h1_q3_d8_l1,1,3,0.5109335430515985,-0.0029925377832068075,0.6085678839532982
2,m31_h1_q3_d8_l50,1,3,0.5042820227040906,0.05998670443800103,0.6460671133336133
2,m01_h1_q5_d2_l1,1,5,0.4868955258969907,0.0011831419248714869,0.687565512148809
2,m01_h1_q5_d2_l50,1,5,0.4868955258969907,0.0011831419248714869,0.687565512148809
2,m01_h1_q5_d4_l1,1,5,0.4904468677662036,-0.2245752384000936,0.5365204808167942
2,m01_h1_q5_d4_l50,1,5,0.4904468677662036,-0.2245752384000936,0.5365204808167942
2,m01_h1_q5_d8_l1,1,5,0.498046875,-0.19022994158894066,0.5888385631798673
2,m01_h1_q5_d8_l50,1,5,0.4980649594907407,-0.19022994158894066,0.5888385631798673
2,m02_h1_q5_d2_l1,1,5,0.5106517650462963,-0.20399396049562793,0.5350801130947375
2,m02_h1_q5_d2_l50,1,5,0.5106517650462963,-0.20399396049562793,0.5350801130947375
2,m02_h1_q5_d4_l1,1,5,0.5106382016782407,0.05034775424446258,0.5955183755103803
2,m02_h1_q5_d4_l50,1,5,0.5106382016782407,0.05034775424446258,0.5955183755103803
2,m02_h1_q5_d8_l1,1,5,0.502590603298611,0.12106918741928392,0.6075551936856594
2,m02_h1_q5_d8_l50,1,5,0.502590603298611,0.12106918741928392,0.6075551936856594
2,m03_h1_q5_d2_l1,1,5,0.4892560228889371,-0.29913151920718506,0.5018425687381757
2,m03_h1_q5_d2_l50,1,5,0.4887862028899016,-0.1758787968125962,0.5063399758606428
2,m03_h1_q5_d4_l1,1,5,0.49215547538098,-0.10970163214619845,0.5997458624084925
2,m03_h1_q5_d4_l50,1,5,0.49024850350839116,-0.12182951648942031,0.5595952084590072
2,m03_h1_q5_d8_l1,1,5,0.4882966971691744,-0.5992411453466256,0.34073785328832973
2,m03_h1_q5_d8_l50,1,5,0.4912520043643905,-0.33181395131694774,0.5288143869385891
2,m04_h1_q5_d2_l1,1,5,0.47682924623842593,-0.7531930838613249,0.1455367287270161
2,m04_h1_q5_d2_l50,1,5,0.47682924623842593,-0.7531930838613249,0.1455367287270161
2,m04_h1_q5_d4_l1,1,5,0.4821280020254629,-0.5240159280891106,0.28564123623280396
2,m04_h1_q5_d4_l50,1,5,0.4821280020254629,-0.5240159280891106,0.28564123623280396
2,m04_h1_q5_d8_l1,1,5,0.49170826099537035,-0.30785029517115386,0.3990532164021884
2,m04_h1_q5_d8_l50,1,5,0.49170826099537035,-0.30785029517115386,0.3990532164021884
2,m05_h1_q5_d2_l1,1,5,0.47085910373263884,-0.20939590554270895,0.47439491460688155
2,m05_h1_q5_d2_l50,1,5,0.47115542564863044,-0.18998065516072402,0.5227596208334631
2,m05_h1_q5_d4_l1,1,5,0.48162502712673616,-0.38112272266538255,0.45624980156253375
2,m05_h1_q5_d4_l50,1,5,0.47783792754750193,-0.19085267248954485,0.5106373737809512
2,m05_h1_q5_d8_l1,1,5,0.5055812317648052,-0.2347444962065462,0.48641191329099914
2,m05_h1_q5_d8_l50,1,5,0.4866699407130112,-0.23600308557870794,0.42721306868484105
2,m06_h1_q5_d2_l1,1,5,0.4911360564055266,-0.6526926296634018,0.2906748855958877
2,m06_h1_q5_d2_l50,1,5,0.4899616005979938,-0.5534816573582696,0.3495335727918635
2,m06_h1_q5_d4_l1,1,5,0.5006159087758005,-0.263845556171196,0.4489259834205025
2,m06_h1_q5_d4_l50,1,5,0.4961140008620274,-0.20464994253187832,0.5311781771235733
2,m06_h1_q5_d8_l1,1,5,0.5220130637839988,-0.015619296373866613,0.6094347646841323
2,m06_h1_q5_d8_l50,1,5,0.5070975032853491,-0.3139856709395449,0.48321644787649254
2,m07_h1_q5_d2_l1,1,5,0.47908660511911655,-0.5003525303034282,0.4197977466781556
2,m07_h1_q5_d2_l50,1,5,0.4782094131281347,-0.384626096201085,0.4640254876557784
2,m07_h1_q5_d4_l1,1,5,0.48684277946566357,-0.11185996720407351,0.50284639430393
2,m07_h1_q5_d4_l50,1,5,0.48803908736617474,-0.08116044536778518,0.55384358817314
2,m07_h1_q5_d8_l1,1,5,0.5145593337070795,0.04588539494926688,0.5000727664760929
2,m07_h1_q5_d8_l50,1,5,0.4956796905140818,-0.18372982401307245,0.47734222093379114
2,m08_h1_q5_d2_l1,1,5,0.5193504050925926,0.47261615842840116,0.6305589985458174
2,m08_h1_q5_d2_l50,1,5,0.5193504050925926,0.47261615842840116,0.6305589985458174
2,m08_h1_q5_d4_l1,1,5,0.5198522497106481,0.4086907897392102,0.5728148457088702
2,m08_h1_q5_d4_l50,1,5,0.5198522497106481,0.4086907897392102,0.5728148457088702
2,m08_h1_q5_d8_l1,1,5,0.5225875289351851,-0.0859816631307635,0.4132232976348173
2,m08_h1_q5_d8_l50,1,5,0.5225965711805555,-0.0859816631307635,0.4132232976348173
2,m09_h1_q5_d2_l1,1,5,0.5078297367802372,0.4972498171701946,0.7322450043851622
2,m09_h1_q5_d2_l50,1,5,0.5081641114788291,0.49096877139132605,0.7406568562461703
2,m09_h1_q5_d4_l1,1,5,0.50726318359375,0.38432378594253397,0.6400214264388465
2,m09_h1_q5_d4_l50,1,5,0.5114126323181907,0.2661881796198028,0.657275171425405
2,m09_h1_q5_d8_l1,1,5,0.5172979095835745,-0.03750476001271968,0.506763673522576
2,m09_h1_q5_d8_l50,1,5,0.5135736347716532,0.3547095168219235,0.7107630131400619
2,m10_h1_q5_d2_l1,1,5,0.5240698920355903,0.4065748280630361,0.7141306104131684
2,m10_h1_q5_d2_l50,1,5,0.5240485108928916,0.49269004939348415,0.7397065389888153
2,m10_h1_q5_d4_l1,1,5,0.5230114783769773,0.528326213835845,0.7770693819537638
2,m10_h1_q5_d4_l50,1,5,0.5244725545247396,0.4922662343234591,0.7175247493078194
2,m10_h1_q5_d8_l1,1,5,0.5245655201099537,0.6585719532647077,0.7111051019717477
2,m10_h1_q5_d8_l50,1,5,0.5250298770857447,0.4328253184619646,0.8842227902797068
2,m11_h1_q5_d2_l1,1,5,0.5073861016167535,0.3572831722230051,0.6249480801535839
2,m11_h1_q5_d2_l50,1,5,0.5067555933822819,0.4720750245859386,0.6178307591160354
2,m11_h1_q5_d4_l1,1,5,0.5100824803481867,0.2938373048083194,0.57779627445032
2,m11_h1_q5_d4_l50,1,5,0.5121317733953028,0.45586968414521717,0.6320943024767984
2,m11_h1_q5_d8_l1,1,5,0.5130029372227045,0.08124293126928878,0.6129035453401059
2,m11_h1_q5_d8_l50,1,5,0.5110997329523534,0.514326758312365,0.7255859071537097
2,m12_h1_q5_d2_l1,1,5,0.5019152605975116,0.09433392377870063,0.46466736726182617
2,m12_h1_q5_d2_l50,1,5,0.5031011134018133,0.12253535358630577,0.5045311728451498
2,m12_h1_q5_d4_l1,1,5,0.4985689704800829,-0.026220461047233752,0.4599972010424735
2,m12_h1_q5_d4_l50,1,5,0.5041857118959779,0.08214815224396323,0.47086977407326636
2,m12_h1_q5_d8_l1,1,5,0.49300911985797646,-0.08700571237516189,0.4049365585374315
2,m12_h1_q5_d8_l50,1,5,0.5065530847620081,0.0765234156266902,0.5721815880705942
2,m13_h1_q5_d2_l1,1,5,0.4936132548767843,0.2414572572239411,0.5529061924733947
2,m13_h1_q5_d2_l50,1,5,0.4942323661144869,0.2037205309714331,0.5633354545575878
2,m13_h1_q5_d4_l1,1,5,0.49048454378858025,-0.01940438838672722,0.48474675890402186
2,m13_h1_q5_d4_l50,1,5,0.4947343991126543,0.11563436184861058,0.5247843497437016
2,m13_h1_q5_d8_l1,1,5,0.4990842842761381,-0.14204679829549258,0.4774790565533653
2,m13_h1_q5_d8_l50,1,5,0.4986099431544175,0.18118161223335122,0.548838731968418
2,m14_h1_q5_d2_l1,1,5,0.5046861436631944,0.2720504515619255,0.5708680281467945
2,m14_h1_q5_d2_l50,1,5,0.5048849788712867,0.20554681142707906,0.5489172402224378
2,m14_h1_q5_d4_l1,1,5,0.5080051186644001,0.2738116623318088,0.6858747865841726
2,m14_h1_q5_d4_l50,1,5,0.5081118359977816,0.44975877737507947,0.7223526801258165
2,m14_h1_q5_d8_l1,1,5,0.519421989535108,0.13782108897696752,0.618688761798056
2,m14_h1_q5_d8_l50,1,5,0.5106176682460455,0.21160147686233177,0.7288524746575789
2,m15_h1_q5_d2_l1,1,5,0.498568876290027,0.40005422554014747,0.651238750508152
2,m15_h1_q5_d2_l50,1,5,0.49884259259259256,0.34198636786668335,0.5828979907631772
2,m15_h1_q5_d4_l1,1,5,0.501236809624566,0.058202077873163435,0.4905356739047091
2,m15_h1_q5_d4_l50,1,5,0.5024619396821952,0.27864811309642123,0.6115903574446515
2,m15_h1_q5_d8_l1,1,5,0.5023271537121431,-0.19050975136329684,0.4196326841324025
2,m15_h1_q5_d8_l50,1,5,0.5033106862762828,0.04298715239649112,0.6209750127326733
2,m16_h1_q5_d2_l1,1,5,0.5010059497974537,0.0781240495948325,0.668848423665723
2,m16_h1_q5_d2_l50,1,5,0.5010059497974537,0.0781240495948325,0.668848423665723
2,m16_h1_q5_d4_l1,1,5,0.5128761574074074,-0.03178916731619549,0.6724156860900599
2,m16_h1_q5_d4_l50,1,5,0.5128806785300926,-0.03178916731619549,0.6724156860900599
2,m16_h1_q5_d8_l1,1,5,0.5191198278356481,0.18411572856448533,0.6528381157703415
2,m16_h1_q5_d8_l50,1,5,0.5191469545717592,0.18411572856448533,0.6528381157703415
2,m17_h1_q5_d2_l1,1,5,0.4878929043993538,-0.3148815131818366,0.5200587118898247
2,m17_h1_q5_d2_l50,1,5,0.48814269642771024,-0.20669088048859713,0.5127618684720987
2,m17_h1_q5_d4_l1,1,5,0.5044900399667245,-0.34751074560606904,0.452488881463128
2,m17_h1_q5_d4_l50,1,5,0.4992473272629726,-0.10456286677064125,0.6353965317301618
2,m17_h1_q5_d8_l1,1,5,0.5156030537169657,0.050249851742503314,0.5804824572490331
2,m17_h1_q5_d8_l50,1,5,0.5010461689513406,-0.1052505069856399,0.5211727603725314
2,m18_h1_q5_d2_l1,1,5,0.5008603319709684,-0.33117099675213735,0.5013203239485955
2,m18_h1_q5_d2_l50,1,5,0.502116921507282,-0.4466993854293634,0.42440485981892884
2,m18_h1_q5_d4_l1,1,5,0.5044327724127122,-0.047650723936257064,0.5450342350573618
2,m18_h1_q5_d4_l50,1,5,0.5062172972125771,-0.00861816543634392,0.529635750143465
2,m18_h1_q5_d8_l1,1,5,0.5120122462143133,0.006414280366713318,0.5981554656219104
2,m18_h1_q5_d8_l50,1,5,0.5101749749831211,-0.1790675524443873,0.6908719727834648
2,m19_h1_q5_d2_l1,1,5,0.48906283908420134,-0.2888602157608857,0.4662105085831333
2,m19_h1_q5_d2_l50,1,5,0.4878519317250193,-0.31809757913704323,0.4507263964399233
2,m19_h1_q5_d4_l1,1,5,0.4971402015215085,-0.13743580713146072,0.5526026584662154
2,m19_h1_q5_d4_l50,1,5,0.4970908459321952,-0.20734627702425046,0.560945464633515
2,m19_h1_q5_d8_l1,1,5,0.5043041087962963,0.0932491710255836,0.5897058564711227
2,m19_h1_q5_d8_l50,1,5,0.5027697527850116,-0.32141222328810026,0.46204540336720074
2,m20_h1_q5_d2_l1,1,5,0.47907078118971835,-0.25298496975474155,0.40906018623411555
2,m20_h1_q5_d2_l50,1,5,0.4774381849500868,-0.19010044831145761,0.4551408296724492
2,m20_h1_q5_d4_l1,1,5,0.48656501299069255,-0.11865128190520925,0.4588601775472703
2,m20_h1_q5_d4_l50,1,5,0.4845699734157986,-0.08961229356942338,0.5567789951964958
2,m20_h1_q5_d8_l1,1,5,0.5097987798996914,0.17708224959961327,0.6715466032497772
2,m20_h1_q5_d8_l50,1,5,0.4961319911627122,0.013141351494951258,0.6114487770068991
2,m21_h1_q5_d2_l1,1,5,0.46875828872492287,-0.4605096591308281,0.40407611805366556
2,m21_h1_q5_d2_l50,1,5,0.4676246172116127,-0.40415870692892836,0.4367450060114714
2,m21_h1_q5_d4_l1,1,5,0.48484171172718943,-0.3037394030779663,0.47545335130973826
2,m21_h1_q5_d4_l50,1,5,0.47878312475887347,-0.15805419205725837,0.5460891525043386
2,m21_h1_q5_d8_l1,1,5,0.5051488994080344,-0.09885380015617189,0.574230102344579
2,m21_h1_q5_d8_l50,1,5,0.4866957487883391,-0.35945509455461844,0.5548662262611394
2,m22_h1_q5_d2_l1,1,5,0.4842508575062693,-0.48352782361302776,0.36015692735209964
2,m22_h1_q5_d2_l50,1,5,0.4843697253568673,-0.5681968179852493,0.365860641204993
2,m22_h1_q5_d4_l1,1,5,0.4971758995527103,-0.045993520528865454,0.6835661444923296
2,m22_h1_q5_d4_l50,1,5,0.49413224208502116,-0.31020319011007114,0.4735449160506212
2,m22_h1_q5_d8_l1,1,5,0.5234635906454959,0.3127718533223153,0.6542067524447113
2,m22_h1_q5_d8_l50,1,5,0.5013811087902681,-0.24554774098167934,0.5709506117548181
2,m23_h1_q5_d2_l1,1,5,0.47069408275462965,-0.49787041059096043,0.42477897132592335
2,m23_h1_q5_d2_l50,1,5,0.4715421700183256,-0.6742372291096029,0.3739747072284705
2,m23_h1_q5_d4_l1,1,5,0.48916211540316357,-0.23883578960050206,0.5833000751408329
2,m23_h1_q5_d4_l50,1,5,0.4846270525896991,-0.45922706083526454,0.5114997612480466
2,m23_h1_q5_d8_l1,1,5,0.5088708194685572,0.021006177119531018,0.5438950196247277
2,m23_h1_q5_d8_l50,1,5,0.4942998061945409,-0.32442598105737064,0.5544943147382045
2,m24_h1_q5_d2_l1,1,5,0.5166830368983893,0.5020012041411867,0.6642039405059641
2,m24_h1_q5_d2_l50,1,5,0.5174274209104939,0.45729676404055636,0.6642347897234487
2,m24_h1_q5_d4_l1,1,5,0.5246954081970968,0.2729304268950661,0.6732062533636923
2,m24_h1_q5_d4_l50,1,5,0.5286591141312211,0.2983111049566465,0.6867430896844288
2,m24_h1_q5_d8_l1,1,5,0.5247752813645352,0.26265314378015603,0.574050490940181
2,m24_h1_q5_d8_l50,1,5,0.5355766202196663,0.27275638908551386,0.6705499941412426
2,m25_h1_q5_d2_l1,1,5,0.5040557296187789,0.5045004994586884,0.6799209754665676
2,m25_h1_q5_d2_l50,1,5,0.5043674987039448,0.4729374033134097,0.7298222771113274
2,m25_h1_q5_d4_l1,1,5,0.5196103696469907,0.5433929392564485,0.8140624752056422
2,m25_h1_q5_d4_l50,1,5,0.5146068054952739,0.3320632679234746,0.7107079024675189
2,m25_h1_q5_d8_l1,1,5,0.538561597282504,0.46921480262911175,0.8476163247659481
2,m25_h1_q5_d8_l50,1,5,0.5192221182364005,0.5475959884723314,0.8231493294829184
2,m26_h1_q5_d2_l1,1,5,0.5124248928493924,0.21611349149607018,0.7098439447396411
2,m26_h1_q5_d2_l50,1,5,0.5141090110496238,0.26759817017207554,0.7627634664035383
2,m26_h1_q5_d4_l1,1,5,0.5208572576075424,0.37243358833256374,0.6935937249975923
2,m26_h1_q5_d4_l50,1,5,0.520752047315056,0.5582984287035219,0.86590061349603
2,m26_h1_q5_d8_l1,1,5,0.5205275924117476,0.42129755140109465,0.6816463508967257
2,m26_h1_q5_d8_l50,1,5,0.5231492784288194,0.586502353692471,0.8897830651569497
2,m27_h1_q5_d2_l1,1,5,0.503045541268808,0.3132901818523974,0.6775421170659768
2,m27_h1_q5_d2_l50,1,5,0.5017705846715856,0.3413491619982307,0.6845088153133337
2,m27_h1_q5_d4_l1,1,5,0.5148854196807484,0.37654221782268427,0.625158910607859
2,m27_h1_q5_d4_l50,1,5,0.5102798085153839,0.365164264096224,0.6681607890767025
2,m27_h1_q5_d8_l1,1,5,0.5183039535710842,0.10901174811631256,0.5967255965439195
2,m27_h1_q5_d8_l50,1,5,0.5178944152078511,0.23649135697582815,0.7517758284127215
2,m28_h1_q5_d2_l1,1,5,0.4981130906093268,0.15372391758087592,0.4802313521433575
2,m28_h1_q5_d2_l50,1,5,0.4989587289315683,0.1556981861552095,0.46800110765429603
2,m28_h1_q5_d4_l1,1,5,0.5076242140781733,0.1303604145136467,0.49775498405020746
2,m28_h1_q5_d4_l50,1,5,0.504825168185764,0.06721356709528305,0.5117514174547086
2,m28_h1_q5_d8_l1,1,5,0.510061099205488,0.15364227547765397,0.5582229994118073
2,m28_h1_q5_d8_l50,1,5,0.5128824681411555,0.4480980090493896,0.6541114095506527
2,m29_h1_q5_d2_l1,1,5,0.4905505710177951,0.21300845124023154,0.5683051652256883
2,m29_h1_q5_d2_l50,1,5,0.4902583934642651,0.17258412616862467,0.4934015193568702
2,m29_h1_q5_d4_l1,1,5,0.4978048065562307,0.16817615791785118,0.549337993639072
2,m29_h1_q5_d4_l50,1,5,0.49484855746045525,0.3553458709141772,0.7112459497884128
2,m29_h1_q5_d8_l1,1,5,0.5053074212721836,-0.12795237763095063,0.42388629648072595
2,m29_h1_q5_d8_l50,1,5,0.4964823781708141,0.063633365029534,0.5318008232560278
2,m30_h1_q5_d2_l1,1,5,0.5031418035059799,0.08881117941374764,0.47936250334931946
2,m30_h1_q5_d2_l50,1,5,0.5014385647243923,0.026462611703752727,0.46429123262220134
2,m30_h1_q5_d4_l1,1,5,0.5057282624421297,0.12208518109620546,0.5528312804599457
2,m30_h1_q5_d4_l50,1,5,0.5028417139877508,0.24171593488688675,0.6561790741644377
2,m30_h1_q5_d8_l1,1,5,0.5172478946638696,0.39516375335005066,0.6459405571693445
2,m30_h1_q5_d8_l50,1,5,0.5080796229986497,0.12630556455553388,0.6744169502630176
2,m31_h1_q5_d2_l1,1,5,0.49060991075303817,-0.05144436650790858,0.431433867154912
2,m31_h1_q5_d2_l50,1,5,0.49202935489607447,0.006545277139433395,0.465224078796716
2,m31_h1_q5_d4_l1,1,5,0.49844266161506556,0.22247241105921933,0.6068004536734872
2,m31_h1_q5_d4_l50,1,5,0.49780311113522374,0.03531039319010731,0.5601917303321375
2,m31_h1_q5_d8_l1,1,5,0.5125901963975694,0.25123091770904116,0.6826546826716743
2,m31_h1_q5_d8_l50,1,5,0.5011022120346258,-0.001543846879887683,0.5285246465072536
2,m01_h3_q3_d2_l1,3,3,0.5040805000138464,0.16358610650843813,0.6450086634856906
2,m01_h3_q3_d2_l50,3,3,0.5056325877095565,0.2343604759441669,0.6725663003583902
2,m01_h3_q3_d4_l1,3,3,0.5066361816014663,0.1288662674034144,0.6091793421201784
2,m01_h3_q3_d4_l50,3,3,0.5102310625520307,0.20431221325571824,0.7015183374512164
2,m01_h3_q3_d8_l1,3,3,0.5025520080072748,0.30009027863944754,0.6232919557389363
2,m01_h3_q3_d8_l50,3,3,0.5099993444072,0.14898907731211386,0.5971302073219563
2,m02_h3_q3_d2_l1,3,3,0.4977588334065223,-0.15074199195196217,0.5909864022770565
2,m02_h3_q3_d2_l50,3,3,0.4960044162087408,-0.22107519773717044,0.6501988622098944
2,m02_h3_q3_d4_l1,3,3,0.49372750285267636,-0.3244280096600156,0.47612210696924795
2,m02_h3_q3_d4_l50,3,3,0.48899946365726965,-0.3954954596993906,0.5444091357216917
2,m02_h3_q3_d8_l1,3,3,0.48558571847601817,-0.3713897322994794,0.45697142273072605
2,m02_h3_q3_d8_l50,3,3,0.4832455065047805,-0.5903473031323355,0.36079331920929575
2,m03_h3_q3_d2_l1,3,3,0.5131160947467236,0.24798299692097853,0.6106640680806474
2,m03_h3_q3_d2_l50,3,3,0.5142741203046698,0.1931121757964077,0.6488995465508686
2,m03_h3_q3_d4_l1,3,3,0.5082667567541601,-0.09705023188389955,0.5979836900555381
2,m03_h3_q3_d4_l50,3,3,0.5124215054784387,0.14481432409845657,0.6488973151913717
2,m03_h3_q3_d8_l1,3,3,0.4872781793283678,-0.2787152269816447,0.4925289287827754
2,m03_h3_q3_d8_l50,3,3,0.5046384603516125,0.12430588635695665,0.6386357669003492
2,m04_h3_q3_d2_l1,3,3,0.5102631357342724,-0.09995301137657368,0.6278954502902929
2,m04_h3_q3_d2_l50,3,3,0.511633946369118,-0.17309027354126968,0.5988796191481351
2,m04_h3_q3_d4_l1,3,3,0.5197607538412934,0.25662442582451445,0.6523180041331296
2,m04_h3_q3_d4_l50,3,3,0.5167424837133228,0.06471396612043409,0.588160505307692
2,m04_h3_q3_d8_l1,3,3,0.5239121822141065,0.44393356851272636,0.7284154161750201
2,m04_h3_q3_d8_l50,3,3,0.5209498635406193,0.3457242572622936,0.6487956807528603
2,m05_h3_q3_d2_l1,3,3,0.5127379985543048,0.23571010545250884,0.5899293249803107
2,m05_h3_q3_d2_l50,3,3,0.5141087385433745,0.26693928851366466,0.608399681387971
2,m05_h3_q3_d4_l1,3,3,0.5141122001863918,0.37978846747078976,0.6434264599744762
2,m05_h3_q3_d4_l50,3,3,0.5200162796125898,0.3089014458521757,0.6658488074284976
2,m05_h3_q3_d8_l1,3,3,0.5106172123628977,0.6348533664175384,0.7379804543701867
2,m05_h3_q3_d8_l50,3,3,0.5199334827632784,0.2896340059934719,0.6393653448538534
2,m06_h3_q3_d2_l1,3,3,0.5030705480021092,-0.012584106283465726,0.6924383136547239
2,m06_h3_q3_d2_l50,3,3,0.5026733068044316,-0.014203304817136391,0.7074118173577382
2,m06_h3_q3_d4_l1,3,3,0.5065001178371542,0.18763938166490113,0.7083845806609185
2,m06_h3_q3_d4_l50,3,3,0.5083183988163159,0.11213098174880075,0.660835680814764
2,m06_h3_q3_d8_l1,3,3,0.5099990618240965,0.00012727194202901334,0.5761191652045514
2,m06_h3_q3_d8_l50,3,3,0.5101933377077197,0.10128148500220094,0.6693546030725737
2,m07_h3_q3_d2_l1,3,3,0.5148571598928671,0.3294010785648418,0.6733811593866713
2,m07_h3_q3_d2_l50,3,3,0.5172339663760017,0.24241562690863488,0.737886289181811
2,m07_h3_q3_d4_l1,3,3,0.513973381236821,0.15902812496363342,0.594490502954705
2,m07_h3_q3_d4_l50,3,3,0.5174639890222116,0.2375494769858641,0.6716764150904188
2,m07_h3_q3_d8_l1,3,3,0.5051462621885158,0.28727100230689845,0.6574885661361538
2,m07_h3_q3_d8_l50,3,3,0.5192569081678385,0.08302450214589951,0.6949837500457937
2,m08_h3_q3_d2_l1,3,3,0.5199560187657788,0.19736421022224418,0.6174656402731928
2,m08_h3_q3_d2_l50,3,3,0.5204471481995783,0.18704753583664901,0.5761568732501119
2,m08_h3_q3_d4_l1,3,3,0.5175356944847126,0.07411742313081121,0.5333565685378234
2,m08_h3_q3_d4_l50,3,3,0.5202179733026787,0.21249411290391232,0.5377993445354753
2,m08_h3_q3_d8_l1,3,3,0.5111580764229049,0.14277828984809107,0.6284686828976109
2,m08_h3_q3_d8_l50,3,3,0.5144733413926035,-0.09258567327363808,0.5093305821514653
2,m09_h3_q3_d2_l1,3,3,0.5249267968470508,0.5013684289710153,0.6515293494406315
2,m09_h3_q3_d2_l50,3,3,0.5263495321271556,0.2730874504838677,0.6204511716179935
2,m09_h3_q3_d4_l1,3,3,0.5256781853191296,0.33863185928073286,0.6870932259228663
2,m09_h3_q3_d4_l50,3,3,0.5303239221856559,0.311336722771513,0.6649528540077358
2,m09_h3_q3_d8_l1,3,3,0.5263363213670692,0.10967471782287609,0.4990819285684586
2,m09_h3_q3_d8_l50,3,3,0.5297481591123726,0.4320115205194317,0.6725714442587666
2,m10_h3_q3_d2_l1,3,3,0.5132787919685361,0.32893377246932076,0.6883487634774575
2,m10_h3_q3_d2_l50,3,3,0.5137513415632836,0.34950311318888844,0.6928295727664067
2,m10_h3_q3_d4_l1,3,3,0.5110331040454033,0.0721077593492549,0.5649688272753566
2,m10_h3_q3_d4_l50,3,3,0.5133719031011235,0.20857966570567305,0.594841539506138
2,m10_h3_q3_d8_l1,3,3,0.5078045920884644,0.15017549941297845,0.6853546777019541
2,m10_h3_q3_d8_l50,3,3,0.5110077422118684,0.22871167393848948,0.6178751538823378
2,m11_h3_q3_d2_l1,3,3,0.5288203681379638,0.4005301558960906,0.7278686973123635
2,m11_h3_q3_d2_l50,3,3,0.528088619191575,0.49594881567835736,0.7646055378964656
2,m11_h3_q3_d4_l1,3,3,0.5269955171016468,0.22363290772802463,0.6163676586529754
2,m11_h3_q3_d4_l50,3,3,0.5281480322890757,0.3159977860139532,0.671360546968834
2,m11_h3_q3_d8_l1,3,3,0.5218817519700281,-0.19993704596317535,0.49954425030509275
2,m11_h3_q3_d8_l50,3,3,0.5234666193057385,0.2350649779052141,0.6605543799161225
2,m12_h3_q3_d2_l1,3,3,0.5314141984445495,0.3171385328633518,0.6470540252495788
2,m12_h3_q3_d2_l50,3,3,0.5313893311314458,0.37655850595930035,0.6906282871230749
2,m12_h3_q3_d4_l1,3,3,0.5327720102566362,0.528857579006495,0.7395768057812275
2,m12_h3_q3_d4_l50,3,3,0.5331266520514685,0.42974203547036194,0.7011207551613282
2,m12_h3_q3_d8_l1,3,3,0.5187017736611071,0.2632646316694261,0.7086589575051788
2,m12_h3_q3_d8_l50,3,3,0.532895499072845,0.6016432107913554,0.7223019771942973
2,m13_h3_q3_d2_l1,3,3,0.528033444840626,0.3677739008083383,0.6559938610549534
2,m13_h3_q3_d2_l50,3,3,0.5302555370746206,0.3111773559089449,0.7096891859888879
2,m13_h3_q3_d4_l1,3,3,0.531659904453001,0.5408845327936074,0.7330838701109184
2,m13_h3_q3_d4_l50,3,3,0.5324360895924077,0.39838107670177936,0.7150858520740598
2,m13_h3_q3_d8_l1,3,3,0.5287287405666696,0.5851112557325183,0.700345224188289
2,m13_h3_q3_d8_l50,3,3,0.531829595606624,0.25111797212246445,0.6669140586827061
2,m14_h3_q3_d2_l1,3,3,0.5168051465165133,0.3124217185554349,0.6948035018978845
2,m14_h3_q3_d2_l50,3,3,0.5148631647838154,0.315854511396673,0.688022248008723
2,m14_h3_q3_d4_l1,3,3,0.5211175766125181,0.16250992478147278,0.5974370273985359
2,m14_h3_q3_d4_l50,3,3,0.5194915227894796,0.35079509919952223,0.6678764524066483
2,m14_h3_q3_d8_l1,3,3,0.5254506352750749,0.41939306678405447,0.8352974653993328
2,m14_h3_q3_d8_l50,3,3,0.5214277115685566,0.5092199713450526,0.6913568095585169
2,m15_h3_q3_d2_l1,3,3,0.528057676341747,0.3194240770263479,0.699440840885939
2,m15_h3_q3_d2_l50,3,3,0.5284368322208036,0.38027300668959996,0.6771150152905691
2,m15_h3_q3_d4_l1,3,3,0.5324969862512017,0.3776606382029006,0.7182673923460418
2,m15_h3_q3_d4_l50,3,3,0.5314946639832575,0.5429538444966118,0.7173243633728347
2,m15_h3_q3_d8_l1,3,3,0.5247289180288585,0.21152167716997358,0.6500408718329574
2,m15_h3_q3_d8_l50,3,3,0.5307562036881617,0.45142003490250343,0.6677361451367545
2,m16_h3_q3_d2_l1,3,3,0.49078807341056896,-0.20157436958649624,0.556391028336597
2,m16_h3_q3_d2_l50,3,3,0.49289091557490683,-0.12921296511199512,0.5646845315753801
2,m16_h3_q3_d4_l1,3,3,0.4864594654318915,-0.1804113852900703,0.5450594808453938
2,m16_h3_q3_d4_l50,3,3,0.49308391983456457,-0.00898340798124713,0.5326429224689501
2,m16_h3_q3_d8_l1,3,3,0.4790928065080019,-0.3863811493404861,0.5259077563698726
2,m16_h3_q3_d8_l50,3,3,0.4913545112414384,0.036938930073371706,0.6149428830472708
2,m17_h3_q3_d2_l1,3,3,0.500810095111821,0.233936263006181,0.692257472602889
2,m17_h3_q3_d2_l50,3,3,0.5010196304830307,0.40076632544275675,0.7162182143502464
2,m17_h3_q3_d4_l1,3,3,0.49601621405330987,0.09473041003604477,0.5871792954786036
2,m17_h3_q3_d4_l50,3,3,0.5020261208517507,0.24024930146171905,0.6393453584332692
2,m17_h3_q3_d8_l1,3,3,0.48668793387103243,0.1103403716511859,0.6498317088959292
2,m17_h3_q3_d8_l50,3,3,0.49621070187426064,0.08181003078903179,0.5881186944107979
2,m18_h3_q3_d2_l1,3,3,0.4903917506079776,-0.06305000862531968,0.5605404565363143
2,m18_h3_q3_d2_l50,3,3,0.4892399418783072,-0.023109238839738703,0.5897066822198036
2,m18_h3_q3_d4_l1,3,3,0.48435577551824327,-0.35070684949687453,0.4413794338419206
2,m18_h3_q3_d4_l50,3,3,0.48470737954471343,-0.16956482589811292,0.5021288171957852
2,m18_h3_q3_d8_l1,3,3,0.4862069774289572,-0.334049627200219,0.5846824941917729
2,m18_h3_q3_d8_l50,3,3,0.48250860041675353,-0.19749357303406423,0.4932075705797851
2,m19_h3_q3_d2_l1,3,3,0.5078452134095854,0.44953700667084784,0.6599103015218857
2,m19_h3_q3_d2_l50,3,3,0.5089349951480482,0.5062876847116528,0.7126805076554904
2,m19_h3_q3_d4_l1,3,3,0.5020476678133889,0.14819625823735014,0.6577410814705364
2,m19_h3_q3_d4_l50,3,3,0.5042991486901425,0.2973642501825904,0.7434583750506765
2,m19_h3_q3_d8_l1,3,3,0.4887107343713176,-0.501030662446891,0.36622154257486916
2,m19_h3_q3_d8_l50,3,3,0.5005488470326795,0.009819448816977683,0.6148091403853435
2,m20_h3_q3_d2_l1,3,3,0.498984678909297,-0.06286305238921164,0.5193058127276585
2,m20_h3_q3_d2_l50,3,3,0.5003307635225905,-0.030812359145879858,0.548782175024304
2,m20_h3_q3_d4_l1,3,3,0.5042056843286757,0.09570403260004476,0.6140518733844526
2,m20_h3_q3_d4_l50,3,3,0.5051565058260158,0.024471007925666234,0.5915996532364419
2,m20_h3_q3_d8_l1,3,3,0.5067059796280189,0.20213448490864844,0.6392114564531467
2,m20_h3_q3_d8_l50,3,3,0.5080994675569165,0.06279807580008329,0.6106966786707313
2,m21_h3_q3_d2_l1,3,3,0.5080903542518301,0.4496482210867542,0.6672614507999935
2,m21_h3_q3_d2_l50,3,3,0.5096480229638334,0.4802408935225246,0.654544132609571
2,m21_h3_q3_d4_l1,3,3,0.5069367087319874,0.29935651882783865,0.7258152363428403
2,m21_h3_q3_d4_l50,3,3,0.5111504466791117,0.03198285180452803,0.5691823169058303
2,m21_h3_q3_d8_l1,3,3,0.5076147668887204,0.44153536157283796,0.6435124852607854
2,m21_h3_q3_d8_l50,3,3,0.5116367722001525,0.12944913715525155,0.6613738563937029
2,m22_h3_q3_d2_l1,3,3,0.4992804727728354,0.11677793694541411,0.5783072544040017
2,m22_h3_q3_d2_l50,3,3,0.49940424417214735,0.1292591314933748,0.6192285185889571
2,m22_h3_q3_d4_l1,3,3,0.4976240412661757,-0.08965372134618041,0.539446079525301
2,m22_h3_q3_d4_l50,3,3,0.49705195177323724,-0.09666567210007618,0.5588064415854991
2,m22_h3_q3_d8_l1,3,3,0.49824720765506325,-0.3838605247256597,0.4733276121047612
2,m22_h3_q3_d8_l50,3,3,0.5000682438194837,-0.09731291478826788,0.5253447751699138
2,m23_h3_q3_d2_l1,3,3,0.509364592111071,0.3403246358937968,0.6060602093629699
2,m23_h3_q3_d2_l50,3,3,0.5102837643008244,0.2847134657550964,0.6224909389746364
2,m23_h3_q3_d4_l1,3,3,0.5113724157068732,0.48506769912196473,0.6478763979047601
2,m23_h3_q3_d4_l50,3,3,0.5110843928786797,0.2008096976340527,0.7041421057867856
2,m23_h3_q3_d8_l1,3,3,0.5045905625155774,0.18576649044706622,0.5539410406210501
2,m23_h3_q3_d8_l50,3,3,0.5086284631265786,0.12887834354029348,0.6580292324278352
2,m24_h3_q3_d2_l1,3,3,0.5184750007205869,0.40209655969933134,0.6759364179435415
2,m24_h3_q3_d2_l50,3,3,0.5195922636658601,0.3838075144786232,0.703692880846558
2,m24_h3_q3_d4_l1,3,3,0.510865602910832,0.040353171697945486,0.5747741385406382
2,m24_h3_q3_d4_l50,3,3,0.5179035470396312,0.28235076753101107,0.6605476187120991
2,m24_h3_q3_d8_l1,3,3,0.5041013405177261,0.27402510825648185,0.5033085852584303
2,m24_h3_q3_d8_l50,3,3,0.5149218007777817,0.31029375604445114,0.6162345707329908
2,m25_h3_q3_d2_l1,3,3,0.5223208154670166,0.4424856875152575,0.6883813268309493
2,m25_h3_q3_d2_l50,3,3,0.5245027809003211,0.4353080808759443,0.7094745689601389
2,m25_h3_q3_d4_l1,3,3,0.5196932164795683,0.4072596417567021,0.6990331159386133
2,m25_h3_q3_d4_l50,3,3,0.5229428515234904,0.4397414428107765,0.7093546630601417
2,m25_h3_q3_d8_l1,3,3,0.5090813731956363,0.26546461660715975,0.6567392076443536
2,m25_h3_q3_d8_l50,3,3,0.5218958104794249,0.1320986347932066,0.6706991234834331
2,m26_h3_q3_d2_l1,3,3,0.5136527200601789,0.3007941076529556,0.6859223003833823
2,m26_h3_q3_d2_l50,3,3,0.5152122962081304,0.46525141401789993,0.7253898655687224
2,m26_h3_q3_d4_l1,3,3,0.5114136728399771,0.2555903235390901,0.649176266344645
2,m26_h3_q3_d4_l50,3,3,0.5108776833385046,0.30435439782085144,0.6319491229589417
2,m26_h3_q3_d8_l1,3,3,0.497707968447901,-0.353564300325067,0.44415459285431236
2,m26_h3_q3_d8_l50,3,3,0.5092726113108974,0.16186431746182425,0.5744651730123213
2,m27_h3_q3_d2_l1,3,3,0.5201422410309535,0.43150448057765733,0.6415435139160528
2,m27_h3_q3_d2_l50,3,3,0.5208481336233766,0.5344959504687616,0.6874912806590595
2,m27_h3_q3_d4_l1,3,3,0.5198753412897431,0.22511572308646577,0.6170348451297739
2,m27_h3_q3_d4_l50,3,3,0.5211494378574323,0.31249043390450026,0.665317576254023
2,m27_h3_q3_d8_l1,3,3,0.5050869197367909,-0.1309050205745975,0.5074438866680413
2,m27_h3_q3_d8_l50,3,3,0.5184513343856729,0.11386973825753105,0.6262710846167464
2,m28_h3_q3_d2_l1,3,3,0.5251732799590367,0.5563504727562091,0.8227272193507065
2,m28_h3_q3_d2_l50,3,3,0.5249632500673961,0.37042878220007625,0.7352965863870071
2,m28_h3_q3_d4_l1,3,3,0.5196234184530157,0.2510701795367939,0.6985943650830154
2,m28_h3_q3_d4_l50,3,3,0.5274506171897562,0.42674934274516574,0.7901970814407543
2,m28_h3_q3_d8_l1,3,3,0.5084791179564043,0.11250046154008361,0.6140371374180972
2,m28_h3_q3_d8_l50,3,3,0.5255724285926626,0.5102357840603663,0.7797427988634977
2,m29_h3_q3_d2_l1,3,3,0.5224916369530533,0.41052617383983303,0.7263340224171286
2,m29_h3_q3_d2_l50,3,3,0.5245852245207532,0.46693564602404025,0.7815357491534998
2,m29_h3_q3_d4_l1,3,3,0.5205258475938896,0.5980219856569663,0.8046193660331273
2,m29_h3_q3_d4_l50,3,3,0.5268436993293173,0.36884035770279583,0.7633701138533611
2,m29_h3_q3_d8_l1,3,3,0.5176507058078175,0.33313924924337995,0.7308296274757254
2,m29_h3_q3_d8_l50,3,3,0.5271182288143208,0.44631946978995524,0.8036113289022372
2,m30_h3_q3_d2_l1,3,3,0.5168530443525484,0.4384431280642904,0.7602784816197923
2,m30_h3_q3_d2_l50,3,3,0.5169710227982396,0.33318890164156373,0.6903325954580412
2,m30_h3_q3_d4_l1,3,3,0.5175092729645397,0.377615990093289,0.7108007438069404
2,m30_h3_q3_d4_l50,3,3,0.5195534084891356,0.19364696194295689,0.6283818735401785
2,m30_h3_q3_d8_l1,3,3,0.5042870682624699,0.10091066187241533,0.6505369099622844
2,m30_h3_q3_d8_l50,3,3,0.5171165530965174,0.22331454903937958,0.6222406793764658
2,m31_h3_q3_d2_l1,3,3,0.5230823062850438,0.572342523180741,0.6542243957592724
2,m31_h3_q3_d2_l50,3,3,0.5249304704273956,0.524688429741727,0.705332590692744
2,m31_h3_q3_d4_l1,3,3,0.5204827536706131,0.531161723328013,0.6710479139329889
2,m31_h3_q3_d4_l50,3,3,0.523223527190994,0.5114022860388088,0.6723250597817734
2,m31_h3_q3_d8_l1,3,3,0.5120568319834338,0.14776773068712673,0.6309829873475263
2,m31_h3_q3_d8_l50,3,3,0.526377154625518,0.4086924920365542,0.6493700181163153
2,m01_h3_q5_d2_l1,3,5,0.4837903410781591,0.12014288822190365,0.48315447861558075
2,m01_h3_q5_d2_l50,3,5,0.4830629075952193,0.0621365058656896,0.5012976631386686
2,m01_h3_q5_d4_l1,3,5,0.4976625266564174,0.16647933468386075,0.47082261087213695
2,m01_h3_q5_d4_l50,3,5,0.49398816424072606,0.04170206790669292,0.5691188166199772
2,m01_h3_q5_d8_l1,3,5,0.5063560832424122,0.8597520830002222,0.6689235207261652
2,m01_h3_q5_d8_l50,3,5,0.49656701764282885,0.49106354218423415,0.6597065457966219
2,m02_h3_q5_d2_l1,3,5,0.49456061855286654,0.04120475419565683,0.5246047127069643
2,m02_h3_q5_d2_l50,3,5,0.4884263492486611,0.0070994324875829715,0.6498345906373857
2,m02_h3_q5_d4_l1,3,5,0.49633629240230104,-0.12208452958108998,0.5027892154998135
2,m02_h3_q5_d4_l50,3,5,0.4918277545997818,-0.28328992251480145,0.5301700081792688
2,m02_h3_q5_d8_l1,3,5,0.4931727800783575,-0.2765024091100475,0.5670093184470454
2,m02_h3_q5_d8_l50,3,5,0.48883045743652054,-0.5498955024731126,0.42435342321493386
2,m03_h3_q5_d2_l1,3,5,0.4834553923452688,0.04390088163424273,0.3610665153610455
2,m03_h3_q5_d2_l50,3,5,0.4856004009311149,-0.1147946680969635,0.3561801477244439
2,m03_h3_q5_d4_l1,3,5,0.49199668189595314,-0.02705743877715859,0.42683195689030057
2,m03_h3_q5_d4_l50,3,5,0.4837951841772466,0.01398843161548518,0.5097290719013164
2,m03_h3_q5_d8_l1,3,5,0.48325876252231703,-0.5943462629812066,0.4285403992662911
2,m03_h3_q5_d8_l50,3,5,0.4825822784417774,-0.05205511376724632,0.5843442055565163
2,m04_h3_q5_d2_l1,3,5,0.4963095584953382,0.2714189452073791,0.571775279491677
2,m04_h3_q5_d2_l50,3,5,0.4946220290492958,0.10404919360519906,0.4715150000451708
2,m04_h3_q5_d4_l1,3,5,0.5009263879934537,0.1260002872999108,0.4693378428754735
2,m04_h3_q5_d4_l50,3,5,0.4944190063355485,-0.06739190033178956,0.4268671762220013
2,m04_h3_q5_d8_l1,3,5,0.5046117926750644,0.09262714127125639,0.5901794023994323
2,m04_h3_q5_d8_l50,3,5,0.49553737477683,-0.21444146118485613,0.4965116191798508
2,m05_h3_q5_d2_l1,3,5,0.47890617251041456,0.1233805422972572,0.4541729344526749
2,m05_h3_q5_d2_l50,3,5,0.4773512471173874,0.0010294663963692685,0.40097133769144105
2,m05_h3_q5_d4_l1,3,5,0.4859908515795477,-0.11185127164942768,0.3894762935898228
2,m05_h3_q5_d4_l50,3,5,0.48392459178486413,-0.201309705125355,0.4817837228913523
2,m05_h3_q5_d8_l1,3,5,0.49975852307949814,0.2722841549957062,0.5980670950862276
2,m05_h3_q5_d8_l50,3,5,0.48831369876388614,0.2201139166562273,0.5937567321632571
2,m06_h3_q5_d2_l1,3,5,0.49183928117561,0.1664924182414492,0.6620386931051419
2,m06_h3_q5_d2_l50,3,5,0.4896001227435033,0.04498070384813922,0.617193582637015
2,m06_h3_q5_d4_l1,3,5,0.502954096719401,0.3457639342856598,0.6332797995277553
2,m06_h3_q5_d4_l50,3,5,0.4997602665951696,0.1807831015930751,0.6224251742403384
2,m06_h3_q5_d8_l1,3,5,0.5137185624752034,0.038213494445968985,0.5289267737185774
2,m06_h3_q5_d8_l50,3,5,0.5080781924159392,0.036821380619118375,0.4370942209966743
2,m07_h3_q5_d2_l1,3,5,0.4841162816467467,-0.2782515734676238,0.33717864206913306
2,m07_h3_q5_d2_l50,3,5,0.4850455754996528,-0.48799936692467566,0.3243056083786637
2,m07_h3_q5_d4_l1,3,5,0.4950214878620314,0.00021027360849900582,0.40605460679125377
2,m07_h3_q5_d4_l50,3,5,0.4947197627888812,0.1997245531518351,0.5097281647979446
2,m07_h3_q5_d8_l1,3,5,0.49819797969152946,0.1840508540089277,0.45993294335975765
2,m07_h3_q5_d8_l50,3,5,0.4925751416509621,0.1536003416419009,0.6434362637346042
2,m08_h3_q5_d2_l1,3,5,0.49811080390795476,0.3580683485894339,0.5941573048818011
2,m08_h3_q5_d2_l50,3,5,0.5012249166212062,0.24372774662324795,0.603230629765802
2,m08_h3_q5_d4_l1,3,5,0.4925648742808967,0.18490307862595762,0.5864645771424755
2,m08_h3_q5_d4_l50,3,5,0.49380315785558426,0.21094140379477067,0.5710737050631874
2,m08_h3_q5_d8_l1,3,5,0.4879728414501091,0.28261655316364087,0.591540847366259
2,m08_h3_q5_d8_l50,3,5,0.4893463443513192,0.2035333288955997,0.6417140938951198
2,m09_h3_q5_d2_l1,3,5,0.4994236712085896,0.17348244510523533,0.538321615999804
2,m09_h3_q5_d2_l50,3,5,0.49973324210226144,0.35112468285604265,0.5115877359414703
2,m09_h3_q5_d4_l1,3,5,0.5077699775900119,0.2873051945745401,0.5896534565586613
2,m09_h3_q5_d4_l50,3,5,0.5046146985345169,0.18997311008649062,0.49582442998702314
2,m09_h3_q5_d8_l1,3,5,0.5093261621888018,0.21577049713072813,0.5156213929662321
2,m09_h3_q5_d8_l50,3,5,0.5056902539798651,0.3586579351137469,0.5195121576814969
2,m10_h3_q5_d2_l1,3,5,0.49500492446315214,0.24718576430865105,0.5119886293294834
2,m10_h3_q5_d2_l50,3,5,0.49528388697059117,0.15948075771016088,0.6249246264802115
2,m10_h3_q5_d4_l1,3,5,0.5039904230621404,0.1518689567263757,0.535621160488307
2,m10_h3_q5_d4_l50,3,5,0.4985222736064273,0.14792293132171005,0.6140870346778811
2,m10_h3_q5_d8_l1,3,5,0.5070508742375025,0.019158162235397607,0.5991237803642429
2,m10_h3_q5_d8_l50,3,5,0.49862959668220586,0.17671740079678827,0.5073243185069448
2,m11_h3_q5_d2_l1,3,5,0.48893322799915695,0.1247738113929581,0.387474210910934
2,m11_h3_q5_d2_l50,3,5,0.4905299977683,0.025428030685789013,0.5596004200412333
2,m11_h3_q5_d4_l1,3,5,0.5030867007724162,0.3544939810990882,0.5158361791519578
2,m11_h3_q5_d4_l50,3,5,0.49542046236485815,-0.07844307042993397,0.4443567812809179
2,m11_h3_q5_d8_l1,3,5,0.5048399026420849,-0.14635408538784916,0.398082460386144
2,m11_h3_q5_d8_l50,3,5,0.4887226500508332,0.2380902162278876,0.4772197518911129
2,m12_h3_q5_d2_l1,3,5,0.5018645931486808,0.17237028167698185,0.6755524111840595
2,m12_h3_q5_d2_l50,3,5,0.5041908305023806,0.05517108447180093,0.6413633569274494
2,m12_h3_q5_d4_l1,3,5,0.500894132953531,0.5975228273632309,0.6220163273000965
2,m12_h3_q5_d4_l50,3,5,0.4987434095107618,0.6974291726207776,0.6717658900840602
2,m12_h3_q5_d8_l1,3,5,0.49977557078828605,0.5156460100445848,0.5687488124603468
2,m12_h3_q5_d8_l50,3,5,0.49479725237428085,0.421304498904735,0.5171648012597665
2,m13_h3_q5_d2_l1,3,5,0.49238655137249554,0.11412024471588139,0.45090365649313646
2,m13_h3_q5_d2_l50,3,5,0.49351789931933154,0.2047957610086278,0.499606953201263
2,m13_h3_q5_d4_l1,3,5,0.4993754339416782,0.18927397180230857,0.5123449720539082
2,m13_h3_q5_d4_l50,3,5,0.5001170092739536,0.3957921020735541,0.5301753125928498
2,m13_h3_q5_d8_l1,3,5,0.5092583588015771,0.5893665266763056,0.6341273591966006
2,m13_h3_q5_d8_l50,3,5,0.49909124088722473,0.35103825534751243,0.5553712167720628
2,m14_h3_q5_d2_l1,3,5,0.49627982186694114,0.49908014444214194,0.632986563987682
2,m14_h3_q5_d2_l50,3,5,0.4957683906033029,0.18423201150153062,0.6863942649989964
2,m14_h3_q5_d4_l1,3,5,0.4946161204684091,0.2877027094602965,0.546820697570811
2,m14_h3_q5_d4_l50,3,5,0.49818926211317194,-0.03598215427257026,0.5549313674638933
2,m14_h3_q5_d8_l1,3,5,0.49875658274027973,0.4994985548316529,0.680708789521102
2,m14_h3_q5_d8_l50,3,5,0.49873149548700657,0.5403926060532523,0.6823983250435156
2,m15_h3_q5_d2_l1,3,5,0.4925565441504662,0.19867825705554293,0.4886917782685748
2,m15_h3_q5_d2_l50,3,5,0.49664043902499505,0.08085637959185323,0.5696416277337605
2,m15_h3_q5_d4_l1,3,5,0.49719303663087683,-0.04695966766115456,0.392048803910297
2,m15_h3_q5_d4_l50,3,5,0.5009533156243802,0.2932108437431598,0.7003382953668058
2,m15_h3_q5_d8_l1,3,5,0.5029855768634696,0.36194246494121746,0.583915804742806
2,m15_h3_q5_d8_l50,3,5,0.49546685925411627,0.34004646554553875,0.5703236909550031
2,m16_h3_q5_d2_l1,3,5,0.5029407297659195,0.050024097196628384,0.5827599660240249
2,m16_h3_q5_d2_l50,3,5,0.5047884689297759,0.06223948877973098,0.6252418982224003
2,m16_h3_q5_d4_l1,3,5,0.5001456804205515,-0.07336890528632002,0.4855843452609834
2,m16_h3_q5_d4_l50,3,5,0.5037989269242213,0.04183118315987757,0.6386171447431467
2,m16_h3_q5_d8_l1,3,5,0.4882231328109502,-0.028107293525914265,0.43022303498052783
2,m16_h3_q5_d8_l50,3,5,0.4988175089268002,-0.03445917272487036,0.5557456838950281
2,m17_h3_q5_d2_l1,3,5,0.48775344906144613,0.07111774469590737,0.6101623552925516
2,m17_h3_q5_d2_l50,3,5,0.4865239799270978,0.11295364943932591,0.5346799363889841
2,m17_h3_q5_d4_l1,3,5,0.4924716930544535,0.2296654197909395,0.645658875713652
2,m17_h3_q5_d4_l50,3,5,0.4893275531268597,0.005161591673922424,0.44949408552801706
2,m17_h3_q5_d8_l1,3,5,0.4805144688553858,0.1699818488246766,0.6869114596008337
2,m17_h3_q5_d8_l50,3,5,0.48453753440537595,0.15957107803384135,0.5160773890733762
2,m18_h3_q5_d2_l1,3,5,0.48933055584829394,0.03566229453037789,0.5970383332605278
2,m18_h3_q5_d2_l50,3,5,0.4886138740453283,-0.0875479005656162,0.6194548255102358
2,m18_h3_q5_d4_l1,3,5,0.4923712471793791,-0.29893211651631624,0.41356457691677606
2,m18_h3_q5_d4_l50,3,5,0.48586008790418567,-0.3312659614207219,0.517821032281786
2,m18_h3_q5_d8_l1,3,5,0.49670969534194603,0.15638156320815597,0.6157202140911358
2,m18_h3_q5_d8_l50,3,5,0.4891599818984329,-0.3162163445805899,0.4885494706420482
2,m19_h3_q5_d2_l1,3,5,0.4856902888501785,0.15473953171369922,0.5178018905845914
2,m19_h3_q5_d2_l50,3,5,0.4861362414141539,0.263005170094548,0.6248541846617794
2,m19_h3_q5_d4_l1,3,5,0.48851788382141437,0.08855334313750536,0.5490029544271917
2,m19_h3_q5_d4_l50,3,5,0.48379838062264435,0.004744321415606428,0.5840847686904656
2,m19_h3_q5_d8_l1,3,5,0.4864350606278516,-0.009411638930526206,0.5039779536205985
2,m19_h3_q5_d8_l50,3,5,0.4767071149387523,-0.1467924046609949,0.6200636255953019
2,m20_h3_q5_d2_l1,3,5,0.4983307774685082,0.2798557290195599,0.6184128182813863
2,m20_h3_q5_d2_l50,3,5,0.5017122292513886,0.29513369964557656,0.6668054355667149
2,m20_h3_q5_d4_l1,3,5,0.506606858913162,0.033160818225399784,0.537223316955544
2,m20_h3_q5_d4_l50,3,5,0.5039458665505356,-0.11622712387374269,0.6401544340297308
2,m20_h3_q5_d8_l1,3,5,0.5038782568872744,0.15667796471307624,0.6048346215781987
2,m20_h3_q5_d8_l50,3,5,0.5046736874814025,-0.16339692879568177,0.6120251167090476
2,m21_h3_q5_d2_l1,3,5,0.4876983345938306,0.22123587595826844,0.6300945222931412
2,m21_h3_q5_d2_l50,3,5,0.48833326488419954,0.36469824131064477,0.6786863105137727
2,m21_h3_q5_d4_l1,3,5,0.4980813578655029,0.501521982960225,0.7040742552659299
2,m21_h3_q5_d4_l50,3,5,0.4895146904756001,0.08900014936732001,0.6586597158692695
2,m21_h3_q5_d8_l1,3,5,0.49757941907607617,0.35360046164402353,0.7393650274776381
2,m21_h3_q5_d8_l50,3,5,0.49073825102906166,0.0702914175995159,0.5949702014650153
2,m22_h3_q5_d2_l1,3,5,0.49148496004636977,0.10983982882369485,0.5824103609140262
2,m22_h3_q5_d2_l50,3,5,0.4887828982034814,0.2884161292032129,0.669844381356399
2,m22_h3_q5_d4_l1,3,5,0.4955105440078853,-0.0499065559755243,0.5167556565938646
2,m22_h3_q5_d4_l50,3,5,0.49352225810851025,0.03953295109694258,0.6022287302293768
2,m22_h3_q5_d8_l1,3,5,0.5006965345107618,-0.08318696802940209,0.5002742347875575
2,m22_h3_q5_d8_l50,3,5,0.49357611337036295,-0.3144210913084355,0.38804268334625275
2,m23_h3_q5_d2_l1,3,5,0.4845463488457152,0.11035728759791408,0.4438444335736165
2,m23_h3_q5_d2_l50,3,5,0.4894546360469153,0.1676386702600551,0.6264480170445985
2,m23_h3_q5_d4_l1,3,5,0.49107203741817096,0.21387626856046527,0.49832129033296274
2,m23_h3_q5_d4_l50,3,5,0.4873548620065463,0.05350702081805381,0.539377839696996
2,m23_h3_q5_d8_l1,3,5,0.4900664163236461,0.25353585915733484,0.5599107827989386
2,m23_h3_q5_d8_l50,3,5,0.48637907440240036,0.05723155412850682,0.6219687377337016
2,m24_h3_q5_d2_l1,3,5,0.49806266350302525,0.19970788293390518,0.6345097750736128
2,m24_h3_q5_d2_l50,3,5,0.4985909487514878,0.31710484812980955,0.791372107248311
2,m24_h3_q5_d4_l1,3,5,0.49419980767084903,0.06005289386145553,0.48837504711147933
2,m24_h3_q5_d4_l50,3,5,0.49419835474112284,-0.0818121899439476,0.5579631827524015
2,m24_h3_q5_d8_l1,3,5,0.5032329623648581,0.05923735283071693,0.5963786995391291
2,m24_h3_q5_d8_l50,3,5,0.4905433647217814,0.03342018161825291,0.5312977095203812
2,m25_h3_q5_d2_l1,3,5,0.49996270813702637,0.23906410636692074,0.667454589158712
2,m25_h3_q5_d2_l50,3,5,0.4991271766824539,0.3498676108846781,0.706379729499577
2,m25_h3_q5_d4_l1,3,5,0.5070315018411525,0.08936072279860688,0.5244714348428653
2,m25_h3_q5_d4_l50,3,5,0.4950204223802321,0.041692832567508165,0.562510132631274
2,m25_h3_q5_d8_l1,3,5,0.49878757857443967,0.021693844064753314,0.4604065194097066
2,m25_h3_q5_d8_l50,3,5,0.49506962826696094,-0.05908185735272261,0.5356357495155526
2,m26_h3_q5_d2_l1,3,5,0.4934753769093434,0.0004084425202326142,0.5342257172266787
2,m26_h3_q5_d2_l50,3,5,0.49050752578853407,0.11369431882468828,0.7152544151201914
2,m26_h3_q5_d4_l1,3,5,0.4920832765076374,-0.23343486450941442,0.37709439531728495
2,m26_h3_q5_d4_l50,3,5,0.48337993686148584,-0.1570482740675985,0.5701974614482166
2,m26_h3_q5_d8_l1,3,5,0.4961725956531442,-0.03097743962100504,0.4855908172561619
2,m26_h3_q5_d8_l50,3,5,0.4831362321154037,-0.09666575637858502,0.6435171984485458
2,m27_h3_q5_d2_l1,3,5,0.49050132662170204,0.1967302005326418,0.3770819455250721
2,m27_h3_q5_d2_l50,3,5,0.49348235097202936,0.22703542046953668,0.5898775614681196
2,m27_h3_q5_d4_l1,3,5,0.4966075059512002,0.01816681059632531,0.4443412395771641
2,m27_h3_q5_d4_l50,3,5,0.4844750584271474,-0.08866036963628911,0.5119547174214825
2,m27_h3_q5_d8_l1,3,5,0.4919168676229915,-0.4036990389571871,0.27165060494892634
2,m27_h3_q5_d8_l50,3,5,0.4780194010674965,-0.08829480351888981,0.5768023435980099
2,m28_h3_q5_d2_l1,3,5,0.4988411432503471,0.24924370203656485,0.6017637413936644
2,m28_h3_q5_d2_l50,3,5,0.5017040928449217,0.37442170572888006,0.7855716279050712
2,m28_h3_q5_d4_l1,3,5,0.492250944598046,0.2906936623044032,0.5777196485537966
2,m28_h3_q5_d4_l50,3,5,0.4957678094314124,0.21587972089471066,0.627159868915655
2,m28_h3_q5_d8_l1,3,5,0.4868517608733386,0.013286059592974048,0.4883086159261762
2,m28_h3_q5_d8_l50,3,5,0.4928456771659889,0.16538484578448706,0.5590137944968165
2,m29_h3_q5_d2_l1,3,5,0.49224813560057523,0.17301122559599308,0.5529338614561256
2,m29_h3_q5_d2_l50,3,5,0.49278494470343187,0.3461362880573619,0.645946831254174
2,m29_h3_q5_d4_l1,3,5,0.4929771188752231,-0.019743296026939028,0.569720535155018
2,m29_h3_q5_d4_l50,3,5,0.48827137007786153,0.0016744355426763999,0.5376889062664366
2,m29_h3_q5_d8_l1,3,5,0.4966741469946439,0.062351833145647406,0.5817439084184804
2,m29_h3_q5_d8_l50,3,5,0.48375895779607225,0.12016272786842552,0.6876351169842948
2,m30_h3_q5_d2_l1,3,5,0.49017877622247574,0.46324852662954685,0.7535716203195177
2,m30_h3_q5_d2_l50,3,5,0.487721387745487,0.20939839833332097,0.71499621247197
2,m30_h3_q5_d4_l1,3,5,0.48946645320868876,0.3049641268397181,0.6485513571437139
2,m30_h3_q5_d4_l50,3,5,0.48642518070571317,0.004339729349732854,0.6420919973638428
2,m30_h3_q5_d8_l1,3,5,0.48224655481303313,0.08321594155993771,0.4248970737238129
2,m30_h3_q5_d8_l50,3,5,0.48553405047361636,0.16202425255874828,0.6447328525541164
2,m31_h3_q5_d2_l1,3,5,0.4886266598269193,0.22243786803833396,0.5943715439154057
2,m31_h3_q5_d2_l50,3,5,0.49516755573050986,0.12171652950255628,0.5272468462576125
2,m31_h3_q5_d4_l1,3,5,0.4909592900714144,0.026599059822997158,0.3930044762053385
2,m31_h3_q5_d4_l50,3,5,0.48828454330737947,0.3751677145120556,0.6749411241042593
2,m31_h3_q5_d8_l1,3,5,0.4878593192074985,-0.006192295414584674,0.40601535344796635
2,m31_h3_q5_d8_l50,3,5,0.4873213477608609,0.1482337626856881,0.6119409734187974
2,m01_h6_q3_d2_l1,6,3,0.5081375961765175,0.25601848119727044,0.6233042167032924
2,m01_h6_q3_d2_l50,6,3,0.5078649495087568,0.23991054318336283,0.6204999439301462
2,m01_h6_q3_d4_l1,6,3,0.5191963750526972,0.3973498674901854,0.6457481944294307
2,m01_h6_q3_d4_l50,6,3,0.5138588999672795,0.4397510452277238,0.6631187584491182
2,m01_h6_q3_d8_l1,6,3,0.5208481803378547,0.4420385988780285,0.6379042743504088
2,m01_h6_q3_d8_l50,6,3,0.514474824862486,0.5317446210266789,0.6801048173153995
2,m02_h6_q3_d2_l1,6,3,0.5061153807077932,0.030338096265424913,0.7307123215120583
2,m02_h6_q3_d2_l50,6,3,0.4984534785010951,-0.10769004770784577,0.7414223034492576
2,m02_h6_q3_d4_l1,6,3,0.5074747801832321,-0.06463960317993944,0.5735801198442779
2,m02_h6_q3_d4_l50,6,3,0.5064538666060326,-0.015398346445414081,0.7173914346653442
2,m02_h6_q3_d8_l1,6,3,0.5112593931495646,-0.21485590164029456,0.5501302003816995
2,m02_h6_q3_d8_l50,6,3,0.506057061747761,-0.03551264870475524,0.6763798087361835
2,m03_h6_q3_d2_l1,6,3,0.5122791270764978,0.11362497130735683,0.6606386498756824
2,m03_h6_q3_d2_l50,6,3,0.5110399782000631,0.17871550355164606,0.6780746438748391
2,m03_h6_q3_d4_l1,6,3,0.5202161089796304,0.190564844056959,0.5942907182852412
2,m03_h6_q3_d4_l50,6,3,0.5118223812390781,0.26841009785487635,0.6430764529453586
2,m03_h6_q3_d8_l1,6,3,0.5125648973534693,0.000792067249398187,0.6986616723781531
2,m03_h6_q3_d8_l50,6,3,0.510250349803168,0.22778889689337575,0.7022932745408631
2,m04_h6_q3_d2_l1,6,3,0.4873391823342654,-0.03230728659712677,0.5482478988653952
2,m04_h6_q3_d2_l50,6,3,0.4829365800847608,-0.40230957580906257,0.4258826451696059
2,m04_h6_q3_d4_l1,6,3,0.4913936402989764,-0.22964179816643082,0.4622622688013897
2,m04_h6_q3_d4_l50,6,3,0.47885823420216045,-0.4684252684980955,0.42877296046160757
2,m04_h6_q3_d8_l1,6,3,0.4999264930427914,-0.2150026368722023,0.48974961857309596
2,m04_h6_q3_d8_l50,6,3,0.4789692687834606,-0.4265497887217606,0.43371249956701335
2,m05_h6_q3_d2_l1,6,3,0.49779353790533337,0.30009317071270497,0.6685041216426112
2,m05_h6_q3_d2_l50,6,3,0.4986501851829733,0.27703574252941904,0.6423593263580802
2,m05_h6_q3_d4_l1,6,3,0.5062551692643303,0.43389686365727004,0.6671827692571827
2,m05_h6_q3_d4_l50,6,3,0.5033446034170634,-0.0019080639128912728,0.5608457160319132
2,m05_h6_q3_d8_l1,6,3,0.5213493842446795,0.3385674037914329,0.6228209611753349
2,m05_h6_q3_d8_l50,6,3,0.5017019404214684,-0.08797216998427329,0.5408590555956941
2,m06_h6_q3_d2_l1,6,3,0.4848171637934073,-0.19585409376622784,0.5585558652255966
2,m06_h6_q3_d2_l50,6,3,0.4831082191984837,-0.32346935786964515,0.5008944239783536
2,m06_h6_q3_d4_l1,6,3,0.4915055596179762,-0.22417548360478778,0.5693218660979859
2,m06_h6_q3_d4_l50,6,3,0.4848265272673947,-0.20204882797816498,0.5901032101008622
2,m06_h6_q3_d8_l1,6,3,0.5002037108553334,0.2960229689072624,0.6974721003353943
2,m06_h6_q3_d8_l50,6,3,0.48632202889228926,-0.28788074952598686,0.5719021495514928
2,m07_h6_q3_d2_l1,6,3,0.507282276005427,0.44783319435661073,0.7681864268576208
2,m07_h6_q3_d2_l50,6,3,0.5037028484572608,0.21751856304732087,0.7228017566612428
2,m07_h6_q3_d4_l1,6,3,0.5149564170836362,0.33157551288115317,0.7109664570246585
2,m07_h6_q3_d4_l50,6,3,0.5024523454470144,0.020791779544425015,0.5894217742827528
2,m07_h6_q3_d8_l1,6,3,0.5187307081101398,0.18219098870175396,0.5897315874368535
2,m07_h6_q3_d8_l50,6,3,0.5014252387059177,0.07007880444714154,0.6519652135444685
2,m08_h6_q3_d2_l1,6,3,0.48584043667113896,0.3663061404009569,0.7178752184388925
2,m08_h6_q3_d2_l50,6,3,0.4811575200271438,0.45844565246127705,0.7333572931547768
2,m08_h6_q3_d4_l1,6,3,0.47841129420757805,0.3609592507145524,0.6578393866435268
2,m08_h6_q3_d4_l50,6,3,0.47246718397279963,0.21509112575904538,0.7226609101874338
2,m08_h6_q3_d8_l1,6,3,0.4778481586617812,0.5688664074189782,0.695241599828086
2,m08_h6_q3_d8_l50,6,3,0.47199163745926337,0.02763101845225131,0.674375255040929
2,m09_h6_q3_d2_l1,6,3,0.49768161858633364,0.4901637588412902,0.6852428584728648
2,m09_h6_q3_d2_l50,6,3,0.49323035576335095,0.510647542930963,0.7211563938386601
2,m09_h6_q3_d4_l1,6,3,0.49871875235469254,0.4544745864234752,0.6811270797832986
2,m09_h6_q3_d4_l50,6,3,0.4908583739907171,0.3977069993783084,0.6629617410264009
2,m09_h6_q3_d8_l1,6,3,0.5075493193344236,0.8542614362825568,0.7357393620914778
2,m09_h6_q3_d8_l50,6,3,0.4901275806508455,0.25441204774836046,0.5881858585220553
2,m10_h6_q3_d2_l1,6,3,0.4941123655217129,0.0023890354963146407,0.582874281332912
2,m10_h6_q3_d2_l50,6,3,0.4902504854629486,0.10785058940054561,0.6466644743206506
2,m10_h6_q3_d4_l1,6,3,0.49670575290367225,0.04462950423297984,0.598307251240303
2,m10_h6_q3_d4_l50,6,3,0.4924658686627529,0.023613576696733026,0.6842853673897001
2,m10_h6_q3_d8_l1,6,3,0.5037696461535808,-0.07750999948614024,0.5559016279157909
2,m10_h6_q3_d8_l50,6,3,0.49359243466691327,-0.0022446259966176435,0.653250741500796
2,m11_h6_q3_d2_l1,6,3,0.5063735766597938,0.18901389021059464,0.6318077005650266
2,m11_h6_q3_d2_l50,6,3,0.502299949378258,0.20765622839735548,0.6767639022890738
2,m11_h6_q3_d4_l1,6,3,0.5114349398547939,0.2388388542432478,0.6345830082927213
2,m11_h6_q3_d4_l50,6,3,0.5012623732410493,-0.017034017074741482,0.542652550551978
2,m11_h6_q3_d8_l1,6,3,0.5189904523531148,0.0017704819621584755,0.5978730973033626
2,m11_h6_q3_d8_l50,6,3,0.5021123849859422,0.058910480338936595,0.6009883905931814
2,m12_h6_q3_d2_l1,6,3,0.4812828578679208,-0.25338631294060415,0.5465367183618778
2,m12_h6_q3_d2_l50,6,3,0.4813798103741689,-0.12093977328426186,0.6081563395171847
2,m12_h6_q3_d4_l1,6,3,0.4798787054105102,-0.08960115029262511,0.5193925677841772
2,m12_h6_q3_d4_l50,6,3,0.4774554088512994,-0.13958789011249428,0.5757739313830239
2,m12_h6_q3_d8_l1,6,3,0.4920767315312112,0.4043758015220443,0.7363121446949723
2,m12_h6_q3_d8_l50,6,3,0.47569124187829226,-0.16075418790263726,0.5890855050167487
2,m13_h6_q3_d2_l1,6,3,0.49565925566132596,0.5119361080618184,0.6329406163376683
2,m13_h6_q3_d2_l50,6,3,0.49251113774171595,0.4119106601379972,0.6953787688413966
2,m13_h6_q3_d4_l1,6,3,0.49823561184256804,0.2780676676907201,0.6898744437115455
2,m13_h6_q3_d4_l50,6,3,0.4903042332781994,0.4035099997799007,0.6364670190118854
2,m13_h6_q3_d8_l1,6,3,0.501505454924015,0.056016986729858935,0.5124272184283912
2,m13_h6_q3_d8_l50,6,3,0.4923472400828645,0.11369701419231715,0.5862252794793497
2,m14_h6_q3_d2_l1,6,3,0.48523859385098456,-0.3112185681173996,0.5108537665264182
2,m14_h6_q3_d2_l50,6,3,0.48262942864671554,-0.23437357043352586,0.5231584979745098
2,m14_h6_q3_d4_l1,6,3,0.4875720158055441,-0.024205474544500928,0.6328392676631267
2,m14_h6_q3_d4_l50,6,3,0.4819207537493341,-0.0779089588342485,0.506552996096094
2,m14_h6_q3_d8_l1,6,3,0.4884032268743206,0.2607653082076435,0.6212132047446601
2,m14_h6_q3_d8_l50,6,3,0.4825842332958942,-0.07382494498395586,0.6035735036768386
2,m15_h6_q3_d2_l1,6,3,0.49758097967300385,0.047336927889279366,0.6175583915038559
2,m15_h6_q3_d2_l50,6,3,0.4923216564177177,0.0179508681720803,0.6062078815259305
2,m15_h6_q3_d4_l1,6,3,0.49959980364721324,0.08289765737854758,0.5633698489468201
2,m15_h6_q3_d4_l50,6,3,0.49446279537889704,0.01698272761910966,0.6032181932786203
2,m15_h6_q3_d8_l1,6,3,0.5059396865462804,0.23765254848036954,0.7253021451497838
2,m15_h6_q3_d8_l50,6,3,0.4942196399677896,0.03188257251076977,0.6325618054502316
2,m16_h6_q3_d2_l1,6,3,0.5345278471928232,0.3731281763931904,0.6975641830424696
2,m16_h6_q3_d2_l50,6,3,0.5338589854919238,0.2667206216843269,0.7074044126378082
2,m16_h6_q3_d4_l1,6,3,0.542049149833426,0.11654247514914824,0.6006000361879933
2,m16_h6_q3_d4_l50,6,3,0.5325074011994979,0.09269315058881462,0.5979081355656132
2,m16_h6_q3_d8_l1,6,3,0.5429039539075252,0.09045618757336853,0.5715421653266678
2,m16_h6_q3_d8_l50,6,3,0.5321799007943617,0.0665385470236674,0.6035286677919339
2,m17_h6_q3_d2_l1,6,3,0.5289144814014127,0.5785700692211487,0.7040928528398877
2,m17_h6_q3_d2_l50,6,3,0.5275250745723288,0.4236867213985517,0.6886168098469457
2,m17_h6_q3_d4_l1,6,3,0.53589933808349,0.4913933672266062,0.6970990468334717
2,m17_h6_q3_d4_l50,6,3,0.5266115828974893,0.3989406231643501,0.7105234748117907
2,m17_h6_q3_d8_l1,6,3,0.5379311382106269,0.5516885684401428,0.7774097173352086
2,m17_h6_q3_d8_l50,6,3,0.5257156385203587,0.5186179396681625,0.7181516792689185
2,m18_h6_q3_d2_l1,6,3,0.527559653070755,0.22489232526865843,0.658018403831218
2,m18_h6_q3_d2_l50,6,3,0.5260542718748815,0.3924417202878504,0.688048421634084
2,m18_h6_q3_d4_l1,6,3,0.5304821628769665,0.413820921152955,0.6610217016066201
2,m18_h6_q3_d4_l50,6,3,0.5300706123903681,0.33075841879630885,0.6691172156254689
2,m18_h6_q3_d8_l1,6,3,0.5283564330973884,0.17351745068407087,0.6197669733743665
2,m18_h6_q3_d8_l50,6,3,0.5305209438794657,0.2549417352134296,0.6679119233887921
2,m19_h6_q3_d2_l1,6,3,0.5303487886687513,0.3862127100623295,0.6861866541115831
2,m19_h6_q3_d2_l50,6,3,0.5288319796109249,0.4927331780883742,0.7132566199480531
2,m19_h6_q3_d4_l1,6,3,0.5376509712724193,0.4552012536206587,0.699117792645131
2,m19_h6_q3_d4_l50,6,3,0.5300510744328352,0.4273628053163574,0.690554076575617
2,m19_h6_q3_d8_l1,6,3,0.5357161973796724,0.3548676231775135,0.721948881916748
2,m19_h6_q3_d8_l50,6,3,0.5285720879116665,0.5012289303641116,0.6938388469654635
2,m20_h6_q3_d2_l1,6,3,0.5224533894375,0.21965156848183442,0.6887039442631899
2,m20_h6_q3_d2_l50,6,3,0.5219938419306982,0.06347944891707756,0.6635310599872793
2,m20_h6_q3_d4_l1,6,3,0.5273936172957963,0.1966993515384839,0.6706037643048287
2,m20_h6_q3_d4_l50,6,3,0.5246293280815304,0.22717561583704537,0.6400678606098806
2,m20_h6_q3_d8_l1,6,3,0.5181868893374509,0.1387637782537966,0.6097713066300982
2,m20_h6_q3_d8_l50,6,3,0.5252328666489424,0.2696503359408347,0.6690896724152412
2,m21_h6_q3_d2_l1,6,3,0.5263717452527555,0.7237253737350058,0.7938158406260853
2,m21_h6_q3_d2_l50,6,3,0.5254852380777539,0.38981050211937246,0.7279512933608043
2,m21_h6_q3_d4_l1,6,3,0.5305560384748833,0.5754544053436826,0.6979377527023259
2,m21_h6_q3_d4_l50,6,3,0.5278088541894763,0.43840882036534584,0.7234582280447605
2,m21_h6_q3_d8_l1,6,3,0.5290096644322616,0.9179678886435014,0.8410675888539605
2,m21_h6_q3_d8_l50,6,3,0.5266122464507641,0.37583105695113056,0.6696356229227453
2,m22_h6_q3_d2_l1,6,3,0.5199579867557715,0.09934416068291238,0.6381971309510994
2,m22_h6_q3_d2_l50,6,3,0.5204409798116127,0.23098822960023757,0.6412377720700697
2,m22_h6_q3_d4_l1,6,3,0.5206574456354489,0.0843252556125504,0.6201211696092321
2,m22_h6_q3_d4_l50,6,3,0.5244888759717184,0.3778147274791525,0.6575005862661351
2,m22_h6_q3_d8_l1,6,3,0.5139082240940323,-0.15783352364415884,0.5460439921952684
2,m22_h6_q3_d8_l50,6,3,0.5241882126101369,0.36947711488413537,0.6839759154757418
2,m23_h6_q3_d2_l1,6,3,0.5239808890758635,0.29083902425760005,0.702257611793598
2,m23_h6_q3_d2_l50,6,3,0.5225246845504596,0.3915299373419988,0.6976151973549649
2,m23_h6_q3_d4_l1,6,3,0.5265137456535417,0.2988850569379645,0.6834136772201853
2,m23_h6_q3_d4_l50,6,3,0.523657075077809,0.5205457447712692,0.6701983328660697
2,m23_h6_q3_d8_l1,6,3,0.5243818227100665,0.32252629613328054,0.7100566132785702
2,m23_h6_q3_d8_l50,6,3,0.5239717467863009,0.5582023791123859,0.6731711386134671
2,m24_h6_q3_d2_l1,6,3,0.5184739867209718,0.1748563522810949,0.6422292606113763
2,m24_h6_q3_d2_l50,6,3,0.5205726582725703,0.2143872489876021,0.638455224925852
2,m24_h6_q3_d4_l1,6,3,0.5197907713305467,0.395828321544607,0.6083048637899128
2,m24_h6_q3_d4_l50,6,3,0.522193055369392,0.6337165010285556,0.6928754020440301
2,m24_h6_q3_d8_l1,6,3,0.5137977056097236,0.2510303824478615,0.6234219302042474
2,m24_h6_q3_d8_l50,6,3,0.5220715513919799,0.41447142154647365,0.6736122997673275
2,m25_h6_q3_d2_l1,6,3,0.5215868625888811,0.46490147657318687,0.6422599391438325
2,m25_h6_q3_d2_l50,6,3,0.5211503919904106,0.6929087263117009,0.7373312901571688
2,m25_h6_q3_d4_l1,6,3,0.531514135675411,0.5840493441929084,0.7197548725515013
2,m25_h6_q3_d4_l50,6,3,0.5255610306073533,0.5918893106507863,0.6687740611871095
2,m25_h6_q3_d8_l1,6,3,0.5357244549315354,0.7312921548981199,0.7432329585101004
2,m25_h6_q3_d8_l50,6,3,0.5252305810765517,0.2970023406315333,0.6650805371028303
2,m26_h6_q3_d2_l1,6,3,0.5185111457043552,0.16711153572886467,0.6016585240742982
2,m26_h6_q3_d2_l50,6,3,0.519977008616313,0.25013287182312205,0.6240492562557645
2,m26_h6_q3_d4_l1,6,3,0.5206730022733335,0.10193029406093962,0.6010954412159044
2,m26_h6_q3_d4_l50,6,3,0.5241646196048142,0.2425375581362098,0.640473401195195
2,m26_h6_q3_d8_l1,6,3,0.5260904723924236,0.3669624602271315,0.6051165429564853
2,m26_h6_q3_d8_l50,6,3,0.5249116331358451,0.2661423705133054,0.6586398923266824
2,m27_h6_q3_d2_l1,6,3,0.5237936195961143,0.18965772931013633,0.6687536797976978
2,m27_h6_q3_d2_l50,6,3,0.5210264549843246,0.48719509832712865,0.745212221714914
2,m27_h6_q3_d4_l1,6,3,0.5263803714453267,0.43396416382963904,0.72198081489632
2,m27_h6_q3_d4_l50,6,3,0.5229952912785064,0.36584398534718476,0.6716480132352963
2,m27_h6_q3_d8_l1,6,3,0.5327055824442088,0.37050625999131803,0.7204791607466347
2,m27_h6_q3_d8_l50,6,3,0.5242852388445267,0.48390766828252546,0.6999798644731006
2,m28_h6_q3_d2_l1,6,3,0.5147008016165927,0.18371409167121486,0.6567625062111264
2,m28_h6_q3_d2_l50,6,3,0.5170180033799929,0.12810037218897416,0.591710212519337
2,m28_h6_q3_d4_l1,6,3,0.5159977533560681,0.26335639189557863,0.6067225008485675
2,m28_h6_q3_d4_l50,6,3,0.5217730261465058,0.4924625103708653,0.6249604211413797
2,m28_h6_q3_d8_l1,6,3,0.5093838966826907,0.4514014938832165,0.7110644616088376
2,m28_h6_q3_d8_l50,6,3,0.5208888782720364,0.5244975457166408,0.6203563980006417
2,m29_h6_q3_d2_l1,6,3,0.5224232346275719,0.5671239064868488,0.648187851578557
2,m29_h6_q3_d2_l50,6,3,0.5189103835913007,0.509851531531456,0.6451536391048399
2,m29_h6_q3_d4_l1,6,3,0.5233544210564034,0.5177636861459837,0.7106347313668397
2,m29_h6_q3_d4_l50,6,3,0.5219723133133412,0.4766519455354642,0.6432323057360453
2,m29_h6_q3_d8_l1,6,3,0.5210243168682173,0.5485590936863401,0.7226637236530512
2,m29_h6_q3_d8_l50,6,3,0.5204832260367688,0.5458462147414588,0.6450513317439887
2,m30_h6_q3_d2_l1,6,3,0.5175970642043827,0.19642460394489553,0.677011308699029
2,m30_h6_q3_d2_l50,6,3,0.5176052480281039,0.19639661210552625,0.6205630273138892
2,m30_h6_q3_d4_l1,6,3,0.513376939105421,0.044779147863633254,0.5910969773997562
2,m30_h6_q3_d4_l50,6,3,0.5187915338269875,0.1610005704132054,0.5949678120471171
2,m30_h6_q3_d8_l1,6,3,0.516602545301888,0.16986150359255411,0.596745925154616
2,m30_h6_q3_d8_l50,6,3,0.5178442746632799,0.09812426907079883,0.5288739444215754
2,m31_h6_q3_d2_l1,6,3,0.519838989535175,0.185244899168764,0.6705955259958254
2,m31_h6_q3_d2_l50,6,3,0.5209337049821496,0.5406848758367104,0.6935316271311821
2,m31_h6_q3_d4_l1,6,3,0.523056338179779,0.25098065048152807,0.6597737078120889
2,m31_h6_q3_d4_l50,6,3,0.5229725830108832,0.5313570640567659,0.7289368440887727
2,m31_h6_q3_d8_l1,6,3,0.5235730249963467,0.4028491187661349,0.73992571371874
2,m31_h6_q3_d8_l50,6,3,0.5219197451483565,0.35688627383107246,0.6763679346643352
2,m01_h6_q5_d2_l1,6,5,0.48164056434708347,0.45534536391569913,0.8213122361004889
2,m01_h6_q5_d2_l50,6,5,0.4786160055768335,0.14614686515062203,0.5462063692844172
2,m01_h6_q5_d4_l1,6,5,0.4970532791392785,0.581041561684965,0.8562320366901988
2,m01_h6_q5_d4_l50,6,5,0.4881664138113969,0.35301508910729995,0.6725105178158428
2,m01_h6_q5_d8_l1,6,5,0.5072656128694167,0.5144916889677005,0.8469814495623176
2,m01_h6_q5_d8_l50,6,5,0.49149423716422547,0.40962951575882234,0.7295135966111147
2,m02_h6_q5_d2_l1,6,5,0.4985700064049481,-0.18604331370624602,0.560787475203336
2,m02_h6_q5_d2_l50,6,5,0.4986219657367631,-0.029589535976043236,0.729290509067394
2,m02_h6_q5_d4_l1,6,5,0.5024802999327157,-0.13585165304617727,0.6247326681165888
2,m02_h6_q5_d4_l50,6,5,0.5042209375485224,0.020301983485656448,0.8384472790511638
2,m02_h6_q5_d8_l1,6,5,0.5008180056674085,-0.24211303317437766,0.5470325233864143
2,m02_h6_q5_d8_l50,6,5,0.5029959508112933,-0.07048065714313176,0.6839072481555373
2,m03_h6_q5_d2_l1,6,5,0.5000292144881218,-0.09106062062680204,0.5716886426242554
2,m03_h6_q5_d2_l50,6,5,0.5033614857214948,0.08845034908688502,0.5530281922865888
2,m03_h6_q5_d4_l1,6,5,0.5014546591144351,0.07873685062994294,0.628500278256097
2,m03_h6_q5_d4_l50,6,5,0.4982604743543295,0.39108802658893577,0.6788676778956286
2,m03_h6_q5_d8_l1,6,5,0.503683451619999,0.0871569269592614,0.6860665107726385
2,m03_h6_q5_d8_l50,6,5,0.49785662701852906,0.35342647375766884,0.6749924753729356
2,m04_h6_q5_d2_l1,6,5,0.4917766775788002,-0.6709151583969398,0.40086656792348185
2,m04_h6_q5_d2_l50,6,5,0.4898127361420216,-0.4014613533237583,0.44820685471336547
2,m04_h6_q5_d4_l1,6,5,0.4958173748770768,-0.1858016663478389,0.4934174973796555
2,m04_h6_q5_d4_l50,6,5,0.4917220899539361,-0.05499754829188584,0.589933758588479
2,m04_h6_q5_d8_l1,6,5,0.49425232745458314,-0.16655636060436949,0.5209190604710081
2,m04_h6_q5_d8_l50,6,5,0.4913523093395787,0.012600998546680802,0.5854076188549447
2,m05_h6_q5_d2_l1,6,5,0.49469903618472133,-0.05368166894028554,0.48606867954188704
2,m05_h6_q5_d2_l50,6,5,0.49529222170824494,0.006990877240235836,0.4098431293726494
2,m05_h6_q5_d4_l1,6,5,0.49605513430981835,0.3876807462958768,0.6757141242017118
2,m05_h6_q5_d4_l50,6,5,0.49720521469515033,0.2026630569769424,0.5617553648119948
2,m05_h6_q5_d8_l1,6,5,0.49571790409399097,0.2492219936358244,0.6956849365005419
2,m05_h6_q5_d8_l50,6,5,0.49561813004632266,0.1541659139089776,0.5708204005511431
2,m06_h6_q5_d2_l1,6,5,0.49431894457455616,-0.1967996090010784,0.49718902074237514
2,m06_h6_q5_d2_l50,6,5,0.49397200989208634,-0.3832550059388981,0.4042783161448511
2,m06_h6_q5_d4_l1,6,5,0.48906296500569335,-0.10606528605375609,0.5858828962351349
2,m06_h6_q5_d4_l50,6,5,0.4880200381062057,-0.14332171004860192,0.5930041248911638
2,m06_h6_q5_d8_l1,6,5,0.49087365674007555,-0.07670654493945617,0.6030965087431633
2,m06_h6_q5_d8_l50,6,5,0.4877325432819213,-0.09298620807872748,0.5861384982381473
2,m07_h6_q5_d2_l1,6,5,0.5040071360178044,-0.08330357949818808,0.49084735484249825
2,m07_h6_q5_d2_l50,6,5,0.5031876140274831,0.1302615864520512,0.472790044200128
2,m07_h6_q5_d4_l1,6,5,0.5004248736801926,-0.039407793972394405,0.5420040125527251
2,m07_h6_q5_d4_l50,6,5,0.4975867215400342,0.11638810168454214,0.5480485881358202
2,m07_h6_q5_d8_l1,6,5,0.503601671270897,0.16137524012004978,0.6828490468911487
2,m07_h6_q5_d8_l50,6,5,0.4946265559494851,0.050454392397020036,0.4951627813950115
2,m08_h6_q5_d2_l1,6,5,0.4960700953625588,0.3023227375512236,0.6467585916894932
2,m08_h6_q5_d2_l50,6,5,0.4942247303775684,0.24218611125757664,0.634153269661949
2,m08_h6_q5_d4_l1,6,5,0.4874577855701051,0.38486709011683773,0.6691141378506086
2,m08_h6_q5_d4_l50,6,5,0.48865497305393096,0.22811138433275924,0.6882086790063913
2,m08_h6_q5_d8_l1,6,5,0.47890713957610886,0.22902920499440027,0.6084644883415389
2,m08_h6_q5_d8_l50,6,5,0.48965958752781946,0.14566434475990345,0.6559914261807124
2,m09_h6_q5_d2_l1,6,5,0.5049191537058124,0.29093983236058174,0.5254170421186434
2,m09_h6_q5_d2_l50,6,5,0.4979120233489467,0.38427975949273463,0.5729526990593787
2,m09_h6_q5_d4_l1,6,5,0.48745263007220124,0.2212074417499831,0.5540399538243127
2,m09_h6_q5_d4_l50,6,5,0.4895674961829098,0.15387679245901412,0.492678522426961
2,m09_h6_q5_d8_l1,6,5,0.48725894509212775,0.3522602104507167,0.5953441763372563
2,m09_h6_q5_d8_l50,6,5,0.4855629884581543,0.2902327847233246,0.5753211054588097
2,m10_h6_q5_d2_l1,6,5,0.5082170549531597,-0.15669249896497608,0.4754613257228009
2,m10_h6_q5_d2_l50,6,5,0.5069741756055588,-0.04508536339268999,0.4700618826778938
2,m10_h6_q5_d4_l1,6,5,0.4976841705592361,0.10001092014664306,0.612392931463843
2,m10_h6_q5_d4_l50,6,5,0.5000621692394286,-0.09579458580310299,0.486210934120334
2,m10_h6_q5_d8_l1,6,5,0.49093451183297965,-0.024772642665569954,0.5449427136873206
2,m10_h6_q5_d8_l50,6,5,0.500035077603385,0.009810648436224496,0.4737628582315894
2,m11_h6_q5_d2_l1,6,5,0.5105274256314373,0.0748837265572785,0.4870154706228642
2,m11_h6_q5_d2_l50,6,5,0.5077914736556078,0.20342306826363502,0.5571078379182489
2,m11_h6_q5_d4_l1,6,5,0.5033503660201335,0.22595287564690286,0.6297226398914167
2,m11_h6_q5_d4_l50,6,5,0.501031099580767,0.2394980329902175,0.5977655236750248
2,m11_h6_q5_d8_l1,6,5,0.5008055718195228,0.2738642701347816,0.5758635446040852
2,m11_h6_q5_d8_l50,6,5,0.49917835515760056,0.3217457134010831,0.6372833904444574
2,m12_h6_q5_d2_l1,6,5,0.5049618129237617,-0.08460057613421298,0.4239502819416763
2,m12_h6_q5_d2_l50,6,5,0.5030826844819108,0.03160344662287445,0.43403470150860074
2,m12_h6_q5_d4_l1,6,5,0.4972736514026189,0.23685233303112152,0.5938368900256967
2,m12_h6_q5_d4_l50,6,5,0.4977848544006521,-0.09002080516367052,0.5555516668432524
2,m12_h6_q5_d8_l1,6,5,0.4934213824983179,-0.13383807967787895,0.46085314810606326
2,m12_h6_q5_d8_l50,6,5,0.49725414138113966,-0.20696601783665483,0.41719241653435074
2,m13_h6_q5_d2_l1,6,5,0.5096821261515967,0.42051679474865333,0.5695204646179839
2,m13_h6_q5_d2_l50,6,5,0.5043085810128876,0.28770425146938367,0.5569558842003534
2,m13_h6_q5_d4_l1,6,5,0.5003828209914083,0.31084894083576625,0.6539095743202809
2,m13_h6_q5_d4_l50,6,5,0.4980576914367787,0.24743223536214842,0.6183454184830925
2,m13_h6_q5_d8_l1,6,5,0.4869019015902386,-0.03117204610838401,0.48387331359538066
2,m13_h6_q5_d8_l50,6,5,0.49673454806298845,0.15449968969118008,0.6151797616764463
2,m14_h6_q5_d2_l1,6,5,0.505014884225713,-0.24538291966651382,0.3824330170965802
2,m14_h6_q5_d2_l50,6,5,0.5046029498343771,-0.18410705534916075,0.42026601106179895
2,m14_h6_q5_d4_l1,6,5,0.49748573443403543,-0.08673054518843099,0.5727520950923529
2,m14_h6_q5_d4_l50,6,5,0.49815382630945604,-0.10114676927442003,0.505259615450365
2,m14_h6_q5_d8_l1,6,5,0.4915828915105326,-0.25838388193568623,0.38895439915457597
2,m14_h6_q5_d8_l50,6,5,0.4961350950714249,-0.12897794967322765,0.5776082295323495
2,m15_h6_q5_d2_l1,6,5,0.5130640316883184,0.02872037879394025,0.5680031680005171
2,m15_h6_q5_d2_l50,6,5,0.5039655887699912,0.1550671178939692,0.6028062996989063
2,m15_h6_q5_d4_l1,6,5,0.5030925911249418,-0.04313070686708781,0.5498296569602774
2,m15_h6_q5_d4_l50,6,5,0.49764454398711244,0.15562512796422034,0.5436562752209348
2,m15_h6_q5_d8_l1,6,5,0.48643649154417473,0.20639279288319343,0.5608132567801414
2,m15_h6_q5_d8_l50,6,5,0.4955006655646706,0.2090553843877024,0.5201463456765688
2,m16_h6_q5_d2_l1,6,5,0.5345703428264582,0.3350527091628838,0.6843916399423196
2,m16_h6_q5_d2_l50,6,5,0.5298100997619171,0.5382142546632377,0.7503872994117835
2,m16_h6_q5_d4_l1,6,5,0.5428892946793643,0.16099389689265345,0.5926387006938784
2,m16_h6_q5_d4_l50,6,5,0.528383138812691,0.13513794576208404,0.6574173605873416
2,m16_h6_q5_d8_l1,6,5,0.5457371512861653,0.3045796866360425,0.613122370335971
2,m16_h6_q5_d8_l50,6,5,0.5274943714093474,-0.00850887289642323,0.563770710940042
2,m17_h6_q5_d2_l1,6,5,0.5199985807217535,0.41374725120745076,0.6881011427433945
2,m17_h6_q5_d2_l50,6,5,0.5168425062108586,0.31523899013058826,0.7192810154076672
2,m17_h6_q5_d4_l1,6,5,0.5316107837650743,0.7034568900477588,0.6737009214350729
2,m17_h6_q5_d4_l50,6,5,0.5225882580805858,0.6304928482690506,0.749021304837104
2,m17_h6_q5_d8_l1,6,5,0.5338165281623622,0.49685849323379483,0.6868403394762487
2,m17_h6_q5_d8_l50,6,5,0.523396660369546,0.6315427208394147,0.7754104225559904
2,m18_h6_q5_d2_l1,6,5,0.5253339145230578,0.18885697981607957,0.602272923417439
2,m18_h6_q5_d2_l50,6,5,0.5267792735236272,0.21454587894460844,0.661078221045709
2,m18_h6_q5_d4_l1,6,5,0.5308063239156875,0.09094313902580331,0.6623422335203609
2,m18_h6_q5_d4_l50,6,5,0.5257566653511723,0.1162931208020933,0.6004154994424408
2,m18_h6_q5_d8_l1,6,5,0.5238591388579783,0.047507694383860405,0.5723298508779736
2,m18_h6_q5_d8_l50,6,5,0.5278008708141401,0.17059928815838282,0.6664255327327817
2,m19_h6_q5_d2_l1,6,5,0.5232678740101444,0.14416822327383993,0.6855947528476333
2,m19_h6_q5_d2_l50,6,5,0.524480629075876,0.1413371049803566,0.6812474777163688
2,m19_h6_q5_d4_l1,6,5,0.5262436071825992,0.28856304645033526,0.7071266721483501
2,m19_h6_q5_d4_l50,6,5,0.5238722803232234,0.2612241917652701,0.6394546070992712
2,m19_h6_q5_d8_l1,6,5,0.5255644966940117,0.6085365145767826,0.8142564578177207
2,m19_h6_q5_d8_l50,6,5,0.5253253220265515,0.26499228791559337,0.6263404895886762
2,m20_h6_q5_d2_l1,6,5,0.521375300838466,0.10066181308237139,0.6122911766116863
2,m20_h6_q5_d2_l50,6,5,0.5216029514517881,0.106518468278738,0.6149459030377513
2,m20_h6_q5_d4_l1,6,5,0.5251255717548264,0.054018427366338925,0.5956994078830964
2,m20_h6_q5_d4_l50,6,5,0.5193491901622587,0.37791168104842127,0.6183913656792762
2,m20_h6_q5_d8_l1,6,5,0.507778433278557,0.1528941149563267,0.56196228099326
2,m20_h6_q5_d8_l50,6,5,0.5190995023226024,0.2793085339544358,0.5734593053674848
2,m21_h6_q5_d2_l1,6,5,0.5185622185704674,0.10417305804660051,0.6512245111994474
2,m21_h6_q5_d2_l50,6,5,0.5166698475751773,-0.05190933627457617,0.532338427119971
2,m21_h6_q5_d4_l1,6,5,0.520938700927747,0.25454652520488885,0.6385674640199255
2,m21_h6_q5_d4_l50,6,5,0.5175311189897003,0.24443453572810303,0.6486823061580351
2,m21_h6_q5_d8_l1,6,5,0.5201117994992495,0.11347500556994472,0.558729649841118
2,m21_h6_q5_d8_l50,6,5,0.519017519797112,0.34098053002642426,0.6347860750427371
2,m22_h6_q5_d2_l1,6,5,0.5172509025153977,-0.14714843083785611,0.5471387004274616
2,m22_h6_q5_d2_l50,6,5,0.5181275393354381,-0.13657066940733062,0.5446063015833834
2,m22_h6_q5_d4_l1,6,5,0.5170851178769215,-0.004079599788188815,0.5400858692665987
2,m22_h6_q5_d4_l50,6,5,0.5166800574827908,-0.10635144362520686,0.646042920946909
2,m22_h6_q5_d8_l1,6,5,0.5030348697660577,0.0776212027891055,0.4966924283354497
2,m22_h6_q5_d8_l50,6,5,0.5189216881890171,0.07082801622824572,0.6331553067631555
2,m23_h6_q5_d2_l1,6,5,0.5223340212721909,-0.04511832946938461,0.5596481283976504
2,m23_h6_q5_d2_l50,6,5,0.5194243997787382,0.37932762697561545,0.587331763781974
2,m23_h6_q5_d4_l1,6,5,0.5178984734873971,0.28590214611765197,0.6076819490805702
2,m23_h6_q5_d4_l50,6,5,0.5171794331621034,0.33432874427169346,0.5684079922919517
2,m23_h6_q5_d8_l1,6,5,0.5114567294006521,0.3175607178165115,0.7024454147590358
2,m23_h6_q5_d8_l50,6,5,0.5157128456407536,0.1556250793290056,0.5876862117879909
2,m24_h6_q5_d2_l1,6,5,0.5248800285311319,0.4769467774603745,0.6829388399280539
2,m24_h6_q5_d2_l50,6,5,0.525476549965064,0.6743685745367907,0.718824657101677
2,m24_h6_q5_d4_l1,6,5,0.5245830314165933,0.26160364010026693,0.5681285508549704
2,m24_h6_q5_d4_l50,6,5,0.5239792316326795,0.3179682891578603,0.6700448950559317
2,m24_h6_q5_d8_l1,6,5,0.5077457817918327,0.3846331876380796,0.6982139115810276
2,m24_h6_q5_d8_l50,6,5,0.5214125012939289,0.2893051134167777,0.6194609293543013
2,m25_h6_q5_d2_l1,6,5,0.5230954175508514,0.593248839583748,0.677224151603782
2,m25_h6_q5_d2_l50,6,5,0.5189492852660318,0.40480524681871904,0.6992856319535217
2,m25_h6_q5_d4_l1,6,5,0.5287368464041716,0.3965764369171957,0.6125721595607195
2,m25_h6_q5_d4_l50,6,5,0.518696766956938,0.40236348860351656,0.656944184715368
2,m25_h6_q5_d8_l1,6,5,0.5262797967561202,0.730632484870817,0.7493953984628068
2,m25_h6_q5_d8_l50,6,5,0.517956599199058,0.5842840927431643,0.6817793020735
2,m26_h6_q5_d2_l1,6,5,0.5245709008332903,0.1290412354067666,0.562342608010834
2,m26_h6_q5_d2_l50,6,5,0.5272418531002536,0.16099249731542672,0.4923573846251932
2,m26_h6_q5_d4_l1,6,5,0.5256772100305367,-0.025051464872250007,0.5931008861781436
2,m26_h6_q5_d4_l50,6,5,0.5248570815110501,-0.15264600037000206,0.3821256149456517
2,m26_h6_q5_d8_l1,6,5,0.5198015598312716,0.12105863317514093,0.5613209404915964
2,m26_h6_q5_d8_l50,6,5,0.5250653231910873,0.02073948193953423,0.5197348772546125
2,m27_h6_q5_d2_l1,6,5,0.5265299900367476,0.4071562490680594,0.6181062819959233
2,m27_h6_q5_d2_l50,6,5,0.5233652219411521,0.2568417490805168,0.6007576541507278
2,m27_h6_q5_d4_l1,6,5,0.5274510045740386,0.20629524494252532,0.6427531400068132
2,m27_h6_q5_d4_l50,6,5,0.5205414243245692,0.48621623527404956,0.6715961710040861
2,m27_h6_q5_d8_l1,6,5,0.5265610241123648,0.1716032155301137,0.6573359992644796
2,m27_h6_q5_d8_l50,6,5,0.5209139343201697,0.2257678108316575,0.5647395987391092
2,m28_h6_q5_d2_l1,6,5,0.5213519494656074,0.44387893218765717,0.6014757355779137
2,m28_h6_q5_d2_l50,6,5,0.5232097482984835,0.321934899826582,0.6964980831044868
2,m28_h6_q5_d4_l1,6,5,0.5222618443015372,0.39384311907394415,0.6399579802708323
2,m28_h6_q5_d4_l50,6,5,0.524059697835257,0.22947006736657605,0.6474282912943629
2,m28_h6_q5_d8_l1,6,5,0.5167151350861757,0.26814076079996646,0.592281643170916
2,m28_h6_q5_d8_l50,6,5,0.5234464968492832,0.20646647187474015,0.6112443490240289
2,m29_h6_q5_d2_l1,6,5,0.5238595432107551,0.40625837241403473,0.654959647485632
2,m29_h6_q5_d2_l50,6,5,0.5197546549091662,0.24204313666969457,0.554073398336564
2,m29_h6_q5_d4_l1,6,5,0.52337674599529,0.5081322133498417,0.6679798093927223
2,m29_h6_q5_d4_l50,6,5,0.5157722854989389,0.2149369848729091,0.5511104746622665
2,m29_h6_q5_d8_l1,6,5,0.5221646985469178,0.34487065101152864,0.5846642696240486
2,m29_h6_q5_d8_l50,6,5,0.5158710486646654,0.39664733507485517,0.5868901911122594
2,m30_h6_q5_d2_l1,6,5,0.52454775163682,0.2898626932751677,0.631865415602924
2,m30_h6_q5_d2_l50,6,5,0.5255455932016977,0.16622140200899402,0.540956071324802
2,m30_h6_q5_d4_l1,6,5,0.5211366316119765,0.10689982803629751,0.5894147136552398
2,m30_h6_q5_d4_l50,6,5,0.5247477040849335,0.03938538285837498,0.4868768302125879
2,m30_h6_q5_d8_l1,6,5,0.5133324208439004,0.08411506689586629,0.5704847282558186
2,m30_h6_q5_d8_l50,6,5,0.5245606909256767,0.2745813235589787,0.5241787419682492
2,m31_h6_q5_d2_l1,6,5,0.5224684685704674,0.320196564315257,0.6590304027911692
2,m31_h6_q5_d2_l50,6,5,0.5209432498964857,0.2762385514598952,0.5807556615372115
2,m31_h6_q5_d4_l1,6,5,0.5239057405155013,0.09683811152104242,0.4496352827112739
2,m31_h6_q5_d4_l50,6,5,0.5229288242068216,0.40941463389235294,0.5189250780980414
2,m31_h6_q5_d8_l1,6,5,0.5090130233942343,0.5658687526829986,0.6647904591364232
2,m31_h6_q5_d8_l50,6,5,0.5227213912323379,0.3940640022703376,0.5024800026129028
3,m01_h1_q3_d2_l1,1,3,0.49510657381027756,-0.5981520083096161,0.4008348385124711
3,m01_h1_q3_d2_l50,1,3,0.49510657381027756,-0.5981520083096161,0.4008348385124711
3,m01_h1_q3_d4_l1,1,3,0.5051572227498153,-0.4636143007257421,0.5187633517237681
3,m01_h1_q3_d4_l50,1,3,0.5051572227498153,-0.4636143007257421,0.5187633517237681
3,m01_h1_q3_d8_l1,1,3,0.5078710298617707,-0.4298726523382637,0.5585932731158815
3,m01_h1_q3_d8_l50,1,3,0.5078743273187717,-0.4298726523382637,0.5585932731158815
3,m02_h1_q3_d2_l1,1,3,0.5067845177798881,-0.4808953103136202,0.4429416002779396
3,m02_h1_q3_d2_l50,1,3,0.5067845177798881,-0.4808953103136202,0.4429416002779396
3,m02_h1_q3_d4_l1,1,3,0.5073830062255988,-0.2501135005711877,0.4483749329476713
3,m02_h1_q3_d4_l50,1,3,0.5073830062255988,-0.2501135005711877,0.4483749329476713
3,m02_h1_q3_d8_l1,1,3,0.5098659913474728,-0.18729884336509223,0.5263172467694792
3,m02_h1_q3_d8_l50,1,3,0.5098593964334704,-0.18729884336509223,0.5263172467694792
3,m03_h1_q3_d2_l1,1,3,0.4994864897690901,-0.42531285938579527,0.5215980716225973
3,m03_h1_q3_d2_l50,1,3,0.4987148848308185,-0.4114423513312362,0.5186597944102419
3,m03_h1_q3_d4_l1,1,3,0.5125609754757131,-0.26019588693784146,0.5800605612816672
3,m03_h1_q3_d4_l50,1,3,0.5089629690083008,-0.40727730737939766,0.5140887577559518
3,m03_h1_q3_d8_l1,1,3,0.5088073015590376,-0.27034708718591255,0.5642149314634932
3,m03_h1_q3_d8_l50,1,3,0.51102497878636,-0.37973079762728823,0.5162872998416405
3,m04_h1_q3_d2_l1,1,3,0.4902279861770603,-0.7288383710721282,0.3540566923535825
3,m04_h1_q3_d2_l50,1,3,0.4902279861770603,-0.7288383710721282,0.3540566923535825
3,m04_h1_q3_d4_l1,1,3,0.49888875699060886,-0.4610110236944183,0.44571023689480427
3,m04_h1_q3_d4_l50,1,3,0.49888875699060886,-0.4610110236944183,0.44571023689480427
3,m04_h1_q3_d8_l1,1,3,0.5050813812387887,-0.11733012647426665,0.49793081583248244
3,m04_h1_q3_d8_l50,1,3,0.5050747863247863,-0.11733012647426665,0.49793081583248244
3,m05_h1_q3_d2_l1,1,3,0.4897582359484366,-0.7346314214576931,0.5029416483740826
3,m05_h1_q3_d2_l50,1,3,0.49156338756550955,-0.6305286712039909,0.5642084861565733
3,m05_h1_q3_d4_l1,1,3,0.4976107176145756,-0.40498295319620836,0.5629655279165633
3,m05_h1_q3_d4_l50,1,3,0.4965492112482853,-0.3696552902448385,0.5546547961268372
3,m05_h1_q3_d8_l1,1,3,0.520820967869579,0.23423348733255062,0.7552281035482746
3,m05_h1_q3_d8_l50,1,3,0.5017883208469628,-0.18503486317556547,0.6325234792981312
3,m06_h1_q3_d2_l1,1,3,0.5005647582084697,-0.5773426987139828,0.36291247551815004
3,m06_h1_q3_d2_l50,1,3,0.5008821384448313,-0.6012210915329583,0.3192143973130286
3,m06_h1_q3_d4_l1,1,3,0.5070017377598396,-0.22074572259114475,0.5091618218190339
3,m06_h1_q3_d4_l50,1,3,0.5051329727014526,-0.28622098365931137,0.4790537110763694
3,m06_h1_q3_d8_l1,1,3,0.5100938593656572,-0.30721462833710855,0.3999711153165471
3,m06_h1_q3_d8_l50,1,3,0.5057148364681158,-0.22052652712399576,0.4671334832496639
3,m07_h1_q3_d2_l1,1,3,0.495721549540994,-0.25407879126156746,0.5701003509446542
3,m07_h1_q3_d2_l50,1,3,0.4967818880579297,-0.16041086207066213,0.6223978695271349
3,m07_h1_q3_d4_l1,1,3,0.5027943887174211,-0.30304417724164967,0.5495511493114789
3,m07_h1_q3_d4_l50,1,3,0.5039827784812353,-0.02768129005424677,0.5939534511276443
3,m07_h1_q3_d8_l1,1,3,0.5148115585760262,0.1380712179089277,0.6378493155181715
3,m07_h1_q3_d8_l50,1,3,0.5071243619420703,-0.1805901855342406,0.5511961810042774
3,m08_h1_q3_d2_l1,1,3,0.488017041257782,-0.24381378329474568,0.5631792820156701
3,m08_h1_q3_d2_l50,1,3,0.488017041257782,-0.24381378329474568,0.5631792820156701
3,m08_h1_q3_d4_l1,1,3,0.48086485702226445,-0.5345711709032253,0.5603359213014812
3,m08_h1_q3_d4_l50,1,3,0.48086485702226445,-0.5345711709032253,0.5603359213014812
3,m08_h1_q3_d8_l1,1,3,0.4792458056346945,-0.7252988808275683,0.47266765015731493
3,m08_h1_q3_d8_l50,1,3,0.47921283106468293,-0.7252988808275683,0.47266765015731493
3,m09_h1_q3_d2_l1,1,3,0.49396311189810416,-0.3769990035496922,0.5198600008712078
3,m09_h1_q3_d2_l50,1,3,0.49443657176585415,-0.34318679493790893,0.5543842737704839
3,m09_h1_q3_d4_l1,1,3,0.4917288099917344,-0.38296545661020337,0.49573553856312597
3,m09_h1_q3_d4_l50,1,3,0.4910355196572403,-0.37540227543891425,0.48648698563323706
3,m09_h1_q3_d8_l1,1,3,0.47863598218054243,-0.9087606890181238,0.38895136471299674
3,m09_h1_q3_d8_l50,1,3,0.48960675901744577,-0.3890297741705403,0.5970959488881752
3,m10_h1_q3_d2_l1,1,3,0.5053710078787239,-0.04072330756642668,0.5318237331318271
3,m10_h1_q3_d2_l50,1,3,0.5037573835558018,-0.1256302313516654,0.4764137588737503
3,m10_h1_q3_d4_l1,1,3,0.5079347806971264,-0.2303403208886954,0.5153663110166495
3,m10_h1_q3_d4_l50,1,3,0.502684954363195,-0.26668611599774594,0.49233436262602026
3,m10_h1_q3_d8_l1,1,3,0.5046186381062925,0.1834497382332928,0.6330629660993444
3,m10_h1_q3_d8_l50,1,3,0.5024167611937673,-0.08534336838843909,0.5931923986691274
3,m11_h1_q3_d2_l1,1,3,0.5009798943055115,-0.31581867682466225,0.47083810546956884
3,m11_h1_q3_d2_l50,1,3,0.5002520493695263,-0.369900305962529,0.449108780354075
3,m11_h1_q3_d4_l1,1,3,0.4998971605597763,-0.3735493217677312,0.5007299166437967
3,m11_h1_q3_d4_l50,1,3,0.49998275704776474,-0.43668784802790234,0.48050802241078594
3,m11_h1_q3_d8_l1,1,3,0.49423968610407654,-0.7144999374791535,0.49070751797693
3,m11_h1_q3_d8_l50,1,3,0.49770462644208785,-0.5559263532411741,0.47786675248253363
3,m12_h1_q3_d2_l1,1,3,0.4912107657574479,-0.4106443258032594,0.45073602141409713
3,m12_h1_q3_d2_l50,1,3,0.4912738983196159,-0.3482429386362728,0.46453660862549795
3,m12_h1_q3_d4_l1,1,3,0.48702574324680803,-0.8106921673564629,0.3368825478034713
3,m12_h1_q3_d4_l50,1,3,0.4889691819668671,-0.3799252024179153,0.43275275941863356
3,m12_h1_q3_d8_l1,1,3,0.4883827841968274,-0.7074281016219821,0.41194509045122607
3,m12_h1_q3_d8_l50,1,3,0.49561960316204146,-0.5716177588654379,0.5157318231962352
3,m13_h1_q3_d2_l1,1,3,0.49243790064102566,-0.3252681029216372,0.4876154573328712
3,m13_h1_q3_d2_l50,1,3,0.4918453201391087,-0.39595011406354613,0.4966152441270068
3,m13_h1_q3_d4_l1,1,3,0.49173753451338326,-0.6917269366083948,0.43773823700622344
3,m13_h1_q3_d4_l50,1,3,0.4918004609844887,-0.465357148256103,0.4767600025974056
3,m13_h1_q3_d8_l1,1,3,0.4956930402773381,-0.7384683361895469,0.4557355634876739
3,m13_h1_q3_d8_l50,1,3,0.49514415108068655,-0.6482114484275142,0.42499860363818176
3,m14_h1_q3_d2_l1,1,3,0.49993961531866626,-0.04870696158490605,0.5974798643553195
3,m14_h1_q3_d2_l50,1,3,0.4993704605008617,-0.05503947600597146,0.5965727699702015
3,m14_h1_q3_d4_l1,1,3,0.5009428666112694,-0.18903011436282832,0.4849011485566183
3,m14_h1_q3_d4_l50,1,3,0.5007132124705428,-0.1407577255970911,0.5280134500091612
3,m14_h1_q3_d8_l1,1,3,0.5090043933118779,-0.27261361057812394,0.5245497335909111
3,m14_h1_q3_d8_l50,1,3,0.5042464376472864,-0.3056764687007705,0.5010204503182671
3,m15_h1_q3_d2_l1,1,3,0.4954826213024516,-0.32370774758598503,0.46376938119921224
3,m15_h1_q3_d2_l50,1,3,0.49572079387376455,-0.32712824684770414,0.4610588462109484
3,m15_h1_q3_d4_l1,1,3,0.500620471492385,-0.4136524604723137,0.47119005321853363
3,m15_h1_q3_d4_l50,1,3,0.4998701626305793,-0.2549063432986558,0.5231422932072513
3,m15_h1_q3_d8_l1,1,3,0.5073564891755478,-0.5228216344768313,0.4771994195980452
3,m15_h1_q3_d8_l50,1,3,0.501567940804052,-0.42364511594662596,0.4666450246388356
3,m16_h1_q3_d2_l1,1,3,0.5025093647778833,-0.4300576502395658,0.43716354735556057
3,m16_h1_q3_d2_l50,1,3,0.5025093647778833,-0.4300576502395658,0.43716354735556057
3,m16_h1_q3_d4_l1,1,3,0.5028951672470191,-0.4585766655454825,0.46621663004531433
3,m16_h1_q3_d4_l50,1,3,0.5028951672470191,-0.4585766655454825,0.46621663004531433
3,m16_h1_q3_d8_l1,1,3,0.4953505856283634,-0.8215450295489685,0.31767544372344025
3,m16_h1_q3_d8_l50,1,3,0.49532750342935533,-0.8215450295489685,0.31767544372344025
3,m17_h1_q3_d2_l1,1,3,0.49675708843340016,-0.3957438504559246,0.5226359389066982
3,m17_h1_q3_d2_l50,1,3,0.4975392727128838,-0.3546710052986623,0.5367987264929946
3,m17_h1_q3_d4_l1,1,3,0.5041626959788611,-0.4154587413660963,0.4518198481572284
3,m17_h1_q3_d4_l50,1,3,0.503022462826668,-0.4134644261509365,0.4947110088655458
3,m17_h1_q3_d8_l1,1,3,0.512749548797967,-0.44408256963465537,0.39210115586161576
3,m17_h1_q3_d8_l50,1,3,0.5066429332199008,-0.5261799126514819,0.4274481604636012
3,m18_h1_q3_d2_l1,1,3,0.5046303852968591,-0.2618836847812218,0.5030280549630312
3,m18_h1_q3_d2_l50,1,3,0.5036502849002849,-0.26980152842826505,0.49175418357592676
3,m18_h1_q3_d4_l1,1,3,0.5019775124424044,-0.5128532377584049,0.4223033909528898
3,m18_h1_q3_d4_l50,1,3,0.5025103265361753,-0.3594611607085607,0.4977727736496501
3,m18_h1_q3_d8_l1,1,3,0.49473718992912663,-0.4632774100744478,0.386479761036617
3,m18_h1_q3_d8_l50,1,3,0.4988226017595231,-0.6896131570856929,0.4479521570799436
3,m19_h1_q3_d2_l1,1,3,0.4992095033809926,-0.3595309394016039,0.47459557709618505
3,m19_h1_q3_d2_l50,1,3,0.4985165565316029,-0.41718892264500324,0.42401807930005014
3,m19_h1_q3_d4_l1,1,3,0.5034508574487355,-0.4632408632504131,0.4640609178580155
3,m19_h1_q3_d4_l50,1,3,0.501993106666139,-0.36300021378639535,0.5061763783980359
3,m19_h1_q3_d8_l1,1,3,0.505741765700292,-0.14137467084892325,0.6017388617071087
3,m19_h1_q3_d8_l50,1,3,0.5045439644446204,-0.44153897131630837,0.4661902998214445
3,m20_h1_q3_d2_l1,1,3,0.4934252142247898,-0.26779848382095,0.43407927763627013
3,m20_h1_q3_d2_l50,1,3,0.4932742868699659,-0.06382656538553244,0.47151437440998156
3,m20_h1_q3_d4_l1,1,3,0.4930047884571419,-0.20528452870089242,0.46302637802925345
3,m20_h1_q3_d4_l50,1,3,0.48936446462488126,-0.3718294839624977,0.4117187125265626
3,m20_h1_q3_d8_l1,1,3,0.5047155009057016,0.06315818384058887,0.586414516875669
3,m20_h1_q3_d8_l50,1,3,0.4915604335936126,-0.5585991203390445,0.40398978185233386
3,m21_h1_q3_d2_l1,1,3,0.4885159190232493,-0.4280649912511191,0.5347844902230438
3,m21_h1_q3_d2_l50,1,3,0.48954706130632053,-0.5859817433105353,0.47080484312231113
3,m21_h1_q3_d4_l1,1,3,0.4950716757236819,-0.5209461175265309,0.47413022985027264
3,m21_h1_q3_d4_l50,1,3,0.493023542743836,-0.6336871227344618,0.4337856459174344
3,m21_h1_q3_d8_l1,1,3,0.5095929206895642,-0.15917627070391682,0.6007580120999257
3,m21_h1_q3_d8_l50,1,3,0.4984083587237522,-0.40232710306908903,0.5335218758368121
3,m22_h1_q3_d2_l1,1,3,0.49613764739632793,-0.4151943799607633,0.4374076295558922
3,m22_h1_q3_d2_l50,1,3,0.4955322205515107,-0.4013925515652322,0.41700757014975837
3,m22_h1_q3_d4_l1,1,3,0.4992540877475291,-0.32898297924168296,0.4666585891227066
3,m22_h1_q3_d4_l50,1,3,0.49530105507632516,-0.5107765563620652,0.37857113779356205
3,m22_h1_q3_d8_l1,1,3,0.5112617774172559,-0.21642344786337267,0.5938985245784877
3,m22_h1_q3_d8_l50,1,3,0.4974163050455489,-0.525464469859663,0.42480452329490515
3,m23_h1_q3_d2_l1,1,3,0.4908258563495832,-0.4664803641490576,0.41529144619736597
3,m23_h1_q3_d2_l50,1,3,0.490413742921459,-0.47941536624420306,0.4211018866707314
3,m23_h1_q3_d4_l1,1,3,0.5009493241312301,-0.3046071028750131,0.5329891156631378
3,m23_h1_q3_d4_l50,1,3,0.49708965071137134,-0.4809699094581902,0.4494986266849966
3,m23_h1_q3_d8_l1,1,3,0.5132216347252998,-0.06873636992439308,0.5443234141043796
3,m23_h1_q3_d8_l50,1,3,0.5019518884536245,-0.3871932595287616,0.5844926194283797
3,m24_h1_q3_d2_l1,1,3,0.4994334556689881,0.01762732168023747,0.6773514800902533
3,m24_h1_q3_d2_l50,1,3,0.499570437528578,-0.08303394277708115,0.6571665102651743
3,m24_h1_q3_d4_l1,1,3,0.49779791699641235,-0.187421203256497,0.5746027342946354
3,m24_h1_q3_d4_l50,1,3,0.49600732914776124,-0.1570544344883205,0.6612480599850619
3,m24_h1_q3_d8_l1,1,3,0.5083074620352784,-0.37573136287164516,0.5592416527068775
3,m24_h1_q3_d8_l50,1,3,0.49621582460606384,-0.3418268000551165,0.5523835982851335
3,m25_h1_q3_d2_l1,1,3,0.4967409446334986,-0.10566459786810002,0.6497501283203801
3,m25_h1_q3_d2_l50,1,3,0.4976217091379128,-0.11471846421720965,0.6219192951357053
3,m25_h1_q3_d4_l1,1,3,0.500185619350357,-0.4216365132635717,0.5021322155151582
3,m25_h1_q3_d4_l50,1,3,0.4999660636716964,-0.15996840692071823,0.574996219520644
3,m25_h1_q3_d8_l1,1,3,0.49762754838468576,-0.5741767882788674,0.4459687032343361
3,m25_h1_q3_d8_l50,1,3,0.49937437623105063,-0.36772039904398807,0.5455274252266751
3,m26_h1_q3_d2_l1,1,3,0.5036072118682072,-0.09359536095872127,0.5667778706640126
3,m26_h1_q3_d2_l50,1,3,0.5022006403661496,-0.047214210442923926,0.5838065824690396
3,m26_h1_q3_d4_l1,1,3,0.5083947759487883,-0.18500846630198062,0.5003867618085176
3,m26_h1_q3_d4_l50,1,3,0.5034739396477437,0.010696899965850668,0.6593232908360392
3,m26_h1_q3_d8_l1,1,3,0.5002919623386444,-0.13099556713998198,0.5733779034595338
3,m26_h1_q3_d8_l50,1,3,0.5050864648183322,-0.05042124962824762,0.5775790475501414
3,m27_h1_q3_d2_l1,1,3,0.49941999105289997,-0.11714145176474088,0.5422760376329364
3,m27_h1_q3_d2_l50,1,3,0.49849684048661674,-0.131436420699819,0.5406605795231616
3,m27_h1_q3_d4_l1,1,3,0.5055263318428828,-0.2995581794912394,0.4954531680373094
3,m27_h1_q3_d4_l50,1,3,0.5000994045891809,-0.48949327066544385,0.4830352436968397
3,m27_h1_q3_d8_l1,1,3,0.5003868329244487,-0.3782481443447749,0.485621590618637
3,m27_h1_q3_d8_l50,1,3,0.4986257160977454,-0.4125365517088503,0.5488050317497879
3,m28_h1_q3_d2_l1,1,3,0.49329372812686856,-0.21973819696721406,0.5514787699117121
3,m28_h1_q3_d2_l50,1,3,0.4939537004062467,-0.17777703472215675,0.5459293742185056
3,m28_h1_q3_d4_l1,1,3,0.4953405558633182,-0.37818071363593525,0.3993595994006273
3,m28_h1_q3_d4_l50,1,3,0.49362381731208893,-0.27851334372998654,0.4772934968304334
3,m28_h1_q3_d8_l1,1,3,0.5087107822447329,-0.17990152522121736,0.6012295733567529
3,m28_h1_q3_d8_l50,1,3,0.4973488445710669,-0.1942472626877023,0.5449296711851357
3,m29_h1_q3_d2_l1,1,3,0.49105681573370613,-0.3259266780219184,0.5279134890090872
3,m29_h1_q3_d2_l50,1,3,0.4910787300833597,-0.32267826687365053,0.5155546496882554
3,m29_h1_q3_d4_l1,1,3,0.4938966131819141,-0.3301184081635589,0.47494588726054954
3,m29_h1_q3_d4_l50,1,3,0.49429107147567797,-0.5459476623894465,0.38524362058408157
3,m29_h1_q3_d8_l1,1,3,0.506239819101509,-0.7570611906117397,0.4888277190818541
3,m29_h1_q3_d8_l50,1,3,0.49869908451602124,-0.30442397859112663,0.5646407901403128
3,m30_h1_q3_d2_l1,1,3,0.497965400333263,-0.2641450185280649,0.4923133810224662
3,m30_h1_q3_d2_l50,1,3,0.4968218697240688,-0.19991504479371555,0.5087301862708826
3,m30_h1_q3_d4_l1,1,3,0.505771580207344,-0.09341241412351091,0.5770972330948015
3,m30_h1_q3_d4_l50,1,3,0.4993835816318455,-0.3301655022765657,0.5311025254962229
3,m30_h1_q3_d8_l1,1,3,0.5114829131273961,-0.07337308100435948,0.6602612319857537
3,m30_h1_q3_d8_l50,1,3,0.5026421561192009,-0.11405057112341214,0.6005495964088672
3,m31_h1_q3_d2_l1,1,3,0.4912815236889311,-0.2839223087746413,0.47429570258806986
3,m31_h1_q3_d2_l50,1,3,0.4917733256612501,-0.2949420207830747,0.4720203384655435
3,m31_h1_q3_d4_l1,1,3,0.49988417682283426,-0.31878664589046557,0.5052274091804045
3,m31_h1_q3_d4_l50,1,3,0.49641181720657024,-0.24311461191527883,0.5143879589696283
3,m31_h1_q3_d8_l1,1,3,0.5004167161285216,-0.4983568610197229,0.5095681536178567
3,m31_h1_q3_d8_l50,1,3,0.4972830328250853,-0.38328480061510734,0.5304880390296363
3,m01_h1_q5_d2_l1,1,5,0.50323486328125,-0.38064582658361207,0.5161769949506413
3,m01_h1_q5_d2_l50,1,5,0.50323486328125,-0.38064582658361207,0.5161769949506413
3,m01_h1_q5_d4_l1,1,5,0.5059362340856481,-0.5232511051131633,0.4191922736481085
3,m01_h1_q5_d4_l50,1,5,0.5059362340856481,-0.5232511051131633,0.4191922736481085
3,m01_h1_q5_d8_l1,1,5,0.5112395109953703,-0.4330940263108017,0.5588422574670927
3,m01_h1_q5_d8_l50,1,5,0.5112530743634259,-0.4330940263108017,0.5588422574670927
3,m02_h1_q5_d2_l1,1,5,0.49516918041087965,-0.30476482049930054,0.5143762446800056
3,m02_h1_q5_d2_l50,1,5,0.49516918041087965,-0.30476482049930054,0.5143762446800056
3,m02_h1_q5_d4_l1,1,5,0.4941722728587963,-0.44052108989171335,0.26531961571160334
3,m02_h1_q5_d4_l50,1,5,0.4941722728587963,-0.44052108989171335,0.26531961571160334
3,m02_h1_q5_d8_l1,1,5,0.5006103515625,-0.31571501762716736,0.2926936066914321
3,m02_h1_q5_d8_l50,1,5,0.5006103515625,-0.31571501762716736,0.2926936066914321
3,m03_h1_q5_d2_l1,1,5,0.5023756615909529,-0.42043926091920725,0.39089319942162676
3,m03_h1_q5_d2_l50,1,5,0.5033791624469521,-0.48950799398599715,0.38903439444998494
3,m03_h1_q5_d4_l1,1,5,0.5075902114679783,-0.5151633081568222,0.2919940832041503
3,m03_h1_q5_d4_l50,1,5,0.5082592434353299,-0.4348415228247933,0.3732291967146122
3,m03_h1_q5_d8_l1,1,5,0.5128774760681906,-0.2386496599829221,0.49305729508969187
3,m03_h1_q5_d8_l50,1,5,0.5082621633270641,-0.250384149163004,0.45781605316693885
3,m04_h1_q5_d2_l1,1,5,0.5076339156539351,-0.16381600227757595,0.44134569743409724
3,m04_h1_q5_d2_l50,1,5,0.5075615776909723,-0.16381600227757595,0.44134569743409724
3,m04_h1_q5_d4_l1,1,5,0.517383716724537,-0.30848500000874024,0.4392641805787863
3,m04_h1_q5_d4_l50,1,5,0.5173882378472222,-0.30848500000874024,0.4392641805787863
3,m04_h1_q5_d8_l1,1,5,0.5231029369212963,-0.07515988797535134,0.4905062285156015
3,m04_h1_q5_d8_l50,1,5,0.5231074580439815,-0.07515988797535134,0.4905062285156015
3,m05_h1_q5_d2_l1,1,5,0.5004998666268807,-0.496422738259764,0.35291547997325357
3,m05_h1_q5_d2_l50,1,5,0.5006228788399403,-0.5142318809627788,0.3515750057636178
3,m05_h1_q5_d4_l1,1,5,0.5101493552879051,-0.48036709803855343,0.4170590950312405
3,m05_h1_q5_d4_l50,1,5,0.5065008092809606,-0.5471294495970339,0.36013018744136893
3,m05_h1_q5_d8_l1,1,5,0.5243106418185763,0.14653370695380555,0.6810045010133604
3,m05_h1_q5_d8_l50,1,5,0.5178661581910686,-0.17220232859993417,0.520249784813123
3,m06_h1_q5_d2_l1,1,5,0.498082196270978,-0.12266011448210047,0.43415955958127506
3,m06_h1_q5_d2_l50,1,5,0.4991292129328222,-0.30939909470761295,0.3436975005301473
3,m06_h1_q5_d4_l1,1,5,0.5109608026198399,-0.08525755183664559,0.48105697796177815
3,m06_h1_q5_d4_l50,1,5,0.5082836386598187,-0.12979965387838704,0.3941990272842577
3,m06_h1_q5_d8_l1,1,5,0.5140275366512346,-0.015608264618306202,0.5850198734884116
3,m06_h1_q5_d8_l50,1,5,0.5192240020375193,-0.0718082519024556,0.45009540069717363
3,m07_h1_q5_d2_l1,1,5,0.5021493228865259,-0.38369914924826615,0.427716525869508
3,m07_h1_q5_d2_l50,1,5,0.5022216608494888,-0.45976391047390164,0.35587532101179986
3,m07_h1_q5_d4_l1,1,5,0.5107442596812307,-0.33221405123025427,0.42621552782358085
3,m07_h1_q5_d4_l50,1,5,0.5090296239028742,-0.40800542214844404,0.3158606845892253
3,m07_h1_q5_d8_l1,1,5,0.5223377369068287,-0.045716045962885095,0.5375262650031427
3,m07_h1_q5_d8_l50,1,5,0.5215958960262346,0.06297747801900061,0.4609009560561283
3,m08_h1_q5_d2_l1,1,5,0.48764603226273145,-0.49754710673586056,0.547195721336648
3,m08_h1_q5_d2_l50,1,5,0.48764603226273145,-0.49754710673586056,0.547195721336648
3,m08_h1_q5_d4_l1,1,5,0.48369683159722215,-0.9242321871127991,0.34324673830768465
3,m08_h1_q5_d4_l50,1,5,0.483692310474537,-0.9242321871127991,0.34324673830768465
3,m08_h1_q5_d8_l1,1,5,0.48571325231481477,-0.5255047155801268,0.46371996586468706
3,m08_h1_q5_d8_l50,1,5,0.48571325231481477,-0.5255047155801268,0.46371996586468706
3,m09_h1_q5_d2_l1,1,5,0.4986462063259549,-0.4095478414073508,0.38616241800282614
3,m09_h1_q5_d2_l50,1,5,0.4991863862967786,-0.38716225414208,0.4516092701110935
3,m09_h1_q5_d4_l1,1,5,0.49814662226924195,-0.3356296876830399,0.5131373716401516
3,m09_h1_q5_d4_l50,1,5,0.4973698368778935,-0.42085799619081904,0.4240704066125498
3,m09_h1_q5_d8_l1,1,5,0.49756160783179015,-0.7117693434466673,0.18821588102544662
3,m09_h1_q5_d8_l50,1,5,0.49615987141927087,-0.7075353803894949,0.41927203703364774
3,m10_h1_q5_d2_l1,1,5,0.4973104971426504,0.13779862353935426,0.7097776478025268
3,m10_h1_q5_d2_l50,1,5,0.49590781882957174,0.06907262413394662,0.6811175707382335
3,m10_h1_q5_d4_l1,1,5,0.5021772973331404,0.11039418318936951,0.6785283405453197
3,m10_h1_q5_d4_l50,1,5,0.4998979921694155,-0.08817824556809886,0.6178657544122876
3,m10_h1_q5_d8_l1,1,5,0.5013191317334587,-0.011939249663972798,0.6438982917594644
3,m10_h1_q5_d8_l50,1,5,0.4988084016022859,-0.22775739848504242,0.5394127378818222
3,m11_h1_q5_d2_l1,1,5,0.5046327379014757,-0.05785791133915586,0.7443877652012681
3,m11_h1_q5_d2_l50,1,5,0.5041023536964699,-0.13710369268563136,0.6675417683491857
3,m11_h1_q5_d4_l1,1,5,0.5046779491283275,-0.40927128760160597,0.40254435916958253
3,m11_h1_q5_d4_l50,1,5,0.5009216496973862,-0.34206220203298227,0.3776479682046366
3,m11_h1_q5_d8_l1,1,5,0.500920425226659,-0.516849980894968,0.4647549898050785
3,m11_h1_q5_d8_l50,1,5,0.5009995448736497,-0.3150417482623356,0.4466112909900559
3,m12_h1_q5_d2_l1,1,5,0.5063404036156925,-0.045900472046295736,0.6196328501778113
3,m12_h1_q5_d2_l50,1,5,0.5074021139262634,-0.1778492366551551,0.5624086468386377
3,m12_h1_q5_d4_l1,1,5,0.5090753060800057,-0.12197554659105565,0.5164663172917925
3,m12_h1_q5_d4_l50,1,5,0.5099209444022472,-0.2392404390837819,0.4876180323267468
3,m12_h1_q5_d8_l1,1,5,0.5118503335081501,-0.35044183685365654,0.440937533241988
3,m12_h1_q5_d8_l50,1,5,0.5118868792498553,-0.15978017725921498,0.41767508614132215
3,m13_h1_q5_d2_l1,1,5,0.5042053034276138,-0.5331302870586403,0.3561035505583977
3,m13_h1_q5_d2_l50,1,5,0.5038593433521412,-0.5730405883739715,0.36917495596117716
3,m13_h1_q5_d4_l1,1,5,0.5003328676576967,-0.44093097773859313,0.27568721482858494
3,m13_h1_q5_d4_l50,1,5,0.5043240770881559,-0.3909883938870167,0.3535654886044954
3,m13_h1_q5_d8_l1,1,5,0.5089780077522184,-0.26640855961296767,0.4660075877065145
3,m13_h1_q5_d8_l50,1,5,0.507608484338831,-0.49176415372845,0.33572765529336884
3,m14_h1_q5_d2_l1,1,5,0.5040475350839121,-0.4561901307635065,0.5464747269268148
3,m14_h1_q5_d2_l50,1,5,0.504425048828125,-0.3832759001750449,0.5490135858023201
3,m14_h1_q5_d4_l1,1,5,0.5174578442985629,0.03439237395547877,0.5904081990067437
3,m14_h1_q5_d4_l50,1,5,0.5173444394712096,0.1054445905462155,0.6294745177512702
3,m14_h1_q5_d8_l1,1,5,0.5293491504810475,-0.0010928462841639666,0.510454768933246
3,m14_h1_q5_d8_l50,1,5,0.5211178814923322,0.02290815145490449,0.5424206660672157
3,m15_h1_q5_d2_l1,1,5,0.5040054321289062,-0.024855406165576587,0.6931421293047244
3,m15_h1_q5_d2_l50,1,5,0.5038077272014854,-0.13477453103492734,0.6517783606841357
3,m15_h1_q5_d4_l1,1,5,0.508286275981385,-0.19415159450122446,0.44124071795669734
3,m15_h1_q5_d4_l50,1,5,0.5065820011091822,-0.0040991323823157426,0.5610149932105573
3,m15_h1_q5_d8_l1,1,5,0.5163747528452932,-0.23121094830592434,0.43112562600364696
3,m15_h1_q5_d8_l50,1,5,0.5169679618176118,-0.0633190980831516,0.5433403794609061
3,m16_h1_q5_d2_l1,1,5,0.5043267144097222,-0.11746159355068278,0.38998775910223016
3,m16_h1_q5_d2_l50,1,5,0.5043267144097222,-0.11746159355068278,0.38998775910223016
3,m16_h1_q5_d4_l1,1,5,0.49265317563657396,-0.5647079895963981,0.1843807363967493
3,m16_h1_q5_d4_l50,1,5,0.49265317563657396,-0.5647079895963981,0.1843807363967493
3,m16_h1_q5_d8_l1,1,5,0.48896393952546297,-0.6440631733301121,0.22780582796963902
3,m16_h1_q5_d8_l50,1,5,0.48895941840277773,-0.6440631733301121,0.22780582796963902
3,m17_h1_q5_d2_l1,1,5,0.5025624404718847,-0.32337119059129493,0.35953276373638743
3,m17_h1_q5_d2_l50,1,5,0.5021347234278549,-0.498442500460999,0.30558244054654476
3,m17_h1_q5_d4_l1,1,5,0.5025767573603878,-0.3994159614521585,0.4525980898561082
3,m17_h1_q5_d4_l50,1,5,0.501336180133584,-0.44470069570357224,0.41709681457685027
3,m17_h1_q5_d8_l1,1,5,0.5011948950496721,-0.7345490098064036,0.2589580222693409
3,m17_h1_q5_d8_l50,1,5,0.5038570827907987,-0.6513208002844127,0.3226263947499582
3,m18_h1_q5_d2_l1,1,5,0.5036601313838253,-0.13245812142240118,0.39272350289255015
3,m18_h1_q5_d2_l50,1,5,0.5034728815526138,-0.2509403864079231,0.34575239540714103
3,m18_h1_q5_d4_l1,1,5,0.4973076714409722,-0.2510504036908341,0.29977782359774374
3,m18_h1_q5_d4_l50,1,5,0.5009327641239872,-0.20592337193732632,0.4089462187462578
3,m18_h1_q5_d8_l1,1,5,0.5034399150330343,0.07143212115897246,0.3889299049885058
3,m18_h1_q5_d8_l50,1,5,0.5008491233543113,-0.12064421281990005,0.39098698816775085
3,m19_h1_q5_d2_l1,1,5,0.5089639734338831,-0.24379098838135496,0.5099933787655845
3,m19_h1_q5_d2_l50,1,5,0.5095212018048322,-0.2839978896165853,0.4399666645128369
3,m19_h1_q5_d4_l1,1,5,0.5113878603334779,-0.28185967030872144,0.397686426249873
3,m19_h1_q5_d4_l50,1,5,0.5100878491813754,-0.2171047116236673,0.4026374702838372
3,m19_h1_q5_d8_l1,1,5,0.5107873045367959,-0.0641866281346715,0.47555288523011485
3,m19_h1_q5_d8_l50,1,5,0.5104259914822049,-0.34483197514538383,0.3626248130985288
3,m20_h1_q5_d2_l1,1,5,0.5087956558039158,-0.3472061691448717,0.3515793690133335
3,m20_h1_q5_d2_l50,1,5,0.509670869803723,-0.32970860489595916,0.35182714665516285
3,m20_h1_q5_d4_l1,1,5,0.508214032208478,-0.1532201953699047,0.4940829698447484
3,m20_h1_q5_d4_l50,1,5,0.5085969147858797,-0.34111793142327257,0.3525913315547292
3,m20_h1_q5_d8_l1,1,5,0.50635716944565,-0.37718777900835954,0.5203458993063848
3,m20_h1_q5_d8_l50,1,5,0.5048032219027295,-0.37566000694018475,0.40437160905888064
3,m21_h1_q5_d2_l1,1,5,0.5054156456464602,-0.46810002031756637,0.4261494597694234
3,m21_h1_q5_d2_l50,1,5,0.5062243614667727,-0.527269192026401,0.4284575792670854
3,m21_h1_q5_d4_l1,1,5,0.5036999737774884,-0.4647422526794062,0.31526343604912327
3,m21_h1_q5_d4_l50,1,5,0.5024470576533564,-0.6601917603305342,0.3026198710848755
3,m21_h1_q5_d8_l1,1,5,0.5019762015637057,-0.2983942087598978,0.4438517652128016
3,m21_h1_q5_d8_l50,1,5,0.5042861184956116,-0.35907396888475634,0.48336561775939885
3,m22_h1_q5_d2_l1,1,5,0.5001900755328896,-0.28895360802186315,0.38139290506388274
3,m22_h1_q5_d2_l50,1,5,0.5031586635259935,-0.31394136620804325,0.3251954423223369
3,m22_h1_q5_d4_l1,1,5,0.5028059217664931,-0.04987434937354212,0.4508293438120723
3,m22_h1_q5_d4_l50,1,5,0.5122202178578318,0.02830714030916148,0.4125351872753121
3,m22_h1_q5_d8_l1,1,5,0.5147936785662616,-0.034964119598410046,0.48303561691087554
3,m22_h1_q5_d8_l50,1,5,0.5132323841989777,-0.09768141958938349,0.35381545311764084
3,m23_h1_q5_d2_l1,1,5,0.5034092090747975,-0.38652631529224984,0.33729142317447103
3,m23_h1_q5_d2_l50,1,5,0.5021107049635899,-0.5534220236654086,0.25725787004916656
3,m23_h1_q5_d4_l1,1,5,0.5032198870623554,-0.5159827840281743,0.25455660000114944
3,m23_h1_q5_d4_l50,1,5,0.5063774203076774,-0.3526826012502306,0.23945937138543172
3,m23_h1_q5_d8_l1,1,5,0.5138317155249326,-0.2969246869301488,0.38469065119816753
3,m23_h1_q5_d8_l50,1,5,0.5140581484194156,-0.18912358614308022,0.3765426768100208
3,m24_h1_q5_d2_l1,1,5,0.5072997293354553,0.05700612940942911,0.6017823546844278
3,m24_h1_q5_d2_l50,1,5,0.5072030903380593,0.051426591155050286,0.6195648026740281
3,m24_h1_q5_d4_l1,1,5,0.49755802860966436,-0.3905476718411556,0.529844942519421
3,m24_h1_q5_d4_l50,1,5,0.4985623771761671,-0.29510032297191047,0.6282437097869169
3,m24_h1_q5_d8_l1,1,5,0.4985018129701968,-0.8808081528109712,0.40379568903326657
3,m24_h1_q5_d8_l50,1,5,0.4981075333960262,-0.7228133038789681,0.43455735214641283
3,m25_h1_q5_d2_l1,1,5,0.5071389469099634,-0.3139374675941272,0.41305791728256414
3,m25_h1_q5_d2_l50,1,5,0.5067331761489681,-0.2842623794778638,0.3948147594807207
3,m25_h1_q5_d4_l1,1,5,0.5006260813018422,-0.4752704768631772,0.4108146079472238
3,m25_h1_q5_d4_l50,1,5,0.5011806723512249,-0.32372893609865,0.4363844321997871
3,m25_h1_q5_d8_l1,1,5,0.4929304711612654,-0.9838104077488967,0.2628239473367337
3,m25_h1_q5_d8_l50,1,5,0.4976047468774113,-0.6489408145114848,0.2883893167125153
3,m26_h1_q5_d2_l1,1,5,0.5093466676311729,0.043074843531126825,0.6582537548745347
3,m26_h1_q5_d2_l50,1,5,0.5086845115379051,-0.04053476244004489,0.5850613266667579
3,m26_h1_q5_d4_l1,1,5,0.5126639472113715,-0.1330145070427099,0.5751815188020551
3,m26_h1_q5_d4_l50,1,5,0.5116589393144773,-0.13592408261847144,0.5820785610729539
3,m26_h1_q5_d8_l1,1,5,0.5069806134259259,-0.23961006451628716,0.5588833788878551
3,m26_h1_q5_d8_l50,1,5,0.5055359263478973,-0.3854485218895927,0.550732483291908
3,m27_h1_q5_d2_l1,1,5,0.510080408166956,-0.1690117618190828,0.5596335025615189
3,m27_h1_q5_d2_l50,1,5,0.5079834549515335,-0.1140876524873429,0.567354291524426
3,m27_h1_q5_d4_l1,1,5,0.5053074212721836,-0.4808357444778355,0.2710363218952629
3,m27_h1_q5_d4_l50,1,5,0.5072173130365065,-0.3399634338575134,0.42776566950336714
3,m27_h1_q5_d8_l1,1,5,0.49720349723910107,-0.5807508899000507,0.3471140887496234
3,m27_h1_q5_d8_l50,1,5,0.5013292100694444,-0.6146166489172338,0.37047810572205775
3,m28_h1_q5_d2_l1,1,5,0.5167020632896895,-0.17209528761893858,0.4952360213284942
3,m28_h1_q5_d2_l50,1,5,0.5160500797224633,-0.14892444322410106,0.4674560171001035
3,m28_h1_q5_d4_l1,1,5,0.5151984132366416,-0.2073744804643794,0.46693282347603077
3,m28_h1_q5_d4_l50,1,5,0.5161410673165028,-0.15168627493452574,0.5297030359022654
3,m28_h1_q5_d8_l1,1,5,0.5132747697241513,-0.19421917362753688,0.41792568926961443
3,m28_h1_q5_d8_l50,1,5,0.5104258972921489,-0.05106255308520407,0.47923057315064177
3,m29_h1_q5_d2_l1,1,5,0.5120043342496142,-0.06171618748457842,0.4473832073157398
3,m29_h1_q5_d2_l50,1,5,0.5116798495068963,-0.25338977040252747,0.39287214229847656
3,m29_h1_q5_d4_l1,1,5,0.5034749537338444,-0.41179377143019347,0.22716952808460492
3,m29_h1_q5_d4_l50,1,5,0.5077556092062114,-0.36617931707539336,0.3160990907796704
3,m29_h1_q5_d8_l1,1,5,0.5028978512610918,-0.9497847305745009,0.16088667124749867
3,m29_h1_q5_d8_l50,1,5,0.5101367338204089,-0.4403242821174906,0.38145550489981034
3,m30_h1_q5_d2_l1,1,5,0.5132670461395641,0.06056818650194042,0.6697565036169808
3,m30_h1_q5_d2_l50,1,5,0.5142963550708912,-0.34526677899273966,0.5149109453390304
3,m30_h1_q5_d4_l1,1,5,0.5189519811559606,0.3019692557239566,0.6606628312392812
3,m30_h1_q5_d4_l50,1,5,0.5199198781708141,0.2788946056161257,0.6227592858138813
3,m30_h1_q5_d8_l1,1,5,0.5210162504219715,-0.2226287281662677,0.4835756296114101
3,m30_h1_q5_d8_l50,1,5,0.517065731095679,0.00461722215220956,0.47756458674449176
3,m31_h1_q5_d2_l1,1,5,0.510001759470245,-0.11799065393630716,0.5711781965701274
3,m31_h1_q5_d2_l50,1,5,0.5113769342869888,-0.06986053306961937,0.5385826684623606
3,m31_h1_q5_d4_l1,1,5,0.5073871377073689,-0.24761597886770684,0.33636320265679076
3,m31_h1_q5_d4_l50,1,5,0.5107911663290895,-0.17233254077312798,0.37197335257696545
3,m31_h1_q5_d8_l1,1,5,0.5157033661265432,-0.527950791002155,0.3070806589587777
3,m31_h1_q5_d8_l50,1,5,0.5093018331645448,-0.3670724417912065,0.3242511708926264
3,m01_h3_q3_d2_l1,3,3,0.49540873102666394,-0.6690570398559467,0.38957758328298825
3,m01_h3_q3_d2_l50,3,3,0.4945616881740667,-0.5352491324695684,0.3888510467307239
3,m01_h3_q3_d4_l1,3,3,0.4980097672023877,-0.4645635883779929,0.5607715734313774
3,m01_h3_q3_d4_l50,3,3,0.49582794306063493,-0.35465496588347517,0.5487429752576672
3,m01_h3_q3_d8_l1,3,3,0.5002947341769005,-0.37086219062990294,0.5123270165711399
3,m01_h3_q3_d8_l50,3,3,0.4998053002417216,-0.371531251461812,0.5393324695731989
3,m02_h3_q3_d2_l1,3,3,0.5208074416564795,0.34928841453431353,0.6603173928340389
3,m02_h3_q3_d2_l50,3,3,0.5228859816739206,0.32234791829828924,0.6593609295213742
3,m02_h3_q3_d4_l1,3,3,0.5132240414922422,0.2171179164455404,0.539848260198816
3,m02_h3_q3_d4_l50,3,3,0.5157623442189997,0.31608234041838584,0.625312473516067
3,m02_h3_q3_d8_l1,3,3,0.5053987501914501,0.3916192911666829,0.5804698494945519
3,m02_h3_q3_d8_l50,3,3,0.5124024311189557,0.3950482492753926,0.6185420123878312
3,m03_h3_q3_d2_l1,3,3,0.5133540297198301,0.06282152560767734,0.5418111714942719
3,m03_h3_q3_d2_l50,3,3,0.5120646030187788,0.1968068055580174,0.5874542193462472
3,m03_h3_q3_d4_l1,3,3,0.5129637824539629,0.10918734162543249,0.5746145630879057
3,m03_h3_q3_d4_l50,3,3,0.5140965874699261,-0.008113340836274593,0.496447614563884
3,m03_h3_q3_d8_l1,3,3,0.509797721362887,-0.15668042954821726,0.49683561641293233
3,m03_h3_q3_d8_l50,3,3,0.510653171062812,0.07822965774248719,0.5560414749634417
3,m04_h3_q3_d2_l1,3,3,0.5189819548081798,-0.37956560670520756,0.400008302447748
3,m04_h3_q3_d2_l50,3,3,0.521391399639763,-0.2619144328696512,0.4344524926476505
3,m04_h3_q3_d4_l1,3,3,0.5255672714510247,-0.013179172038871428,0.5350957380178479
3,m04_h3_q3_d4_l50,3,3,0.5264835471639677,0.026987249833664646,0.5286877907031983
3,m04_h3_q3_d8_l1,3,3,0.5314356747604119,0.014230866154176122,0.5013302760972547
3,m04_h3_q3_d8_l50,3,3,0.528358203472268,0.10235071700673523,0.5759717991640784
3,m05_h3_q3_d2_l1,3,3,0.5107678291570377,-0.46944413269759644,0.419746816568691
3,m05_h3_q3_d2_l50,3,3,0.511942809701191,-0.2033287127112039,0.5177391431817873
3,m05_h3_q3_d4_l1,3,3,0.5164561563837502,-0.11456379274593159,0.636891242532001
3,m05_h3_q3_d4_l50,3,3,0.512213524314298,-0.3604069163731748,0.49348830384848247
3,m05_h3_q3_d8_l1,3,3,0.5186569135934341,-0.1106057473242166,0.4837744245539268
3,m05_h3_q3_d8_l50,3,3,0.5099664234756478,-0.2364034621111537,0.5376899165287169
3,m06_h3_q3_d2_l1,3,3,0.5266663784319012,0.18254387992246268,0.6346390035110416
3,m06_h3_q3_d2_l50,3,3,0.5290430436234841,0.20424071229567595,0.6626306946180043
3,m06_h3_q3_d4_l1,3,3,0.5299735897831515,0.2896790861502147,0.5367669889817889
3,m06_h3_q3_d4_l50,3,3,0.5312209822475642,0.03140309680177201,0.5171498272507165
3,m06_h3_q3_d8_l1,3,3,0.5150642226619215,0.14769627312647698,0.5217885517091841
3,m06_h3_q3_d8_l50,3,3,0.5286369010580476,0.06541305721041395,0.5617899555252022
3,m07_h3_q3_d2_l1,3,3,0.5123690156669725,-0.1889683433388516,0.4818868455206027
3,m07_h3_q3_d2_l50,3,3,0.5136774460817309,-0.07738134016042228,0.5138744649449029
3,m07_h3_q3_d4_l1,3,3,0.522502657694088,0.11716363265852428,0.6375512825954397
3,m07_h3_q3_d4_l50,3,3,0.5192468058218902,0.09899546652799968,0.5301597494567707
3,m07_h3_q3_d8_l1,3,3,0.5170037317924643,0.07926405497195256,0.6172308062734089
3,m07_h3_q3_d8_l50,3,3,0.5172707728252263,0.07429212893394543,0.5859310768864926
3,m08_h3_q3_d2_l1,3,3,0.4949982790688999,0.2687830625630025,0.6466419525751836
3,m08_h3_q3_d2_l50,3,3,0.4939282781476791,0.4106021868403712,0.6895583403496494
3,m08_h3_q3_d4_l1,3,3,0.48997734248676517,0.3013715421581364,0.714449410350204
3,m08_h3_q3_d4_l50,3,3,0.4903637748807358,0.2959336793221988,0.6714951634759435
3,m08_h3_q3_d8_l1,3,3,0.48933729175744645,0.25304902938007956,0.623979918520164
3,m08_h3_q3_d8_l50,3,3,0.4915811428904069,0.21690319724689167,0.6805710846941828
3,m09_h3_q3_d2_l1,3,3,0.5006793297806986,-0.0846872860422211,0.6090301421325219
3,m09_h3_q3_d2_l50,3,3,0.4979414527371282,0.055357643427041865,0.6332355092715741
3,m09_h3_q3_d4_l1,3,3,0.4817472508902781,-0.10938697204238586,0.48813551951153306
3,m09_h3_q3_d4_l50,3,3,0.48986741765952235,0.10464337160135968,0.5724728617967676
3,m09_h3_q3_d8_l1,3,3,0.47445985652690675,-0.6181908358857886,0.3281276266296514
3,m09_h3_q3_d8_l50,3,3,0.484755065443421,-0.20956185215417356,0.48969812243258753
3,m10_h3_q3_d2_l1,3,3,0.5130281407557741,0.44962393153652913,0.7981855659847994
3,m10_h3_q3_d2_l50,3,3,0.5110751382820418,0.5088823177952894,0.7771426170200032
3,m10_h3_q3_d4_l1,3,3,0.5094886460934864,0.0160690657624729,0.5985250257815561
3,m10_h3_q3_d4_l50,3,3,0.5078452134095855,0.22496859737502103,0.6488384759381546
3,m10_h3_q3_d8_l1,3,3,0.5085718052143364,-0.33915473948207786,0.4459287780378498
3,m10_h3_q3_d8_l50,3,3,0.5057155258504197,0.21609182979264902,0.6868126949501695
3,m11_h3_q3_d2_l1,3,3,0.5062012862052536,0.028630405694228603,0.5930696080445472
3,m11_h3_q3_d2_l50,3,3,0.5061347378843908,0.0772813345470256,0.6399982385979153
3,m11_h3_q3_d4_l1,3,3,0.5036305570673751,-0.05013643243001318,0.5514270824528187
3,m11_h3_q3_d4_l50,3,3,0.5053216050042076,0.0841759276520637,0.6090060395214424
3,m11_h3_q3_d8_l1,3,3,0.49564299241942567,-0.399668333930792,0.46347200355045337
3,m11_h3_q3_d8_l50,3,3,0.5055999493611079,-0.07092696317561394,0.5363073140297584
3,m12_h3_q3_d2_l1,3,3,0.5167277893919433,0.22039802563698874,0.6667671428233158
3,m12_h3_q3_d2_l50,3,3,0.5146320118051917,0.15187574746316496,0.6859802291703186
3,m12_h3_q3_d4_l1,3,3,0.5109766580704886,0.01655392594146137,0.6241043077659759
3,m12_h3_q3_d4_l50,3,3,0.5136055286819023,0.0714405368186714,0.6183968606089967
3,m12_h3_q3_d8_l1,3,3,0.5014113613101909,-0.39940779043086533,0.44294655958207657
3,m12_h3_q3_d8_l50,3,3,0.5116349354099801,0.17544280761879413,0.6151866070868092
3,m13_h3_q3_d2_l1,3,3,0.5102377032549618,-0.09106035505416855,0.6051183951249114
3,m13_h3_q3_d2_l50,3,3,0.5102275302632375,-0.14174932163557083,0.5575789690884311
3,m13_h3_q3_d4_l1,3,3,0.5086001341704576,-0.11761611306335767,0.5433966819122737
3,m13_h3_q3_d4_l50,3,3,0.5096332579966779,-0.09661882280705733,0.5485398837165385
3,m13_h3_q3_d8_l1,3,3,0.4994914210595623,-0.34065921144709704,0.5461212850692979
3,m13_h3_q3_d8_l50,3,3,0.5066537017538804,-0.09706346857012554,0.5356821797078816
3,m14_h3_q3_d2_l1,3,3,0.524500732172821,0.13162779558649682,0.6698322044079886
3,m14_h3_q3_d2_l50,3,3,0.5241647408628167,0.09072072982490535,0.6201364540037099
3,m14_h3_q3_d4_l1,3,3,0.5240531205369531,0.30029577602393726,0.600137803586563
3,m14_h3_q3_d4_l50,3,3,0.5240690158365222,0.07388055328385976,0.5781791262600526
3,m14_h3_q3_d8_l1,3,3,0.514543210064932,-0.13761843418421088,0.46624190539649263
3,m14_h3_q3_d8_l50,3,3,0.5187597031973148,0.09925214949403856,0.5404650288675117
3,m15_h3_q3_d2_l1,3,3,0.517729334556353,0.28444910492671044,0.6928428842338459
3,m15_h3_q3_d2_l50,3,3,0.5188331748042123,0.2192782899834657,0.651977100458485
3,m15_h3_q3_d4_l1,3,3,0.5197096769453444,0.0576492798818398,0.6181947148618128
3,m15_h3_q3_d4_l50,3,3,0.5183351220843782,0.08854663236486075,0.5902832825123747
3,m15_h3_q3_d8_l1,3,3,0.5103116693822902,-0.19462116560088052,0.5671333928493312
3,m15_h3_q3_d8_l50,3,3,0.5102039345740993,0.15723042355314046,0.6491565247329841
3,m16_h3_q3_d2_l1,3,3,0.503201101395904,-0.06294100184136348,0.5231279242621035
3,m16_h3_q3_d2_l50,3,3,0.5009651625898403,-0.006109939806393374,0.533307745990475
3,m16_h3_q3_d4_l1,3,3,0.5034845322486664,0.01032269932967937,0.5763740080637375
3,m16_h3_q3_d4_l50,3,3,0.5017922833336442,-0.0297173613151767,0.6185487609506651
3,m16_h3_q3_d8_l1,3,3,0.49943511637619953,-0.2975629729575013,0.5510395672107423
3,m16_h3_q3_d8_l50,3,3,0.499015621759125,-0.16641101335331182,0.6154602434612043
3,m17_h3_q3_d2_l1,3,3,0.5076758754848419,0.07554119081369208,0.5934717789755017
3,m17_h3_q3_d2_l50,3,3,0.4993574766685261,-0.002643346316391214,0.6041809887446249
3,m17_h3_q3_d4_l1,3,3,0.5033410506778886,-0.3102851675047953,0.48042623164166004
3,m17_h3_q3_d4_l50,3,3,0.4968094248246996,-0.243109137470718,0.5010266631484728
3,m17_h3_q3_d8_l1,3,3,0.502263137429771,-0.4978991735362358,0.5026606055773614
3,m17_h3_q3_d8_l50,3,3,0.4982350565816148,-0.3833467614573983,0.4423275911340218
3,m18_h3_q3_d2_l1,3,3,0.5135986053958679,0.28643123109840374,0.6616509568861085
3,m18_h3_q3_d2_l50,3,3,0.5134204367491413,0.49993595158504883,0.6289304003466388
3,m18_h3_q3_d4_l1,3,3,0.5097614094340934,0.22049207051805583,0.7388418400739925
3,m18_h3_q3_d4_l50,3,3,0.51060470806057,0.27521635935469657,0.6482110663046229
3,m18_h3_q3_d8_l1,3,3,0.492511830341626,0.021419639422554714,0.653038784271839
3,m18_h3_q3_d8_l50,3,3,0.5069278780100046,0.08515144450065215,0.6632239316649002
3,m19_h3_q3_d2_l1,3,3,0.5087379640791663,-0.11310412713205364,0.5169460944200556
3,m19_h3_q3_d2_l50,3,3,0.5063220904819794,-0.09834990408136336,0.520723973361487
3,m19_h3_q3_d4_l1,3,3,0.5158226050658108,-0.06981852500319281,0.5736460091033944
3,m19_h3_q3_d4_l50,3,3,0.5074503035225114,0.09766809155664889,0.5592511539118351
3,m19_h3_q3_d8_l1,3,3,0.5024525387548597,0.022660984984197243,0.6269409806877059
3,m19_h3_q3_d8_l50,3,3,0.5049782665335135,0.05681449917337509,0.5795877663773374
3,m20_h3_q3_d2_l1,3,3,0.5171735642376388,-0.025831539528531833,0.5468076941325658
3,m20_h3_q3_d2_l50,3,3,0.5147021630606238,0.02756576432404629,0.5877701408524889
3,m20_h3_q3_d4_l1,3,3,0.5189670485494726,0.16917629811527468,0.5829128287987502
3,m20_h3_q3_d4_l50,3,3,0.5153028640927867,-0.16641905493593717,0.5194053967849728
3,m20_h3_q3_d8_l1,3,3,0.5144014946385508,0.120600442489038,0.5681182564870961
3,m20_h3_q3_d8_l50,3,3,0.5148699467782982,-0.10488584197286277,0.5475813374354523
3,m21_h3_q3_d2_l1,3,3,0.5115655612580826,-0.21040064547160536,0.46891114495596925
3,m21_h3_q3_d2_l50,3,3,0.5083118994049365,-0.19325766902070496,0.48883796014567277
3,m21_h3_q3_d4_l1,3,3,0.5185734102863641,-0.13462330027223737,0.5421169738458883
3,m21_h3_q3_d4_l50,3,3,0.5097854996436627,-0.07968935298268259,0.5229692058262924
3,m21_h3_q3_d8_l1,3,3,0.5088539644431332,-0.24097618537448118,0.5154371692669892
3,m21_h3_q3_d8_l50,3,3,0.5063066897028413,-0.23615898979237004,0.48519630192026036
3,m22_h3_q3_d2_l1,3,3,0.520544215495614,0.25204560876859633,0.6258518980732604
3,m22_h3_q3_d2_l50,3,3,0.522077723352272,0.28665501467239274,0.630320991184264
3,m22_h3_q3_d4_l1,3,3,0.5232623117219426,0.22135279625551216,0.6275413642084602
3,m22_h3_q3_d4_l50,3,3,0.5229466663953869,0.13726347369129743,0.5952434301929325
3,m22_h3_q3_d8_l1,3,3,0.5108051301266933,-0.21516973451174082,0.5220664743442587
3,m22_h3_q3_d8_l50,3,3,0.5218673402317521,0.08913138649670044,0.5856981333135899
3,m23_h3_q3_d2_l1,3,3,0.5152247298646823,0.1250332000637126,0.582107528794853
3,m23_h3_q3_d2_l50,3,3,0.5159210852773638,-0.17260747469852508,0.5184066055503462
3,m23_h3_q3_d4_l1,3,3,0.5223184841564131,0.11797852277960742,0.5547622490686275
3,m23_h3_q3_d4_l50,3,3,0.5182420109517908,0.12854837739658254,0.5489729059629278
3,m23_h3_q3_d8_l1,3,3,0.5157581761182237,0.2504928464229006,0.6096733130637755
3,m23_h3_q3_d8_l50,3,3,0.5124400146717147,-0.09123995130474172,0.5247689660197338
3,m24_h3_q3_d2_l1,3,3,0.5050877674861012,0.25291931206733226,0.7381698128276536
3,m24_h3_q3_d2_l50,3,3,0.5053678073416221,0.2021137812628445,0.7175132830241379
3,m24_h3_q3_d4_l1,3,3,0.5002790508146588,0.0840610923318557,0.6595699531572266
3,m24_h3_q3_d4_l50,3,3,0.5031425360477135,0.2704680846646926,0.7616963144759672
3,m24_h3_q3_d8_l1,3,3,0.49694400502771857,0.13591382159246845,0.7440042555488935
3,m24_h3_q3_d8_l50,3,3,0.5032128992404732,0.20648971992297355,0.7444192930752837
3,m25_h3_q3_d2_l1,3,3,0.5022100118063221,0.021501262946754553,0.6673680056420983
3,m25_h3_q3_d2_l50,3,3,0.5015385943525201,0.05887519610029217,0.65214188507908
3,m25_h3_q3_d4_l1,3,3,0.49989191196292965,-0.09027012345556772,0.6153591813059645
3,m25_h3_q3_d4_l50,3,3,0.4987768390367081,0.020543178747686932,0.646295307025925
3,m25_h3_q3_d8_l1,3,3,0.4932034524873248,-0.05654235153317956,0.5444736688872476
3,m25_h3_q3_d8_l50,3,3,0.4957673289849446,-0.07329076592300542,0.6286919932409473
3,m26_h3_q3_d2_l1,3,3,0.5130727888861195,0.5496426533025947,0.697054147830994
3,m26_h3_q3_d2_l50,3,3,0.5129687276582734,0.3417230466731728,0.6698653847379193
3,m26_h3_q3_d4_l1,3,3,0.5098055630440078,0.5569035500982625,0.6591075089849711
3,m26_h3_q3_d4_l50,3,3,0.5095941908826257,0.36243831853977604,0.6737077275838141
3,m26_h3_q3_d8_l1,3,3,0.4982623258510979,0.2840338378469782,0.6590310887330418
3,m26_h3_q3_d8_l50,3,3,0.5082008442452799,0.1621068813256457,0.6642141434569504
3,m27_h3_q3_d2_l1,3,3,0.5090295191961528,0.20918588549817943,0.6771773540280206
3,m27_h3_q3_d2_l50,3,3,0.5081797211582968,0.16644241749908648,0.6145447639600721
3,m27_h3_q3_d4_l1,3,3,0.5075303451865641,-0.04664640835535878,0.5781459679540412
3,m27_h3_q3_d4_l50,3,3,0.5088787611104612,-0.12467087268772231,0.5748959794073683
3,m27_h3_q3_d8_l1,3,3,0.4963232405952105,-0.16557473889229515,0.6346723942069632
3,m27_h3_q3_d8_l50,3,3,0.5064786415212919,-0.12165930536665072,0.6430334900915687
3,m28_h3_q3_d2_l1,3,3,0.5125153937145606,0.08486652311276466,0.608843474289833
3,m28_h3_q3_d2_l50,3,3,0.5129719067181872,-0.05769772415925808,0.6491475295235771
3,m28_h3_q3_d4_l1,3,3,0.5159105590567602,0.09328084036291713,0.62207134448042
3,m28_h3_q3_d4_l50,3,3,0.5119882349350708,0.14200279712064848,0.5712431108374564
3,m28_h3_q3_d8_l1,3,3,0.5103868364878085,-0.11489306074903244,0.5940174349794519
3,m28_h3_q3_d8_l50,3,3,0.5132532181976737,-0.004509472827960587,0.5273390363595974
3,m29_h3_q3_d2_l1,3,3,0.5084834979945078,-0.04318245405756677,0.5826501665984588
3,m29_h3_q3_d2_l50,3,3,0.5103430361067735,0.008390700265412117,0.6171525824947416
3,m29_h3_q3_d4_l1,3,3,0.5053092419934316,-0.21778584514390611,0.5535296107950208
3,m29_h3_q3_d4_l50,3,3,0.5064691043415503,0.17139488146662835,0.5849891800904635
3,m29_h3_q3_d8_l1,3,3,0.5039929698975523,0.31709157609610494,0.6983335284948836
3,m29_h3_q3_d8_l50,3,3,0.5059395436056813,0.0432389504154193,0.5657875852619574
3,m30_h3_q3_d2_l1,3,3,0.5167317455553917,0.17181123849340693,0.6120865369435784
3,m30_h3_q3_d2_l50,3,3,0.520042489195435,0.3495588193944596,0.6865805146212882
3,m30_h3_q3_d4_l1,3,3,0.5157240542084819,0.1463505895347941,0.6504666843208494
3,m30_h3_q3_d4_l50,3,3,0.5182905445998086,0.18534322441903567,0.6449344494422687
3,m30_h3_q3_d8_l1,3,3,0.5088595454594265,-0.030189921923656274,0.5864106840449451
3,m30_h3_q3_d8_l50,3,3,0.516989390699964,0.21126200598984682,0.6397672047301317
3,m31_h3_q3_d2_l1,3,3,0.5100090935242692,-0.04807699807190933,0.5596250571286191
3,m31_h3_q3_d2_l50,3,3,0.5117905680542062,0.03714731100934006,0.5836741217743029
3,m31_h3_q3_d4_l1,3,3,0.5164846266314229,0.10159578447163674,0.5597590753326358
3,m31_h3_q3_d4_l50,3,3,0.5150110263926968,0.15477597790808606,0.6062964189716064
3,m31_h3_q3_d8_l1,3,3,0.5097128051402996,-0.02027048730833592,0.5878419224503696
3,m31_h3_q3_d8_l50,3,3,0.5119728341559328,0.055537017420845394,0.6266026598772695
3,m01_h3_q5_d2_l1,3,5,0.5068710015373934,-0.4278655825633397,0.4012418257580222
3,m01_h3_q5_d2_l50,3,5,0.5110837228476492,-0.29353035034467506,0.4391763249441913
3,m01_h3_q5_d4_l1,3,5,0.5054804509273954,-0.31571372624746674,0.4191391773644884
3,m01_h3_q5_d4_l50,3,5,0.5095711261406467,-0.3778010353210557,0.4145486669353664
3,m01_h3_q5_d8_l1,3,5,0.4988593533029161,-0.2356309282461619,0.4847796315638699
3,m01_h3_q5_d8_l50,3,5,0.5095153336391589,-0.35306969370346153,0.39775077535379016
3,m02_h3_q5_d2_l1,3,5,0.5174072604641936,0.5465838762105343,0.7529387879809339
3,m02_h3_q5_d2_l50,3,5,0.5194307072629439,0.6857917989590923,0.8549363810466745
3,m02_h3_q5_d4_l1,3,5,0.5166509621106924,0.621481004112948,0.7112700681382204
3,m02_h3_q5_d4_l50,3,5,0.5204446584878992,0.7417157168908955,0.8076672514206028
3,m02_h3_q5_d8_l1,3,5,0.5178528255802421,0.26651149440474,0.5660299769184121
3,m02_h3_q5_d8_l50,3,5,0.5197515141464988,0.8077681074647336,0.8740247359981848
3,m03_h3_q5_d2_l1,3,5,0.5172750438591054,-0.055310665470028934,0.46833831983832636
3,m03_h3_q5_d2_l50,3,5,0.5216882694715831,-0.20263495964458478,0.4019502021269005
3,m03_h3_q5_d4_l1,3,5,0.5199090117288236,0.21571222580810176,0.5352138688660771
3,m03_h3_q5_d4_l50,3,5,0.5258004480447828,-0.10027936573890722,0.4413529883934328
3,m03_h3_q5_d8_l1,3,5,0.5201416742089863,0.17161673511169676,0.6524325252947267
3,m03_h3_q5_d8_l50,3,5,0.5235580931672783,0.11361487517610094,0.526501839919598
3,m04_h3_q5_d2_l1,3,5,0.5259853575679428,0.06422777860137902,0.7039321969121033
3,m04_h3_q5_d2_l50,3,5,0.5233495493205713,0.08540362346691951,0.7015053352652028
3,m04_h3_q5_d4_l1,3,5,0.5355049531342988,0.1210689163853628,0.5661774535688598
3,m04_h3_q5_d4_l50,3,5,0.5303805668518152,0.027927603488372463,0.6872778900666983
3,m04_h3_q5_d8_l1,3,5,0.5385650168617337,0.2585127090541069,0.6205121796626059
3,m04_h3_q5_d8_l50,3,5,0.5311736727583812,-0.058588200562162435,0.5207342204030079
3,m05_h3_q5_d2_l1,3,5,0.5220480148718012,-0.09039873603896828,0.6419508213829713
3,m05_h3_q5_d2_l50,3,5,0.5263270866395555,0.08376517870903566,0.7131944839169426
3,m05_h3_q5_d4_l1,3,5,0.5315531780028764,0.17449697001087264,0.6705968168926351
3,m05_h3_q5_d4_l50,3,5,0.5301191363630728,-0.06521414325891006,0.581879385515518
3,m05_h3_q5_d8_l1,3,5,0.5312141610667527,-0.11147405881463512,0.5794101443237764
3,m05_h3_q5_d8_l50,3,5,0.529920956748413,-0.11114553638724882,0.6376733660032834
3,m06_h3_q5_d2_l1,3,5,0.5250487990664054,0.024967673495334672,0.548360405664029
3,m06_h3_q5_d2_l50,3,5,0.523586861175858,0.2014815675376008,0.5985222774487782
3,m06_h3_q5_d4_l1,3,5,0.5273698058730907,0.343941519964991,0.6300475927189506
3,m06_h3_q5_d4_l50,3,5,0.5279011907049693,0.4082508271878729,0.753449819889313
3,m06_h3_q5_d8_l1,3,5,0.5229722719016564,0.3943133162859138,0.726883027917125
3,m06_h3_q5_d8_l50,3,5,0.5296377323137771,0.6088827284997864,0.8046479202336657
3,m07_h3_q5_d2_l1,3,5,0.5232029971421841,7.177438954243465e-05,0.5338751285635716
3,m07_h3_q5_d2_l50,3,5,0.5244536790505356,0.14550112107742236,0.6027529772890665
3,m07_h3_q5_d4_l1,3,5,0.5306253370796965,-0.0063343742064057495,0.6471710145561618
3,m07_h3_q5_d4_l50,3,5,0.5282176387993454,0.07501506589509759,0.6067148280713004
3,m07_h3_q5_d8_l1,3,5,0.5224250985667527,0.3874981083399097,0.6568150085380288
3,m07_h3_q5_d8_l50,3,5,0.529852862775243,0.04020060628004397,0.5859025589526049
3,m08_h3_q5_d2_l1,3,5,0.5075312128049991,0.36477951118342455,0.5368241620231466
3,m08_h3_q5_d2_l50,3,5,0.5079320276854791,0.246792894557876,0.5069830031849992
3,m08_h3_q5_d4_l1,3,5,0.5035838933247372,-0.018315792137607183,0.5914170525953356
3,m08_h3_q5_d4_l50,3,5,0.5070839041732791,0.021804015549393655,0.6071262642768268
3,m08_h3_q5_d8_l1,3,5,0.5004354914699465,0.24975740581511793,0.7048759180637558
3,m08_h3_q5_d8_l50,3,5,0.5062431421716922,0.27067491237440827,0.6670380062048039
3,m09_h3_q5_d2_l1,3,5,0.5157817226864709,0.11128920323293612,0.6098399514391613
3,m09_h3_q5_d2_l50,3,5,0.5202521937301627,0.11351698924255485,0.6430533472984713
3,m09_h3_q5_d4_l1,3,5,0.5027111668691728,-0.09841909671824076,0.5316221381155017
3,m09_h3_q5_d4_l50,3,5,0.5141894085684884,-0.020712795309894207,0.476990079043228
3,m09_h3_q5_d8_l1,3,5,0.4857986774077564,-0.38957595231735653,0.42274673226683046
3,m09_h3_q5_d8_l50,3,5,0.5111103598926303,-0.0029655283744222456,0.48709939901498955
3,m10_h3_q5_d2_l1,3,5,0.5155145773408054,0.596603331031035,0.6651650851070987
3,m10_h3_q5_d2_l50,3,5,0.5173729713226543,0.5058292422865793,0.730718531537879
3,m10_h3_q5_d4_l1,3,5,0.510448501971335,0.1601421214403185,0.4562128995348989
3,m10_h3_q5_d4_l50,3,5,0.5145651361956953,0.3052878045188508,0.5929833334555088
3,m10_h3_q5_d8_l1,3,5,0.5176701438826622,-0.14997247334256555,0.5746273125683147
3,m10_h3_q5_d8_l50,3,5,0.5143053523606428,0.48632895107942065,0.642028516219852
3,m11_h3_q5_d2_l1,3,5,0.5185548812239635,0.2186027924771391,0.6029782310038966
3,m11_h3_q5_d2_l50,3,5,0.5228637864820969,0.18257405703606294,0.6242986837760963
3,m11_h3_q5_d4_l1,3,5,0.509560568184636,0.017346300934423665,0.5942676859892325
3,m11_h3_q5_d4_l50,3,5,0.5192497690810355,-0.06517910716309323,0.5821116879119869
3,m11_h3_q5_d8_l1,3,5,0.5034741486994148,-0.0730926295585108,0.6012880209010084
3,m11_h3_q5_d8_l50,3,5,0.5167510205378397,0.04940908824566087,0.4997483942419955
3,m12_h3_q5_d2_l1,3,5,0.5233617539302717,0.1509230672920449,0.6404023413708043
3,m12_h3_q5_d2_l50,3,5,0.5240882187933942,0.23281223502114676,0.6974233832687051
3,m12_h3_q5_d4_l1,3,5,0.5154811599571019,-0.36226882575143216,0.5544513146734273
3,m12_h3_q5_d4_l50,3,5,0.5246653224806586,-0.14112136345514775,0.6175496684527279
3,m12_h3_q5_d8_l1,3,5,0.504252144136828,-0.022754804068892902,0.5934151398418441
3,m12_h3_q5_d8_l50,3,5,0.5215585712780202,0.20124338893214044,0.7358983289152257
3,m13_h3_q5_d2_l1,3,5,0.5253191408574688,0.014220562026085522,0.5779479161886787
3,m13_h3_q5_d2_l50,3,5,0.5293402691678238,0.24702023268528617,0.7089155242877433
3,m13_h3_q5_d4_l1,3,5,0.5214356534231799,0.034872030584359816,0.6048876561954093
3,m13_h3_q5_d4_l50,3,5,0.5289663819182702,0.05573187774342702,0.593776232224327
3,m13_h3_q5_d8_l1,3,5,0.5101291480175064,-0.199381082324721,0.46852538172976294
3,m13_h3_q5_d8_l50,3,5,0.5264053511208093,0.26978347738627095,0.6592951256108707
3,m14_h3_q5_d2_l1,3,5,0.5250847348616346,0.08953280404495029,0.5638735667970178
3,m14_h3_q5_d2_l50,3,5,0.5250603256422337,0.15844126362294397,0.5394437421039554
3,m14_h3_q5_d4_l1,3,5,0.5199909569653838,0.26126713484133807,0.5985811191860709
3,m14_h3_q5_d4_l50,3,5,0.5241951544212458,0.39608309966119726,0.7226066091234483
3,m14_h3_q5_d8_l1,3,5,0.5080639537046221,0.1955083052467904,0.5911038013268635
3,m14_h3_q5_d8_l50,3,5,0.522885774151954,0.5950254122889914,0.7540499306600339
3,m15_h3_q5_d2_l1,3,5,0.5255546123351021,0.4209161030493443,0.6300085615223454
3,m15_h3_q5_d2_l50,3,5,0.5292144454535311,0.27251510348222646,0.6470526071816481
3,m15_h3_q5_d4_l1,3,5,0.5255174173341104,0.15267902608573247,0.6276767538044293
3,m15_h3_q5_d4_l50,3,5,0.5280187811508132,0.2652670812588268,0.7343972523089217
3,m15_h3_q5_d8_l1,3,5,0.5118697578295477,0.10441112728104217,0.5390255011772924
3,m15_h3_q5_d8_l50,3,5,0.5252665448013787,0.16370835225464483,0.6063280524571282
3,m16_h3_q5_d2_l1,3,5,0.5037923403094624,0.05024197534162699,0.5260477002804282
3,m16_h3_q5_d2_l50,3,5,0.49932467826324134,-0.11023292989528312,0.5358715751867233
3,m16_h3_q5_d4_l1,3,5,0.5021557602658203,0.19356094394238088,0.6480038342280348
3,m16_h3_q5_d4_l50,3,5,0.49621385885736957,-0.0665356212587958,0.6140222931765879
3,m16_h3_q5_d8_l1,3,5,0.5019724973963499,0.039462819054536406,0.622270556945665
3,m16_h3_q5_d8_l50,3,5,0.49589498921344977,-0.1140205594429132,0.6453873404515158
3,m17_h3_q5_d2_l1,3,5,0.5124566445769689,-0.12134711558404997,0.6433267326273062
3,m17_h3_q5_d2_l50,3,5,0.5090279241469947,-0.0923879416292717,0.6418600948231059
3,m17_h3_q5_d4_l1,3,5,0.5096285652958243,-0.20464606175847977,0.5404987651420528
3,m17_h3_q5_d4_l50,3,5,0.5045210329981651,-0.12562030370722807,0.6512327944309267
3,m17_h3_q5_d8_l1,3,5,0.503017928765374,-0.2119265299372403,0.4933606924220171
3,m17_h3_q5_d8_l50,3,5,0.4999875048043543,-0.1915735388178822,0.5806510563111419
3,m18_h3_q5_d2_l1,3,5,0.5144576193959531,0.6823801342438969,0.7751148052957526
3,m18_h3_q5_d2_l50,3,5,0.514157444114511,0.39820931270719406,0.6230910087915364
3,m18_h3_q5_d4_l1,3,5,0.5136137578109502,0.2982082401281458,0.7191844375784576
3,m18_h3_q5_d4_l50,3,5,0.5131637370437413,0.18728963810804627,0.6188850363109781
3,m18_h3_q5_d8_l1,3,5,0.49864490087532237,0.08876876277929638,0.7471087370167099
3,m18_h3_q5_d8_l50,3,5,0.5105484635365007,0.34348659762531303,0.6365343393567664
3,m19_h3_q5_d2_l1,3,5,0.5146812737118132,0.2348467887122265,0.5865953471701446
3,m19_h3_q5_d2_l50,3,5,0.5148540754872546,-0.08301965146638524,0.5346849403579929
3,m19_h3_q5_d4_l1,3,5,0.5169136518051973,0.09379945107653653,0.5342801640950617
3,m19_h3_q5_d4_l50,3,5,0.5140696871590459,0.12012458248804349,0.5994933530363493
3,m19_h3_q5_d8_l1,3,5,0.5086889072108709,0.29231853820947956,0.6370366670906931
3,m19_h3_q5_d8_l50,3,5,0.512333920446092,-0.24466464206549116,0.43606865976605935
3,m20_h3_q5_d2_l1,3,5,0.5169015440574787,0.15030034576292864,0.5384526315841632
3,m20_h3_q5_d2_l50,3,5,0.5145931293084209,0.09745512612285409,0.5765774773364599
3,m20_h3_q5_d4_l1,3,5,0.5231685142766812,-0.06253923513169406,0.4308848594822969
3,m20_h3_q5_d4_l50,3,5,0.5151762384385539,0.028734729566963588,0.5505517282094742
3,m20_h3_q5_d8_l1,3,5,0.5281383088362923,0.0551862687391084,0.6612322142252091
3,m20_h3_q5_d8_l50,3,5,0.5149034750979469,-0.18308574430893598,0.5005540148119242
3,m21_h3_q5_d2_l1,3,5,0.5145277474707399,0.07031723540013454,0.6147796190696315
3,m21_h3_q5_d2_l50,3,5,0.515330539575481,0.02990317427000661,0.6230274864978191
3,m21_h3_q5_d4_l1,3,5,0.5204741045303511,0.04616186880001133,0.5609568968201519
3,m21_h3_q5_d4_l50,3,5,0.516529981495487,-0.22979917742251302,0.48741538249706917
3,m21_h3_q5_d8_l1,3,5,0.5230704899511506,-0.08714151470432975,0.5765983286150229
3,m21_h3_q5_d8_l50,3,5,0.5123771208899524,-0.2573486197417513,0.5028955848842519
3,m22_h3_q5_d2_l1,3,5,0.5172476319182702,0.29818399551364516,0.6572067184684601
3,m22_h3_q5_d2_l50,3,5,0.5152305780103155,0.16620702116660688,0.6070355138399408
3,m22_h3_q5_d4_l1,3,5,0.5213722088251339,0.1002678950677661,0.573726294362779
3,m22_h3_q5_d4_l50,3,5,0.5156409822269886,0.18704715282839526,0.623713256439122
3,m22_h3_q5_d8_l1,3,5,0.5204605438529062,0.17020162674454078,0.5861043208046711
3,m22_h3_q5_d8_l50,3,5,0.5168858524164353,0.32069006378439097,0.6568442317289562
3,m23_h3_q5_d2_l1,3,5,0.5225744597426106,0.053742855479282446,0.6043083189507272
3,m23_h3_q5_d2_l50,3,5,0.5184331257129042,-0.11975122595576848,0.5889557777932528
3,m23_h3_q5_d4_l1,3,5,0.5215974129327018,0.3562130903552175,0.677230183505761
3,m23_h3_q5_d4_l50,3,5,0.51744581153293,0.25583189175778764,0.6910311840366328
3,m23_h3_q5_d8_l1,3,5,0.5157029738953084,0.1370261342966874,0.6162970170172346
3,m23_h3_q5_d8_l50,3,5,0.5170796732419163,0.2704492798925751,0.6385214309142895
3,m24_h3_q5_d2_l1,3,5,0.5127386098058421,0.14596585572355517,0.7074900114499588
3,m24_h3_q5_d2_l50,3,5,0.5160734709755009,0.1746996115227374,0.7171485363526879
3,m24_h3_q5_d4_l1,3,5,0.4978880213499306,0.05374498889899839,0.7098447121400276
3,m24_h3_q5_d4_l50,3,5,0.5108685923861833,0.054203529813719765,0.6147212953701501
3,m24_h3_q5_d8_l1,3,5,0.4760704411327118,0.33851625969677285,0.6907762275143098
3,m24_h3_q5_d8_l50,3,5,0.5098496043381769,0.34324148255967574,0.757645403734124
3,m25_h3_q5_d2_l1,3,5,0.5139967500867884,-0.18582244665080688,0.6836213638256978
3,m25_h3_q5_d2_l50,3,5,0.5180219466003769,-0.07285077617423279,0.7077825203371104
3,m25_h3_q5_d4_l1,3,5,0.5069144925671989,-0.07613466017183179,0.6619011275017631
3,m25_h3_q5_d4_l50,3,5,0.514035204293543,0.06101215037660786,0.7877369437054691
3,m25_h3_q5_d8_l1,3,5,0.48968381149573503,0.20758454550309327,0.6060097961696526
3,m25_h3_q5_d8_l50,3,5,0.5099768809821961,-0.1848027828258049,0.5998487391668904
3,m26_h3_q5_d2_l1,3,5,0.516800032700605,0.7272439496870052,0.7409818608249497
3,m26_h3_q5_d2_l50,3,5,0.5172003632711764,0.6423976852716025,0.7234710194264724
3,m26_h3_q5_d4_l1,3,5,0.5093410789339913,0.538289667059407,0.7553324886527871
3,m26_h3_q5_d4_l50,3,5,0.5145979724075084,0.2996158120268228,0.6623176065595735
3,m26_h3_q5_d8_l1,3,5,0.4953243752789625,0.17718472804171329,0.6767568543506755
3,m26_h3_q5_d8_l50,3,5,0.5165782187623983,0.5672545266061094,0.8205845707433468
3,m27_h3_q5_d2_l1,3,5,0.5177634219710872,0.10580470275987869,0.6355138375770135
3,m27_h3_q5_d2_l50,3,5,0.5207678869209978,-0.06779804847547123,0.5655773038859222
3,m27_h3_q5_d4_l1,3,5,0.5116864949600773,0.1336924508242632,0.69279769627017
3,m27_h3_q5_d4_l50,3,5,0.5160012119371156,-0.14191251568740312,0.5556579894154878
3,m27_h3_q5_d8_l1,3,5,0.49159402663781987,-0.0923719016815722,0.6168613157936856
3,m27_h3_q5_d8_l50,3,5,0.5139773776904385,-0.02834834724563096,0.743311094660153
3,m28_h3_q5_d2_l1,3,5,0.5164545260117039,0.4031703379644614,0.7514523932754592
3,m28_h3_q5_d2_l50,3,5,0.5213007246826026,0.37216100612087333,0.7137763564951082
3,m28_h3_q5_d4_l1,3,5,0.5120686154780798,0.16709424722520116,0.664528837070206
3,m28_h3_q5_d4_l50,3,5,0.5177572228042551,0.4244768193223574,0.6908357436517962
3,m28_h3_q5_d8_l1,3,5,0.5039422826572109,-0.08984089046527688,0.5585243365332904
3,m28_h3_q5_d8_l50,3,5,0.5198075972339318,0.349937169073644,0.7025516943750141
3,m29_h3_q5_d2_l1,3,5,0.5207613971682206,-0.06081805599273958,0.6725049019819029
3,m29_h3_q5_d2_l50,3,5,0.5235270004711366,0.12174311808117425,0.8012948223297592
3,m29_h3_q5_d4_l1,3,5,0.5145459575233088,0.005384322405399334,0.7012457013341634
3,m29_h3_q5_d4_l50,3,5,0.5198272602162269,0.2711079031946247,0.7193774364071523
3,m29_h3_q5_d8_l1,3,5,0.5089667073745289,-0.05928949047602531,0.6097831674889134
3,m29_h3_q5_d8_l50,3,5,0.5154436743701647,-0.04124270240933856,0.7052123426055285
3,m30_h3_q5_d2_l1,3,5,0.5170018930705713,0.39973413160522836,0.6915955634590929
3,m30_h3_q5_d2_l50,3,5,0.517506931443414,0.5580832219038185,0.7450251361722352
3,m30_h3_q5_d4_l1,3,5,0.5177887029483237,0.30871623438529494,0.634231315649343
3,m30_h3_q5_d4_l50,3,5,0.5189127862465285,0.3045652178564317,0.6188738199510687
3,m30_h3_q5_d8_l1,3,5,0.5088715889084507,0.16689702477478968,0.5425154303347874
3,m30_h3_q5_d8_l50,3,5,0.5173558267518845,0.0852814661999303,0.5537863221616225
3,m31_h3_q5_d2_l1,3,5,0.5231513697059116,0.20298551334773063,0.640344566383448
3,m31_h3_q5_d2_l50,3,5,0.5215066532558024,0.017017174260982575,0.6672130842976745
3,m31_h3_q5_d4_l1,3,5,0.5177460836763539,0.1252828426408538,0.7262404025425384
3,m31_h3_q5_d4_l50,3,5,0.5208055662318984,-0.23027975926533054,0.6233533970191233
3,m31_h3_q5_d8_l1,3,5,0.5071344661277524,0.12857795923317064,0.5911162176666899
3,m31_h3_q5_d8_l50,3,5,0.5161422429825431,-0.22341641863666156,0.6203021016307204
3,m01_h6_q3_d2_l1,6,3,0.4982696742440027,0.3845931675722756,0.7552749693530755
3,m01_h6_q3_d2_l50,6,3,0.5005522975089768,0.08631731135766324,0.6115917851544986
3,m01_h6_q3_d4_l1,6,3,0.49753342502165027,-0.0026959195376751216,0.5559537201428951
3,m01_h6_q3_d4_l50,6,3,0.499289629355361,-0.08282788003086816,0.5409161735746908
3,m01_h6_q3_d8_l1,6,3,0.4917948688457461,-0.1483388632906062,0.5342178190948682
3,m01_h6_q3_d8_l50,6,3,0.5006326611833573,-0.07053290852871032,0.5438867785851091
3,m02_h6_q3_d2_l1,6,3,0.5009443837661839,-0.3337609771217992,0.38893101046355205
3,m02_h6_q3_d2_l50,6,3,0.4975517096007754,-0.3574648060997273,0.3981701835646863
3,m02_h6_q3_d4_l1,6,3,0.49928387856031353,0.13019803407667013,0.5001991017835082
3,m02_h6_q3_d4_l50,6,3,0.49031013152953007,-0.41222407776902303,0.30009838994794785
3,m02_h6_q3_d8_l1,6,3,0.4981860665313903,0.21732342857844125,0.5930123734548658
3,m02_h6_q3_d8_l50,6,3,0.48814930715453464,-0.045263299223843124,0.4612282145473555
3,m03_h6_q3_d2_l1,6,3,0.5000264684028464,-0.007923533035898558,0.5026952292048336
3,m03_h6_q3_d2_l50,6,3,0.4951918192433693,-0.11988653231223831,0.4891522848067991
3,m03_h6_q3_d4_l1,6,3,0.5059107113866185,-0.27775834120782783,0.4178174543639444
3,m03_h6_q3_d4_l50,6,3,0.4976362757792291,-0.2446555740799906,0.432863355815056
3,m03_h6_q3_d8_l1,6,3,0.5024502073309071,-0.33311934412415917,0.474156539581814
3,m03_h6_q3_d8_l50,6,3,0.49564672187724823,-0.3301123510016358,0.43051418269085645
3,m04_h6_q3_d2_l1,6,3,0.5090502031136575,0.17086543479396044,0.5612092173497052
3,m04_h6_q3_d2_l50,6,3,0.5096174674353857,0.09684363553619636,0.60004177157316
3,m04_h6_q3_d4_l1,6,3,0.5001097812028923,0.13454884526310906,0.5865170321547877
3,m04_h6_q3_d4_l50,6,3,0.5045824251869487,0.16958029612495334,0.6250805143652363
3,m04_h6_q3_d8_l1,6,3,0.49868284674971697,0.3428846778812259,0.6035722728103435
3,m04_h6_q3_d8_l50,6,3,0.5022010062121858,0.0937207047530084,0.5956447824519759
3,m05_h6_q3_d2_l1,6,3,0.5037694249691559,0.02340881004225275,0.5921401334697133
3,m05_h6_q3_d2_l50,6,3,0.5048248433166398,0.01165398992293445,0.5944490651865707
3,m05_h6_q3_d4_l1,6,3,0.5009601615884934,0.28961884887128664,0.6543245905329452
3,m05_h6_q3_d4_l50,6,3,0.502982966882351,0.09075868885530439,0.6010877113616176
3,m05_h6_q3_d8_l1,6,3,0.5024780765684446,0.33838347384845346,0.6380493058921073
3,m05_h6_q3_d8_l50,6,3,0.5026285557055186,-0.007466387603401687,0.5067451450285813
3,m06_h6_q3_d2_l1,6,3,0.5054533757240657,-0.0065856590217512195,0.5697245953055033
3,m06_h6_q3_d2_l50,6,3,0.4994363483572117,-0.10548732811388942,0.5325823724329235
3,m06_h6_q3_d4_l1,6,3,0.5055069023548915,0.05189177410160671,0.5863091125990882
3,m06_h6_q3_d4_l50,6,3,0.4991800693368935,-0.2222106758896433,0.5008269673501727
3,m06_h6_q3_d8_l1,6,3,0.5024884722364149,0.22261459786736773,0.6345197731594863
3,m06_h6_q3_d8_l50,6,3,0.4995574099657739,-0.19220840701095418,0.5346751144232789
3,m07_h6_q3_d2_l1,6,3,0.5015303013077456,-0.11499914269465569,0.5611501056130318
3,m07_h6_q3_d2_l50,6,3,0.4929059519401634,-0.35281898512435395,0.5035684020413261
3,m07_h6_q3_d4_l1,6,3,0.510220784818373,0.01759234267860442,0.6223900416688928
3,m07_h6_q3_d4_l50,6,3,0.4966094639506988,-0.362461380692996,0.5294689391576406
3,m07_h6_q3_d8_l1,6,3,0.5097122080973849,-0.08693371636905163,0.6430515772845603
3,m07_h6_q3_d8_l50,6,3,0.4974597706081584,-0.2118951893730703,0.5841656118844111
3,m08_h6_q3_d2_l1,6,3,0.5171235820788121,0.10257249021752697,0.6732919370693237
3,m08_h6_q3_d2_l50,6,3,0.5187485503204151,-0.005794574327013076,0.6108250339427735
3,m08_h6_q3_d4_l1,6,3,0.5181778945041717,-0.059731648091096344,0.6426470326550852
3,m08_h6_q3_d4_l50,6,3,0.5200205082198768,0.06428980384695576,0.7015436411168454
3,m08_h6_q3_d8_l1,6,3,0.5196549640936577,0.19221852535976894,0.6565434396300296
3,m08_h6_q3_d8_l50,6,3,0.5203040666525993,0.016876822810125224,0.6743956539498727
3,m09_h6_q3_d2_l1,6,3,0.516644791527044,0.20891809231718766,0.6295409965969161
3,m09_h6_q3_d2_l50,6,3,0.5219483516673102,0.36101256549111865,0.7007514646539417
3,m09_h6_q3_d4_l1,6,3,0.5124315231452543,0.23817934879961639,0.6906323633578823
3,m09_h6_q3_d4_l50,6,3,0.51788851154826,0.260452850146403,0.6195473380668434
3,m09_h6_q3_d8_l1,6,3,0.5041459545884782,0.07674516861609262,0.6221802628534645
3,m09_h6_q3_d8_l50,6,3,0.5153783632382049,0.15905879725169098,0.6072695534230358
3,m10_h6_q3_d2_l1,6,3,0.5137074623643643,-0.015555102847394971,0.6419778159577846
3,m10_h6_q3_d2_l50,6,3,0.5147476927146717,-0.04188705444624285,0.6284229068532841
3,m10_h6_q3_d4_l1,6,3,0.5088509896749636,-0.1943983186953463,0.577534060905005
3,m10_h6_q3_d4_l50,6,3,0.5081994540873481,-0.11994437872626196,0.6093745130578399
3,m10_h6_q3_d8_l1,6,3,0.5095174920753307,-0.08229165362689086,0.5764689214047702
3,m10_h6_q3_d8_l50,6,3,0.507400978313457,-0.18339616586111737,0.5567637623346942
3,m11_h6_q3_d2_l1,6,3,0.509600731147235,0.12083393704325958,0.6633238411969395
3,m11_h6_q3_d2_l50,6,3,0.5112607939842555,0.0889007759104628,0.6762288686143716
3,m11_h6_q3_d4_l1,6,3,0.5099147393024521,-0.048758171783248726,0.6323060216237834
3,m11_h6_q3_d4_l50,6,3,0.5119019339039007,-0.26178127379287996,0.5214688421358863
3,m11_h6_q3_d8_l1,6,3,0.5076567412367837,0.04204929545678122,0.6059937035803817
3,m11_h6_q3_d8_l50,6,3,0.5107800865008048,-0.23862421334692163,0.48696611551595276
3,m12_h6_q3_d2_l1,6,3,0.5270531407377327,0.21643947041933922,0.6417053351789082
3,m12_h6_q3_d2_l50,6,3,0.5263196194566206,0.3508650666136796,0.6750339230913976
3,m12_h6_q3_d4_l1,6,3,0.5227705679028074,0.3426370291142203,0.7338020355666279
3,m12_h6_q3_d4_l50,6,3,0.5234612531336303,0.06488125640802206,0.6382707851584325
3,m12_h6_q3_d8_l1,6,3,0.5103122814421402,0.26756916366451733,0.7400207917677818
3,m12_h6_q3_d8_l50,6,3,0.5220437558825841,-0.012558800042107764,0.633329812945885
3,m13_h6_q3_d2_l1,6,3,0.5187400715841273,0.28043959905122995,0.6176526562533675
3,m13_h6_q3_d2_l50,6,3,0.5214397749463222,0.36138095523263175,0.6400410255154927
3,m13_h6_q3_d4_l1,6,3,0.5204827099397774,0.18534309166130516,0.5502680925980421
3,m13_h6_q3_d4_l50,6,3,0.5219501211427094,0.08056586351688791,0.6639169538463915
3,m13_h6_q3_d8_l1,6,3,0.5135884651437677,0.09657791824373227,0.5488619011191579
3,m13_h6_q3_d8_l50,6,3,0.5204950962675718,0.05614314149219315,0.6676394830350513
3,m14_h6_q3_d2_l1,6,3,0.516801316371732,0.20970519935883566,0.688038304958958
3,m14_h6_q3_d2_l50,6,3,0.5155552370499837,0.14040550804499735,0.655936049043252
3,m14_h6_q3_d4_l1,6,3,0.5197138728788229,-0.021965675546953344,0.6058597290618857
3,m14_h6_q3_d4_l50,6,3,0.5130637419597619,-0.09881721933182212,0.6057758944476845
3,m14_h6_q3_d8_l1,6,3,0.5117161389869842,-0.022512464011939973,0.5485644381734524
3,m14_h6_q3_d8_l50,6,3,0.5120526342253996,-0.0621138863445641,0.6218492160896156
3,m15_h6_q3_d2_l1,6,3,0.5170999153453478,0.03665607448046348,0.6691093210555529
3,m15_h6_q3_d2_l50,6,3,0.5135398045702895,-0.043299498232496715,0.6299060328299085
3,m15_h6_q3_d4_l1,6,3,0.5133907999960482,0.0002936326490110319,0.529420547546309
3,m15_h6_q3_d4_l50,6,3,0.5105815366153859,-0.20920561967307558,0.5909272724884563
3,m15_h6_q3_d8_l1,6,3,0.5084187215805662,0.08153545349161999,0.6200695014925137
3,m15_h6_q3_d8_l50,6,3,0.5101070222958324,-0.10014482326511655,0.563391368352138
3,m16_h6_q3_d2_l1,6,3,0.5048796970540151,-0.18754937527189217,0.536470324484328
3,m16_h6_q3_d2_l50,6,3,0.49739157207714735,-0.31714724534743005,0.522684350521508
3,m16_h6_q3_d4_l1,6,3,0.5110320155607666,0.021445135021159908,0.6462210756006993
3,m16_h6_q3_d4_l50,6,3,0.49717717064127703,-0.47321924217148736,0.47228464376842927
3,m16_h6_q3_d8_l1,6,3,0.5137792735743152,-0.08991724643227243,0.6321151315791853
3,m16_h6_q3_d8_l50,6,3,0.497230697272103,-0.4533292915814091,0.4845642895893994
3,m17_h6_q3_d2_l1,6,3,0.4978802421998944,-0.33839087689535374,0.5346450008632522
3,m17_h6_q3_d2_l50,6,3,0.49677844885132283,-0.3172114266030362,0.5145761290380922
3,m17_h6_q3_d4_l1,6,3,0.5032191918481448,-0.1571748341671498,0.5910284647667853
3,m17_h6_q3_d4_l50,6,3,0.5040638214386985,-0.14227368105250962,0.5585710658203121
3,m17_h6_q3_d8_l1,6,3,0.5073248171431495,0.5922442864112246,0.7598909012483486
3,m17_h6_q3_d8_l50,6,3,0.5044879057093745,-0.2153637506734724,0.536031265192117
3,m18_h6_q3_d2_l1,6,3,0.4994867046779474,-0.3640620584481711,0.5653520787958479
3,m18_h6_q3_d2_l50,6,3,0.4970146738171167,-0.5760827762504804,0.460776293311836
3,m18_h6_q3_d4_l1,6,3,0.5023668945308613,-0.2432016492720868,0.5611157063637168
3,m18_h6_q3_d4_l50,6,3,0.4981258306396757,-0.7944578358257705,0.3450009634408524
3,m18_h6_q3_d8_l1,6,3,0.5015572120794417,-0.17659137701083905,0.6062480242462053
3,m18_h6_q3_d8_l50,6,3,0.49871462357876106,-0.8505360094886988,0.38205000421201996
3,m19_h6_q3_d2_l1,6,3,0.4967720345030008,-0.42029935870714297,0.5286932320291189
3,m19_h6_q3_d2_l50,6,3,0.49237134918517866,-0.6027534365500867,0.4736879067023122
3,m19_h6_q3_d4_l1,6,3,0.5057356070502388,-0.14211119957031348,0.6010552612451864
3,m19_h6_q3_d4_l50,6,3,0.5013224616764806,-0.4774961845904228,0.5914410900761947
3,m19_h6_q3_d8_l1,6,3,0.5208759758472505,0.18872042556550422,0.6011817598115897
3,m19_h6_q3_d8_l50,6,3,0.5025849823738131,-0.44552614997429824,0.5560153822902453
3,m20_h6_q3_d2_l1,6,3,0.5072721015218815,-0.06709538663245747,0.573160625229303
3,m20_h6_q3_d2_l50,6,3,0.5029452180738346,-0.21990494235435054,0.5879985874992584
3,m20_h6_q3_d4_l1,6,3,0.5094859364307115,-0.17046896068925055,0.562613601999037
3,m20_h6_q3_d4_l50,6,3,0.5016887430841159,-0.15815366260282077,0.5252319321539686
3,m20_h6_q3_d8_l1,6,3,0.5159948042304028,0.10642404872199625,0.6057020618789517
3,m20_h6_q3_d8_l50,6,3,0.5010268118285301,-0.20217358520347178,0.5422051378156657
3,m21_h6_q3_d2_l1,6,3,0.5031910276980408,-0.2293339568678975,0.4766080008789301
3,m21_h6_q3_d2_l50,6,3,0.4988493248935255,0.037576371311371724,0.5682533847137231
3,m21_h6_q3_d4_l1,6,3,0.5059752972386894,-0.14609415619136712,0.5189667184511969
3,m21_h6_q3_d4_l50,6,3,0.5067194353721967,0.05191625583393181,0.6051787848898523
3,m21_h6_q3_d8_l1,6,3,0.5175799592755237,0.4303197596690879,0.6718524375030451
3,m21_h6_q3_d8_l50,6,3,0.5070103666190825,0.08086896230370656,0.6036271520495575
3,m22_h6_q3_d2_l1,6,3,0.5019366170962879,-0.350208061756466,0.4612064885353089
3,m22_h6_q3_d2_l50,6,3,0.4972250202051972,-0.4623904697250858,0.4775389677662943
3,m22_h6_q3_d4_l1,6,3,0.5068968990091085,-0.18052607776527216,0.5920524557814993
3,m22_h6_q3_d4_l50,6,3,0.49717731809756033,-0.5796990418763595,0.3747978985577683
3,m22_h6_q3_d8_l1,6,3,0.5066391454259577,0.005711479846449306,0.6072460940056735
3,m22_h6_q3_d8_l50,6,3,0.49742659294442326,-0.43585505014968123,0.4586173780588965
3,m23_h6_q3_d2_l1,6,3,0.5019260739720343,-0.46365013496941165,0.5440660376403458
3,m23_h6_q3_d2_l50,6,3,0.49129373866706305,-0.5971403424748539,0.4389994621105643
3,m23_h6_q3_d4_l1,6,3,0.5097112496315436,-0.03144782488635848,0.6237638818694855
3,m23_h6_q3_d4_l50,6,3,0.5005879082013858,-0.6064889680071535,0.45634992786407363
3,m23_h6_q3_d8_l1,6,3,0.5086007563622594,-0.2569450413690122,0.5076258445751853
3,m23_h6_q3_d8_l50,6,3,0.4984912273096114,-0.6100034416060888,0.41730147796314093
3,m24_h6_q3_d2_l1,6,3,0.5202119064755575,0.14174576705199285,0.7169420739476687
3,m24_h6_q3_d2_l50,6,3,0.518896448972532,0.015206216444433407,0.7045060101275316
3,m24_h6_q3_d4_l1,6,3,0.5199130863175168,0.08445452804242268,0.6942345328311285
3,m24_h6_q3_d4_l50,6,3,0.5152361416529938,-0.02727418819897564,0.6810619577066427
3,m24_h6_q3_d8_l1,6,3,0.5135783643883638,0.30739822396476,0.7260355645562596
3,m24_h6_q3_d8_l50,6,3,0.5142643310181222,-0.13358704617789946,0.5824444492229901
3,m25_h6_q3_d2_l1,6,3,0.519459363333904,0.06146233999341482,0.7202511476393825
3,m25_h6_q3_d2_l50,6,3,0.5195447405219157,0.14861730489545563,0.7279983736497845
3,m25_h6_q3_d4_l1,6,3,0.5195003561806522,0.15925652783042413,0.6532456065098113
3,m25_h6_q3_d4_l50,6,3,0.519731567632815,0.20574792675099976,0.7694918842459175
3,m25_h6_q3_d8_l1,6,3,0.5157905035499363,0.26885216053167377,0.7498858758192901
3,m25_h6_q3_d8_l50,6,3,0.5200607637852087,0.10864829399326383,0.7187877134882964
3,m26_h6_q3_d2_l1,6,3,0.5142698606287448,-0.35062041848812214,0.5931041438342073
3,m26_h6_q3_d2_l50,6,3,0.5122583357405572,-0.202159790063635,0.6351542273675091
3,m26_h6_q3_d4_l1,6,3,0.5138052258801702,-0.2708493227991091,0.5953596062631079
3,m26_h6_q3_d4_l50,6,3,0.5116110026570148,-0.27497392472591153,0.6297052477633142
3,m26_h6_q3_d8_l1,6,3,0.5122240521546976,-0.05552231148232793,0.6418108327892321
3,m26_h6_q3_d8_l50,6,3,0.5127525354739267,-0.16245957690291724,0.647037831683969
3,m27_h6_q3_d2_l1,6,3,0.5110151318163326,-0.023734550474923042,0.6072589588991151
3,m27_h6_q3_d2_l50,6,3,0.5103493666973818,0.04460515635923457,0.6873527465619854
3,m27_h6_q3_d4_l1,6,3,0.5180764445812839,0.12046299740216387,0.6853968990437468
3,m27_h6_q3_d4_l50,6,3,0.5135165802056749,-0.10024068837734254,0.6560976574013372
3,m27_h6_q3_d8_l1,6,3,0.5162028650460926,0.11247763753057202,0.6713021312745528
3,m27_h6_q3_d8_l50,6,3,0.5135413528612638,-0.27470579482690827,0.6351551919162681
3,m28_h6_q3_d2_l1,6,3,0.5223659478615226,0.07021488539341351,0.6501412544833381
3,m28_h6_q3_d2_l50,6,3,0.5204082445167275,-0.049809372430791976,0.5842983416419749
3,m28_h6_q3_d4_l1,6,3,0.5212664400853418,0.037355298775273695,0.6096500729491523
3,m28_h6_q3_d4_l50,6,3,0.5181377863951229,-0.005955943744510053,0.5991979301078059
3,m28_h6_q3_d8_l1,6,3,0.5209471972320686,0.3111344249852583,0.7240340194593505
3,m28_h6_q3_d8_l50,6,3,0.516848576110519,-0.014365581542871264,0.5843179539978234
3,m29_h6_q3_d2_l1,6,3,0.5197460183485751,0.041849377561489265,0.5975124053793086
3,m29_h6_q3_d2_l50,6,3,0.520443339112145,0.033524425555230705,0.6314886258630534
3,m29_h6_q3_d4_l1,6,3,0.523769141853092,0.1480082379855441,0.6693432204299469
3,m29_h6_q3_d4_l50,6,3,0.5206070155865715,-0.011221875617331078,0.6362033866730781
3,m29_h6_q3_d8_l1,6,3,0.5240914812883137,0.34741030903041725,0.6603690680231608
3,m29_h6_q3_d8_l50,6,3,0.52144102832473,-0.030633191283859593,0.6511439822528812
3,m30_h6_q3_d2_l1,6,3,0.5159664188958739,-0.03576118343300501,0.6104568726321007
3,m30_h6_q3_d2_l50,6,3,0.5161492646871251,-0.12297457427511924,0.5717283637680678
3,m30_h6_q3_d4_l1,6,3,0.5150637652578547,-0.29545219429274394,0.4757327345536692
3,m30_h6_q3_d4_l50,6,3,0.5122618009632139,-0.25071923064719254,0.5086556244042609
3,m30_h6_q3_d8_l1,6,3,0.5152085673280228,-0.26878881081339784,0.48851444102221536
3,m30_h6_q3_d8_l50,6,3,0.5115604251518542,-0.18054685093677217,0.5668981590195408
3,m31_h6_q3_d2_l1,6,3,0.514623903164869,0.02500855553977026,0.6111113715068922
3,m31_h6_q3_d2_l50,6,3,0.5118801841021188,-0.15498016830757685,0.6350070652130946
3,m31_h6_q3_d4_l1,6,3,0.5168945824708984,0.022826968381168534,0.6532472941583077
3,m31_h6_q3_d4_l50,6,3,0.5156572767980045,-0.12557466761194894,0.6387237668237511
3,m31_h6_q3_d8_l1,6,3,0.5180447414803815,0.07007889137398472,0.6453018865910208
3,m31_h6_q3_d8_l50,6,3,0.5157705232235537,-0.16852142175326265,0.6369840431075078
3,m01_h6_q5_d2_l1,6,5,0.5039992511386574,0.0964403375907273,0.49863572062235256
3,m01_h6_q5_d2_l50,6,5,0.49193963174783906,0.009675855222309907,0.5020623962816535
3,m01_h6_q5_d4_l1,6,5,0.5084461208012008,0.0757395108391335,0.4924721466470855
3,m01_h6_q5_d4_l50,6,5,0.4932939102854407,0.12439349378109851,0.502237276316394
3,m01_h6_q5_d8_l1,6,5,0.5074964983049532,0.04394234807753291,0.6090908667425895
3,m01_h6_q5_d8_l50,6,5,0.49440668912711555,0.16104639744113877,0.5013668108226853
3,m02_h6_q5_d2_l1,6,5,0.5004399358211272,-0.536760649395198,0.31041075648320066
3,m02_h6_q5_d2_l50,6,5,0.5015060119170851,-0.5249897252581126,0.26340692627924794
3,m02_h6_q5_d4_l1,6,5,0.49577148083691325,-0.13023347130801666,0.485077718896319
3,m02_h6_q5_d4_l50,6,5,0.49365439078593243,-0.6385436487205619,0.21313502696268796
3,m02_h6_q5_d8_l1,6,5,0.501961515320118,0.16410797017644627,0.455125571838729
3,m02_h6_q5_d8_l50,6,5,0.49092945742327,-0.7058629858375436,0.21313502696268796
3,m03_h6_q5_d2_l1,6,5,0.507475977401532,-0.6275358982769109,0.35891000651030275
3,m03_h6_q5_d2_l50,6,5,0.5003115538145024,-0.5190888406194395,0.4415448703793882
3,m03_h6_q5_d4_l1,6,5,0.5094940010222038,-0.3734923696938313,0.4151144584365875
3,m03_h6_q5_d4_l50,6,5,0.4998419991524766,-0.436601467471222,0.4064062964622883
3,m03_h6_q5_d8_l1,6,5,0.5106884591247866,-0.3402262022703984,0.49870610149066397
3,m03_h6_q5_d8_l50,6,5,0.501181013372755,-0.34000786325635807,0.4205437133759716
3,m04_h6_q5_d2_l1,6,5,0.49621020359971024,0.5367131882376986,0.6514274164733914
3,m04_h6_q5_d2_l50,6,5,0.47732268322033017,0.11331583145800113,0.4906237351419627
3,m04_h6_q5_d4_l1,6,5,0.49190667699653223,0.3728982769662256,0.5944179606960578
3,m04_h6_q5_d4_l50,6,5,0.4740886697117126,0.4585044962124932,0.6116470196212391
3,m04_h6_q5_d8_l1,6,5,0.49157268160291906,0.2453106604665002,0.6119015994190803
3,m04_h6_q5_d8_l50,6,5,0.4723204350188913,0.3301101220297569,0.5899646862435963
3,m05_h6_q5_d2_l1,6,5,0.5021935127257906,0.14129863753131525,0.5273671403653944
3,m05_h6_q5_d2_l50,6,5,0.4853900265578904,0.008460417250566806,0.5615315640712338
3,m05_h6_q5_d4_l1,6,5,0.5026217223163915,0.5372011694391421,0.7451357104053684
3,m05_h6_q5_d4_l50,6,5,0.48111510791366907,0.14695555315180178,0.5336048865848914
3,m05_h6_q5_d8_l1,6,5,0.49949466011723,0.1566427164335073,0.5478354112611405
3,m05_h6_q5_d8_l50,6,5,0.4794784900496869,0.2533030038298749,0.539011350300032
3,m06_h6_q5_d2_l1,6,5,0.5037120595789555,-0.12046535412406562,0.5090892675052626
3,m06_h6_q5_d2_l50,6,5,0.4999709876882667,-0.3144769241816927,0.38545482836313627
3,m06_h6_q5_d4_l1,6,5,0.5136026295869779,0.23004270970473265,0.6328353750335894
3,m06_h6_q5_d4_l50,6,5,0.5002805197388851,-0.13525646572912395,0.4643114936557365
3,m06_h6_q5_d8_l1,6,5,0.5168778870788262,0.5084850922798501,0.6925087572167931
3,m06_h6_q5_d8_l50,6,5,0.499751019777703,-0.1567212279167193,0.4731154998193948
3,m07_h6_q5_d2_l1,6,5,0.5091746634167487,-0.14152274307805435,0.5150795404755988
3,m07_h6_q5_d2_l50,6,5,0.49392075817763054,-0.4360950547374685,0.44509604220133875
3,m07_h6_q5_d4_l1,6,5,0.5153615641659335,-0.053714195007755865,0.5786066105516433
3,m07_h6_q5_d4_l50,6,5,0.5000660105908079,-0.41697922488805794,0.3708764988704714
3,m07_h6_q5_d8_l1,6,5,0.5097428801563066,-0.03096815921357609,0.5258949425673435
3,m07_h6_q5_d8_l50,6,5,0.49893362063945956,-0.3459845072137842,0.38823630710270063
3,m08_h6_q5_d2_l1,6,5,0.5338894127503753,0.0364260423051626,0.6649958979146837
3,m08_h6_q5_d2_l50,6,5,0.5324284861679003,-0.06688347731551934,0.742358040494472
3,m08_h6_q5_d4_l1,6,5,0.5283983020418199,-0.15280096205268073,0.5874158569737344
3,m08_h6_q5_d4_l50,6,5,0.5319853155245589,-0.12876326040092156,0.7075300600269584
3,m08_h6_q5_d8_l1,6,5,0.5283125792531442,-0.13321690206991263,0.5967564280370605
3,m08_h6_q5_d8_l50,6,5,0.5313005440970964,-0.11546399327052266,0.7075300600269584
3,m09_h6_q5_d2_l1,6,5,0.5366663054448528,0.16402413208198283,0.6177833531318906
3,m09_h6_q5_d2_l50,6,5,0.5348879619326121,0.24012229321036638,0.7700384339605586
3,m09_h6_q5_d4_l1,6,5,0.5336605490787226,0.021198121788368555,0.523912710709807
3,m09_h6_q5_d4_l50,6,5,0.5241512837391957,0.1875721415311016,0.7754741793257479
3,m09_h6_q5_d8_l1,6,5,0.5193193691449718,-0.14581216825619686,0.39107713656021714
3,m09_h6_q5_d8_l50,6,5,0.5232020655957249,0.167043561754314,0.7646281135011438
3,m10_h6_q5_d2_l1,6,5,0.5286031067232545,-0.22511312627452507,0.6058921333097614
3,m10_h6_q5_d2_l50,6,5,0.5307368763262771,-0.21072517212825442,0.5102523785877415
3,m10_h6_q5_d4_l1,6,5,0.5228918259277471,-0.09538104746135001,0.49856869231913004
3,m10_h6_q5_d4_l50,6,5,0.5282148269693597,-0.21630311668672783,0.41441686702684105
3,m10_h6_q5_d8_l1,6,5,0.5034863296413229,-0.19857578572000503,0.3714892771767201
3,m10_h6_q5_d8_l50,6,5,0.5280993842515915,-0.3233146296188637,0.4532057062822532
3,m11_h6_q5_d2_l1,6,5,0.5293341765436571,-0.0440326364839091,0.4773057041297048
3,m11_h6_q5_d2_l50,6,5,0.5273478946159619,-0.050346179005971436,0.5639555319870456
3,m11_h6_q5_d4_l1,6,5,0.5287800110630919,0.17467104209741366,0.5475290563461125
3,m11_h6_q5_d4_l50,6,5,0.5250213498266135,-0.2959810348629438,0.507922827933803
3,m11_h6_q5_d8_l1,6,5,0.5170131430826561,-0.18431830051636744,0.4295210794462822
3,m11_h6_q5_d8_l50,6,5,0.5229601615470214,-0.2456598716179271,0.4464214663073032
3,m12_h6_q5_d2_l1,6,5,0.5322242880156307,0.6961594720562713,0.7966189651470816
3,m12_h6_q5_d2_l50,6,5,0.5294679162245742,0.13560059708915248,0.656971652898542
3,m12_h6_q5_d4_l1,6,5,0.522371322815848,0.4294860045131803,0.8473144801403976
3,m12_h6_q5_d4_l50,6,5,0.5214148263223953,0.13265138128193885,0.7144142760057454
3,m12_h6_q5_d8_l1,6,5,0.49781700044640553,-0.004709989006655199,0.6642935177558769
3,m12_h6_q5_d8_l50,6,5,0.5173876748421407,-0.01790268201886622,0.707873500580172
3,m13_h6_q5_d2_l1,6,5,0.5340641942381347,0.5184336572072905,0.7400738664102305
3,m13_h6_q5_d2_l50,6,5,0.5279644315123441,0.2899824479507227,0.7686582492876107
3,m13_h6_q5_d4_l1,6,5,0.5284588538701414,0.2014544426865756,0.5450751802938979
3,m13_h6_q5_d4_l50,6,5,0.5215722206407536,0.40458418364278925,0.6769107916686126
3,m13_h6_q5_d8_l1,6,5,0.5181589777638321,0.042937758994867445,0.488815365614304
3,m13_h6_q5_d8_l50,6,5,0.5221047532477615,0.35849144432971514,0.6886315706941617
3,m14_h6_q5_d2_l1,6,5,0.5265826569859221,0.016224515800740295,0.6404065385190655
3,m14_h6_q5_d2_l50,6,5,0.5258381424356917,0.06841070063173996,0.6085895305516014
3,m14_h6_q5_d4_l1,6,5,0.5232064123880751,-0.14509990887854862,0.5047858758498985
3,m14_h6_q5_d4_l50,6,5,0.5260934912142229,-0.15330152918928708,0.5230295664945667
3,m14_h6_q5_d8_l1,6,5,0.5106769350706485,0.24530745004137366,0.6238943154198057
3,m14_h6_q5_d8_l50,6,5,0.5256685164458361,-0.13840479583996923,0.5806280421527723
3,m15_h6_q5_d2_l1,6,5,0.5319834959370633,-0.19888555531316984,0.5044306786561203
3,m15_h6_q5_d2_l50,6,5,0.5260084760429067,-0.021799820771732585,0.5896892222247284
3,m15_h6_q5_d4_l1,6,5,0.5264355736633715,0.07697680126770787,0.5317241604737274
3,m15_h6_q5_d4_l50,6,5,0.524341733897055,0.04405166321111403,0.6584903251799427
3,m15_h6_q5_d8_l1,6,5,0.5150402047965944,-0.11727167736483482,0.5050345925130336
3,m15_h6_q5_d8_l50,6,5,0.5231873067193726,-0.2771629193408149,0.5165507789338585
3,m16_h6_q5_d2_l1,6,5,0.5006394839164641,-0.22566003548056157,0.39098497812908645
3,m16_h6_q5_d2_l50,6,5,0.482077467522385,-0.3745325323185535,0.28952627522228186
3,m16_h6_q5_d4_l1,6,5,0.50949197925832,-0.24575933889495544,0.461446536861069
3,m16_h6_q5_d4_l50,6,5,0.4905434016096476,-0.3506342086798094,0.40888198542709103
3,m16_h6_q5_d8_l1,6,5,0.5128418398374824,0.36615899166230204,0.5861317750216991
3,m16_h6_q5_d8_l50,6,5,0.4920876248641376,-0.27227737883877984,0.47336179227864117
3,m17_h6_q5_d2_l1,6,5,0.5117215804694374,-0.0920100976158947,0.5065292725603414
3,m17_h6_q5_d2_l50,6,5,0.49109271485689143,-0.4461417364355592,0.5008134854381798
3,m17_h6_q5_d4_l1,6,5,0.5212614755318048,0.06519113926377569,0.5813140479077827
3,m17_h6_q5_d4_l50,6,5,0.49811925414704206,0.24388194773439445,0.5759611918308519
3,m17_h6_q5_d8_l1,6,5,0.521316669685834,0.8836507184900011,0.8089718422903492
3,m17_h6_q5_d8_l50,6,5,0.502675501235702,0.13142971616689406,0.45874355458793503
3,m18_h6_q5_d2_l1,6,5,0.4996623654313959,-0.41451734926326456,0.36643679326487816
3,m18_h6_q5_d2_l50,6,5,0.49995097222581647,-0.690397899354257,0.19526140942683537
3,m18_h6_q5_d4_l1,6,5,0.5009029197505305,-0.3497509172584438,0.4112234660701183
3,m18_h6_q5_d4_l50,6,5,0.4986614912206925,-0.7757942009070794,0.21186043829166012
3,m18_h6_q5_d8_l1,6,5,0.49902065757465963,-0.24371575036609786,0.3992694148598454
3,m18_h6_q5_d8_l50,6,5,0.5014497057929197,-0.7699710456545517,0.16599122037079642
3,m19_h6_q5_d2_l1,6,5,0.5073052394415403,-0.50691383091919,0.40549555051893105
3,m19_h6_q5_d2_l50,6,5,0.495237735171575,-0.752108291397552,0.26802033897468364
3,m19_h6_q5_d4_l1,6,5,0.5122293464688681,-0.12179585905671264,0.46671981047047145
3,m19_h6_q5_d4_l50,6,5,0.501766010752549,-0.4647279658189969,0.34525073904432696
3,m19_h6_q5_d8_l1,6,5,0.5230161644066041,-0.23725182225003044,0.5921437743309507
3,m19_h6_q5_d8_l50,6,5,0.5042258908700378,-0.3308149657154971,0.4263691369217878
3,m20_h6_q5_d2_l1,6,5,0.49351610213627656,0.1818408831122757,0.5999286829442436
3,m20_h6_q5_d2_l50,6,5,0.4723062826717043,-0.16741401628887642,0.520597599086468
3,m20_h6_q5_d4_l1,6,5,0.4978198309158429,0.0852691635660966,0.632668936750401
3,m20_h6_q5_d4_l50,6,5,0.471178037336318,-0.38103513414099943,0.47044514653163
3,m20_h6_q5_d8_l1,6,5,0.5027179582772631,0.3489400486365783,0.6880874145593263
3,m20_h6_q5_d8_l50,6,5,0.47405035728611356,-0.33447739747077876,0.4500501380981461
3,m21_h6_q5_d2_l1,6,5,0.5083526142215724,-0.29133072948427585,0.42112097197258175
3,m21_h6_q5_d2_l50,6,5,0.47773714481652085,-0.42344119938338104,0.43756491181581564
3,m21_h6_q5_d4_l1,6,5,0.5179812647184411,0.3047437041946991,0.6267730634454131
3,m21_h6_q5_d4_l50,6,5,0.4807045887570519,0.04478778572919429,0.6476862645465457
3,m21_h6_q5_d8_l1,6,5,0.518499644978262,0.4709816949981888,0.6555557737535682
3,m21_h6_q5_d8_l50,6,5,0.4815854712812484,0.07122394102001464,0.6640481686573753
3,m22_h6_q5_d2_l1,6,5,0.49758773242197607,-0.4163474286062434,0.48321659199704525
3,m22_h6_q5_d2_l50,6,5,0.4916238322291807,-0.6190931887789959,0.44066951273804517
3,m22_h6_q5_d4_l1,6,5,0.5066882981923814,-0.326959940462371,0.38592905994768467
3,m22_h6_q5_d4_l50,6,5,0.49131541214869834,-0.7729689109179939,0.32929497641876687
3,m22_h6_q5_d8_l1,6,5,0.5032734379043529,0.03412507399462165,0.5198483785412806
3,m22_h6_q5_d8_l50,6,5,0.4974126476696341,-0.7073002995903923,0.30090086127254345
3,m23_h6_q5_d2_l1,6,5,0.507315550437348,-0.49592091825934076,0.42675371936520073
3,m23_h6_q5_d2_l50,6,5,0.48667698035815954,-0.7375854207423456,0.5045997601072276
3,m23_h6_q5_d4_l1,6,5,0.5097427790681124,-0.13126336905176256,0.4522273437825476
3,m23_h6_q5_d4_l50,6,5,0.49327500679312664,-0.4706342432233484,0.5410798225428659
3,m23_h6_q5_d8_l1,6,5,0.5070479699873195,0.22904002012150176,0.6068608399940415
3,m23_h6_q5_d8_l50,6,5,0.49220559478676057,-0.36316214802315044,0.4655027981017621
3,m24_h6_q5_d2_l1,6,5,0.5375109983955282,0.13180608063117863,0.792002320906267
3,m24_h6_q5_d2_l50,6,5,0.5315542754645204,-0.20434089569751276,0.7472850359940786
3,m24_h6_q5_d4_l1,6,5,0.5382817958762487,0.17189085287056954,0.6471040398624055
3,m24_h6_q5_d4_l50,6,5,0.5292783758604628,-0.01733691127338528,0.7198287697374793
3,m24_h6_q5_d8_l1,6,5,0.5282400990179079,0.07023307750522466,0.6086194358151302
3,m24_h6_q5_d8_l50,6,5,0.5273085713084209,-0.038366821047813374,0.6828403841876612
3,m25_h6_q5_d2_l1,6,5,0.5408847157885203,0.07990641736723642,0.7074190296342064
3,m25_h6_q5_d2_l50,6,5,0.5277565941850836,0.17537394971908746,0.7524165774951974
3,m25_h6_q5_d4_l1,6,5,0.5470493771349827,0.3344960207610584,0.7251337787362783
3,m25_h6_q5_d4_l50,6,5,0.5276312448242845,0.11726643806582153,0.6918873204023369
3,m25_h6_q5_d8_l1,6,5,0.5375487042919621,0.4140201796482827,0.7469817823663258
3,m25_h6_q5_d8_l50,6,5,0.5271392485831479,0.2832083336196817,0.767352066156312
3,m26_h6_q5_d2_l1,6,5,0.5289187040655245,-0.3598159587448791,0.46973810246878367
3,m26_h6_q5_d2_l50,6,5,0.5268986586809689,-0.2563575548327502,0.5108193540465954
3,m26_h6_q5_d4_l1,6,5,0.5286419245898245,-0.15495415314491576,0.561030218337849
3,m26_h6_q5_d4_l50,6,5,0.526255030148543,-0.4786789755592962,0.4289970025998361
3,m26_h6_q5_d8_l1,6,5,0.5194000375239377,-0.3771421766183687,0.3985564164780902
3,m26_h6_q5_d8_l50,6,5,0.5269851901751981,-0.4684112229213136,0.5020498578130966
3,m27_h6_q5_d2_l1,6,5,0.5301570344443869,-0.0813822369953127,0.5195889277323019
3,m27_h6_q5_d2_l50,6,5,0.5265372683867294,-0.037480567920326925,0.5689748336387266
3,m27_h6_q5_d4_l1,6,5,0.5329802255318048,0.029979659986139304,0.64113021782897
3,m27_h6_q5_d4_l50,6,5,0.5266320891128824,-0.1451611381460618,0.513391248065463
3,m27_h6_q5_d8_l1,6,5,0.5352223616790021,0.3669260626032597,0.7472988122601694
3,m27_h6_q5_d8_l50,6,5,0.5263607683996688,-0.16782999438745103,0.5529426575389951
3,m28_h6_q5_d2_l1,6,5,0.5345462838362405,0.16144305727628422,0.6508239745368017
3,m28_h6_q5_d2_l50,6,5,0.5240785002393769,0.019919973034750217,0.65754268520091
3,m28_h6_q5_d4_l1,6,5,0.5338529199122717,0.24587851770857874,0.727574176466252
3,m28_h6_q5_d4_l50,6,5,0.5197594060542933,0.046538235704715304,0.7518121875202686
3,m28_h6_q5_d8_l1,6,5,0.521592337191398,0.48384430200642686,0.734501085719662
3,m28_h6_q5_d8_l50,6,5,0.5197068401933129,0.1400075203245586,0.7897818873242928
3,m29_h6_q5_d2_l1,6,5,0.5297052713045391,0.2440895673199566,0.6803687933843107
3,m29_h6_q5_d2_l50,6,5,0.5236908270146472,0.21357644615537547,0.7230922523110425
3,m29_h6_q5_d4_l1,6,5,0.5326552269874748,0.027325022230400866,0.6259541001242976
3,m29_h6_q5_d4_l50,6,5,0.5235237282296465,0.1121632854692478,0.6917925362068432
3,m29_h6_q5_d8_l1,6,5,0.5329176519395994,0.19049414881445792,0.7013915572744469
3,m29_h6_q5_d8_l50,6,5,0.5224633130725636,0.23058125342405275,0.6875854948467075
3,m30_h6_q5_d2_l1,6,5,0.5298383033680969,-0.10414008165603893,0.5894973170407848
3,m30_h6_q5_d2_l50,6,5,0.5292059967134206,-0.08916167968467649,0.6378270738945467
3,m30_h6_q5_d4_l1,6,5,0.5266579676905957,-0.09674025295078671,0.583145704768309
3,m30_h6_q5_d4_l50,6,5,0.5288374291573936,-0.04618830084248632,0.5189569297427209
3,m30_h6_q5_d8_l1,6,5,0.5154994484628125,-0.09130807413381362,0.6185482642445435
3,m30_h6_q5_d8_l50,6,5,0.5267604711195073,-0.03611937738275421,0.5792389362583553
3,m31_h6_q5_d2_l1,6,5,0.5267733093201699,-0.2906835474432158,0.5666273702230297
3,m31_h6_q5_d2_l50,6,5,0.524160381676673,-0.21156006255176965,0.6271037216953511
3,m31_h6_q5_d4_l1,6,5,0.527213750582268,-0.0050364476301861805,0.5219721391700778
3,m31_h6_q5_d4_l50,6,5,0.522242334280058,-0.002969712721711899,0.5790106970574578
3,m31_h6_q5_d8_l1,6,5,0.5194071136975312,0.09516967753782299,0.6146545871550111
3,m31_h6_q5_d8_l50,6,5,0.5229867477420941,0.0679061604816068,0.5806456330047459
4,m01_h1_q3_d2_l1,1,3,0.4712610135063839,-0.5630221726708282,0.4644626293668777
4,m01_h1_q3_d2_l50,1,3,0.4712610135063839,-0.5630221726708282,0.4644626293668777
4,m01_h1_q3_d4_l1,1,3,0.47991848686293126,-0.8273354993343278,0.3113795508331225
4,m01_h1_q3_d4_l50,1,3,0.47991848686293126,-0.8273354993343278,0.3113795508331225
4,m01_h1_q3_d8_l1,1,3,0.48545821462488126,-0.7193493849722625,0.3463346828928127
4,m01_h1_q3_d8_l50,1,3,0.48545821462488126,-0.7193493849722625,0.3463346828928127
4,m02_h1_q3_d2_l1,1,3,0.47863907354648094,-0.3615806238168473,0.5066631453873689
4,m02_h1_q3_d2_l50,1,3,0.47863907354648094,-0.3615806238168473,0.5066631453873689
4,m02_h1_q3_d4_l1,1,3,0.4791435844676585,-0.4676487888845186,0.45818641171738855
4,m02_h1_q3_d4_l50,1,3,0.47915677429566317,-0.4676487888845186,0.45818641171738855
4,m02_h1_q3_d8_l1,1,3,0.4837666191832859,-0.16469462823339667,0.5778530757484017
4,m02_h1_q3_d8_l50,1,3,0.48376991664028707,-0.16469462823339667,0.5778530757484017
4,m03_h1_q3_d2_l1,1,3,0.4713084144507756,-0.33467654537802655,0.374968737569971
4,m03_h1_q3_d2_l50,1,3,0.47187756926858015,-0.3757928036684851,0.3589300360764856
4,m03_h1_q3_d4_l1,1,3,0.4604060598466463,-1.0326700337430108,0.26479726303629103
4,m03_h1_q3_d4_l50,1,3,0.4663495200001758,-0.6858704638480104,0.3191387004316582
4,m03_h1_q3_d8_l1,1,3,0.479561399748514,-0.9374203601954068,0.40202986773690924
4,m03_h1_q3_d8_l50,1,3,0.47449939106960715,-0.8815915582175362,0.3827350200402534
4,m04_h1_q3_d2_l1,1,3,0.501127730294397,-0.2410044626482396,0.6350263769564307
4,m04_h1_q3_d2_l50,1,3,0.501127730294397,-0.2410044626482396,0.6350263769564307
4,m04_h1_q3_d4_l1,1,3,0.4980643927403186,-0.3520512869724129,0.4992109336273728
4,m04_h1_q3_d4_l50,1,3,0.4980479054553128,-0.3520512869724129,0.4992109336273728
4,m04_h1_q3_d8_l1,1,3,0.49580893215152466,-0.6939916844703953,0.34846269234482313
4,m04_h1_q3_d8_l50,1,3,0.49579574232352003,-0.6939916844703953,0.34846269234482313
4,m05_h1_q3_d2_l1,1,3,0.4929631580625022,-0.11209398873026132,0.5722627205875673
4,m05_h1_q3_d2_l50,1,3,0.4939234050200486,-0.05518042971727995,0.5777882274112445
4,m05_h1_q3_d4_l1,1,3,0.48838752429126653,-0.46521634101714715,0.4611817967277685
4,m05_h1_q3_d4_l50,1,3,0.4879795326843938,-0.3852904159811797,0.5165732151956853
4,m05_h1_q3_d8_l1,1,3,0.4812244859264535,-0.9019509918259008,0.30730129865696015
4,m05_h1_q3_d8_l50,1,3,0.48237942024111,-0.8350223982692214,0.26483468437384955
4,m06_h1_q3_d2_l1,1,3,0.4975135800270831,-0.45606078749899226,0.48555340868251534
4,m06_h1_q3_d2_l50,1,3,0.49602491558510076,-0.4455423521181183,0.4776234655255496
4,m06_h1_q3_d4_l1,1,3,0.49560861163870423,-0.27994741750879615,0.5255931422805938
4,m06_h1_q3_d4_l50,1,3,0.4968605461468116,-0.3200500886232843,0.5454607905046526
4,m06_h1_q3_d8_l1,1,3,0.48747983055467625,-0.608219686565234,0.49364638953228607
4,m06_h1_q3_d8_l50,1,3,0.49932374652667866,-0.346996797238039,0.5303523657969362
4,m07_h1_q3_d2_l1,1,3,0.4868466501134325,-0.32871830194912155,0.5085758718764367
4,m07_h1_q3_d2_l50,1,3,0.48741271356529847,-0.3107791501172395,0.5045603076614471
4,m07_h1_q3_d4_l1,1,3,0.48009338947803454,-0.7451338877025426,0.3979585840920586
4,m07_h1_q3_d4_l50,1,3,0.47987170419172737,-0.4704884628749648,0.4538737649371238
4,m07_h1_q3_d8_l1,1,3,0.47634521132302765,-0.9576960535888035,0.2986095696685014
4,m07_h1_q3_d8_l50,1,3,0.48087275717966305,-0.605236154499776,0.362766324160639
4,m08_h1_q3_d2_l1,1,3,0.5063080352432204,-0.18837032724265973,0.4899390330036546
4,m08_h1_q3_d2_l50,1,3,0.5063080352432204,-0.18837032724265973,0.4899390330036546
4,m08_h1_q3_d4_l1,1,3,0.5028061359079877,-0.3443757210466115,0.42534945633836996
4,m08_h1_q3_d4_l50,1,3,0.5028061359079877,-0.3443757210466115,0.42534945633836996
4,m08_h1_q3_d8_l1,1,3,0.4976027487601562,-0.3041644979319015,0.41110324396527753
4,m08_h1_q3_d8_l50,1,3,0.4976027487601562,-0.3041644979319015,0.41110324396527753
4,m09_h1_q3_d2_l1,1,3,0.48353318670641204,-0.42182487839464616,0.4829221959193463
4,m09_h1_q3_d2_l50,1,3,0.4833759392256692,-0.2726602554496462,0.5236525384381022
4,m09_h1_q3_d4_l1,1,3,0.47947298668267035,-0.7419025453290907,0.4059971785393532
4,m09_h1_q3_d4_l50,1,3,0.47956723899528675,-0.5512480920343836,0.5125077232642075
4,m09_h1_q3_d8_l1,1,3,0.49320916209419297,-0.19238609219073935,0.5554391506015203
4,m09_h1_q3_d8_l50,1,3,0.48142212725546063,-0.6070607541802182,0.49523143558904215
4,m10_h1_q3_d2_l1,1,3,0.4936504717561816,-0.2297808571120246,0.6011540110190922
4,m10_h1_q3_d2_l50,1,3,0.4920755925530231,-0.4439589897528101,0.565845513726097
4,m10_h1_q3_d4_l1,1,3,0.4903053390225458,-0.18037484045942276,0.6721423994603121
4,m10_h1_q3_d4_l50,1,3,0.48889553876050795,-0.15507227746024663,0.6916272726618221
4,m10_h1_q3_d8_l1,1,3,0.48959363788646193,-0.4442561246638566,0.40619855344322653
4,m10_h1_q3_d8_l50,1,3,0.4886689759857198,-0.2532663670927622,0.4738082545743659
4,m11_h1_q3_d2_l1,1,3,0.4790004885732124,-0.4827351914969451,0.48892479303234393
4,m11_h1_q3_d2_l50,1,3,0.47964610317523126,-0.42062893792505907,0.4716029440241159
4,m11_h1_q3_d4_l1,1,3,0.4707351378117196,-0.5664914080995114,0.49818652260071733
4,m11_h1_q3_d4_l50,1,3,0.46844203125549577,-0.6195172713692652,0.49486517399727736
4,m11_h1_q3_d8_l1,1,3,0.47142499329517074,-0.7391380690245134,0.3539361519521202
4,m11_h1_q3_d8_l50,1,3,0.4716060786421512,-0.39953725150976926,0.5300575965661107
4,m12_h1_q3_d2_l1,1,3,0.5076063402404066,-0.022317083659695022,0.7013515806342159
4,m12_h1_q3_d2_l50,1,3,0.5077129580167774,0.06769260717872433,0.7333896999366718
4,m12_h1_q3_d4_l1,1,3,0.5092427032772326,-0.21143223220515758,0.6347240447190501
4,m12_h1_q3_d4_l50,1,3,0.5081349638159052,-0.1723979928997212,0.6310346072151957
4,m12_h1_q3_d8_l1,1,3,0.5047130278129506,-0.5327573360457964,0.43211597784934075
4,m12_h1_q3_d8_l50,1,3,0.5060990589057719,-0.1347249639262221,0.5741236842644654
4,m13_h1_q3_d2_l1,1,3,0.4898985152650276,-0.48476486963246307,0.5090089277119462
4,m13_h1_q3_d2_l50,1,3,0.4913878666772185,-0.5014829452421804,0.497674516179408
4,m13_h1_q3_d4_l1,1,3,0.4901274824355457,-0.28828889678955877,0.5941417975414905
4,m13_h1_q3_d4_l50,1,3,0.4910460989984524,-0.5467821442619055,0.5579755423426314
4,m13_h1_q3_d8_l1,1,3,0.48337525225546063,-0.7092899837958815,0.43866255946211863
4,m13_h1_q3_d8_l50,1,3,0.4915691581152616,-0.21365328820109764,0.5935795161086359
4,m14_h1_q3_d2_l1,1,3,0.49655113476486934,-0.3468803159755127,0.5817893441370539
4,m14_h1_q3_d2_l50,1,3,0.49559796360047137,-0.40066054072377016,0.5870794922687095
4,m14_h1_q3_d4_l1,1,3,0.49863787547043725,-0.22909533200109305,0.617558945213736
4,m14_h1_q3_d4_l50,1,3,0.496689696655939,-0.33895769973589657,0.5635639054661817
4,m14_h1_q3_d8_l1,1,3,0.4986827346250572,-0.20659678776938117,0.606738128965769
4,m14_h1_q3_d8_l50,1,3,0.5001066864733917,-0.35098487946723156,0.47127815722843663
4,m15_h1_q3_d2_l1,1,3,0.4923069641192712,-0.12901767502558248,0.5859570633317469
4,m15_h1_q3_d2_l50,1,3,0.4906396187260385,-0.06635781727928146,0.5875572351219946
4,m15_h1_q3_d4_l1,1,3,0.48663911641342195,-0.3054344445875365,0.5320111690453413
4,m15_h1_q3_d4_l50,1,3,0.4873027296349056,-0.3046823767476276,0.5265737565605701
4,m15_h1_q3_d8_l1,1,3,0.4830402168847385,-0.5634863655929221,0.4596547289042283
4,m15_h1_q3_d8_l50,1,3,0.48558008313988255,-0.3444872760597976,0.6278891062492763
4,m16_h1_q3_d2_l1,1,3,0.5168285718054236,0.407057582485499,0.6791029306984534
4,m16_h1_q3_d2_l50,1,3,0.5168285718054236,0.407057582485499,0.6791029306984534
4,m16_h1_q3_d4_l1,1,3,0.5142417167880131,0.1944186815095433,0.5789362738846721
4,m16_h1_q3_d4_l50,1,3,0.5142516091590166,0.1944186815095433,0.5789362738846721
4,m16_h1_q3_d8_l1,1,3,0.5143604252400549,0.2902773508888869,0.6031831280606264
4,m16_h1_q3_d8_l50,1,3,0.5143538303260525,0.2902773508888869,0.6031831280606264
4,m17_h1_q3_d2_l1,1,3,0.506289967926735,0.15113097921690555,0.5923452154963753
4,m17_h1_q3_d2_l50,1,3,0.5062974559020084,0.17432608396671626,0.6124191218536691
4,m17_h1_q3_d4_l1,1,3,0.5055612986264992,-0.1424480482331093,0.47367828179083044
4,m17_h1_q3_d4_l50,1,3,0.5047958764201048,-0.27813456690341165,0.4972679394720881
4,m17_h1_q3_d8_l1,1,3,0.49725665316907597,-0.5723748948453992,0.46867373735056816
4,m17_h1_q3_d8_l50,1,3,0.4988865586859414,-0.31273330047931625,0.4329122670203883
4,m18_h1_q3_d2_l1,1,3,0.5063008907530512,0.05307534806062235,0.630714394703327
4,m18_h1_q3_d2_l50,1,3,0.5073288729731631,0.04760477493143358,0.6210166041244057
4,m18_h1_q3_d4_l1,1,3,0.49691735858306074,-0.2114617212027511,0.5611249615328244
4,m18_h1_q3_d4_l50,1,3,0.5011920307059197,0.02840472216035522,0.6302026654095784
4,m18_h1_q3_d8_l1,1,3,0.49257515728869894,-0.40523935815678536,0.3901874423087835
4,m18_h1_q3_d8_l50,1,3,0.49718967357373994,-0.09137255546366992,0.5887695450715803
4,m19_h1_q3_d2_l1,1,3,0.49867284225405367,0.19672251983331732,0.6623037830354086
4,m19_h1_q3_d2_l50,1,3,0.500601717205691,0.1366533363109536,0.6479186995802729
4,m19_h1_q3_d4_l1,1,3,0.48806368653494425,-0.4427707662374524,0.4664263362214337
4,m19_h1_q3_d4_l50,1,3,0.49137639427473534,-0.4860228638585673,0.45825952692581
4,m19_h1_q3_d8_l1,1,3,0.4763817581381239,-0.6644075800196525,0.40738500950212947
4,m19_h1_q3_d8_l50,1,3,0.4844928153907706,-0.571282020409079,0.3569378906657103
4,m20_h1_q3_d2_l1,1,3,0.5122602886154198,0.3894126093622557,0.6060734509732052
4,m20_h1_q3_d2_l50,1,3,0.5127978428036299,0.45926722895720057,0.6184115952494202
4,m20_h1_q3_d4_l1,1,3,0.5039868316054659,-0.06257612548942183,0.4512367308767088
4,m20_h1_q3_d4_l50,1,3,0.5079051722811367,0.1261173711066337,0.4899502400092326
4,m20_h1_q3_d8_l1,1,3,0.49524843315834827,-0.3457590669474813,0.43609900980187566
4,m20_h1_q3_d8_l50,1,3,0.5046945483143399,0.1828827843375712,0.5476868004506434
4,m21_h1_q3_d2_l1,1,3,0.506888250281383,0.03911953856090288,0.4780228048390218
4,m21_h1_q3_d2_l50,1,3,0.5090030880684816,0.18239599247082697,0.5283560632797021
4,m21_h1_q3_d4_l1,1,3,0.5017873590886708,-0.006594153136809047,0.42828673152883406
4,m21_h1_q3_d4_l50,1,3,0.5027297448207942,-0.029905624912578407,0.43098450178385095
4,m21_h1_q3_d8_l1,1,3,0.48853790206992365,-0.5886409533394388,0.3413185103324535
4,m21_h1_q3_d8_l50,1,3,0.49382922140445284,-0.2958826333465369,0.42219913643041024
4,m22_h1_q3_d2_l1,1,3,0.5061441928484752,-0.04610673271766503,0.4817029503088517
4,m22_h1_q3_d2_l50,1,3,0.506434094276494,-0.03684337764911877,0.4824760174555312
4,m22_h1_q3_d4_l1,1,3,0.5012271348835778,-0.29927898629656474,0.4529653881019663
4,m22_h1_q3_d4_l50,1,3,0.5035398887877669,-0.15549188966924102,0.48936888870252426
4,m22_h1_q3_d8_l1,1,3,0.4884373983284091,-0.6299511592935862,0.37427857367532763
4,m22_h1_q3_d8_l50,1,3,0.49802873898649364,-0.14231939786984193,0.5551360317658286
4,m23_h1_q3_d2_l1,1,3,0.5051813354041363,-0.0014988931762017965,0.45081514824151486
4,m23_h1_q3_d2_l50,1,3,0.5053993797483382,0.04003474222934522,0.49065687456626594
4,m23_h1_q3_d4_l1,1,3,0.49626700388660266,-0.4057680234260023,0.4000669022188062
4,m23_h1_q3_d4_l50,1,3,0.49697808674949884,-0.1828352989773971,0.44908624392207963
4,m23_h1_q3_d8_l1,1,3,0.4789192886945588,-0.8039045056562543,0.3360858395950236
4,m23_h1_q3_d8_l50,1,3,0.48767760927772497,-0.3142779752926619,0.5022342589230178
4,m24_h1_q3_d2_l1,1,3,0.5141276797333896,0.2476024270470792,0.6740015207466771
4,m24_h1_q3_d2_l50,1,3,0.5142882246711336,0.263379312803246,0.6503194284597256
4,m24_h1_q3_d4_l1,1,3,0.5212421493044563,0.32356878487839996,0.6781980365023537
4,m24_h1_q3_d4_l50,1,3,0.5210592778349337,0.19319235116736586,0.6441110485940631
4,m24_h1_q3_d8_l1,1,3,0.5191665375162675,0.11201358331225324,0.59628290473347
4,m24_h1_q3_d8_l50,1,3,0.5218249748294116,0.2542939787104633,0.6346661676818323
4,m25_h1_q3_d2_l1,1,3,0.5060235608798496,0.22304067337641442,0.6826009549655906
4,m25_h1_q3_d2_l50,1,3,0.5070205607435546,0.2950648825542828,0.6833250603640615
4,m25_h1_q3_d4_l1,1,3,0.507291295702754,0.00301657648678163,0.5439488617634869
4,m25_h1_q3_d4_l50,1,3,0.5040215922980198,0.1555975988461896,0.603342009176519
4,m25_h1_q3_d8_l1,1,3,0.5006388822939749,-0.34616578109827073,0.4624057923348287
4,m25_h1_q3_d8_l50,1,3,0.5017935418205479,-0.18184163246981805,0.5121463552990219
4,m26_h1_q3_d2_l1,1,3,0.5073132100524076,0.015763115616912418,0.5866404412961886
4,m26_h1_q3_d2_l50,1,3,0.5080599466691288,-0.0070298154964540446,0.5762892012166457
4,m26_h1_q3_d4_l1,1,3,0.5052659014368119,0.22722883533772464,0.6975424546501945
4,m26_h1_q3_d4_l50,1,3,0.504709936447012,0.06424762980412799,0.6324420534126659
4,m26_h1_q3_d8_l1,1,3,0.48892734548116495,-0.31711747197852835,0.5424476111151374
4,m26_h1_q3_d8_l50,1,3,0.5017661317092258,-0.1839020896766379,0.6420195949873253
4,m27_h1_q3_d2_l1,1,3,0.5037875415479582,0.1720672090362946,0.6254418969966413
4,m27_h1_q3_d2_l50,1,3,0.5046305913879217,0.11314295687119416,0.6245897083597156
4,m27_h1_q3_d4_l1,1,3,0.49777002600594417,-0.35171396523053094,0.5147962838122365
4,m27_h1_q3_d4_l50,1,3,0.49948071921933807,-0.21511724045734115,0.6194277856321816
4,m27_h1_q3_d8_l1,1,3,0.4813566589945834,-0.8493401761295578,0.312521511658715
4,m27_h1_q3_d8_l50,1,3,0.4926059335540431,-0.31759825055673147,0.5870825397988136
4,m28_h1_q3_d2_l1,1,3,0.513492987957687,0.1330739952883874,0.5243846049815224
4,m28_h1_q3_d2_l50,1,3,0.5138738442413211,0.1721243706483053,0.5583148121115017
4,m28_h1_q3_d4_l1,1,3,0.5138240389011993,0.12732478566959674,0.5774158926322062
4,m28_h1_q3_d4_l50,1,3,0.5153894379154795,0.309857015450708,0.6113605232551512
4,m28_h1_q3_d8_l1,1,3,0.509704896833562,-0.10697562548084473,0.6082913741620923
4,m28_h1_q3_d8_l50,1,3,0.5100119725167951,0.07025758697259316,0.567584141254102
4,m29_h1_q3_d2_l1,1,3,0.5101236051756886,0.2062398753385317,0.5532177415038032
4,m29_h1_q3_d2_l50,1,3,0.5106476947478105,0.20953552373788767,0.5447621382443915
4,m29_h1_q3_d4_l1,1,3,0.5079449478562132,0.05960881308397251,0.5459179373597628
4,m29_h1_q3_d4_l50,1,3,0.5042588031110408,0.3242265028741369,0.6206826597783751
4,m29_h1_q3_d8_l1,1,3,0.4934387475378988,-0.5225537447426375,0.42600030135383726
4,m29_h1_q3_d8_l50,1,3,0.4972588514737435,-0.04632236488510999,0.5544070781423752
4,m30_h1_q3_d2_l1,1,3,0.5092509469197355,0.18447743919843337,0.49939818829178556
4,m30_h1_q3_d2_l50,1,3,0.5102260324337871,0.18454277289056564,0.5161737489869683
4,m30_h1_q3_d4_l1,1,3,0.5079102558606803,-0.006606238304825705,0.5698809730634345
4,m30_h1_q3_d4_l50,1,3,0.505753306799796,-0.05551318961719841,0.5582054470052429
4,m30_h1_q3_d8_l1,1,3,0.49838170427965944,-0.20305511059149073,0.5433936147534023
4,m30_h1_q3_d8_l50,1,3,0.5041705274392388,0.02734457822242097,0.7304057708957766
4,m31_h1_q3_d2_l1,1,3,0.5024147002831417,0.07088566229541449,0.5247359048655418
4,m31_h1_q3_d2_l50,1,3,0.5050446970296507,0.1929891159084791,0.541169561712864
4,m31_h1_q3_d4_l1,1,3,0.4961000701259189,0.02032303102611894,0.5703182067393057
4,m31_h1_q3_d4_l50,1,3,0.49905582814533433,0.16458006370327546,0.5831886871423957
4,m31_h1_q3_d8_l1,1,3,0.48370726495726496,-0.6063691947285595,0.4903998506515222
4,m31_h1_q3_d8_l50,1,3,0.489334237935704,-0.34720661789072144,0.4844300370249167
4,m01_h1_q5_d2_l1,1,5,0.4932250976562499,-0.21039571680094962,0.524729087166005
4,m01_h1_q5_d2_l50,1,5,0.4932250976562499,-0.21039571680094962,0.524729087166005
4,m01_h1_q5_d4_l1,1,5,0.4882993344907407,-0.6285297192887647,0.41673382339530907
4,m01_h1_q5_d4_l50,1,5,0.4882993344907407,-0.6285297192887647,0.41673382339530907
4,m01_h1_q5_d8_l1,1,5,0.48367422598379634,-0.6798925926714523,0.4239834824830827
4,m01_h1_q5_d8_l50,1,5,0.4836380570023148,-0.6798925926714523,0.4239834824830827
4,m02_h1_q5_d2_l1,1,5,0.4767094364872685,-0.7827834880349903,0.18634897827478866
4,m02_h1_q5_d2_l50,1,5,0.4767094364872685,-0.7827834880349903,0.18634897827478866
4,m02_h1_q5_d4_l1,1,5,0.4806269892939815,-0.7312971021097678,0.27836084853421533
4,m02_h1_q5_d4_l50,1,5,0.4806269892939815,-0.7312971021097678,0.27836084853421533
4,m02_h1_q5_d8_l1,1,5,0.4881094473379629,-0.7541712839809085,0.38936794484456
4,m02_h1_q5_d8_l50,1,5,0.48811396846064803,-0.7541712839809085,0.38936794484456
4,m03_h1_q5_d2_l1,1,5,0.4779830744237075,-0.5790838181415141,0.35547639679371146
4,m03_h1_q5_d2_l50,1,5,0.4785536777826003,-0.5888233951417429,0.3441998371841755
4,m03_h1_q5_d4_l1,1,5,0.47093087655526616,-0.6645632008795289,0.26808601832327117
4,m03_h1_q5_d4_l50,1,5,0.47658397533275465,-0.6048622230304462,0.24713215237205233
4,m03_h1_q5_d8_l1,1,5,0.4709482075255594,-0.759307050138557,0.1486279461973453
4,m03_h1_q5_d8_l50,1,5,0.47726741837866515,-0.8355408991121215,0.1286655172125027
4,m04_h1_q5_d2_l1,1,5,0.5033976236979166,-0.3687433476667455,0.3865946549366356
4,m04_h1_q5_d2_l50,1,5,0.5033659758391203,-0.3687433476667455,0.3865946549366356
4,m04_h1_q5_d4_l1,1,5,0.49397786458333337,-0.3969936984958961,0.29219722562256556
4,m04_h1_q5_d4_l50,1,5,0.4939597800925925,-0.3969936984958961,0.29219722562256556
4,m04_h1_q5_d8_l1,1,5,0.4919840494791667,-0.4746050310353081,0.33941405929820245
4,m04_h1_q5_d8_l50,1,5,0.49200665509259267,-0.4746050310353081,0.33941405929820245
4,m05_h1_q5_d2_l1,1,5,0.49242919168354554,-0.14244050893485807,0.378353660491596
4,m05_h1_q5_d2_l50,1,5,0.4933002613208912,-0.05764558640892504,0.3683259996170752
4,m05_h1_q5_d4_l1,1,5,0.48784609194155093,-0.24411762363420705,0.29837397345165795
4,m05_h1_q5_d4_l50,1,5,0.4917449009271315,-0.20651639535630284,0.31865900254280416
4,m05_h1_q5_d8_l1,1,5,0.4830489923924576,-0.5231988411066295,0.27239686487742076
4,m05_h1_q5_d8_l50,1,5,0.4875601309317129,-0.5462683517666246,0.2536519516052716
4,m06_h1_q5_d2_l1,1,5,0.49076278121383105,-0.2742773358500438,0.3824922851109939
4,m06_h1_q5_d2_l50,1,5,0.490130012418017,-0.38033154466209584,0.36500572029751455
4,m06_h1_q5_d4_l1,1,5,0.4794911514093847,-0.7015077818041958,0.2477909232429578
4,m06_h1_q5_d4_l50,1,5,0.479765244472174,-0.6663141639337999,0.29222008018757345
4,m06_h1_q5_d8_l1,1,5,0.48651038275824654,-0.5603646595840133,0.34522368643870976
4,m06_h1_q5_d8_l50,1,5,0.47751786973741317,-0.6659781316247229,0.23985719578019848
4,m07_h1_q5_d2_l1,1,5,0.4852015177408854,-0.30046974010025884,0.3204596380332617
4,m07_h1_q5_d2_l50,1,5,0.48503310592086224,-0.331500724048119,0.3045027321677177
4,m07_h1_q5_d4_l1,1,5,0.4733895195855035,-0.39185932759719566,0.27533477084890795
4,m07_h1_q5_d4_l50,1,5,0.47987488169728976,-0.32333571491512475,0.291449706572787
4,m07_h1_q5_d8_l1,1,5,0.47547724217544374,-0.869360654235082,0.10348253463007685
4,m07_h1_q5_d8_l50,1,5,0.4782430389781057,-0.519802046645764,0.1968325045609286
4,m08_h1_q5_d2_l1,1,5,0.5133644386574074,-0.4021418898121467,0.44321016610328695
4,m08_h1_q5_d2_l50,1,5,0.5133644386574074,-0.4021418898121467,0.44321016610328695
4,m08_h1_q5_d4_l1,1,5,0.5160499855324074,-0.24676756479543893,0.5809739169849865
4,m08_h1_q5_d4_l50,1,5,0.5160499855324074,-0.24676756479543893,0.5809739169849865
4,m08_h1_q5_d8_l1,1,5,0.5101996527777778,-0.41125442746994,0.46349594488819507
4,m08_h1_q5_d8_l50,1,5,0.5101996527777778,-0.41125442746994,0.46349594488819507
4,m09_h1_q5_d2_l1,1,5,0.5019801575460552,-0.08068124422764651,0.5300497002170863
4,m09_h1_q5_d2_l50,1,5,0.5009386039074557,-0.10626835829590241,0.5474852025973272
4,m09_h1_q5_d4_l1,1,5,0.5000294814875097,-0.1568918125233097,0.41489621093114626
4,m09_h1_q5_d4_l50,1,5,0.500332396707417,-0.07715033833284078,0.47527185466468197
4,m09_h1_q5_d8_l1,1,5,0.5123847678855613,0.11940387381992328,0.4760963821095424
4,m09_h1_q5_d8_l50,1,5,0.5062550674250096,-0.06227623237867241,0.5536357981579045
4,m10_h1_q5_d2_l1,1,5,0.49523294707875193,-0.04367713495331121,0.7525072105736784
4,m10_h1_q5_d2_l50,1,5,0.4954510912483121,0.008962884161111608,0.7378205477339099
4,m10_h1_q5_d4_l1,1,5,0.4942093837408372,-0.4669504534627607,0.6377504188647485
4,m10_h1_q5_d4_l50,1,5,0.4978309913917824,-0.3423964000331758,0.6387592680049984
4,m10_h1_q5_d8_l1,1,5,0.49360411844135804,-0.31120964907537413,0.662291275179415
4,m10_h1_q5_d8_l50,1,5,0.4991647225839121,-0.33602921450803624,0.5044612463519811
4,m11_h1_q5_d2_l1,1,5,0.4886937082549672,-0.3698530280381992,0.40066396547175676
4,m11_h1_q5_d2_l50,1,5,0.48962035002531823,-0.34311448925992216,0.44127778262247236
4,m11_h1_q5_d4_l1,1,5,0.48096456645447533,-0.40824868207992504,0.30818037909344526
4,m11_h1_q5_d4_l50,1,5,0.49022222448278363,-0.32182778844909365,0.42353916211972115
4,m11_h1_q5_d8_l1,1,5,0.4826824988847897,-0.23409853851546783,0.5777873193385277
4,m11_h1_q5_d8_l50,1,5,0.4932702146930459,-0.15527285456320153,0.4758468802531155
4,m12_h1_q5_d2_l1,1,5,0.5139599081910687,0.04694359166230878,0.7308152209287676
4,m12_h1_q5_d2_l50,1,5,0.5143747211974343,0.0868614541681538,0.7506012965514164
4,m12_h1_q5_d4_l1,1,5,0.5087984815055941,-0.27633022317979483,0.7008632811793803
4,m12_h1_q5_d4_l50,1,5,0.507457591869213,-0.2080318240534663,0.7639631267299044
4,m12_h1_q5_d8_l1,1,5,0.4927722318672839,-0.43277356421045815,0.49882918101008056
4,m12_h1_q5_d8_l50,1,5,0.5029089656876928,-0.21198816709924354,0.7204857444815223
4,m13_h1_q5_d2_l1,1,5,0.49844755949797453,0.12042179295436259,0.5222556737280127
4,m13_h1_q5_d2_l50,1,5,0.49830891173562886,0.14271153324734642,0.5479496234987333
4,m13_h1_q5_d4_l1,1,5,0.49450900230878664,-0.17928225081243246,0.4680267734371091
4,m13_h1_q5_d4_l50,1,5,0.5006771323121624,0.0745520972495274,0.5959119197639265
4,m13_h1_q5_d8_l1,1,5,0.48671675317081403,-0.3736349461436866,0.430867013152949
4,m13_h1_q5_d8_l50,1,5,0.49887781967351463,-0.24785245578976248,0.48983616529643814
4,m14_h1_q5_d2_l1,1,5,0.5050375667619116,0.16574284361739,0.6679539064204609
4,m14_h1_q5_d2_l50,1,5,0.5037617624541859,0.19197861057427373,0.6618408400362429
4,m14_h1_q5_d4_l1,1,5,0.49461826277367865,-0.028536109388865003,0.6134309288868858
4,m14_h1_q5_d4_l50,1,5,0.4971771240234375,-0.4044599356666482,0.5863616817770527
4,m14_h1_q5_d8_l1,1,5,0.4888711623203607,-0.2713970059351351,0.6364870533796889
4,m14_h1_q5_d8_l50,1,5,0.4912918467580536,-0.4661368833190918,0.5295370228302423
4,m15_h1_q5_d2_l1,1,5,0.4960251796392746,0.10562807993961211,0.5999503041684511
4,m15_h1_q5_d2_l50,1,5,0.4955977451654128,0.013276554221039743,0.550960114580077
4,m15_h1_q5_d4_l1,1,5,0.4846935507691936,-0.28798582093877173,0.4006824607379117
4,m15_h1_q5_d4_l50,1,5,0.4868104722764757,-0.19525314237939506,0.4274656069692696
4,m15_h1_q5_d8_l1,1,5,0.475696705005787,-0.2240779209525066,0.43166444653787717
4,m15_h1_q5_d8_l50,1,5,0.4850561824845679,-0.4792351052681308,0.4506701803110416
4,m16_h1_q5_d2_l1,1,5,0.5155549225983795,0.35936772454701266,0.6758639863853847
4,m16_h1_q5_d2_l50,1,5,0.5155549225983795,0.35936772454701266,0.6758639863853847
4,m16_h1_q5_d4_l1,1,5,0.5101725260416666,0.2120572016952853,0.6753325777416042
4,m16_h1_q5_d4_l50,1,5,0.510158962673611,0.2120572016952853,0.6753325777416042
4,m16_h1_q5_d8_l1,1,5,0.5064742476851852,0.34436259259703184,0.6833709285851773
4,m16_h1_q5_d8_l50,1,5,0.5064606843171297,0.34436259259703184,0.6833709285851773
4,m17_h1_q5_d2_l1,1,5,0.49832991611810384,-0.057338685070222044,0.5946587997885585
4,m17_h1_q5_d2_l50,1,5,0.4998370512032214,-0.04824590256365615,0.5892872645128521
4,m17_h1_q5_d4_l1,1,5,0.4898336905020255,-0.3125721523443175,0.3972843560710474
4,m17_h1_q5_d4_l50,1,5,0.4925380753882137,-0.4383387318843448,0.45750592332973244
4,m17_h1_q5_d8_l1,1,5,0.48004564826871143,-0.35617533426944586,0.337313642370937
4,m17_h1_q5_d8_l50,1,5,0.4836405059437693,-0.37703864848467034,0.6317608302397646
4,m18_h1_q5_d2_l1,1,5,0.5078083556375386,0.046418708792267116,0.684203189688033
4,m18_h1_q5_d2_l50,1,5,0.5072633719738618,-0.15315584258569512,0.6310655548668322
4,m18_h1_q5_d4_l1,1,5,0.51267930019049,-0.12286714029999295,0.5671728295031271
4,m18_h1_q5_d4_l50,1,5,0.5091434054904513,-0.09523168057295214,0.6464714171419074
4,m18_h1_q5_d8_l1,1,5,0.5065396155840085,-0.41739168325131376,0.37457643011157804
4,m18_h1_q5_d8_l50,1,5,0.5060191213348766,-0.20431603937480422,0.478892930408612
4,m19_h1_q5_d2_l1,1,5,0.4894511846848476,0.08669032112791683,0.5801746811979384
4,m19_h1_q5_d2_l50,1,5,0.4895424548490548,-0.024469542411301393,0.53128614061296
4,m19_h1_q5_d4_l1,1,5,0.4835726891034915,-0.07001440166003425,0.6753749447577491
4,m19_h1_q5_d4_l50,1,5,0.48712280650197726,0.03198136755888451,0.720852331944008
4,m19_h1_q5_d8_l1,1,5,0.48372320481288583,-0.4436187333505598,0.3975398090705364
4,m19_h1_q5_d8_l50,1,5,0.4839095127435378,-0.25748666822972877,0.5284718860315797
4,m20_h1_q5_d2_l1,1,5,0.5139758263105227,0.2818219840557656,0.7128626162037498
4,m20_h1_q5_d2_l50,1,5,0.5141481941128955,0.17447712990850067,0.630961501413185
4,m20_h1_q5_d4_l1,1,5,0.5114976859387057,-0.0035911698607704375,0.6216625238776063
4,m20_h1_q5_d4_l50,1,5,0.5104574509608892,-0.028428540811727517,0.5191916492422433
4,m20_h1_q5_d8_l1,1,5,0.5065046710732543,0.1069018212189635,0.582383685875668
4,m20_h1_q5_d8_l50,1,5,0.5084655196578414,-0.3415327286701177,0.4204918746786494
4,m21_h1_q5_d2_l1,1,5,0.49606718840422453,-0.06776175531701076,0.48962348932276145
4,m21_h1_q5_d2_l50,1,5,0.4954120023750964,0.010927538877762195,0.48791250809105285
4,m21_h1_q5_d4_l1,1,5,0.4900579570252218,-0.038680943098796994,0.41208381758953355
4,m21_h1_q5_d4_l50,1,5,0.49392935670452354,0.04392773112916484,0.4632842738618145
4,m21_h1_q5_d8_l1,1,5,0.48349055537471064,-0.37588047694501087,0.24827194835707558
4,m21_h1_q5_d8_l50,1,5,0.48660862298659335,-0.2820636137926947,0.35206893027535413
4,m22_h1_q5_d2_l1,1,5,0.5092823358229649,-0.054600846441732735,0.6092541065091934
4,m22_h1_q5_d2_l50,1,5,0.5079426706573109,-0.0303786129408907,0.588239845765467
4,m22_h1_q5_d4_l1,1,5,0.49979080388575425,-0.25281341385510797,0.5223833161089521
4,m22_h1_q5_d4_l50,1,5,0.5010952419704862,-0.37666555177677247,0.47946702731423885
4,m22_h1_q5_d8_l1,1,5,0.4965536800431617,-0.21082445267701347,0.42050345506936554
4,m22_h1_q5_d8_l50,1,5,0.49341978850188073,-0.21640235064927257,0.5448285212438818
4,m23_h1_q5_d2_l1,1,5,0.4986198331102913,0.22219838756769167,0.5739976899567863
4,m23_h1_q5_d2_l50,1,5,0.497555391288098,0.005105620154728177,0.5525047657537975
4,m23_h1_q5_d4_l1,1,5,0.48615255473572533,-0.1938028621913712,0.49273186888204445
4,m23_h1_q5_d4_l50,1,5,0.4890492757161458,0.19478438830621317,0.5806102643660612
4,m23_h1_q5_d8_l1,1,5,0.48195111310040506,-0.3086608264501411,0.3823208014360522
4,m23_h1_q5_d8_l50,1,5,0.4838884141710069,-0.515063022260159,0.3955858233139434
4,m24_h1_q5_d2_l1,1,5,0.5179767373167439,-0.03311744030914342,0.6203575413951923
4,m24_h1_q5_d2_l50,1,5,0.5192495275426794,-0.003978617566721389,0.5994259941430212
4,m24_h1_q5_d4_l1,1,5,0.5200135030864198,0.11920404375477817,0.6719884464561665
4,m24_h1_q5_d4_l50,1,5,0.5249907882125289,0.08395622153956502,0.5611832676014706
4,m24_h1_q5_d8_l1,1,5,0.5093085206585166,-0.2100165722001602,0.40276242449071703
4,m24_h1_q5_d8_l50,1,5,0.5226418765974634,-0.24115007602599278,0.5091811726369793
4,m25_h1_q5_d2_l1,1,5,0.5099763281551408,-0.009768882093573418,0.6277835527845513
4,m25_h1_q5_d2_l50,1,5,0.5090621194721741,-0.19111343465674951,0.540516082679088
4,m25_h1_q5_d4_l1,1,5,0.5011571248372395,-0.024073326815578566,0.5314896200172174
4,m25_h1_q5_d4_l50,1,5,0.5048502227406443,-0.40581405660529457,0.42823330231358003
4,m25_h1_q5_d8_l1,1,5,0.497380291974103,-0.1071341349862516,0.5101569934306506
4,m25_h1_q5_d8_l50,1,5,0.503858118881414,-0.5438902687682265,0.35331428716061614
4,m26_h1_q5_d2_l1,1,5,0.5139423888406636,-0.07382872311954257,0.7001617731503362
4,m26_h1_q5_d2_l50,1,5,0.5136806346752025,0.060143615681663556,0.7166639248512384
4,m26_h1_q5_d4_l1,1,5,0.5129737383053626,-0.025227878141522796,0.5866110550702376
4,m26_h1_q5_d4_l50,1,5,0.5174828046633873,0.0024379239677779553,0.6790489834604951
4,m26_h1_q5_d8_l1,1,5,0.4994543570059317,-0.22489117484210983,0.6339609710548818
4,m26_h1_q5_d8_l50,1,5,0.5146193327727141,-0.30145989785371063,0.6185398908077036
4,m27_h1_q5_d2_l1,1,5,0.5046282167787906,0.21804130280343212,0.5452377485529114
4,m27_h1_q5_d2_l50,1,5,0.5027329244731386,0.17190747547383578,0.6056244621700191
4,m27_h1_q5_d4_l1,1,5,0.4907525144977334,-0.3393137971652401,0.41603485545245655
4,m27_h1_q5_d4_l50,1,5,0.5009295616620852,-0.1704336308969558,0.530995839666344
4,m27_h1_q5_d8_l1,1,5,0.4854699594003183,-0.27016607241884394,0.4986258758412829
4,m27_h1_q5_d8_l50,1,5,0.5023586131908275,-0.04560247046631255,0.49862756196405084
4,m28_h1_q5_d2_l1,1,5,0.5198933165750386,0.2012473030878122,0.6163842819265059
4,m28_h1_q5_d2_l50,1,5,0.5200906447422358,0.32758552454464246,0.648563532039464
4,m28_h1_q5_d4_l1,1,5,0.5131572205343364,0.2694481324759051,0.7957466729588759
4,m28_h1_q5_d4_l50,1,5,0.5168605851538388,0.22726651308239657,0.7248066649153154
4,m28_h1_q5_d8_l1,1,5,0.5115021128713348,-0.40032958051100115,0.4132933245082403
4,m28_h1_q5_d8_l50,1,5,0.516898826316551,0.048222968677847006,0.594735126585461
4,m29_h1_q5_d2_l1,1,5,0.5083210321120274,0.2715564708903858,0.5997497143330934
4,m29_h1_q5_d2_l50,1,5,0.5086850766782407,0.2187912454637169,0.5990849987384703
4,m29_h1_q5_d4_l1,1,5,0.49477895100911456,-0.20119944517559296,0.4614123876676823
4,m29_h1_q5_d4_l50,1,5,0.5054437142831307,0.18121537759503178,0.5356629209020457
4,m29_h1_q5_d8_l1,1,5,0.49651270736882713,-0.3659223544435992,0.2817238210621861
4,m29_h1_q5_d8_l50,1,5,0.5002801212263697,-0.025012781242372207,0.5113442645421145
4,m30_h1_q5_d2_l1,1,5,0.5166295369466146,0.11000648935392832,0.667081852611328
4,m30_h1_q5_d2_l50,1,5,0.516442569685571,0.16937119915240767,0.7063904563977428
4,m30_h1_q5_d4_l1,1,5,0.507586255485629,0.17437351821266245,0.6205517916895035
4,m30_h1_q5_d4_l50,1,5,0.5115955494068286,0.09845155440134655,0.7015751592776507
4,m30_h1_q5_d8_l1,1,5,0.5002288818359375,-0.5623046898744054,0.3737644302548328
4,m30_h1_q5_d8_l50,1,5,0.5078707094545718,-0.06372174080433785,0.7281590872126608
4,m31_h1_q5_d2_l1,1,5,0.5052509072386189,0.036096749747634764,0.6006504918615545
4,m31_h1_q5_d2_l50,1,5,0.506432615680459,0.10340079894265995,0.5839427309366798
4,m31_h1_q5_d4_l1,1,5,0.49266899956597227,-0.32459778972056647,0.36340473327406203
4,m31_h1_q5_d4_l50,1,5,0.4980523380232446,-0.19074184361633092,0.46823688968621685
4,m31_h1_q5_d8_l1,1,5,0.4789649115668403,-0.5816399261524978,0.4260907848876737
4,m31_h1_q5_d8_l50,1,5,0.4949728883342978,-0.3814649347010823,0.4336868319125605
4,m01_h3_q3_d2_l1,3,3,0.4924598350505909,-0.075510890683673,0.4833693177578072
4,m01_h3_q3_d2_l50,3,3,0.4954519662414921,-0.025510985483314194,0.5170555496735624
4,m01_h3_q3_d4_l1,3,3,0.4895820087250359,-0.05955758226641999,0.4455200704265268
4,m01_h3_q3_d4_l50,3,3,0.4938073325794016,-0.03164432025772223,0.5053923958146767
4,m01_h3_q3_d8_l1,3,3,0.48589684247291864,-0.3762762738374686,0.41962286095600526
4,m01_h3_q3_d8_l50,3,3,0.4915492109997168,-0.072851472026108,0.4740600363903154
4,m02_h3_q3_d2_l1,3,3,0.48472157934566185,-0.10269417374413356,0.5264004636182024
4,m02_h3_q3_d2_l50,3,3,0.48877184296743903,-0.07057192730438167,0.5206859846960433
4,m02_h3_q3_d4_l1,3,3,0.48314052688184805,0.09410995120474226,0.6170970821069375
4,m02_h3_q3_d4_l50,3,3,0.4871534895339696,0.202748336719381,0.6588246993443229
4,m02_h3_q3_d8_l1,3,3,0.4813834251445836,0.13428250150714569,0.5627023181563923
4,m02_h3_q3_d8_l50,3,3,0.48932118452054973,0.2107210168433678,0.6570389889933718
4,m03_h3_q3_d2_l1,3,3,0.48750389258225,-0.2690263704105596,0.4446068674486795
4,m03_h3_q3_d2_l50,3,3,0.4901654721878884,-0.10221290715731182,0.5044293296627926
4,m03_h3_q3_d4_l1,3,3,0.48451903790626266,-0.387301183213426,0.42963932436477975
4,m03_h3_q3_d4_l50,3,3,0.4911664521860912,0.03730214409158989,0.553238240548401
4,m03_h3_q3_d8_l1,3,3,0.49010726006857724,-0.195112339762714,0.4757222898637633
4,m03_h3_q3_d8_l50,3,3,0.49228194898696775,0.07711119114455701,0.47475716333099466
4,m04_h3_q3_d2_l1,3,3,0.5149215181946784,0.7999646433853234,0.7052445395822945
4,m04_h3_q3_d2_l50,3,3,0.5125468310848196,0.36483393839283657,0.6225863282298983
4,m04_h3_q3_d4_l1,3,3,0.5170733885274651,0.5302178793407667,0.6611062298901618
4,m04_h3_q3_d4_l50,3,3,0.5178983898979931,0.4868365619632256,0.6430716127538606
4,m04_h3_q3_d8_l1,3,3,0.5167294848905641,0.46977896411306685,0.6189209669489438
4,m04_h3_q3_d8_l50,3,3,0.5195297421542214,0.5351875393542991,0.662845552795766
4,m05_h3_q3_d2_l1,3,3,0.4974760383657428,0.1673393796149711,0.5250195835734807
4,m05_h3_q3_d2_l50,3,3,0.5009742758949266,0.2368891293580359,0.5872941457093188
4,m05_h3_q3_d4_l1,3,3,0.5000591305143973,0.23272830558186075,0.5710213858037368
4,m05_h3_q3_d4_l50,3,3,0.5003139498279352,0.1472911885735874,0.5449804722383386
4,m05_h3_q3_d8_l1,3,3,0.5062194421696504,0.16107939616034503,0.5279616545674526
4,m05_h3_q3_d8_l50,3,3,0.501359224727604,0.1868891940701055,0.5639829597464733
4,m06_h3_q3_d2_l1,3,3,0.4917711800274784,0.013587238509663332,0.5483303024854628
4,m06_h3_q3_d2_l50,3,3,0.49240176422283155,-0.14134330986980018,0.4846779121644121
4,m06_h3_q3_d4_l1,3,3,0.4942189855153553,0.18013177619755671,0.7353506458283067
4,m06_h3_q3_d4_l50,3,3,0.49361990933603705,0.0018348799166273226,0.5803197426983742
4,m06_h3_q3_d8_l1,3,3,0.4887079085402831,0.052661311676597176,0.62653236347988
4,m06_h3_q3_d8_l50,3,3,0.4925904590901615,-0.11448432327293434,0.5732359122562155
4,m07_h3_q3_d2_l1,3,3,0.49586715146623894,0.0331650031298284,0.5319828187650324
4,m07_h3_q3_d2_l50,3,3,0.4955920568150285,-0.018942577185325913,0.5455204167388823
4,m07_h3_q3_d4_l1,3,3,0.49355646942931214,0.08669677168658767,0.5079573306503302
4,m07_h3_q3_d4_l50,3,3,0.4945190887712213,0.006848464524052536,0.4938655930769771
4,m07_h3_q3_d8_l1,3,3,0.4881279067204478,-0.02787355327088318,0.612611555065669
4,m07_h3_q3_d8_l50,3,3,0.49551787875037234,-0.128384501227795,0.4447930145933587
4,m08_h3_q3_d2_l1,3,3,0.4830153425670189,-0.23993248215993615,0.6034647388409934
4,m08_h3_q3_d2_l50,3,3,0.4794969003459383,-0.18439158208179876,0.5846317249182562
4,m08_h3_q3_d4_l1,3,3,0.4848365906687668,-0.2162693659042193,0.46521672268912284
4,m08_h3_q3_d4_l50,3,3,0.47988177853283986,-0.23453927730950025,0.48900091972793747
4,m08_h3_q3_d8_l1,3,3,0.4837028672577175,-0.153798527557991,0.46653216011667903
4,m08_h3_q3_d8_l50,3,3,0.4814670697432055,-0.020266681448575637,0.567646997028554
4,m09_h3_q3_d2_l1,3,3,0.47583822625976957,-0.21955314864303782,0.49009086406794383
4,m09_h3_q3_d2_l50,3,3,0.4777520203278981,-0.09880900385058773,0.5752089741107694
4,m09_h3_q3_d4_l1,3,3,0.48466407368410946,-0.09185011459372604,0.5925434542558069
4,m09_h3_q3_d4_l50,3,3,0.48116350484432213,0.0025438183174320136,0.613745230148173
4,m09_h3_q3_d8_l1,3,3,0.4857845156892965,-0.07606252676252653,0.4897258840849141
4,m09_h3_q3_d8_l50,3,3,0.4806003167191424,-0.10894694855517581,0.5351555115684116
4,m10_h3_q3_d2_l1,3,3,0.4702822185712485,-0.2272283775036723,0.5549137016223001
4,m10_h3_q3_d2_l50,3,3,0.46947325379184135,-0.17566735256917893,0.5533948085194154
4,m10_h3_q3_d4_l1,3,3,0.4685509731879499,-0.2198940615478096,0.5101677226776882
4,m10_h3_q3_d4_l50,3,3,0.46911147677364695,-0.21991027203487487,0.553181234397301
4,m10_h3_q3_d8_l1,3,3,0.48616974710507743,-0.3402453098310406,0.500402544713525
4,m10_h3_q3_d8_l50,3,3,0.47422566577992087,-0.26812504934807047,0.6206903602491196
4,m11_h3_q3_d2_l1,3,3,0.47108743912453493,-0.15696426485127016,0.4923892586336169
4,m11_h3_q3_d2_l50,3,3,0.47392888287552043,-0.15173506196282047,0.4914908922130954
4,m11_h3_q3_d4_l1,3,3,0.47056028034504527,-0.21590296930815453,0.521788347324687
4,m11_h3_q3_d4_l50,3,3,0.4720148062242885,-0.1102200878984142,0.5731544322448465
4,m11_h3_q3_d8_l1,3,3,0.47344969257784175,-0.5922191518717398,0.4151827920167671
4,m11_h3_q3_d8_l50,3,3,0.47527440232260704,-0.05149931910584938,0.5959632387887267
4,m12_h3_q3_d2_l1,3,3,0.4945221265395834,0.2859502194530687,0.6646846377004475
4,m12_h3_q3_d2_l50,3,3,0.49218014842394925,0.1169180961142617,0.6320013434487509
4,m12_h3_q3_d4_l1,3,3,0.4985363608156705,0.1891848065121663,0.5903533221910789
4,m12_h3_q3_d4_l50,3,3,0.49701733534306436,0.28640907790354303,0.6114073690362872
4,m12_h3_q3_d8_l1,3,3,0.5095674161335737,-0.08090771684551895,0.5625406563800771
4,m12_h3_q3_d8_l50,3,3,0.5024350186024457,0.18708114990065533,0.6319011166102956
4,m13_h3_q3_d2_l1,3,3,0.48426238180255243,0.35208053151113317,0.6761682770478933
4,m13_h3_q3_d2_l50,3,3,0.4868013203412926,0.25991342357046926,0.6145334083163155
4,m13_h3_q3_d4_l1,3,3,0.4899382047269371,-0.09198576403196182,0.5254727580230844
4,m13_h3_q3_d4_l50,3,3,0.49089375949125996,0.22564587023524965,0.6090795165834544
4,m13_h3_q3_d8_l1,3,3,0.49799450771480125,0.10620164814988399,0.5955743822296372
4,m13_h3_q3_d8_l50,3,3,0.4951374512473501,0.2276218382920733,0.6563367754262569
4,m14_h3_q3_d2_l1,3,3,0.4793902958701609,0.05508474325735595,0.7085192343541348
4,m14_h3_q3_d2_l50,3,3,0.4807855499434551,-0.03917231778757336,0.6066184397518858
4,m14_h3_q3_d4_l1,3,3,0.48832394874846774,0.037998198637098884,0.6238981665468007
4,m14_h3_q3_d4_l50,3,3,0.48409883683142957,0.23265540325241288,0.6477447487629711
4,m14_h3_q3_d8_l1,3,3,0.4920604744796373,-0.00016497022403767357,0.715164750031987
4,m14_h3_q3_d8_l50,3,3,0.48538303574506714,0.13427357840856685,0.5921145665690755
4,m15_h3_q3_d2_l1,3,3,0.4786220230576509,-0.05854537026312823,0.5496572332262786
4,m15_h3_q3_d2_l50,3,3,0.4805543969648314,0.007521717580505775,0.55036000000768
4,m15_h3_q3_d4_l1,3,3,0.4782163750126456,0.050161803969449685,0.5682799610938432
4,m15_h3_q3_d4_l50,3,3,0.4792062636240379,-0.08164601072205738,0.5869041015653709
4,m15_h3_q3_d8_l1,3,3,0.48942531639417175,-0.12550408429189144,0.6434613533012981
4,m15_h3_q3_d8_l50,3,3,0.4770360253895267,-0.0727769255845475,0.6470763293957867
4,m16_h3_q3_d2_l1,3,3,0.49460464080579136,-0.13950341440103364,0.5582477473895173
4,m16_h3_q3_d2_l50,3,3,0.4965527687209893,-0.0925436885607663,0.47442456042288894
4,m16_h3_q3_d4_l1,3,3,0.5032720297548705,0.02079499220832757,0.6258393190604092
4,m16_h3_q3_d4_l50,3,3,0.5064437425080155,0.05403230542367624,0.6316530584482817
4,m16_h3_q3_d8_l1,3,3,0.5054764605448994,0.206042751851574,0.7000263123070519
4,m16_h3_q3_d8_l50,3,3,0.5069068962145733,0.2642576046959666,0.7019827030600378
4,m17_h3_q3_d2_l1,3,3,0.48885146075683666,-0.04664570104716619,0.515381984167022
4,m17_h3_q3_d2_l50,3,3,0.4901887852939232,-0.15586129400648038,0.46659852352960945
4,m17_h3_q3_d4_l1,3,3,0.49052760243496213,0.10535609404039434,0.5820689700831624
4,m17_h3_q3_d4_l50,3,3,0.4972744153214298,0.16653452911987057,0.6029579756171602
4,m17_h3_q3_d8_l1,3,3,0.4868133301231893,-0.31881053683976573,0.4661584118223823
4,m17_h3_q3_d8_l50,3,3,0.4987923104616221,0.19750671108968476,0.5782545126809892
4,m18_h3_q3_d2_l1,3,3,0.47988919633930543,-0.09849514450333863,0.5414338712347699
4,m18_h3_q3_d2_l50,3,3,0.48235755974795846,-0.10646924457324308,0.5365079821738143
4,m18_h3_q3_d4_l1,3,3,0.47790510972419326,-0.17634685665959296,0.49102962756723906
4,m18_h3_q3_d4_l50,3,3,0.4868854594603454,-0.05109010306386096,0.5577111607838579
4,m18_h3_q3_d8_l1,3,3,0.4830060173246049,0.14487724332230179,0.5697707893907744
4,m18_h3_q3_d8_l50,3,3,0.4876512596707003,-0.18006132596533603,0.4860251258765472
4,m19_h3_q3_d2_l1,3,3,0.4811095314715628,-0.1810187414540927,0.4815867889342824
4,m19_h3_q3_d2_l50,3,3,0.48235282648097566,-0.16582400790997615,0.45266637908619034
4,m19_h3_q3_d4_l1,3,3,0.4816407877060525,-0.02022033219397254,0.5043336672381443
4,m19_h3_q3_d4_l50,3,3,0.4829837639052081,0.02258922347516532,0.5549946032151105
4,m19_h3_q3_d8_l1,3,3,0.4748183838394114,0.08384810024063742,0.5245524601121716
4,m19_h3_q3_d8_l50,3,3,0.49282825277171644,0.2501287376213161,0.5943960832017057
4,m20_h3_q3_d2_l1,3,3,0.4939902344931109,0.12384452126813388,0.5675541144626918
4,m20_h3_q3_d2_l50,3,3,0.4943678361650986,0.1140121469208868,0.5814252781785751
4,m20_h3_q3_d4_l1,3,3,0.4970009455230641,0.34767122585888555,0.6506065954625516
4,m20_h3_q3_d4_l50,3,3,0.5004120768106088,0.25386907914730444,0.5861019778168465
4,m20_h3_q3_d8_l1,3,3,0.506193373878357,0.06562243741574296,0.5842704380096838
4,m20_h3_q3_d8_l50,3,3,0.5060299701987858,0.16785010630727282,0.6768794072924946
4,m21_h3_q3_d2_l1,3,3,0.48613958135878393,-0.011084089153641374,0.48918586870231645
4,m21_h3_q3_d2_l50,3,3,0.49322083134818706,-0.01031783388713199,0.49342308502565374
4,m21_h3_q3_d4_l1,3,3,0.4889325621075274,0.2271613729157061,0.5987395449252848
4,m21_h3_q3_d4_l50,3,3,0.4946702707315681,0.0048708089591966465,0.5315043907997317
4,m21_h3_q3_d8_l1,3,3,0.4942723937219078,0.2525607915225407,0.6112628040867639
4,m21_h3_q3_d8_l50,3,3,0.5014854687290712,0.23459286854058317,0.6144625659310637
4,m22_h3_q3_d2_l1,3,3,0.48430116633350123,0.04743160721204301,0.5989125420804418
4,m22_h3_q3_d2_l50,3,3,0.4868360074172413,-0.029482206622483045,0.5579590596245874
4,m22_h3_q3_d4_l1,3,3,0.48113983850940806,0.16606387128197656,0.6011440494273315
4,m22_h3_q3_d4_l50,3,3,0.4875050935604397,-0.19128642503656326,0.5108214265827818
4,m22_h3_q3_d8_l1,3,3,0.47884074237972274,0.08630011346849788,0.5194943391829937
4,m22_h3_q3_d8_l50,3,3,0.487464189656215,-0.24065560424433913,0.48378577423959207
4,m23_h3_q3_d2_l1,3,3,0.4800942810266357,-0.0682693226145767,0.4518148855200663
4,m23_h3_q3_d2_l50,3,3,0.4845468016961768,-0.2172843422637207,0.47063442922799714
4,m23_h3_q3_d4_l1,3,3,0.4788723210415335,-0.1066055617024224,0.4781125369613678
4,m23_h3_q3_d4_l50,3,3,0.48628546488594093,-0.08046494366770608,0.49178797641007593
4,m23_h3_q3_d8_l1,3,3,0.4859469303280055,0.38277509530630904,0.5571025926073427
4,m23_h3_q3_d8_l50,3,3,0.49004862407461103,-0.13717833227565027,0.3739389060695105
4,m24_h3_q3_d2_l1,3,3,0.48368054319254483,-0.19552320753376315,0.5402272670100263
4,m24_h3_q3_d2_l50,3,3,0.4815396936007926,-0.1695087967826437,0.530588726095114
4,m24_h3_q3_d4_l1,3,3,0.49454162477372166,-0.11468167710230316,0.5575419766729474
4,m24_h3_q3_d4_l50,3,3,0.49202034767894715,-0.196970520962179,0.5233635059244677
4,m24_h3_q3_d8_l1,3,3,0.4982324426879079,0.1013804254091893,0.6252457455565092
4,m24_h3_q3_d8_l50,3,3,0.5009677764835472,-0.08614224015217846,0.49354947216809963
4,m25_h3_q3_d2_l1,3,3,0.4779445300671248,-0.0033659750247514724,0.5740841562918002
4,m25_h3_q3_d2_l50,3,3,0.47923586420412445,0.0026848335844628975,0.5786178783969474
4,m25_h3_q3_d4_l1,3,3,0.49075741314384436,0.0016575081145092803,0.557997549875635
4,m25_h3_q3_d4_l50,3,3,0.4836748915304757,-0.0016768152400496478,0.5501942748348095
4,m25_h3_q3_d8_l1,3,3,0.4939086386219892,-0.2425791553552409,0.4468743457544599
4,m25_h3_q3_d8_l50,3,3,0.492507238366195,0.14578186048648725,0.6558104670604655
4,m26_h3_q3_d2_l1,3,3,0.4744363314835443,-0.25323749673122803,0.509382590676998
4,m26_h3_q3_d2_l50,3,3,0.470459327531337,-0.33749811914090005,0.5120765027130136
4,m26_h3_q3_d4_l1,3,3,0.48009802525275647,-0.1524792524954067,0.5086616243586066
4,m26_h3_q3_d4_l50,3,3,0.4749605231404478,-0.09892475220249763,0.6343953299794665
4,m26_h3_q3_d8_l1,3,3,0.48652015015335787,-0.4042481371172757,0.482258059730201
4,m26_h3_q3_d8_l50,3,3,0.48138377837346297,-0.21390439727297275,0.5584624051780147
4,m27_h3_q3_d2_l1,3,3,0.46893712299881707,-0.17921676409653706,0.5377361130221621
4,m27_h3_q3_d2_l50,3,3,0.47095921704134364,-0.17893571422111107,0.5380267729082676
4,m27_h3_q3_d4_l1,3,3,0.46981871163581146,-0.09486702047146785,0.501046287360114
4,m27_h3_q3_d4_l50,3,3,0.47450153753466595,-0.03463828429008517,0.6373138840771643
4,m27_h3_q3_d8_l1,3,3,0.4763059719417585,-0.4611334757943143,0.44261070836562194
4,m27_h3_q3_d8_l50,3,3,0.4824168315539075,0.10564801356127404,0.6334158617488302
4,m28_h3_q3_d2_l1,3,3,0.4860935203129212,0.2345134810569757,0.7038201839191323
4,m28_h3_q3_d2_l50,3,3,0.48542987389446424,0.08497486909359543,0.6431519224754589
4,m28_h3_q3_d4_l1,3,3,0.49533603652330094,0.5136802939603118,0.7616389709882667
4,m28_h3_q3_d4_l50,3,3,0.49370072810362436,0.19458095722366303,0.6872769047867879
4,m28_h3_q3_d8_l1,3,3,0.5019450901468359,0.13428224067037947,0.5880266541422654
4,m28_h3_q3_d8_l50,3,3,0.5036722380751343,0.3589271842462729,0.6961430507080234
4,m29_h3_q3_d2_l1,3,3,0.4798066114273216,0.18982086108515586,0.6689400058811212
4,m29_h3_q3_d2_l50,3,3,0.4814794327539815,0.03267297237101159,0.5909222411757903
4,m29_h3_q3_d4_l1,3,3,0.48531005865860055,0.10355456933204968,0.5586195425553733
4,m29_h3_q3_d4_l50,3,3,0.4873508031859549,0.12570665511528525,0.6451373488520358
4,m29_h3_q3_d8_l1,3,3,0.5012604619329476,0.20064053977908766,0.5859166654607909
4,m29_h3_q3_d8_l50,3,3,0.493032631001288,0.22700123748711543,0.6823976370750654
4,m30_h3_q3_d2_l1,3,3,0.47627001324184426,-0.10271207744564052,0.5872578230603434
4,m30_h3_q3_d2_l50,3,3,0.4750462871123454,-0.35661665436625395,0.4642368019145378
4,m30_h3_q3_d4_l1,3,3,0.48400360632556627,0.07914400355664919,0.661771673883917
4,m30_h3_q3_d4_l50,3,3,0.48170549923674305,-0.12763322166383453,0.5763547221560967
4,m30_h3_q3_d8_l1,3,3,0.4844263506483304,0.10900671107838918,0.6514683928533062
4,m30_h3_q3_d8_l50,3,3,0.4880359259202742,-0.008852919363707959,0.591924240080075
4,m31_h3_q3_d2_l1,3,3,0.4729170940736106,0.03100184808170371,0.6099728671615691
4,m31_h3_q3_d2_l50,3,3,0.47711119249504497,-0.06078819487161626,0.5474138137012033
4,m31_h3_q3_d4_l1,3,3,0.47427872075759403,-0.13910428920734483,0.5637096151248154
4,m31_h3_q3_d4_l50,3,3,0.47990099418387455,0.01340236606272112,0.5207891689169153
4,m31_h3_q3_d8_l1,3,3,0.4810852999704418,0.01792263956918409,0.5682556157799274
4,m31_h3_q3_d8_l50,3,3,0.4839925149387558,0.06364786291881597,0.5676545223095809
4,m01_h3_q5_d2_l1,3,5,0.4920631292154334,0.36993214503546423,0.5403895193677244
4,m01_h3_q5_d2_l50,3,5,0.4911419717689942,0.5032135431372041,0.5634927857334587
4,m01_h3_q5_d4_l1,3,5,0.49088025069430674,0.3622237517389443,0.5689191195511514
4,m01_h3_q5_d4_l50,3,5,0.4945309787864511,0.4251912507186949,0.5722897735785327
4,m01_h3_q5_d8_l1,3,5,0.4872878335151756,0.15627741704235953,0.4403988648642291
4,m01_h3_q5_d8_l50,3,5,0.494560037380976,0.2785225548622468,0.5457545956115294
4,m02_h3_q5_d2_l1,3,5,0.47972601232394363,-0.07220126371030347,0.5383954376142754
4,m02_h3_q5_d2_l50,3,5,0.48069811917278327,0.15342474392187297,0.6181409460447789
4,m02_h3_q5_d4_l1,3,5,0.4770057404284864,-0.021646863469443205,0.6073833813631777
4,m02_h3_q5_d4_l50,3,5,0.4815373313826622,0.09628973185997433,0.6259337432313612
4,m02_h3_q5_d8_l1,3,5,0.47517194939000196,-0.03415228273659019,0.5767543431727208
4,m02_h3_q5_d8_l50,3,5,0.4824362105732989,0.2876897442503618,0.7202956964200574
4,m03_h3_q5_d2_l1,3,5,0.4893413075282682,0.12654142681357702,0.4212586469488371
4,m03_h3_q5_d2_l50,3,5,0.4909487321154037,0.19582468557375357,0.49176003540749497
4,m03_h3_q5_d4_l1,3,5,0.4722217271498711,0.1015316667105366,0.4816627224208369
4,m03_h3_q5_d4_l50,3,5,0.48733548961019635,0.23180879482685787,0.532929581166441
4,m03_h3_q5_d8_l1,3,5,0.46628592804627056,-0.23813683711147007,0.42345291502579424
4,m03_h3_q5_d8_l50,3,5,0.4851221933272168,0.26055068539252624,0.510778540158427
4,m04_h3_q5_d2_l1,3,5,0.5289617325431462,0.5897444159023184,0.6859791795982695
4,m04_h3_q5_d2_l50,3,5,0.5221056477509423,0.14768560085311502,0.5105988700283034
4,m04_h3_q5_d4_l1,3,5,0.5279101988692719,0.4193251683449295,0.6648918844549105
4,m04_h3_q5_d4_l50,3,5,0.5257023268572705,0.23713666037718037,0.5584450690094745
4,m04_h3_q5_d8_l1,3,5,0.5216226939099384,0.740215674849834,0.7796394119445748
4,m04_h3_q5_d8_l50,3,5,0.5270188749132116,0.3417884535523564,0.5478305058575855
4,m05_h3_q5_d2_l1,3,5,0.5140500241767507,0.5945260737867062,0.6310106711676823
4,m05_h3_q5_d2_l50,3,5,0.5119696225327316,0.5147481763543706,0.5757426547389948
4,m05_h3_q5_d4_l1,3,5,0.5160592322641837,0.7234215859475208,0.6679180906060188
4,m05_h3_q5_d4_l50,3,5,0.5119133457213351,0.5436123623405053,0.5091162122324377
4,m05_h3_q5_d8_l1,3,5,0.5176731466040965,0.5629803284991799,0.5967112753318352
4,m05_h3_q5_d8_l50,3,5,0.5108563877764828,0.441138789079995,0.5272345648260117
4,m06_h3_q5_d2_l1,3,5,0.49941340383852406,0.2380553763662174,0.5058331536559513
4,m06_h3_q5_d2_l50,3,5,0.4984594101802718,-0.01625423333919355,0.43745004492897716
4,m06_h3_q5_d4_l1,3,5,0.5108483482319977,0.19279444216567412,0.6059409239120198
4,m06_h3_q5_d4_l50,3,5,0.5009644547522812,-0.08221590297332995,0.4140253634801574
4,m06_h3_q5_d8_l1,3,5,0.505017838102559,0.4700961890200772,0.667471207302177
4,m06_h3_q5_d8_l50,3,5,0.5003005627293692,0.0015154630514501643,0.4655882888068255
4,m07_h3_q5_d2_l1,3,5,0.5012183300064472,0.38254036447248213,0.5857122198659933
4,m07_h3_q5_d2_l50,3,5,0.5008258452563975,0.39809256850985064,0.6062432984424908
4,m07_h3_q5_d4_l1,3,5,0.49798846722500495,0.4556601199844994,0.5967967708147626
4,m07_h3_q5_d4_l50,3,5,0.497556269062438,0.20450210968484872,0.43014998479731725
4,m07_h3_q5_d8_l1,3,5,0.4952656769180222,0.0837174255454384,0.465439122928992
4,m07_h3_q5_d8_l50,3,5,0.5031614782223268,0.16634170940982332,0.48999168986917213
4,m08_h3_q5_d2_l1,3,5,0.49708755393275145,-0.15497814044066224,0.5215705582608113
4,m08_h3_q5_d2_l50,3,5,0.5002078658128348,-0.12286748107339791,0.5644176209406934
4,m08_h3_q5_d4_l1,3,5,0.4973676787839715,-0.026931409171737728,0.44854755627015125
4,m08_h3_q5_d4_l50,3,5,0.5014004305321365,0.061398031183298465,0.5722141201735405
4,m08_h3_q5_d8_l1,3,5,0.49540757972128546,0.056911089375285065,0.43358427003397565
4,m08_h3_q5_d8_l50,3,5,0.49971619439347353,-0.032623890100073466,0.49373474026717745
4,m09_h3_q5_d2_l1,3,5,0.4886971753496331,0.07834818131075065,0.42808498389081107
4,m09_h3_q5_d2_l50,3,5,0.48953445031987697,0.34280327076180567,0.5530718681697577
4,m09_h3_q5_d4_l1,3,5,0.48324539556883556,0.3593010118981582,0.5986893827637457
4,m09_h3_q5_d4_l50,3,5,0.4847275776135687,0.37300489343791765,0.6162912572263186
4,m09_h3_q5_d8_l1,3,5,0.4729815125347154,0.11454174159301167,0.4851696570310985
4,m09_h3_q5_d8_l50,3,5,0.48403637051180326,0.3048047813791196,0.5780200676683022
4,m10_h3_q5_d2_l1,3,5,0.48539437549593334,0.127714943364312,0.5859184700061261
4,m10_h3_q5_d2_l50,3,5,0.48914719611684193,0.14657778645775674,0.5824749449118773
4,m10_h3_q5_d4_l1,3,5,0.4884530831556239,0.024125551741565537,0.5486310045238644
4,m10_h3_q5_d4_l50,3,5,0.48573223008827615,0.15703321205761636,0.7074693151790862
4,m10_h3_q5_d8_l1,3,5,0.5027621162715731,-0.05882550657761653,0.6295791368768487
4,m10_h3_q5_d8_l50,3,5,0.48428075329175757,-0.10278535904759935,0.5628100943450792
4,m11_h3_q5_d2_l1,3,5,0.483052930811099,0.4793819839421013,0.5722089696676891
4,m11_h3_q5_d2_l50,3,5,0.48529034572753427,0.3514610619373185,0.586564361020589
4,m11_h3_q5_d4_l1,3,5,0.4691635038000893,-0.20737770866796706,0.28319208575952554
4,m11_h3_q5_d4_l50,3,5,0.47563717748834555,0.5098732413883392,0.685713405693908
4,m11_h3_q5_d8_l1,3,5,0.47863214996404485,0.04371167334974911,0.6236982690271066
4,m11_h3_q5_d8_l50,3,5,0.47540393383629237,0.14926902720173474,0.6050238483515414
4,m12_h3_q5_d2_l1,3,5,0.5089909228699663,0.3649986609346528,0.5878999447633789
4,m12_h3_q5_d2_l50,3,5,0.50935706116098,0.23183666874709213,0.579828133113386
4,m12_h3_q5_d4_l1,3,5,0.5145088593842988,0.370747082095102,0.6473729941099517
4,m12_h3_q5_d4_l50,3,5,0.5135803404272465,0.27982932208933503,0.564152617016112
4,m12_h3_q5_d8_l1,3,5,0.5110144665306983,-0.2070655615195738,0.5516187898821413
4,m12_h3_q5_d8_l50,3,5,0.5134410528974905,0.3075040711787889,0.5704719370273021
4,m13_h3_q5_d2_l1,3,5,0.49457669764183687,0.6564197461126027,0.6560664647001108
4,m13_h3_q5_d2_l50,3,5,0.4963016158128348,0.6215954672614342,0.6572371682885582
4,m13_h3_q5_d4_l1,3,5,0.49409345321488796,0.4697987180434536,0.5949158965170283
4,m13_h3_q5_d4_l50,3,5,0.49620485069306686,0.4809279732381539,0.6058005757286018
4,m13_h3_q5_d8_l1,3,5,0.48849366832597696,-0.3280550137905118,0.44806225507515585
4,m13_h3_q5_d8_l50,3,5,0.4945364030574291,0.45598795180319057,0.6910646463040576
4,m14_h3_q5_d2_l1,3,5,0.4911998952340806,0.421438130869741,0.6833110561598914
4,m14_h3_q5_d2_l50,3,5,0.4914085359427693,0.3782783157275298,0.6202713159375126
4,m14_h3_q5_d4_l1,3,5,0.4981719238184388,0.14730158495045134,0.5458081090051753
4,m14_h3_q5_d4_l50,3,5,0.4934878721049891,0.24016788126971853,0.5764832586232579
4,m14_h3_q5_d8_l1,3,5,0.5126574394651359,0.21977893813978203,0.7255252740089724
4,m14_h3_q5_d8_l50,3,5,0.4957647098479964,-0.06901742714902404,0.44474239847941277
4,m15_h3_q5_d2_l1,3,5,0.49220338536500696,0.7910027285642488,0.633126810357958
4,m15_h3_q5_d2_l50,3,5,0.49083123853154137,0.4638827693848451,0.5659355602261786
4,m15_h3_q5_d4_l1,3,5,0.48785273259273954,0.04580159022015054,0.3740937426052195
4,m15_h3_q5_d4_l50,3,5,0.48849589615155725,0.2784797738527641,0.5175232129699355
4,m15_h3_q5_d8_l1,3,5,0.4916989281640547,0.1817018083467474,0.6511122020584744
4,m15_h3_q5_d8_l50,3,5,0.48678395748611386,0.16180837360219824,0.5644039655171935
4,m16_h3_q5_d2_l1,3,5,0.5151995821761555,-0.06358753011742427,0.5581689293365707
4,m16_h3_q5_d2_l50,3,5,0.5162429794435628,0.08654306365661436,0.5541619391559758
4,m16_h3_q5_d4_l1,3,5,0.5129136394068637,0.17660419380809075,0.6643096461525143
4,m16_h3_q5_d4_l50,3,5,0.5194030047361634,0.3258796833207996,0.7056870161210739
4,m16_h3_q5_d8_l1,3,5,0.5066811520531641,-0.03743126880266632,0.6303925080966838
4,m16_h3_q5_d8_l50,3,5,0.5174355441628645,0.28688446749836083,0.6776304512925659
4,m17_h3_q5_d2_l1,3,5,0.5130612570670502,0.247233202249323,0.393423568283648
4,m17_h3_q5_d2_l50,3,5,0.5156792427097798,0.39466491642322654,0.4452949337406709
4,m17_h3_q5_d4_l1,3,5,0.4999543780065959,0.15893434962790845,0.46622709055417055
4,m17_h3_q5_d4_l50,3,5,0.5142592460573299,0.5164370734853615,0.5859661353723977
4,m17_h3_q5_d8_l1,3,5,0.4806464917365106,0.03580857476873167,0.42717451675242835
4,m17_h3_q5_d8_l50,3,5,0.5114296169844773,0.4843821280223207,0.5786366583151673
4,m18_h3_q5_d2_l1,3,5,0.5048647961713946,-0.08053732579387066,0.6435176179962505
4,m18_h3_q5_d2_l50,3,5,0.5062189266762547,0.09761032275557362,0.5828591987153104
4,m18_h3_q5_d4_l1,3,5,0.4937474622160781,0.06108480475579051,0.590249033379002
4,m18_h3_q5_d4_l50,3,5,0.5012208484179725,0.08989858993539801,0.6840640257328937
4,m18_h3_q5_d8_l1,3,5,0.4890324146684686,-0.14939076856160835,0.3925828142908576
4,m18_h3_q5_d8_l50,3,5,0.497611964701944,-0.03887868987710903,0.5565461130618697
4,m19_h3_q5_d2_l1,3,5,0.5004223182404285,0.048641692850730424,0.4308769348827484
4,m19_h3_q5_d2_l50,3,5,0.5038658585536103,0.0751191944903928,0.399325069734439
4,m19_h3_q5_d4_l1,3,5,0.49033850163038084,0.2807607237963818,0.43931307166204847
4,m19_h3_q5_d4_l50,3,5,0.5027680248524597,0.24257682473259623,0.41398171056361605
4,m19_h3_q5_d8_l1,3,5,0.48175265556809166,0.0161953438899918,0.4873897215417421
4,m19_h3_q5_d8_l50,3,5,0.4998259390187959,0.24577685724078194,0.4393897502069032
4,m20_h3_q5_d2_l1,3,5,0.5176372108088673,0.5031966925628669,0.624359168502522
4,m20_h3_q5_d2_l50,3,5,0.5169286654123686,0.4125451727382464,0.6030731538642877
4,m20_h3_q5_d4_l1,3,5,0.522074458192819,0.4951671156982966,0.6598391357024979
4,m20_h3_q5_d4_l50,3,5,0.5250101511356873,0.17127520872988183,0.6169931328452778
4,m20_h3_q5_d8_l1,3,5,0.5176513526582027,0.14380769728064344,0.515942411613659
4,m20_h3_q5_d8_l50,3,5,0.5253905281380182,0.3439059634643812,0.6636124447662313
4,m21_h3_q5_d2_l1,3,5,0.515395921413162,0.33099000613361723,0.5714692547538933
4,m21_h3_q5_d2_l50,3,5,0.51581378400243,0.27467928060034946,0.49019176865765374
4,m21_h3_q5_d4_l1,3,5,0.5148230796530946,0.48445458163736,0.6086838348853046
4,m21_h3_q5_d4_l50,3,5,0.5194842719388515,0.26970462157559966,0.552600023427968
4,m21_h3_q5_d8_l1,3,5,0.5082951632550585,0.23763610799486592,0.6551851659629284
4,m21_h3_q5_d8_l50,3,5,0.5199141454138564,0.4851350025373373,0.6028722366191243
4,m22_h3_q5_d2_l1,3,5,0.5085937887447928,0.3551249696975764,0.6247302258241172
4,m22_h3_q5_d2_l50,3,5,0.5067551546072209,0.054137698909296525,0.5607081664333528
4,m22_h3_q5_d4_l1,3,5,0.5100961180817298,0.2837906378747265,0.598454025444439
4,m22_h3_q5_d4_l50,3,5,0.5106674100500892,0.20387739234940472,0.5752758483937969
4,m22_h3_q5_d8_l1,3,5,0.5053877540108609,0.5444121155553406,0.5396645608012267
4,m22_h3_q5_d8_l50,3,5,0.5075391554875025,0.08766561549258568,0.5095582578887571
4,m23_h3_q5_d2_l1,3,5,0.5074121694294287,0.18365126838604337,0.4743728925894731
4,m23_h3_q5_d2_l50,3,5,0.5073560863419956,0.2104961584031595,0.4308879343997721
4,m23_h3_q5_d4_l1,3,5,0.5037091358671394,0.3301497159818278,0.5959835635390526
4,m23_h3_q5_d4_l50,3,5,0.5074813288843979,0.18181711352816246,0.5303699882392391
4,m23_h3_q5_d8_l1,3,5,0.4895649618441282,0.16741442442564494,0.5521468449000277
4,m23_h3_q5_d8_l50,3,5,0.5092821868490874,0.05158751031719958,0.5204734762909059
4,m24_h3_q5_d2_l1,3,5,0.509138056220244,0.14685491253947525,0.7031030693973296
4,m24_h3_q5_d2_l50,3,5,0.5093235469152946,-0.06186078785663636,0.6683275232648468
4,m24_h3_q5_d4_l1,3,5,0.5065544565810355,0.14256306425789145,0.7005031591428167
4,m24_h3_q5_d4_l50,3,5,0.5062170862986015,0.13395063450063877,0.6243506431341028
4,m24_h3_q5_d8_l1,3,5,0.5006685413980361,0.1625650513618449,0.6578414404963927
4,m24_h3_q5_d8_l50,3,5,0.5030653911364312,-0.24113939937256584,0.60536618467102
4,m25_h3_q5_d2_l1,3,5,0.5055448641452589,0.1380491129211205,0.41458619553444565
4,m25_h3_q5_d2_l50,3,5,0.5071664305817298,0.3726975708688974,0.5429822829116194
4,m25_h3_q5_d4_l1,3,5,0.4968952828989784,0.13321560502168375,0.4887093114066712
4,m25_h3_q5_d4_l50,3,5,0.5028416399585895,0.3640814518025136,0.5773874102494806
4,m25_h3_q5_d8_l1,3,5,0.4915862776792799,-0.04635657551142233,0.42292797227195894
4,m25_h3_q5_d8_l50,3,5,0.5005516289860643,0.19877511738138876,0.6290800120571232
4,m26_h3_q5_d2_l1,3,5,0.5014066296989684,0.1576460936208042,0.6834496675969508
4,m26_h3_q5_d2_l50,3,5,0.5011915960994842,-0.03781486937091755,0.6559723740333775
4,m26_h3_q5_d4_l1,3,5,0.49627158859849235,0.18248519527273252,0.6781604104365023
4,m26_h3_q5_d4_l50,3,5,0.4950883226294386,0.18001124424519888,0.7105614570934965
4,m26_h3_q5_d8_l1,3,5,0.4924412783921841,0.035244495754645846,0.47882577727449405
4,m26_h3_q5_d8_l50,3,5,0.4902802875793494,0.16559913422267794,0.6324461767598873
4,m27_h3_q5_d2_l1,3,5,0.49568470185107116,0.2324736168971981,0.5016444762897876
4,m27_h3_q5_d2_l50,3,5,0.49908533230633806,0.20371813818690188,0.4691626526187034
4,m27_h3_q5_d4_l1,3,5,0.4892207143609899,0.032494825935797986,0.5275037570155285
4,m27_h3_q5_d4_l50,3,5,0.4950990743094128,0.16312687698550807,0.5529311167658847
4,m27_h3_q5_d8_l1,3,5,0.48211317586416386,-0.4020266524540903,0.34748313700040195
4,m27_h3_q5_d8_l50,3,5,0.49140611439322557,0.05258020508897689,0.5820652077543208
4,m28_h3_q5_d2_l1,3,5,0.5072091467156815,0.4967730188031097,0.6278516966767786
4,m28_h3_q5_d2_l50,3,5,0.5088284853265721,0.39422693364434425,0.6755718870500321
4,m28_h3_q5_d4_l1,3,5,0.5117252397527773,0.5018211231489024,0.6542575798721479
4,m28_h3_q5_d4_l50,3,5,0.5091282731600874,0.29712789107239257,0.7019044331417369
4,m28_h3_q5_d8_l1,3,5,0.5050821544584407,0.15736940123107662,0.6632948645318273
4,m28_h3_q5_d8_l50,3,5,0.5125960289687066,0.36466374199744406,0.6494578281128521
4,m29_h3_q5_d2_l1,3,5,0.505834965780599,0.21533221880313522,0.6048890001969042
4,m29_h3_q5_d2_l50,3,5,0.5094297076472922,0.18518235171843433,0.5439012126468745
4,m29_h3_q5_d4_l1,3,5,0.500013173229518,0.14955905023659716,0.5670308249119264
4,m29_h3_q5_d4_l50,3,5,0.5110765550609998,0.2617586367358728,0.5430470032790405
4,m29_h3_q5_d8_l1,3,5,0.49115650106625663,0.19383200079369445,0.595295891226467
4,m29_h3_q5_d8_l50,3,5,0.5064759983758184,0.4193526670454529,0.6944991469841014
4,m30_h3_q5_d2_l1,3,5,0.5043021249194108,-0.001395593690528809,0.5820746280455001
4,m30_h3_q5_d2_l50,3,5,0.5042481727955763,0.07000889822006919,0.6348167876782186
4,m30_h3_q5_d4_l1,3,5,0.49758736175857965,0.28965952238893766,0.6017089399057456
4,m30_h3_q5_d4_l50,3,5,0.5043759337495041,0.009999863468334903,0.5680125598793114
4,m30_h3_q5_d8_l1,3,5,0.4943155577390399,0.10794669361698543,0.5218613803846264
4,m30_h3_q5_d8_l50,3,5,0.501187431034269,0.021955980195081257,0.557268854756625
4,m31_h3_q5_d2_l1,3,5,0.5058925017977584,0.5068220538277943,0.6222297842198742
4,m31_h3_q5_d2_l50,3,5,0.5057863410657607,0.4576436038940848,0.6359241015400106
4,m31_h3_q5_d4_l1,3,5,0.4969102965061496,0.17564568964136812,0.535712192710555
4,m31_h3_q5_d4_l50,3,5,0.5006141049642927,0.23285533889328944,0.6185830721468525
4,m31_h3_q5_d8_l1,3,5,0.48713304806833957,0.2447550145213906,0.568245011655976
4,m31_h3_q5_d8_l50,3,5,0.49701936309759964,0.10675417693988812,0.535570167167977
4,m01_h6_q3_d2_l1,6,3,0.5049285050837765,0.06318745281464508,0.5047751477340908
4,m01_h6_q3_d2_l50,6,3,0.5113813394958263,0.07457693116643298,0.4903852230537077
4,m01_h6_q3_d4_l1,6,3,0.5094301979556366,-0.0213999614301237,0.5162150738448681
4,m01_h6_q3_d4_l50,6,3,0.5157106559725472,-0.01835674000593803,0.44811912382865227
4,m01_h6_q3_d8_l1,6,3,0.5096920803147189,-0.018563438319480846,0.49988617477104846
4,m01_h6_q3_d8_l50,6,3,0.514590283132284,-0.08767259691245559,0.4536331759829058
4,m02_h6_q3_d2_l1,6,3,0.5002966083137916,0.24220719186845419,0.6512817220622291
4,m02_h6_q3_d2_l50,6,3,0.5038660825628374,0.31421349677922616,0.6873390799751381
4,m02_h6_q3_d4_l1,6,3,0.501537452937484,0.018051413310960593,0.6031537715798361
4,m02_h6_q3_d4_l50,6,3,0.506642094551623,0.044885358347520915,0.6302896483365682
4,m02_h6_q3_d8_l1,6,3,0.49256193643130136,-0.2600731645195107,0.492471320509351
4,m02_h6_q3_d8_l50,6,3,0.5074172722327579,-0.005878945336576806,0.6213257598775546
4,m03_h6_q3_d2_l1,6,3,0.5032111554807068,-0.06562386732484361,0.5652124535580086
4,m03_h6_q3_d2_l50,6,3,0.5115118383065177,-0.23496319115230058,0.5161186285075078
4,m03_h6_q3_d4_l1,6,3,0.49815443715862945,-0.08851080742543783,0.4755082627024448
4,m03_h6_q3_d4_l50,6,3,0.514671384088081,-0.2648117849330735,0.42421271494699275
4,m03_h6_q3_d8_l1,6,3,0.4974246760127408,-0.25852235037258925,0.4356335421819171
4,m03_h6_q3_d8_l50,6,3,0.5144768892504517,-0.28739674308296936,0.43274690988449155
4,m04_h6_q3_d2_l1,6,3,0.5143412294698461,0.09277049408764555,0.6598154366146458
4,m04_h6_q3_d2_l50,6,3,0.5106425835166583,-0.004091983065775322,0.5614695214227297
4,m04_h6_q3_d4_l1,6,3,0.5143008264482308,0.5665849850277996,0.7202985237629237
4,m04_h6_q3_d4_l50,6,3,0.5081810220519397,-0.07734588877164647,0.5471409004407563
4,m04_h6_q3_d8_l1,6,3,0.5143189635710727,0.20954929405010567,0.6610718972974029
4,m04_h6_q3_d8_l50,6,3,0.5093043440178682,0.06179383952103893,0.5414483270954212
4,m05_h6_q3_d2_l1,6,3,0.5085025504776035,0.18594379492965732,0.6076321368888732
4,m05_h6_q3_d2_l50,6,3,0.5086508914985702,0.09910583394884422,0.5660848551380859
4,m05_h6_q3_d4_l1,6,3,0.5086503754015788,0.02384742817108563,0.642618039879381
4,m05_h6_q3_d4_l50,6,3,0.5139160392770454,0.29194185991127,0.669438719855199
4,m05_h6_q3_d8_l1,6,3,0.5098778015034937,0.07733397482446543,0.620907147657557
4,m05_h6_q3_d8_l50,6,3,0.5157468564900892,0.21838099628858554,0.6928009850872175
4,m06_h6_q3_d2_l1,6,3,0.5112807005824965,0.09008341631143495,0.6406916585529673
4,m06_h6_q3_d2_l50,6,3,0.5087547744501318,-0.25169143297848584,0.5339218160111799
4,m06_h6_q3_d4_l1,6,3,0.5120159913390078,0.2912596244736612,0.5970670319437595
4,m06_h6_q3_d4_l50,6,3,0.5101885656204791,-0.04292871099040376,0.5080061979481924
4,m06_h6_q3_d8_l1,6,3,0.5030426866770741,0.5859229157109905,0.75866353244037
4,m06_h6_q3_d8_l50,6,3,0.5105467369325348,-0.07181295884813206,0.47584359383043007
4,m07_h6_q3_d2_l1,6,3,0.5055339605828711,-0.041057156690524135,0.5787103750081461
4,m07_h6_q3_d2_l50,6,3,0.5098082021377917,0.06092764905302528,0.5894383377655456
4,m07_h6_q3_d4_l1,6,3,0.5071267096265802,0.08408402423275337,0.5450686940575565
4,m07_h6_q3_d4_l50,6,3,0.5150967217371648,-0.07985756228706405,0.5919008935706107
4,m07_h6_q3_d8_l1,6,3,0.5030493959379627,0.35106689293486515,0.6675027259833496
4,m07_h6_q3_d8_l50,6,3,0.5153059622031207,-0.31003511540751416,0.51610234242425
4,m08_h6_q3_d2_l1,6,3,0.48530620255686246,0.005612015408864245,0.655206023556143
4,m08_h6_q3_d2_l50,6,3,0.488238960574761,0.023488246236756542,0.6877604998631346
4,m08_h6_q3_d4_l1,6,3,0.4873728023668503,0.06543931430007323,0.6777341545305757
4,m08_h6_q3_d4_l50,6,3,0.4845760727702656,0.02214374226456511,0.7568677953870052
4,m08_h6_q3_d8_l1,6,3,0.4916615683656727,0.2581877350544308,0.7493529107895874
4,m08_h6_q3_d8_l50,6,3,0.4838952671104216,0.03455698508804512,0.7385223714581763
4,m09_h6_q3_d2_l1,6,3,0.48432222677862136,-0.10739417029013568,0.5734423463866681
4,m09_h6_q3_d2_l50,6,3,0.48905085487042943,0.03999563767703188,0.593300868302911
4,m09_h6_q3_d4_l1,6,3,0.4857030811432757,-0.1548675048011861,0.5987993714600942
4,m09_h6_q3_d4_l50,6,3,0.4924890192992258,0.009870707300248605,0.5781671242028293
4,m09_h6_q3_d8_l1,6,3,0.4913508042486874,-0.12142317646937133,0.6074608020814879
4,m09_h6_q3_d8_l50,6,3,0.49312956939373787,0.005746101176035412,0.6009164679699379
4,m10_h6_q3_d2_l1,6,3,0.487423158687586,-0.22951195226922153,0.4563722166073093
4,m10_h6_q3_d2_l50,6,3,0.49035997175327434,-0.1351198597105595,0.5365217590613391
4,m10_h6_q3_d4_l1,6,3,0.48653768370656725,-0.23517949330736593,0.49391784429280483
4,m10_h6_q3_d4_l50,6,3,0.4887907419867463,-0.1371942335244405,0.5808458485044073
4,m10_h6_q3_d8_l1,6,3,0.4915382211847199,0.33161844085458725,0.6251834012417734
4,m10_h6_q3_d8_l50,6,3,0.48784053369737346,-0.07512184934183706,0.5806949111299283
4,m11_h6_q3_d2_l1,6,3,0.49369712862803283,-0.48116117898274685,0.37437333886073226
4,m11_h6_q3_d2_l50,6,3,0.49583524473540525,-0.415914777143623,0.3670686617666197
4,m11_h6_q3_d4_l1,6,3,0.4892990975233095,-0.14596280973251557,0.5421646103909273
4,m11_h6_q3_d4_l50,6,3,0.49294215245770545,-0.24300040981553248,0.49216159958761807
4,m11_h6_q3_d8_l1,6,3,0.4885946988581428,-0.455731580935269,0.5351546132119275
4,m11_h6_q3_d8_l50,6,3,0.49402057398537913,-0.36922770122512943,0.45734169784684553
4,m12_h6_q3_d2_l1,6,3,0.49087009676523674,-0.12847833967857925,0.6232110738058197
4,m12_h6_q3_d2_l50,6,3,0.49526753804482704,-0.15668147856633255,0.6075033022578754
4,m12_h6_q3_d4_l1,6,3,0.49917195924131386,0.14652603438589415,0.6919759606371054
4,m12_h6_q3_d4_l50,6,3,0.5002887194026369,-0.13526813340855662,0.640139794951414
4,m12_h6_q3_d8_l1,6,3,0.5083163131918372,0.09829056771958883,0.6322621030485251
4,m12_h6_q3_d8_l50,6,3,0.4997933400190012,-0.14124270090558885,0.6070529681166058
4,m13_h6_q3_d2_l1,6,3,0.4969126340690959,-0.26607944541417416,0.5803135856574771
4,m13_h6_q3_d2_l50,6,3,0.49736502994615933,-0.29471517630466554,0.46345994318259653
4,m13_h6_q3_d4_l1,6,3,0.5002200047746345,0.07855052125150656,0.6701593047130068
4,m13_h6_q3_d4_l50,6,3,0.5013040296410722,-0.029684947008333483,0.5708250246332249
4,m13_h6_q3_d8_l1,6,3,0.5021437194461366,-0.045530969859255144,0.5569086460398341
4,m13_h6_q3_d8_l50,6,3,0.5033773387119487,-0.10958137878053471,0.525493503133098
4,m14_h6_q3_d2_l1,6,3,0.49422008233663944,-0.27235664618560756,0.4424755500569859
4,m14_h6_q3_d2_l50,6,3,0.4966913759160537,-0.2263320141454666,0.5533530598835612
4,m14_h6_q3_d4_l1,6,3,0.49476132062437117,0.07674364981222355,0.6155066623783646
4,m14_h6_q3_d4_l50,6,3,0.49805777956494796,-0.2124935779874587,0.5446487324782225
4,m14_h6_q3_d8_l1,6,3,0.49444930312897806,0.5270340587426104,0.7621926712266147
4,m14_h6_q3_d8_l50,6,3,0.4976123141331982,-0.3104977786365123,0.5256634039631716
4,m15_h6_q3_d2_l1,6,3,0.49106695090339825,-0.2187568755662449,0.5943755137329069
4,m15_h6_q3_d2_l50,6,3,0.4975639484722866,-0.28311588115950986,0.4748559758559633
4,m15_h6_q3_d4_l1,6,3,0.49407786075142834,-0.1041332472957937,0.4700982520693079
4,m15_h6_q3_d4_l50,6,3,0.49545923121307417,-0.3022196025288602,0.5115192111692397
4,m15_h6_q3_d8_l1,6,3,0.4996110103247415,-0.0713378153680555,0.6487554276406472
4,m15_h6_q3_d8_l50,6,3,0.49596920876875333,-0.2510263040201211,0.47839992685841726
4,m16_h6_q3_d2_l1,6,3,0.49664042977018497,-0.3773985932328403,0.5440032536839386
4,m16_h6_q3_d2_l50,6,3,0.4957620326907631,-0.16767545730481753,0.6151978891184494
4,m16_h6_q3_d4_l1,6,3,0.5011346023715983,-0.5151461285812509,0.5136463674770994
4,m16_h6_q3_d4_l50,6,3,0.5033027995607573,-0.39076211680863987,0.5658018662601764
4,m16_h6_q3_d8_l1,6,3,0.501673849999506,-0.5345398400604258,0.4398958497880565
4,m16_h6_q3_d8_l50,6,3,0.5033390738064409,-0.3425471939721328,0.5845719082237365
4,m17_h6_q3_d2_l1,6,3,0.49449612049891534,-0.1981837331995454,0.5723592127106808
4,m17_h6_q3_d2_l50,6,3,0.4930402108860781,-0.02673963165907595,0.6057971600842716
4,m17_h6_q3_d4_l1,6,3,0.49767970165465125,-0.02789321217349589,0.6137402727890234
4,m17_h6_q3_d4_l50,6,3,0.49631492002487293,0.2178467898564972,0.6705531099896486
4,m17_h6_q3_d8_l1,6,3,0.5046409653314057,0.13253071423403467,0.6596038627804203
4,m17_h6_q3_d8_l50,6,3,0.49846394789720705,0.1869219680829174,0.6131479879102439
4,m18_h6_q3_d2_l1,6,3,0.5014072490393591,-0.4945991529328484,0.44330904753284894
4,m18_h6_q3_d2_l50,6,3,0.49914246798466044,-0.3705245931815791,0.464111540024732
4,m18_h6_q3_d4_l1,6,3,0.5108041956031191,-0.17020683909316972,0.5325291471737875
4,m18_h6_q3_d4_l50,6,3,0.5041905601141665,-0.35200294326988524,0.39691706566749835
4,m18_h6_q3_d8_l1,6,3,0.5049108103297845,0.05863009772367769,0.5788142273668029
4,m18_h6_q3_d8_l50,6,3,0.5053644595852557,-0.43135554344862503,0.3485245641445145
4,m19_h6_q3_d2_l1,6,3,0.5022738496161196,-0.14923193110124428,0.48701087053250297
4,m19_h6_q3_d2_l50,6,3,0.5043986209298563,-0.03418429696100613,0.5576154274533055
4,m19_h6_q3_d4_l1,6,3,0.5082228996363876,0.08466658937440366,0.5431752896217674
4,m19_h6_q3_d4_l50,6,3,0.5068190420915435,-0.255591710788147,0.4723496967495117
4,m19_h6_q3_d8_l1,6,3,0.5038674833975284,0.20856089461362984,0.6427416982097369
4,m19_h6_q3_d8_l50,6,3,0.507414470563376,-0.13357872358497197,0.5081130029686824
4,m20_h6_q3_d2_l1,6,3,0.5101591480919674,-0.2875749688828393,0.6271002541337597
4,m20_h6_q3_d2_l50,6,3,0.5110568619444971,-0.2730163191941192,0.5623690136730415
4,m20_h6_q3_d4_l1,6,3,0.5132092075832048,-0.3056862649289548,0.5667231553808456
4,m20_h6_q3_d4_l50,6,3,0.5160167752166096,-0.46640841335670175,0.5030889058635029
4,m20_h6_q3_d8_l1,6,3,0.5170023730139667,-0.1505547563219429,0.609604346704786
4,m20_h6_q3_d8_l50,6,3,0.5167987358867748,-0.5023208801823048,0.4638719265654596
4,m21_h6_q3_d2_l1,6,3,0.5049068290101363,0.049529337870443856,0.5923485271926829
4,m21_h6_q3_d2_l50,6,3,0.5071096784258629,-0.3220276023863021,0.5014920399484835
4,m21_h6_q3_d4_l1,6,3,0.5028233454557144,-0.08890140456069047,0.5146813214943073
4,m21_h6_q3_d4_l50,6,3,0.5142060857862317,-0.3910897278775853,0.4450014658052846
4,m21_h6_q3_d8_l1,6,3,0.5094435427492723,0.0831137651167154,0.5836519493624562
4,m21_h6_q3_d8_l50,6,3,0.5171515987726328,-0.15469598935402729,0.47740414129829156
4,m22_h6_q3_d2_l1,6,3,0.5060434220415587,-0.30248624465239626,0.4804870694502938
4,m22_h6_q3_d2_l50,6,3,0.5060884699360969,-0.5391086943858536,0.4242523851397406
4,m22_h6_q3_d4_l1,6,3,0.5137933556493672,-0.10698072671039958,0.5581370751228443
4,m22_h6_q3_d4_l50,6,3,0.5113943893768954,-0.26046261769705875,0.5195406274924326
4,m22_h6_q3_d8_l1,6,3,0.5135746779812822,0.08412542278083132,0.5750940090173703
4,m22_h6_q3_d8_l50,6,3,0.5129288194605726,-0.17520141328404087,0.519464820542086
4,m23_h6_q3_d2_l1,6,3,0.5009788885364683,0.001200949261359182,0.5603292439972647
4,m23_h6_q3_d2_l50,6,3,0.504915528930849,-0.22484526473909122,0.5207216742871356
4,m23_h6_q3_d4_l1,6,3,0.5083382104499024,-0.18202085971724036,0.5177819406007395
4,m23_h6_q3_d4_l50,6,3,0.512510043616094,-0.1744381628473327,0.49060642422295403
4,m23_h6_q3_d8_l1,6,3,0.5080261929545092,0.09818886722420637,0.5693425634953554
4,m23_h6_q3_d8_l50,6,3,0.5136487010354822,-0.3984046320246541,0.40029777149559903
4,m24_h6_q3_d2_l1,6,3,0.48686673240267775,0.06488750823934497,0.6976870940650245
4,m24_h6_q3_d2_l50,6,3,0.4860942089346416,-0.12161460579760658,0.5552868801318743
4,m24_h6_q3_d4_l1,6,3,0.4863962731309142,0.09121731559570007,0.6112894321392237
4,m24_h6_q3_d4_l50,6,3,0.4898169639901435,0.016521670839178056,0.6507133739072255
4,m24_h6_q3_d8_l1,6,3,0.48002498204351113,-0.3526326959560277,0.44092436701375937
4,m24_h6_q3_d8_l50,6,3,0.4905220999367265,0.026551769416637644,0.6280842848119937
4,m25_h6_q3_d2_l1,6,3,0.4855056371799812,-0.2286472409362189,0.4977470420708435
4,m25_h6_q3_d2_l50,6,3,0.48402539728040483,-0.0451958137862851,0.6568685247094302
4,m25_h6_q3_d4_l1,6,3,0.4840893933073427,-0.01672071417295838,0.5680459701724748
4,m25_h6_q3_d4_l50,6,3,0.48372930506360445,-0.24072546686855653,0.499095872770096
4,m25_h6_q3_d8_l1,6,3,0.48350001054312425,-0.2665487527061225,0.39092608643914817
4,m25_h6_q3_d8_l50,6,3,0.4876479557914266,-0.03143933058288921,0.5636531967009335
4,m26_h6_q3_d2_l1,6,3,0.49371467592574164,-0.17112423842471863,0.5263188269147149
4,m26_h6_q3_d2_l50,6,3,0.49118594812399474,-0.3072340731853886,0.4899075880826724
4,m26_h6_q3_d4_l1,6,3,0.4978476543612924,0.036184755068944086,0.6230005067041507
4,m26_h6_q3_d4_l50,6,3,0.49227085772813217,-0.2220711949328716,0.5356493310054503
4,m26_h6_q3_d8_l1,6,3,0.4996528141810478,0.21427538751063352,0.6314378891342602
4,m26_h6_q3_d8_l50,6,3,0.4947616155369377,-0.4509430796191118,0.4086106627753321
4,m27_h6_q3_d2_l1,6,3,0.4904077475890529,-0.26033300848063223,0.45464024738913605
4,m27_h6_q3_d2_l50,6,3,0.49212988952132886,-0.4185952841415083,0.4267812792929715
4,m27_h6_q3_d4_l1,6,3,0.4900996376851664,-0.28068124561013325,0.5264039128211233
4,m27_h6_q3_d4_l50,6,3,0.4913052402571579,-0.5961027660533202,0.40007859084186476
4,m27_h6_q3_d8_l1,6,3,0.491019322523903,-0.11059164609224875,0.5903404466742873
4,m27_h6_q3_d8_l50,6,3,0.49034235072742394,-0.42051693671826157,0.4719834770861631
4,m28_h6_q3_d2_l1,6,3,0.49752723185775305,-0.16482629106670138,0.4924793900344587
4,m28_h6_q3_d2_l50,6,3,0.4985406251645059,0.03718369299151578,0.6743640926327508
4,m28_h6_q3_d4_l1,6,3,0.500707568975257,-0.05404117359966414,0.5767595818947524
4,m28_h6_q3_d4_l50,6,3,0.5029422689481693,-0.1994915420014375,0.58264960155669
4,m28_h6_q3_d8_l1,6,3,0.5020809767976063,-0.15233221552872517,0.5895648617903522
4,m28_h6_q3_d8_l50,6,3,0.5057859633709745,-0.37127627280130215,0.47070932515617925
4,m29_h6_q3_d2_l1,6,3,0.4978327612766824,0.023223735714532442,0.5684390081945709
4,m29_h6_q3_d2_l50,6,3,0.49474303604524605,-0.37963516587404367,0.5115541838347659
4,m29_h6_q3_d4_l1,6,3,0.4985376023106989,0.030544675671591838,0.5936616087214163
4,m29_h6_q3_d4_l50,6,3,0.5003409189269135,-0.02040630729669701,0.5641496974088285
4,m29_h6_q3_d8_l1,6,3,0.4942009130198147,-0.054849185630872065,0.5388772995309233
4,m29_h6_q3_d8_l50,6,3,0.5017996302091328,-0.10309282394603174,0.5732536605040496
4,m30_h6_q3_d2_l1,6,3,0.5005883505702355,-0.1652441317497466,0.4887360556086514
4,m30_h6_q3_d2_l50,6,3,0.5003049395937963,-0.4861225273932612,0.4488419119559563
4,m30_h6_q3_d4_l1,6,3,0.5000743179667666,-0.17020202209390814,0.577718233979909
4,m30_h6_q3_d4_l50,6,3,0.5030303003492798,-0.33707917634709955,0.5039408864515154
4,m30_h6_q3_d8_l1,6,3,0.5049835800055767,0.06936714327224426,0.6726677197023737
4,m30_h6_q3_d8_l50,6,3,0.5031812955833452,-0.5345615528217896,0.43367877650983894
4,m31_h6_q3_d2_l1,6,3,0.49230182354761826,-0.28505447788821775,0.46523694470404475
4,m31_h6_q3_d2_l50,6,3,0.49557535303614697,-0.5415148309814398,0.4307892421887244
4,m31_h6_q3_d4_l1,6,3,0.49149715460982996,-0.4137723850123389,0.4243380338123046
4,m31_h6_q3_d4_l50,6,3,0.4993499389752172,-0.27644965854365827,0.5093224687044221
4,m31_h6_q3_d8_l1,6,3,0.49896360351305746,-0.13838593646930808,0.5585028165512128
4,m31_h6_q3_d8_l50,6,3,0.4966511940788635,-0.526555155116804,0.3935184849365055
4,m01_h6_q5_d2_l1,6,5,0.4956736274649346,-0.04007105629980258,0.5289466582024557
4,m01_h6_q5_d2_l50,6,5,0.5010765892681537,0.1335838023557422,0.5674219401686801
4,m01_h6_q5_d4_l1,6,5,0.5009936969489157,-0.08117500042311207,0.5452582322544085
4,m01_h6_q5_d4_l50,6,5,0.5075741340380933,0.08121409235545576,0.5257888732954203
4,m01_h6_q5_d8_l1,6,5,0.5091286682883909,-0.16172503973701044,0.5622257795421695
4,m01_h6_q5_d8_l50,6,5,0.5066117744293773,0.1368348012162301,0.5882559053933657
4,m02_h6_q5_d2_l1,6,5,0.4996890527146628,-0.34613500714028056,0.3304088312672007
4,m02_h6_q5_d2_l50,6,5,0.5038797648931214,-0.2532057696271088,0.44351209409452136
4,m02_h6_q5_d4_l1,6,5,0.5042897786087677,-0.1674455941871626,0.4271666606781524
4,m02_h6_q5_d4_l50,6,5,0.5083630263055742,-0.1871547914394367,0.4024935253987332
4,m02_h6_q5_d8_l1,6,5,0.49888701898193677,-0.20513871250284202,0.3762336570841257
4,m02_h6_q5_d8_l50,6,5,0.509012416865069,-0.12187109102452844,0.5154722830987172
4,m03_h6_q5_d2_l1,6,5,0.4944785628331867,-0.09874182010279252,0.4561196166054506
4,m03_h6_q5_d2_l50,6,5,0.49760137932819204,-0.2750209088923708,0.49338542046000866
4,m03_h6_q5_d4_l1,6,5,0.4945346667809637,-0.17831922191006602,0.45695985421637586
4,m03_h6_q5_d4_l50,6,5,0.5005888387311733,-0.18110045514257472,0.45126259882820097
4,m03_h6_q5_d8_l1,6,5,0.48859553319574556,-0.12306295932159594,0.45380679139358976
4,m03_h6_q5_d8_l50,6,5,0.5004380151454376,-0.23054999749756344,0.41289290162635317
4,m04_h6_q5_d2_l1,6,5,0.5057695075953627,0.4369253932433188,0.6292850301103837
4,m04_h6_q5_d2_l50,6,5,0.5033420767882097,-0.023690879606306763,0.553110256713702
4,m04_h6_q5_d4_l1,6,5,0.5083353281403654,0.3165858264500948,0.6941602629291656
4,m04_h6_q5_d4_l50,6,5,0.5042193201374152,-0.1661944737465735,0.5239834707549144
4,m04_h6_q5_d8_l1,6,5,0.5089822925831996,0.2841780263443326,0.6975206765595096
4,m04_h6_q5_d8_l50,6,5,0.5043812634245122,-0.15549099939409522,0.5394953661924481
4,m05_h6_q5_d2_l1,6,5,0.4998010584338285,0.49538840203001916,0.6899222832791047
4,m05_h6_q5_d2_l50,6,5,0.4985874946625434,0.04955025074801302,0.6288114758730399
4,m05_h6_q5_d4_l1,6,5,0.5044542491007195,0.27444572218370866,0.600555484875753
4,m05_h6_q5_d4_l50,6,5,0.5046544037252213,-0.18290061720490045,0.5139855745962632
4,m05_h6_q5_d8_l1,6,5,0.5043111082177424,0.6189065043804202,0.7576871181262488
4,m05_h6_q5_d8_l50,6,5,0.5061621341416075,-0.14126015456982313,0.5262462840268084
4,m06_h6_q5_d2_l1,6,5,0.49850096316831427,0.06819655607800898,0.5760477987848613
4,m06_h6_q5_d2_l50,6,5,0.5028305705255939,-0.2553171344227292,0.4100104001503004
4,m06_h6_q5_d4_l1,6,5,0.49885163811396926,-0.12771645735064763,0.5352561242413196
4,m06_h6_q5_d4_l50,6,5,0.5003474401234409,-0.10937313234435965,0.45605165596170516
4,m06_h6_q5_d8_l1,6,5,0.49428669744060866,0.47387572843926107,0.7124514779189519
4,m06_h6_q5_d8_l50,6,5,0.5015318904947983,-0.0657186075899016,0.45835182547923425
4,m07_h6_q5_d2_l1,6,5,0.49638680467496504,-0.013424157560836068,0.529722060044317
4,m07_h6_q5_d2_l50,6,5,0.4999317654689198,-0.19706607393462164,0.4293311147020205
4,m07_h6_q5_d4_l1,6,5,0.48866275684488386,-0.018047111460077748,0.4812889137376527
4,m07_h6_q5_d4_l50,6,5,0.4989821429726722,-0.17613451307822278,0.44520113414640666
4,m07_h6_q5_d8_l1,6,5,0.48991362215982603,-0.05168073485262873,0.41736265416855706
4,m07_h6_q5_d8_l50,6,5,0.5027388835334611,-0.025293769265568828,0.5263774292588004
4,m08_h6_q5_d2_l1,6,5,0.5239326299751565,0.4726340942285403,0.7660153050825147
4,m08_h6_q5_d2_l50,6,5,0.5277937946405465,0.4899324391754085,0.8053975190866516
4,m08_h6_q5_d4_l1,6,5,0.5266502849878372,0.34812529191153296,0.7922414748999586
4,m08_h6_q5_d4_l50,6,5,0.5245590735145697,0.30918153793741815,1.0065875360726615
4,m08_h6_q5_d8_l1,6,5,0.5235616363024688,0.00871414593072343,0.7117669959297033
4,m08_h6_q5_d8_l50,6,5,0.5235997465516795,0.38461484020524606,1.0333055168260066
4,m09_h6_q5_d2_l1,6,5,0.5071379384801511,0.24180843884286873,0.6389467278382557
4,m09_h6_q5_d2_l50,6,5,0.5083490761347756,-0.046619056573112855,0.5431633972221999
4,m09_h6_q5_d4_l1,6,5,0.5115862233774132,-0.24722294951244547,0.5473404241943893
4,m09_h6_q5_d4_l50,6,5,0.5113443193287097,-0.1407641066943351,0.6002062196182077
4,m09_h6_q5_d8_l1,6,5,0.5185152125601677,0.07006351821515734,0.5095597391972679
4,m09_h6_q5_d8_l50,6,5,0.5108270510390249,0.013745972078236598,0.6339414203563354
4,m10_h6_q5_d2_l1,6,5,0.5060546773911806,0.011588921224615564,0.5558915381195725
4,m10_h6_q5_d2_l50,6,5,0.5138738492119973,-0.02208484040038427,0.5492352101658292
4,m10_h6_q5_d4_l1,6,5,0.5128407278673465,-0.025257295526180543,0.5843163101324121
4,m10_h6_q5_d4_l50,6,5,0.5159117872069251,0.39692338506344693,0.7259345209350141
4,m10_h6_q5_d8_l1,6,5,0.5235061388838569,-0.016791306204429618,0.6134660760377525
4,m10_h6_q5_d8_l50,6,5,0.5170409423360592,0.21726068446158403,0.6955351428754258
4,m11_h6_q5_d2_l1,6,5,0.49603107531960045,-0.31393503671500705,0.34046977621023966
4,m11_h6_q5_d2_l50,6,5,0.5005229292285596,-0.26641533380886295,0.40069269165306126
4,m11_h6_q5_d4_l1,6,5,0.4968507994863102,-0.31814933075671775,0.4532822645921315
4,m11_h6_q5_d4_l50,6,5,0.5049277462023187,-0.023593154832190735,0.5960626634868718
4,m11_h6_q5_d8_l1,6,5,0.49998918356322136,-0.0298219460804173,0.6956939038594122
4,m11_h6_q5_d8_l50,6,5,0.5091321052869935,0.1461874180973037,0.6892403613988594
4,m12_h6_q5_d2_l1,6,5,0.5115478098636199,0.08080888674873953,0.7438308801913712
4,m12_h6_q5_d2_l50,6,5,0.5163674927863465,0.09822148233633432,0.7298219947314394
4,m12_h6_q5_d4_l1,6,5,0.5203040692446044,0.23179091583464462,0.6885730127784102
4,m12_h6_q5_d4_l50,6,5,0.5183609519758294,0.2873196295332781,0.7578830396240962
4,m12_h6_q5_d8_l1,6,5,0.5287740468596346,0.04598586189040444,0.6400083892946766
4,m12_h6_q5_d8_l50,6,5,0.5217465977757363,0.17543568763452722,0.6010668516998661
4,m13_h6_q5_d2_l1,6,5,0.500005762027069,0.01842714167720934,0.6332969952863001
4,m13_h6_q5_d2_l50,6,5,0.5033599693985819,0.0030490699288098677,0.5140932226881204
4,m13_h6_q5_d4_l1,6,5,0.5023279600240671,0.12162061640412435,0.5767477618344764
4,m13_h6_q5_d4_l50,6,5,0.509789683990218,0.14828767476864485,0.6027231510760788
4,m13_h6_q5_d8_l1,6,5,0.518494388392164,0.28550810866285026,0.6970389309593564
4,m13_h6_q5_d8_l50,6,5,0.5117067205048911,0.12358215807465646,0.670677985415715
4,m14_h6_q5_d2_l1,6,5,0.49840523264841363,0.06359927662781538,0.5408612165826608
4,m14_h6_q5_d2_l50,6,5,0.5080427789063713,-0.1064489581943239,0.5123233472358234
4,m14_h6_q5_d4_l1,6,5,0.5021894691980229,-0.012622600353948929,0.6477934546276992
4,m14_h6_q5_d4_l50,6,5,0.5142298818319445,0.15809061919820966,0.6632713074635789
4,m14_h6_q5_d8_l1,6,5,0.50669598089514,0.1167995827162626,0.7069869065141251
4,m14_h6_q5_d8_l50,6,5,0.5157237631657264,0.06307731036043238,0.682442513722324
4,m15_h6_q5_d2_l1,6,5,0.49759228139071476,0.21192245305247492,0.703279207922877
4,m15_h6_q5_d2_l50,6,5,0.5038936139757259,-0.01935358288283863,0.5814331006144214
4,m15_h6_q5_d4_l1,6,5,0.5005565915972259,-0.08716893484791227,0.6588271542892647
4,m15_h6_q5_d4_l50,6,5,0.508824696088453,-0.038665004179909396,0.580762547759029
4,m15_h6_q5_d8_l1,6,5,0.4907987503881787,0.1387050494227161,0.46823792519021873
4,m15_h6_q5_d8_l50,6,5,0.5122368269952384,0.31075844704615474,0.7085150651212252
4,m16_h6_q5_d2_l1,6,5,0.48206169776409086,-0.04762592536042086,0.6404755242352291
4,m16_h6_q5_d2_l50,6,5,0.4799808983748253,-0.23026467646835327,0.5453538458144985
4,m16_h6_q5_d4_l1,6,5,0.48461013113969253,-0.23352724809373687,0.6471378519231551
4,m16_h6_q5_d4_l50,6,5,0.48436054438823045,0.08332255001863244,0.6490293816447905
4,m16_h6_q5_d8_l1,6,5,0.4843460887764608,-0.10601324229632382,0.6403576336485873
4,m16_h6_q5_d8_l50,6,5,0.48422367097329333,-0.031343007226079606,0.5908205349869267
4,m17_h6_q5_d2_l1,6,5,0.4796003013236892,-0.18407595233545007,0.4774433042202468
4,m17_h6_q5_d2_l50,6,5,0.47746592519150155,-0.012201830130519164,0.5701565049341647
4,m17_h6_q5_d4_l1,6,5,0.47601945422079606,-0.038774389519010084,0.5024553257654099
4,m17_h6_q5_d4_l50,6,5,0.4779033338077739,-0.07110347534361706,0.6552412676776435
4,m17_h6_q5_d8_l1,6,5,0.4848707365043217,-0.12318911250662276,0.4511126183678085
4,m17_h6_q5_d8_l50,6,5,0.4798171355002329,-0.19083606325527913,0.6310109362235263
4,m18_h6_q5_d2_l1,6,5,0.49587843214636923,-0.20640841372129104,0.39961928568998534
4,m18_h6_q5_d2_l50,6,5,0.4939511857240826,-0.01132141100094031,0.5117077628376611
4,m18_h6_q5_d4_l1,6,5,0.4931763447155944,-0.16813914065128097,0.33426635520399167
4,m18_h6_q5_d4_l50,6,5,0.48926372615936026,-0.2623022739189236,0.37034516984132365
4,m18_h6_q5_d8_l1,6,5,0.49360738477563276,0.20760542052592368,0.5334924482034662
4,m18_h6_q5_d8_l50,6,5,0.4875917274274106,-0.23974280776774026,0.4193041094874671
4,m19_h6_q5_d2_l1,6,5,0.48660864473888515,0.02417112911390601,0.5077118556747258
4,m19_h6_q5_d2_l50,6,5,0.4883610085852182,-0.2663217642497643,0.3782798330911449
4,m19_h6_q5_d4_l1,6,5,0.48717554733191865,-0.05098536271554049,0.5614806576030141
4,m19_h6_q5_d4_l50,6,5,0.4856895508772838,-0.10985126563797284,0.5844265478051233
4,m19_h6_q5_d8_l1,6,5,0.4824646353061436,0.3714953249798181,0.6194785608405506
4,m19_h6_q5_d8_l50,6,5,0.4899496095569587,-0.06598770922361621,0.5351567596268311
4,m20_h6_q5_d2_l1,6,5,0.48739703156539516,-0.15624968527693472,0.6332696095710549
4,m20_h6_q5_d2_l50,6,5,0.48703473147740795,-0.3069778621512218,0.5941524140259612
4,m20_h6_q5_d4_l1,6,5,0.4884297485572693,0.1821481378818023,0.6318883749941195
4,m20_h6_q5_d4_l50,6,5,0.48858107758397595,-0.3660342996046149,0.5058769325789472
4,m20_h6_q5_d8_l1,6,5,0.4934028833587806,0.08436195246965812,0.6009113037881587
4,m20_h6_q5_d8_l50,6,5,0.4889647072809379,-0.46115761088570506,0.44591009269861387
4,m21_h6_q5_d2_l1,6,5,0.4818314188577196,-0.2528421873434292,0.5236931450397481
4,m21_h6_q5_d2_l50,6,5,0.4828903176918896,-0.13615247716641027,0.6626163463723076
4,m21_h6_q5_d4_l1,6,5,0.4879163216189638,0.17278638901167123,0.6661566044080566
4,m21_h6_q5_d4_l50,6,5,0.48324028502018523,-0.18921670845202415,0.5764101666724611
4,m21_h6_q5_d8_l1,6,5,0.49411302792298534,0.07426184197329325,0.6237718587635892
4,m21_h6_q5_d8_l50,6,5,0.4872322578088608,-0.2341292949941076,0.5038211126396858
4,m22_h6_q5_d2_l1,6,5,0.48938685157988715,0.035799509863410864,0.5786060907133042
4,m22_h6_q5_d2_l50,6,5,0.4907482062910823,-0.18188424395675062,0.5603336760207367
4,m22_h6_q5_d4_l1,6,5,0.491455722562238,0.21868710926564894,0.5979568464364368
4,m22_h6_q5_d4_l50,6,5,0.49193659910201337,-0.27475850949054426,0.41843394543914186
4,m22_h6_q5_d8_l1,6,5,0.4955979124074841,0.11478015985555927,0.5931229311347799
4,m22_h6_q5_d8_l50,6,5,0.49332292259717403,-0.32907128629477617,0.39285594177025346
4,m23_h6_q5_d2_l1,6,5,0.49186351233761194,-0.10315983068825334,0.531303665861385
4,m23_h6_q5_d2_l50,6,5,0.48830824054784944,0.004875332863806147,0.6085882690762483
4,m23_h6_q5_d4_l1,6,5,0.48643436869209666,0.11442368824635982,0.5934059361300438
4,m23_h6_q5_d4_l50,6,5,0.49203475573857464,-0.16313506429255858,0.5520214075717357
4,m23_h6_q5_d8_l1,6,5,0.48808412802132395,0.25377542353955257,0.6196642472591478
4,m23_h6_q5_d8_l50,6,5,0.4918707906875938,-0.01570095282304833,0.6117802057208614
4,m24_h6_q5_d2_l1,6,5,0.514706613755758,-0.13627534236632374,0.6340376960333753
4,m24_h6_q5_d2_l50,6,5,0.5123439804810828,-0.013099875764118401,0.6925644067660157
4,m24_h6_q5_d4_l1,6,5,0.5052856994979557,0.03323190443106172,0.5682045517670378
4,m24_h6_q5_d4_l50,6,5,0.5107011962372547,-0.07481880560712406,0.5956061238168575
4,m24_h6_q5_d8_l1,6,5,0.4896212751022203,-0.10214752816100404,0.4410983892881119
4,m24_h6_q5_d8_l50,6,5,0.5078909444386936,-0.08660307703989309,0.5722374925303991
4,m25_h6_q5_d2_l1,6,5,0.4935966694270483,0.04450220197988354,0.6309600350265933
4,m25_h6_q5_d2_l50,6,5,0.4996694416049894,-0.017221917544963508,0.7008307555497937
4,m25_h6_q5_d4_l1,6,5,0.4949048517480979,-0.031491789034240374,0.5912660901947876
4,m25_h6_q5_d4_l50,6,5,0.49884344997023966,0.13182195385941223,0.6812421027545995
4,m25_h6_q5_d8_l1,6,5,0.4968778911223539,-0.08574744043619521,0.5445249652354438
4,m25_h6_q5_d8_l50,6,5,0.49563774115599607,-0.1286195951916085,0.5529030816001809
4,m26_h6_q5_d2_l1,6,5,0.5014873106011594,0.1759616692107507,0.6785611396942963
4,m26_h6_q5_d2_l50,6,5,0.505355652528337,0.20703689702428155,0.7865622968736521
4,m26_h6_q5_d4_l1,6,5,0.5031724507983542,-0.041943043624778166,0.6725198356577942
4,m26_h6_q5_d4_l50,6,5,0.5034441758643444,-0.13663940691237456,0.7177540680984104
4,m26_h6_q5_d8_l1,6,5,0.5057453475169504,0.22576191416025684,0.6849556869851429
4,m26_h6_q5_d8_l50,6,5,0.5019490814722323,-0.12584242053252276,0.6142339587471738
4,m27_h6_q5_d2_l1,6,5,0.49878249378914136,0.05895501103017513,0.6486069883537553
4,m27_h6_q5_d2_l50,6,5,0.49889419624372444,0.09737799743050396,0.7894080037563959
4,m27_h6_q5_d4_l1,6,5,0.496524082442679,-0.15966455991610612,0.478950768295851
4,m27_h6_q5_d4_l50,6,5,0.4976481831621034,-0.3582820898883871,0.518731668422585
4,m27_h6_q5_d8_l1,6,5,0.48303911951374157,-0.08311256657393597,0.6191461243093276
4,m27_h6_q5_d8_l50,6,5,0.4979562999780032,-0.3038573925060564,0.6083566668162607
4,m28_h6_q5_d2_l1,6,5,0.5040741574905543,-0.06650381522365087,0.6952575030726563
4,m28_h6_q5_d2_l50,6,5,0.5095783085761607,0.14226265432884824,0.7278858993667643
4,m28_h6_q5_d4_l1,6,5,0.5061801278401739,0.1381976666435762,0.6618766336434547
4,m28_h6_q5_d4_l50,6,5,0.5078581918637752,0.14486302493956874,0.617527259409131
4,m28_h6_q5_d8_l1,6,5,0.5057925557036386,0.13378298579528183,0.7578748080646565
4,m28_h6_q5_d8_l50,6,5,0.5074657674939186,0.023671772743143443,0.6079789603789634
4,m29_h6_q5_d2_l1,6,5,0.4987637924732157,0.27979438785098054,0.6912605475010438
4,m29_h6_q5_d2_l50,6,5,0.4976901347626934,-0.20034279491117685,0.5396301352076878
4,m29_h6_q5_d4_l1,6,5,0.49138930761865324,-0.08669555354484494,0.6758409131528026
4,m29_h6_q5_d4_l50,6,5,0.49693682553956836,-0.13551424820492886,0.6106035053868907
4,m29_h6_q5_d8_l1,6,5,0.496845441812018,0.045360506243118034,0.5678173519816178
4,m29_h6_q5_d8_l50,6,5,0.49961000174680403,-0.44530749546168846,0.5845870515427967
4,m30_h6_q5_d2_l1,6,5,0.5032895109272294,-0.009157968615401205,0.520050314307135
4,m30_h6_q5_d2_l50,6,5,0.5048228166567466,-0.1878865348949698,0.5943084344575901
4,m30_h6_q5_d4_l1,6,5,0.49573579670436313,0.25453383437332827,0.7191592008947425
4,m30_h6_q5_d4_l50,6,5,0.5067032592451219,0.2647221040156738,0.6595645930742472
4,m30_h6_q5_d8_l1,6,5,0.5024913185458827,0.28502262787591964,0.768873841585908
4,m30_h6_q5_d8_l50,6,5,0.5077717614577403,0.11230003015027422,0.6496030832149603
4,m31_h6_q5_d2_l1,6,5,0.4980000711660887,0.3104061478686104,0.8437699962421457
4,m31_h6_q5_d2_l50,6,5,0.4972588925262667,0.06683748539526192,0.6332893439262974
4,m31_h6_q5_d4_l1,6,5,0.4885287138993841,0.15738890912944575,0.7450602109011056
4,m31_h6_q5_d4_l50,6,5,0.4973533088996429,-0.2910437438720349,0.5755777411047169
4,m31_h6_q5_d8_l1,6,5,0.4939476476372859,0.24637742311222474,0.7182027408533641
4,m31_h6_q5_d8_l50,6,5,0.4986797881838414,-0.2111085539275209,0.5709639974004745
5,m01_h1_q3_d2_l1,1,3,0.4975829640181492,-0.4116974792532699,0.5517253650521152
5,m01_h1_q3_d2_l50,1,3,0.4975829640181492,-0.4116974792532699,0.5517253650521152
5,m01_h1_q3_d4_l1,1,3,0.4990173578136541,-0.7241816147221393,0.39789521324420885
5,m01_h1_q3_d4_l50,1,3,0.4990173578136541,-0.7241816147221393,0.39789521324420885
5,m01_h1_q3_d8_l1,1,3,0.4997164186979002,-0.2957123291631194,0.41923262982915716
5,m01_h1_q3_d8_l50,1,3,0.4996867415848897,-0.2957123291631194,0.41923262982915716
5,m02_h1_q3_d2_l1,1,3,0.4682174606943126,-1.2089003436379915,0.22888970732773775
5,m02_h1_q3_d2_l50,1,3,0.4682174606943126,-1.2089003436379915,0.22888970732773775
5,m02_h1_q3_d4_l1,1,3,0.47473488445710665,-0.44123952680615464,0.4213708821593013
5,m02_h1_q3_d4_l50,1,3,0.47473488445710665,-0.44123952680615464,0.4213708821593013
5,m02_h1_q3_d8_l1,1,3,0.4824839084098343,-0.437421183499793,0.47543614716091065
5,m02_h1_q3_d8_l50,1,3,0.4824839084098343,-0.437421183499793,0.47543614716091065
5,m03_h1_q3_d2_l1,1,3,0.4791095794423341,-1.0940399651782375,0.3140261638447319
5,m03_h1_q3_d2_l50,1,3,0.4803922902157856,-1.1150034856268904,0.3162950903484241
5,m03_h1_q3_d4_l1,1,3,0.4821761457563926,-0.7801211461390859,0.40949452331124553
5,m03_h1_q3_d4_l50,1,3,0.48203545425767647,-0.9749625601471414,0.3887893472280305
5,m03_h1_q3_d8_l1,1,3,0.48628175451092115,-0.3664661813601222,0.3949825690206174
5,m03_h1_q3_d8_l50,1,3,0.4870495124160248,-0.8347676106555276,0.2867777558283142
5,m04_h1_q3_d2_l1,1,3,0.5053567188983856,-0.2612829750107298,0.5437604721644885
5,m04_h1_q3_d2_l50,1,3,0.5053567188983856,-0.2612829750107298,0.5437604721644885
5,m04_h1_q3_d4_l1,1,3,0.5079501688297985,-0.5150743260034106,0.4195975907543262
5,m04_h1_q3_d4_l50,1,3,0.5079666561148043,-0.5150743260034106,0.4195975907543262
5,m04_h1_q3_d8_l1,1,3,0.5061893267911787,-0.7503739373799779,0.38128212331825595
5,m04_h1_q3_d8_l50,1,3,0.5061893267911787,-0.7503739373799779,0.38128212331825595
5,m05_h1_q3_d2_l1,1,3,0.5029417438271605,-0.46116021653181094,0.5751058727972786
5,m05_h1_q3_d2_l50,1,3,0.5049367740098836,-0.3969571269008742,0.592746968342316
5,m05_h1_q3_d4_l1,1,3,0.49752086191129397,-0.6745479058023613,0.46708594884320737
5,m05_h1_q3_d4_l50,1,3,0.5051089974411733,-0.460686731592332,0.535835628019501
5,m05_h1_q3_d8_l1,1,3,0.5011890080370018,-0.5054233091991174,0.5460886833822869
5,m05_h1_q3_d8_l50,1,3,0.5094252312616511,-0.37827499489455435,0.490259277345433
5,m06_h1_q3_d2_l1,1,3,0.48408262547923037,-0.969564325042092,0.3544355526551021
5,m06_h1_q3_d2_l50,1,3,0.48203167592152935,-1.0022616061463405,0.3554581545677776
5,m06_h1_q3_d4_l1,1,3,0.48856256430041156,-0.7256801239434285,0.40841494728074834
5,m06_h1_q3_d4_l50,1,3,0.48723939098167496,-0.742616286854362,0.39722542071333533
5,m06_h1_q3_d8_l1,1,3,0.5009693836613204,-0.168609955120429,0.5169161173967736
5,m06_h1_q3_d8_l50,1,3,0.48349890689300407,-0.7777932167242516,0.36282226606793383
5,m07_h1_q3_d2_l1,1,3,0.4847157372234533,-1.0710651940985891,0.36087534238770325
5,m07_h1_q3_d2_l50,1,3,0.4862621758599768,-0.9748062845448611,0.36520999158813144
5,m07_h1_q3_d4_l1,1,3,0.47973973721466007,-1.078811448485946,0.39031511293251603
5,m07_h1_q3_d4_l50,1,3,0.4871698008995463,-0.9523550570142226,0.3684774596966928
5,m07_h1_q3_d8_l1,1,3,0.4810093955541487,-0.8367860098212176,0.37812986687768074
5,m07_h1_q3_d8_l50,1,3,0.48742926954732513,-0.7790824413496776,0.47123454044260493
5,m08_h1_q3_d2_l1,1,3,0.4986216629735148,-0.3556848343683186,0.5065232480978514
5,m08_h1_q3_d2_l50,1,3,0.4986216629735148,-0.3556848343683186,0.5065232480978514
5,m08_h1_q3_d4_l1,1,3,0.4948262899651789,-0.5095090174382703,0.5012996429034847
5,m08_h1_q3_d4_l50,1,3,0.4948394797931835,-0.5095090174382703,0.5012996429034847
5,m08_h1_q3_d8_l1,1,3,0.4982226706763744,-0.44336099573629956,0.48354861320185194
5,m08_h1_q3_d8_l50,1,3,0.4982160757623721,-0.44336099573629956,0.48354861320185194
5,m09_h1_q3_d2_l1,1,3,0.5037977087070451,-0.15291454348096314,0.5336011902017824
5,m09_h1_q3_d2_l50,1,3,0.5043574520329922,-0.12247587742035335,0.5570244135156465
5,m09_h1_q3_d4_l1,1,3,0.4970800331284514,-0.2897792055191651,0.5246954047880376
5,m09_h1_q3_d4_l50,1,3,0.501083832898069,-0.30609044921339845,0.4980308952725228
5,m09_h1_q3_d8_l1,1,3,0.49730824463174,-0.18330407047402864,0.4686206303642378
5,m09_h1_q3_d8_l50,1,3,0.5010461869306391,-0.19812882557515224,0.5184652941219231
5,m10_h1_q3_d2_l1,1,3,0.4784874592214484,-0.7863796226377051,0.33202511122615824
5,m10_h1_q3_d2_l50,1,3,0.47951777714026944,-0.6937613087401497,0.36289281779515503
5,m10_h1_q3_d4_l1,1,3,0.4706632120308818,-0.7142804015917944,0.3790877056521039
5,m10_h1_q3_d4_l50,1,3,0.47511890080370023,-0.7105329706189263,0.4012009345188199
5,m10_h1_q3_d8_l1,1,3,0.47645052385600223,-1.0313997349953175,0.2781780261896037
5,m10_h1_q3_d8_l50,1,3,0.47561874032745943,-0.9602956140760092,0.341444771151495
5,m11_h1_q3_d2_l1,1,3,0.4834231340789983,-0.972220728397753,0.34758862927841144
5,m11_h1_q3_d2_l50,1,3,0.48481122608244526,-0.8964306674650827,0.38200848864144576
5,m11_h1_q3_d4_l1,1,3,0.4781359365657205,-0.890766469113333,0.3318315369932822
5,m11_h1_q3_d4_l50,1,3,0.4839914645325525,-1.01244940923719,0.3161659597119071
5,m11_h1_q3_d8_l1,1,3,0.4798008775632232,-0.9306083638183716,0.3559978968973129
5,m11_h1_q3_d8_l50,1,3,0.4845747709366537,-0.946913282619983,0.3293322833117169
5,m12_h1_q3_d2_l1,1,3,0.5054187523082199,-0.1899649468865575,0.4453075036185318
5,m12_h1_q3_d2_l50,1,3,0.5085036607268475,-0.12467050682115083,0.4328304748706784
5,m12_h1_q3_d4_l1,1,3,0.5082489321735079,-0.017524583786946518,0.5627818255977797
5,m12_h1_q3_d4_l50,1,3,0.5117376416807359,0.05320453024359323,0.6122691235383912
5,m12_h1_q3_d8_l1,1,3,0.520225982971932,-0.3108520017125898,0.45420647274502696
5,m12_h1_q3_d8_l50,1,3,0.5156889569264184,0.005054118409321492,0.621562469312585
5,m13_h1_q3_d2_l1,1,3,0.5059172865885828,-0.38584558720055695,0.558687765954421
5,m13_h1_q3_d2_l50,1,3,0.5071817239544864,-0.3298402495014759,0.5098219836233701
5,m13_h1_q3_d4_l1,1,3,0.5006602470674616,-0.5151044950869176,0.414889210711563
5,m13_h1_q3_d4_l50,1,3,0.5080140570591959,-0.3267611353123975,0.5003365979681098
5,m13_h1_q3_d8_l1,1,3,0.5025137613872181,-0.24966033155173126,0.47505529911078
5,m13_h1_q3_d8_l50,1,3,0.5093352381643277,-0.10742661524288905,0.5648740781538816
5,m14_h1_q3_d2_l1,1,3,0.487437513189828,-0.8501901950840305,0.3852891148292169
5,m14_h1_q3_d2_l50,1,3,0.48741168310998556,-0.813206940098501,0.3978338861509351
5,m14_h1_q3_d4_l1,1,3,0.49080930036755654,-0.8981656120384447,0.3454259958037348
5,m14_h1_q3_d4_l50,1,3,0.49206274621012275,-0.9351790441715504,0.33891463220959916
5,m14_h1_q3_d8_l1,1,3,0.4981626294801449,-0.15576635890508114,0.6005430308935735
5,m14_h1_q3_d8_l50,1,3,0.4931796223752242,-0.8596546956809777,0.42254818882307343
5,m15_h1_q3_d2_l1,1,3,0.49366276852291513,-0.7822328158723989,0.4686293092098393
5,m15_h1_q3_d2_l50,1,3,0.4936900412401956,-0.7579935521777043,0.41117074895304484
5,m15_h1_q3_d4_l1,1,3,0.48747330433769476,-1.0571212432595958,0.37448723709540754
5,m15_h1_q3_d4_l50,1,3,0.49157279905736695,-1.1005421486175548,0.3212653840512527
5,m15_h1_q3_d8_l1,1,3,0.48896760193538746,-0.7301332945485194,0.49458428595577386
5,m15_h1_q3_d8_l50,1,3,0.4939242293842988,-0.7159835571414641,0.5207520366010613
5,m16_h1_q3_d2_l1,1,3,0.5058018755935423,0.23183349370448542,0.6386483709530624
5,m16_h1_q3_d2_l50,1,3,0.505815065421547,0.23183349370448542,0.6386483709530624
5,m16_h1_q3_d4_l1,1,3,0.5036337976152792,-0.2924909412305773,0.568880205702935
5,m16_h1_q3_d4_l50,1,3,0.5036337976152792,-0.2924909412305773,0.568880205702935
5,m16_h1_q3_d8_l1,1,3,0.506031048855123,0.03217911627909508,0.5949361121061213
5,m16_h1_q3_d8_l50,1,3,0.5060277513981217,0.03217911627909508,0.5949361121061213
5,m17_h1_q3_d2_l1,1,3,0.5038337746429953,-0.4191733423060478,0.47628144629095176
5,m17_h1_q3_d2_l50,1,3,0.5049994943899265,-0.41378510087258025,0.4712371955347319
5,m17_h1_q3_d4_l1,1,3,0.49899400082656253,-0.324630487504818,0.47826799728402325
5,m17_h1_q3_d4_l50,1,3,0.5024369581178995,-0.3595546427658138,0.4641435282201829
5,m17_h1_q3_d8_l1,1,3,0.4930194209225845,-0.23260157900115552,0.4976755121308586
5,m17_h1_q3_d8_l50,1,3,0.5013923512187402,0.0011866845679471241,0.625677176567043
5,m18_h1_q3_d2_l1,1,3,0.4876706021815975,-0.5105515660521583,0.4810763187538472
5,m18_h1_q3_d2_l50,1,3,0.48878514264798983,-0.39598360563643303,0.5440872083267703
5,m18_h1_q3_d4_l1,1,3,0.4922265199078471,-0.4131728164248939,0.4466845117014929
5,m18_h1_q3_d4_l50,1,3,0.4927563800297211,-0.38825259083205504,0.44084212413833684
5,m18_h1_q3_d8_l1,1,3,0.5081677322948542,0.14476997391470858,0.5113423694163687
5,m18_h1_q3_d8_l50,1,3,0.49364724299620133,-0.37218144800135167,0.40361824750311487
5,m19_h1_q3_d2_l1,1,3,0.4890696857083817,-0.7445070625448162,0.339787586108698
5,m19_h1_q3_d2_l50,1,3,0.4909791194031163,-0.7786148740896525,0.343079760367492
5,m19_h1_q3_d4_l1,1,3,0.48629652437040555,-0.6507675326712654,0.43810047194626095
5,m19_h1_q3_d4_l50,1,3,0.4888969813979459,-0.7769559883455944,0.3496858673507699
5,m19_h1_q3_d8_l1,1,3,0.4899751124432838,-0.34093350173173514,0.4547930183271256
5,m19_h1_q3_d8_l50,1,3,0.4946341443978405,-0.50079818243657,0.3754107937589443
5,m20_h1_q3_d2_l1,1,3,0.5131567847376104,0.02997699550101151,0.7049532188996052
5,m20_h1_q3_d2_l50,1,3,0.5138921176488692,-0.008963165667742126,0.6806694331493444
5,m20_h1_q3_d4_l1,1,3,0.5085986687066935,-0.08793095676957835,0.5935016021361186
5,m20_h1_q3_d4_l50,1,3,0.5101247730250431,-0.16427713608424047,0.6462609495755592
5,m20_h1_q3_d8_l1,1,3,0.5014062280169533,-0.3767425799775926,0.48354403544681923
5,m20_h1_q3_d8_l50,1,3,0.5053157754739545,-0.46274533805568846,0.5243995004607263
5,m21_h1_q3_d2_l1,1,3,0.506935513831733,-0.2533020261912005,0.5894714180224967
5,m21_h1_q3_d2_l50,1,3,0.5080151562115297,-0.27209527615308193,0.5702894353196787
5,m21_h1_q3_d4_l1,1,3,0.5002629034988217,-0.3610645079884419,0.5969693670102715
5,m21_h1_q3_d4_l50,1,3,0.5036739166754599,-0.38289077533871835,0.602152935104696
5,m21_h1_q3_d8_l1,1,3,0.5008315774374802,-0.46175033456064996,0.5982842420087507
5,m21_h1_q3_d8_l50,1,3,0.5056457272651331,-0.40884411736286796,0.5646122605208678
5,m22_h1_q3_d2_l1,1,3,0.4918815921661215,-0.5420676575905454,0.487119657511977
5,m22_h1_q3_d2_l50,1,3,0.4936830341440681,-0.4807182468113003,0.46704487951871937
5,m22_h1_q3_d4_l1,1,3,0.49639594819475213,-0.30383747002148237,0.5745422023494621
5,m22_h1_q3_d4_l50,1,3,0.49677680447838624,-0.6477047726276534,0.42887745997217147
5,m22_h1_q3_d8_l1,1,3,0.4921495105474658,-0.6302023050738178,0.39678453969976046
5,m22_h1_q3_d8_l50,1,3,0.4944731185809504,-0.5180409025247932,0.4299481304218755
5,m23_h1_q3_d2_l1,1,3,0.4947530589409448,-0.33512200245198764,0.49792780895511385
5,m23_h1_q3_d2_l50,1,3,0.49569640643136015,-0.3124716780062151,0.498476697388127
5,m23_h1_q3_d4_l1,1,3,0.49163586292251416,-0.5688653303807579,0.43236991537258657
5,m23_h1_q3_d4_l50,1,3,0.4931375797984594,-0.722697675826,0.379140786483091
5,m23_h1_q3_d8_l1,1,3,0.49240032337061657,-0.5526848710221607,0.5017465237532921
5,m23_h1_q3_d8_l50,1,3,0.49597627809433364,-0.569809198447735,0.47688623073083586
5,m24_h1_q3_d2_l1,1,3,0.5027503539270515,-0.26360012616914275,0.43103061379357416
5,m24_h1_q3_d2_l50,1,3,0.5037857554254159,-0.2523664465832794,0.43532522868118007
5,m24_h1_q3_d4_l1,1,3,0.4933798741910239,-0.4183091298759449,0.4133254152643778
5,m24_h1_q3_d4_l50,1,3,0.49811584680894094,-0.2636881220279017,0.48121551864006995
5,m24_h1_q3_d8_l1,1,3,0.49589171206165805,-0.12177720495276055,0.5042364342567816
5,m24_h1_q3_d8_l50,1,3,0.49484861649695755,-0.22026213416017015,0.5205045295009401
5,m25_h1_q3_d2_l1,1,3,0.5041238134650557,-0.20033780923308203,0.5199634561559421
5,m25_h1_q3_d2_l50,1,3,0.5047688097938869,-0.02608131742402202,0.5652119219117764
5,m25_h1_q3_d4_l1,1,3,0.4938117036641342,-0.16390567838267875,0.5074907769094892
5,m25_h1_q3_d4_l50,1,3,0.5003695212751925,-0.10754142708931701,0.5100193341103818
5,m25_h1_q3_d8_l1,1,3,0.48210662437128493,-0.44666386445242773,0.3881321864508144
5,m25_h1_q3_d8_l50,1,3,0.49541777131476206,-0.3315043981401065,0.4708195990799281
5,m26_h1_q3_d2_l1,1,3,0.48840469854648094,-0.4402297564595584,0.43910361310229806
5,m26_h1_q3_d2_l50,1,3,0.4899080641509268,-0.21330587609589086,0.5127049907156241
5,m26_h1_q3_d4_l1,1,3,0.4839341712171573,-0.4595207321219776,0.5231749759089281
5,m26_h1_q3_d4_l50,1,3,0.4878332080299673,-0.5072179585773126,0.49734407625686766
5,m26_h1_q3_d8_l1,1,3,0.47619607009074594,-1.0329871598549512,0.25901277089130487
5,m26_h1_q3_d8_l50,1,3,0.47968052038268083,-0.691498277194389,0.4238361202704112
5,m27_h1_q3_d2_l1,1,3,0.493733182969294,-0.4528022853081723,0.4431229550106086
5,m27_h1_q3_d2_l50,1,3,0.4936161232457529,-0.39100393804207817,0.4488572503276185
5,m27_h1_q3_d4_l1,1,3,0.4842484600875805,-0.7653566853746157,0.32672728319536404
5,m27_h1_q3_d4_l50,1,3,0.4877619005223172,-0.6286912900310281,0.40482375827700534
5,m27_h1_q3_d8_l1,1,3,0.4766368301765678,-0.47545455930373315,0.3717443388622397
5,m27_h1_q3_d8_l50,1,3,0.4859477495955119,-0.43685315332316726,0.4648811388316461
5,m28_h1_q3_d2_l1,1,3,0.5117143533906651,0.11682199032784445,0.5834668386901382
5,m28_h1_q3_d2_l50,1,3,0.5122912022748056,0.13191493154866105,0.6163142431228461
5,m28_h1_q3_d4_l1,1,3,0.5093631291547958,-0.22420356881165035,0.5638289090173636
5,m28_h1_q3_d4_l50,1,3,0.5117013009567022,-0.22180496746769918,0.507313950526124
5,m28_h1_q3_d8_l1,1,3,0.5053022421608455,-0.3319823534035385,0.5095921891725916
5,m28_h1_q3_d8_l50,1,3,0.5094371158462594,-0.358288395007138,0.46740881692930175
5,m29_h1_q3_d2_l1,1,3,0.5057414222151877,-0.19724380845809616,0.5022519656275716
5,m29_h1_q3_d2_l50,1,3,0.506342521147691,-0.1500523227448627,0.5078876590419689
5,m29_h1_q3_d4_l1,1,3,0.5001186397550209,-0.35276742600108063,0.44078160577208386
5,m29_h1_q3_d4_l50,1,3,0.5032456594474342,-0.43407595660138065,0.46154255528971194
5,m29_h1_q3_d8_l1,1,3,0.49443533521947874,-0.5626632527558483,0.5194101197347435
5,m29_h1_q3_d8_l50,1,3,0.5052295607127782,-0.25030799581877194,0.5221051505215197
5,m30_h1_q3_d2_l1,1,3,0.49856134698920185,-0.31665840942534873,0.496246608136378
5,m30_h1_q3_d2_l50,1,3,0.4988131902676656,-0.45753381615232913,0.4924354418057461
5,m30_h1_q3_d4_l1,1,3,0.497807740670395,-0.45856101835109386,0.4503479577363067
5,m30_h1_q3_d4_l50,1,3,0.49899530606995884,-0.44837600252732673,0.471504562370778
5,m30_h1_q3_d8_l1,1,3,0.4894677162472301,-0.41172809167567276,0.4985065544394286
5,m30_h1_q3_d8_l50,1,3,0.4997226701267983,-0.45974068930719414,0.406063581368818
5,m31_h1_q3_d2_l1,1,3,0.49975743081935214,-0.3128808842988643,0.4860078620038715
5,m31_h1_q3_d2_l50,1,3,0.5007854817364848,-0.3319210026008958,0.45081408528551387
5,m31_h1_q3_d4_l1,1,3,0.4926202912314024,-0.5654358620896608,0.3906657611411544
5,m31_h1_q3_d4_l50,1,3,0.4964019248355668,-0.6814920969631734,0.3440705375149211
5,m31_h1_q3_d8_l1,1,3,0.48422840055749006,-0.47383796724408056,0.42660045743334896
5,m31_h1_q3_d8_l50,1,3,0.49374486146283986,-0.6468852082839924,0.3916856794935059
5,m01_h1_q5_d2_l1,1,5,0.4988471137152778,-0.5183261021231242,0.4867991502550005
5,m01_h1_q5_d2_l50,1,5,0.4988471137152778,-0.5183261021231242,0.4867991502550005
5,m01_h1_q5_d4_l1,1,5,0.5025273075810185,-0.43945065409096584,0.36961922076715514
5,m01_h1_q5_d4_l50,1,5,0.5025001808449074,-0.43945065409096584,0.36961922076715514
5,m01_h1_q5_d8_l1,1,5,0.5000180844907408,-0.3970958152657621,0.3613929583208312
5,m01_h1_q5_d8_l50,1,5,0.5000045211226852,-0.3970958152657621,0.3613929583208312
5,m02_h1_q5_d2_l1,1,5,0.4864366319444444,-1.2519303579061574,0.16716592948030204
5,m02_h1_q5_d2_l50,1,5,0.4864366319444444,-1.2519303579061574,0.16716592948030204
5,m02_h1_q5_d4_l1,1,5,0.4969346788194444,-0.9739526396970603,0.22829440442914453
5,m02_h1_q5_d4_l50,1,5,0.4969346788194444,-0.9739526396970603,0.22829440442914453
5,m02_h1_q5_d8_l1,1,5,0.5019305193865741,-0.4232144760785713,0.48749106423316324
5,m02_h1_q5_d8_l50,1,5,0.5019124348958333,-0.4232144760785713,0.48749106423316324
5,m03_h1_q5_d2_l1,1,5,0.48930839256004044,-0.7981201778094127,0.5276427411055576
5,m03_h1_q5_d2_l50,1,5,0.4903219717520254,-0.884285334337895,0.4929678887464175
5,m03_h1_q5_d4_l1,1,5,0.48759036593967015,-0.9086849310843811,0.3723004973628646
5,m03_h1_q5_d4_l50,1,5,0.4918482274184992,-1.101368175961928,0.1589005808276299
5,m03_h1_q5_d8_l1,1,5,0.4923911389009452,-0.5678832647150417,0.3888866893606615
5,m03_h1_q5_d8_l50,1,5,0.4973517523871528,-0.9158931795289248,0.2810820903998348
5,m04_h1_q5_d2_l1,1,5,0.5147637261284722,-0.2762996445909616,0.53749144058136
5,m04_h1_q5_d2_l50,1,5,0.5147637261284722,-0.2762996445909616,0.53749144058136
5,m04_h1_q5_d4_l1,1,5,0.513644748263889,-0.31897418152646245,0.5720689438574221
5,m04_h1_q5_d4_l50,1,5,0.5136583116319444,-0.31897418152646245,0.5720689438574221
5,m04_h1_q5_d8_l1,1,5,0.510226779513889,-0.6847921376511128,0.4245947241437637
5,m04_h1_q5_d8_l50,1,5,0.5101906105324074,-0.6847921376511128,0.4245947241437637
5,m05_h1_q5_d2_l1,1,5,0.508429256486304,-0.21796866750021157,0.6505455171647798
5,m05_h1_q5_d2_l50,1,5,0.510819329155816,-0.08230323953898612,0.6648789086837309
5,m05_h1_q5_d4_l1,1,5,0.5054833682966821,-0.3188170454588316,0.5931017449361049
5,m05_h1_q5_d4_l50,1,5,0.5108087798695505,0.02292174005550345,0.6712530594717036
5,m05_h1_q5_d8_l1,1,5,0.5164518003110532,-0.40577999325335595,0.43558908695373805
5,m05_h1_q5_d8_l50,1,5,0.5108864866657022,-0.38184509056886956,0.5483560931694197
5,m06_h1_q5_d2_l1,1,5,0.5041591503002025,-0.5666282993857128,0.6477446028301472
5,m06_h1_q5_d2_l50,1,5,0.5056267255618248,-0.5997580698797733,0.5697575082700312
5,m06_h1_q5_d4_l1,1,5,0.5052299970461998,-0.6671263159064011,0.6552495320244391
5,m06_h1_q5_d4_l50,1,5,0.5062577047465759,-0.6911584492148605,0.5838365664507869
5,m06_h1_q5_d8_l1,1,5,0.5047299420392072,-0.7674577496900026,0.40019246265459973
5,m06_h1_q5_d8_l50,1,5,0.5059485729829765,-0.8193384787605729,0.4061010747028485
5,m07_h1_q5_d2_l1,1,5,0.5015865373022763,-0.7484880987060607,0.5677084251820559
5,m07_h1_q5_d2_l50,1,5,0.4997587792667343,-0.7333350103529329,0.6013223879578904
5,m07_h1_q5_d4_l1,1,5,0.5005719220196759,-0.8288757243301867,0.4511563172206642
5,m07_h1_q5_d4_l50,1,5,0.49848853217230904,-1.0091016980684504,0.401240298344938
5,m07_h1_q5_d8_l1,1,5,0.504074944390191,-0.8369568226492711,0.31635205700015484
5,m07_h1_q5_d8_l50,1,5,0.5041222277982735,-0.7140741582569792,0.37357700287739437
5,m08_h1_q5_d2_l1,1,5,0.4787055121527778,-0.2552247937070457,0.42027124793093945
5,m08_h1_q5_d2_l50,1,5,0.4786557798032407,-0.2552247937070457,0.42027124793093945
5,m08_h1_q5_d4_l1,1,5,0.4808530454282407,-0.7784298325545985,0.35826323936330134
5,m08_h1_q5_d4_l50,1,5,0.4808530454282407,-0.7784298325545985,0.35826323936330134
5,m08_h1_q5_d8_l1,1,5,0.48534252025462965,-0.4862933566715491,0.3963576712783445
5,m08_h1_q5_d8_l50,1,5,0.4852973090277778,-0.4862933566715491,0.3963576712783445
5,m09_h1_q5_d2_l1,1,5,0.4849327935112847,-0.7474422322250275,0.23463221182747568
5,m09_h1_q5_d2_l50,1,5,0.48433025972342786,-0.695935273877108,0.25565726147943585
5,m09_h1_q5_d4_l1,1,5,0.47749620602454673,-0.8056207968704017,0.24936445975958946
5,m09_h1_q5_d4_l50,1,5,0.48119382505063657,-0.9221311312764429,0.29224893430248244
5,m09_h1_q5_d8_l1,1,5,0.4757195931893808,-0.7240046465494254,0.1994021894247664
5,m09_h1_q5_d8_l50,1,5,0.4816916194962866,-0.9485931515164517,0.34052596187204576
5,m10_h1_q5_d2_l1,1,5,0.48279204191984953,-1.3330640374931206,0.28791466297156915
5,m10_h1_q5_d2_l50,1,5,0.4840451464240933,-1.3399142348514055,0.2837553463778768
5,m10_h1_q5_d4_l1,1,5,0.4770788498866705,-1.467870072744594,0.05391520029226754
5,m10_h1_q5_d4_l50,1,5,0.47751655107662994,-1.491099548048607,0.060715903009961464
5,m10_h1_q5_d8_l1,1,5,0.47766659583574456,-1.3430732682825286,0.2558181337005348
5,m10_h1_q5_d8_l50,1,5,0.4838524335696373,-1.2209571672374362,0.13850566798285874
5,m11_h1_q5_d2_l1,1,5,0.48954999005353006,-0.896528252775095,0.30125483768172506
5,m11_h1_q5_d2_l50,1,5,0.48797240080656823,-0.9116007193544777,0.24841981596398663
5,m11_h1_q5_d4_l1,1,5,0.47670237223307294,-0.9244763289688432,0.2339494660403952
5,m11_h1_q5_d4_l50,1,5,0.47937671049141584,-1.1139635643184376,0.240083874497727
5,m11_h1_q5_d8_l1,1,5,0.4739762294439622,-1.2746966273313967,0.18424087388686006
5,m11_h1_q5_d8_l50,1,5,0.48214947735821756,-0.7802261342977924,0.3643611531653455
5,m12_h1_q5_d2_l1,1,5,0.5091619609314718,-0.38090215379971537,0.564420361742309
5,m12_h1_q5_d2_l50,1,5,0.5077379956657504,-0.4457870809408216,0.552370770679631
5,m12_h1_q5_d4_l1,1,5,0.5059209752965856,-0.36924825999599975,0.5452136086270741
5,m12_h1_q5_d4_l50,1,5,0.5096382800443673,-0.4396078236921503,0.4354797725511916
5,m12_h1_q5_d8_l1,1,5,0.5115772765359761,-0.19287718351118563,0.6129607175581631
5,m12_h1_q5_d8_l50,1,5,0.5128499725718557,-0.037418406395962805,0.6820133951143668
5,m13_h1_q5_d2_l1,1,5,0.507687133035542,-0.17007322518940268,0.5451741407367476
5,m13_h1_q5_d2_l50,1,5,0.5083404352635513,-0.12425717225067183,0.5599595595491861
5,m13_h1_q5_d4_l1,1,5,0.4987661102671682,-0.37177931351550497,0.5877234642681143
5,m13_h1_q5_d4_l50,1,5,0.5051582242235726,-0.3266950427253038,0.5791879782064644
5,m13_h1_q5_d8_l1,1,5,0.5081542215229552,-0.22008577672821336,0.6199534801049554
5,m13_h1_q5_d8_l50,1,5,0.5081625102478782,-0.0943104394226269,0.6403363642668647
5,m14_h1_q5_d2_l1,1,5,0.5029438160083912,-0.8542599532009273,0.41518938558058716
5,m14_h1_q5_d2_l50,1,5,0.5048546496732735,-0.6673539592036656,0.5381061251841841
5,m14_h1_q5_d4_l1,1,5,0.49643641342351463,-1.0404695586003219,0.42005871263102457
5,m14_h1_q5_d4_l50,1,5,0.5000352270809221,-0.7237847034333478,0.4434542063312869
5,m14_h1_q5_d8_l1,1,5,0.5021392445505402,-0.43222287529034265,0.6111480059510478
5,m14_h1_q5_d8_l50,1,5,0.5011971556110146,-0.6634590472497882,0.5375989011103677
5,m15_h1_q5_d2_l1,1,5,0.49938484474464695,-0.7053739760456521,0.4058511739785399
5,m15_h1_q5_d2_l50,1,5,0.5002728685920621,-0.5477043829608526,0.44511049442797457
5,m15_h1_q5_d4_l1,1,5,0.4920022281599634,-0.8276881322120678,0.4266741962086874
5,m15_h1_q5_d4_l50,1,5,0.49753919059847607,-0.5702504850042807,0.4683555810044166
5,m15_h1_q5_d8_l1,1,5,0.4945562857168692,-0.6434793711054643,0.5434260996968788
5,m15_h1_q5_d8_l50,1,5,0.5024584546501254,-0.5139416704120817,0.5841539891508961
5,m16_h1_q5_d2_l1,1,5,0.5220856843171297,-0.014008779610524345,0.6205117432734819
5,m16_h1_q5_d2_l50,1,5,0.5220856843171297,-0.014008779610524345,0.6205117432734819
5,m16_h1_q5_d4_l1,1,5,0.5237404152199073,-0.1535222049151682,0.4716916147133804
5,m16_h1_q5_d4_l50,1,5,0.5237404152199073,-0.1535222049151682,0.4716916147133804
5,m16_h1_q5_d8_l1,1,5,0.5219816984953703,-0.3056942157634075,0.5454185964710455
5,m16_h1_q5_d8_l50,1,5,0.5219500506365741,-0.3056942157634075,0.5454185964710455
5,m17_h1_q5_d2_l1,1,5,0.5227847629123263,0.17030577884582018,0.6391063592327371
5,m17_h1_q5_d2_l50,1,5,0.5210027812439718,0.2598443616350641,0.643183596961812
5,m17_h1_q5_d4_l1,1,5,0.5123715812777295,0.18348144158714882,0.5420913448510101
5,m17_h1_q5_d4_l50,1,5,0.5124850802951388,0.10364042938836768,0.587969319607003
5,m17_h1_q5_d8_l1,1,5,0.49510466022255983,-0.033802365422537776,0.40633550430788806
5,m17_h1_q5_d8_l50,1,5,0.5018933143144771,0.15856997176145446,0.5669623025503555
5,m18_h1_q5_d2_l1,1,5,0.5138676019362461,-0.22150402597717303,0.4442403681632518
5,m18_h1_q5_d2_l50,1,5,0.5149623729564525,-0.2828734098210941,0.37167937493522324
5,m18_h1_q5_d4_l1,1,5,0.5154012044270834,-0.18442891044595205,0.45682617126143543
5,m18_h1_q5_d4_l50,1,5,0.5179561096944927,-0.22387147208057212,0.4274776772220169
5,m18_h1_q5_d8_l1,1,5,0.5150957460756656,-0.022186382973904503,0.5885441314298199
5,m18_h1_q5_d8_l50,1,5,0.5162983647099247,-0.13081668088000625,0.5200410747068799
5,m19_h1_q5_d2_l1,1,5,0.5164109218267747,-0.09370652993462183,0.531756014605637
5,m19_h1_q5_d2_l50,1,5,0.5146405255353009,0.027369412483579117,0.5944438598536812
5,m19_h1_q5_d4_l1,1,5,0.5116912465036652,-0.1030906418190272,0.5037115616457635
5,m19_h1_q5_d4_l50,1,5,0.5113249413761092,-0.17970699475214671,0.45663113236140124
5,m19_h1_q5_d8_l1,1,5,0.5040228572892554,0.13058946910370578,0.5072949455783429
5,m19_h1_q5_d8_l50,1,5,0.5058021074459877,-0.21101299817563252,0.4928870691528785
5,m20_h1_q5_d2_l1,1,5,0.5277179670922549,0.4778993516248987,0.7851731583547524
5,m20_h1_q5_d2_l50,1,5,0.5269016218774112,0.4056735639298439,0.7269201414830141
5,m20_h1_q5_d4_l1,1,5,0.5254624920126832,0.41976868382594684,0.7283958701927968
5,m20_h1_q5_d4_l50,1,5,0.5263257438753859,0.14697491976322027,0.650691556123862
5,m20_h1_q5_d8_l1,1,5,0.5221296710732543,0.22237876900279527,0.6747168656661472
5,m20_h1_q5_d8_l50,1,5,0.5246697885018807,0.02784448949614269,0.6057029300839545
5,m21_h1_q5_d2_l1,1,5,0.5260252775969328,0.1878955687752927,0.6481413592784397
5,m21_h1_q5_d2_l50,1,5,0.524900648328993,0.22633199983395935,0.6697907500715419
5,m21_h1_q5_d4_l1,1,5,0.5205613124517747,0.03745888660260281,0.603293605368039
5,m21_h1_q5_d4_l50,1,5,0.5214615810064622,0.12125340149193826,0.6437663823826115
5,m21_h1_q5_d8_l1,1,5,0.515456305609809,-0.01411829371194599,0.5548413380634081
5,m21_h1_q5_d8_l50,1,5,0.5136050942503376,0.007851615825202019,0.5775284416805672
5,m22_h1_q5_d2_l1,1,5,0.5211088392469618,0.3733073390078115,0.704040873503061
5,m22_h1_q5_d2_l50,1,5,0.5223722104673032,0.4243386834985879,0.7279545856252507
5,m22_h1_q5_d4_l1,1,5,0.5220502688560957,0.24012771408447808,0.5995445986795431
5,m22_h1_q5_d4_l50,1,5,0.5220761711214795,-0.042022919855092114,0.5782495808989286
5,m22_h1_q5_d8_l1,1,5,0.5227348421826775,-0.27381658425147726,0.43922300312623064
5,m22_h1_q5_d8_l50,1,5,0.5199336299189814,-0.25866335481322467,0.4735155738211296
5,m23_h1_q5_d2_l1,1,5,0.5214014877507717,0.1547683128688352,0.6640924988442611
5,m23_h1_q5_d2_l50,1,5,0.5203216929494598,0.07048459802451033,0.6204989001408351
5,m23_h1_q5_d4_l1,1,5,0.5169302857952354,0.00860969116990653,0.5682726047498005
5,m23_h1_q5_d4_l50,1,5,0.5163568567346644,0.13394658246863675,0.6905110853711818
5,m23_h1_q5_d8_l1,1,5,0.5125316101827739,-0.09085140737062367,0.5632872016924366
5,m23_h1_q5_d8_l50,1,5,0.508236543631848,-0.14958718293180645,0.6045318180393885
5,m24_h1_q5_d2_l1,1,5,0.5078303961106289,0.10512684534186388,0.4775271562025065
5,m24_h1_q5_d2_l50,1,5,0.505869076575762,0.06403534553303486,0.4396648273470347
5,m24_h1_q5_d4_l1,1,5,0.5046510107723283,-0.36101090328743546,0.3172053407665226
5,m24_h1_q5_d4_l50,1,5,0.5034285180362654,-0.3982076112137435,0.33878855855070894
5,m24_h1_q5_d8_l1,1,5,0.5018315256377797,0.11546327755348243,0.6805964954289094
5,m24_h1_q5_d8_l50,1,5,0.5032426810558931,-0.34837471697811034,0.4619401442140215
5,m25_h1_q5_d2_l1,1,5,0.5071627769941165,-0.3559553261973654,0.33477751805677014
5,m25_h1_q5_d2_l50,1,5,0.5056866304374036,-0.4568674995037886,0.35981053674567726
5,m25_h1_q5_d4_l1,1,5,0.49408995074990353,-0.2553928307704209,0.29013432632496816
5,m25_h1_q5_d4_l50,1,5,0.49707370334201384,-0.4368989746854297,0.27285805339338054
5,m25_h1_q5_d8_l1,1,5,0.4835627049575617,-0.35720595726350013,0.2957405563309171
5,m25_h1_q5_d8_l50,1,5,0.490505830741223,-0.1842760024624117,0.37788031324467675
5,m26_h1_q5_d2_l1,1,5,0.5067936461648823,-0.4378333168391594,0.2683544780549406
5,m26_h1_q5_d2_l50,1,5,0.5080900780948592,-0.5228098108250675,0.23341751147559278
5,m26_h1_q5_d4_l1,1,5,0.5046874623239777,-0.5849041748365215,0.21582540630341826
5,m26_h1_q5_d4_l50,1,5,0.5073109379521121,-0.3057099961694936,0.2926883693488425
5,m26_h1_q5_d8_l1,1,5,0.4980690096631462,-0.5587220819375196,0.3776412147836152
5,m26_h1_q5_d8_l50,1,5,0.504299681863667,-0.23180169035835746,0.37686600919571744
5,m27_h1_q5_d2_l1,1,5,0.5119485737364969,-0.2708585889124811,0.41214033475779527
5,m27_h1_q5_d2_l50,1,5,0.5115412959346065,-0.36466425786591566,0.3301732183641526
5,m27_h1_q5_d4_l1,1,5,0.5008196418668017,-0.5481183304869162,0.2752261804243796
5,m27_h1_q5_d4_l50,1,5,0.5034239969135802,-0.33273897909574296,0.3353849555605333
5,m27_h1_q5_d8_l1,1,5,0.48326977388358405,-0.5430772554213322,0.35686910560042495
5,m27_h1_q5_d8_l50,1,5,0.4995220796561536,-0.7049939112614564,0.19806985029630228
5,m28_h1_q5_d2_l1,1,5,0.5193434350284529,0.24709754915433996,0.6232746471725814
5,m28_h1_q5_d2_l50,1,5,0.5189022488064237,0.18868067799020183,0.5811067980891932
5,m28_h1_q5_d4_l1,1,5,0.5196222375940394,0.13795154940874899,0.6013705362156473
5,m28_h1_q5_d4_l50,1,5,0.5181842380099826,0.3041006872864266,0.6524248391226113
5,m28_h1_q5_d8_l1,1,5,0.5215804488570602,0.1808327513998321,0.6510733133228678
5,m28_h1_q5_d8_l50,1,5,0.5233438750843943,0.05319477422407472,0.633248052534269
5,m29_h1_q5_d2_l1,1,5,0.518567591537664,0.164974281407626,0.5291903784236657
5,m29_h1_q5_d2_l50,1,5,0.5183761031539351,0.13391869991982577,0.5383442872994125
5,m29_h1_q5_d4_l1,1,5,0.5111472989306038,0.04400176458170442,0.48049269404153466
5,m29_h1_q5_d4_l50,1,5,0.5149702849211517,0.2967337986644812,0.6319369903401986
5,m29_h1_q5_d8_l1,1,5,0.49975162082248265,-0.17387837188395786,0.5518242793556034
5,m29_h1_q5_d8_l50,1,5,0.5135943565839602,-0.032380116926729825,0.5689137458061245
5,m30_h1_q5_d2_l1,1,5,0.5204820044246721,0.20188574197834827,0.575509509887572
5,m30_h1_q5_d2_l50,1,5,0.5197244338047358,0.1963666078105264,0.6374886573040216
5,m30_h1_q5_d4_l1,1,5,0.5162264035071855,0.12049941247931806,0.5139303301224306
5,m30_h1_q5_d4_l50,1,5,0.5192095909589602,0.340045348294138,0.628673297768211
5,m30_h1_q5_d8_l1,1,5,0.5122830426251447,-0.36722565150357506,0.3712273744400593
5,m30_h1_q5_d8_l50,1,5,0.5190340206946855,0.14603999474397358,0.6988669136297024
5,m31_h1_q5_d2_l1,1,5,0.5191939554096741,-0.04741178954485969,0.4883510190486291
5,m31_h1_q5_d2_l50,1,5,0.51636043595679,-0.07665771151613593,0.4792141184481197
5,m31_h1_q5_d4_l1,1,5,0.5112734194155093,-0.037159328094087084,0.5087174335202325
5,m31_h1_q5_d4_l50,1,5,0.5143293215904707,0.10486185563409162,0.6014137042316052
5,m31_h1_q5_d8_l1,1,5,0.5034458490065588,-0.2511259492801353,0.518130665410557
5,m31_h1_q5_d8_l50,1,5,0.5092396677276234,-0.07880488391963847,0.546182255550868
5,m01_h3_q3_d2_l1,3,3,0.4899290207760749,-0.3208290136196334,0.5169121025606492
5,m01_h3_q3_d2_l50,3,3,0.4887003494422657,-0.3926599455580821,0.4866194636318572
5,m01_h3_q3_d4_l1,3,3,0.49093162562712256,-0.4485214037794012,0.46801976061949113
5,m01_h3_q3_d4_l50,3,3,0.4898753299864191,-0.5555036919147751,0.49108707273063795
5,m01_h3_q3_d8_l1,3,3,0.49205206763230963,-0.2467862798247595,0.4308047171160265
5,m01_h3_q3_d8_l50,3,3,0.4897733174860729,-0.46102872411207524,0.4220520310200378
5,m02_h3_q3_d2_l1,3,3,0.49024551385194115,-0.5626321705981906,0.4428952091271038
5,m02_h3_q3_d2_l50,3,3,0.49188732168299715,-0.3856583780768334,0.5237089160649112
5,m02_h3_q3_d4_l1,3,3,0.48634473669189,-0.8099238410762795,0.38591849142621565
5,m02_h3_q3_d4_l50,3,3,0.4904218457084952,-0.7866799551599132,0.3734017471318997
5,m02_h3_q3_d8_l1,3,3,0.48362233107323366,-0.9466477304493924,0.30691883584433455
5,m02_h3_q3_d8_l50,3,3,0.4903740891640118,-0.8353421218251005,0.3607545482925236
5,m03_h3_q3_d2_l1,3,3,0.49534423143330103,-0.4433127928175035,0.48307569488948393
5,m03_h3_q3_d2_l50,3,3,0.49708430753858246,-0.3171517913725784,0.5273748038308336
5,m03_h3_q3_d4_l1,3,3,0.4818481330582104,-0.4976856609191544,0.4597137757816805
5,m03_h3_q3_d4_l50,3,3,0.4911946398506605,-0.42328975090924154,0.4894324152956113
5,m03_h3_q3_d8_l1,3,3,0.4636209577193509,-0.7613160098951562,0.39705779001972763
5,m03_h3_q3_d8_l50,3,3,0.4898735638420225,-0.6258310985359009,0.41473351620428717
5,m04_h3_q3_d2_l1,3,3,0.5086224582356302,0.13154385507830502,0.7872605275641322
5,m04_h3_q3_d2_l50,3,3,0.5112777503672168,0.05571500928002625,0.7781435159106702
5,m04_h3_q3_d4_l1,3,3,0.509032486318739,0.20695708933684456,0.7075198958101974
5,m04_h3_q3_d4_l50,3,3,0.5108886334337632,0.181148876564335,0.7156095586847186
5,m04_h3_q3_d8_l1,3,3,0.5074104593049247,0.11724878079180966,0.654190398649179
5,m04_h3_q3_d8_l50,3,3,0.5081566199895897,0.07900293391012854,0.6812262113986504
5,m05_h3_q3_d2_l1,3,3,0.4998144841925838,-0.12255452758938237,0.5980478714468818
5,m05_h3_q3_d2_l50,3,3,0.5023878272241692,-0.15291854165265673,0.5601807643878902
5,m05_h3_q3_d4_l1,3,3,0.49880333120265674,-0.2602340250623746,0.5720944811273999
5,m05_h3_q3_d4_l50,3,3,0.4999694810248272,-0.29419009642197536,0.6394621860208578
5,m05_h3_q3_d8_l1,3,3,0.506125341996201,0.05651756911339546,0.5847634383457273
5,m05_h3_q3_d8_l50,3,3,0.5029945331472807,-0.1597761831092293,0.5613321779878735
5,m06_h3_q3_d2_l1,3,3,0.49429471778708045,-0.31913111553366175,0.574779010296854
5,m06_h3_q3_d2_l50,3,3,0.4970950456965137,-0.23126536241366266,0.5415562923943236
5,m06_h3_q3_d4_l1,3,3,0.4971020396283241,-0.17234715373577128,0.601916117726569
5,m06_h3_q3_d4_l50,3,3,0.5011036989563076,-0.15891363780286563,0.6172548581837511
5,m06_h3_q3_d8_l1,3,3,0.4970172646972885,-0.12450187062567965,0.624026777474356
5,m06_h3_q3_d8_l50,3,3,0.5040087945513456,-0.10399769021039162,0.5921138924432963
5,m07_h3_q3_d2_l1,3,3,0.49605005337994823,-0.4613145708357594,0.5079173237658176
5,m07_h3_q3_d2_l50,3,3,0.5009037007648394,-0.44322412000487826,0.4828238924289487
5,m07_h3_q3_d4_l1,3,3,0.48827605091243254,-0.2559489955838081,0.5436741121005948
5,m07_h3_q3_d4_l50,3,3,0.4963649922487454,-0.3938436161163114,0.5245307653940151
5,m07_h3_q3_d8_l1,3,3,0.4891033129477883,-0.27102254396080505,0.5340842617520387
5,m07_h3_q3_d8_l50,3,3,0.49923589528826584,-0.23261656002887013,0.5548503174282086
5,m08_h3_q3_d2_l1,3,3,0.5010122126765649,-0.5291492762181854,0.5040797302420353
5,m08_h3_q3_d2_l50,3,3,0.5057321982535233,-0.4154262965029149,0.5502897831935709
5,m08_h3_q3_d4_l1,3,3,0.5013383135779486,-0.26253872403080897,0.5477003119760273
5,m08_h3_q3_d4_l50,3,3,0.5043642134497124,-0.2631443339031604,0.5560208831427966
5,m08_h3_q3_d8_l1,3,3,0.5041548193700544,-0.13187867513433488,0.548180285691769
5,m08_h3_q3_d8_l50,3,3,0.505310584263173,-0.27018689717766126,0.5342355841196238
5,m09_h3_q3_d2_l1,3,3,0.4996020523445638,-0.2543660862787267,0.5185200023986581
5,m09_h3_q3_d2_l50,3,3,0.5026872946680524,-0.2964329888807639,0.5326381781935975
5,m09_h3_q3_d4_l1,3,3,0.4963710677854697,-0.42844791873907634,0.499730486257897
5,m09_h3_q3_d4_l50,3,3,0.5002385001393135,-0.3035082561174076,0.5804653209463484
5,m09_h3_q3_d8_l1,3,3,0.5036056191084954,-0.13907693295742027,0.5845947179518092
5,m09_h3_q3_d8_l50,3,3,0.5000317905991383,-0.26638718374828246,0.5711078360634854
5,m10_h3_q3_d2_l1,3,3,0.49514161934812595,-0.7656206662233834,0.3893874505439121
5,m10_h3_q3_d2_l50,3,3,0.4995533067592183,-0.7597560261235691,0.34178920327698437
5,m10_h3_q3_d4_l1,3,3,0.49387260927629906,-0.7622581130641074,0.3363971638852003
5,m10_h3_q3_d4_l50,3,3,0.5035233167796151,-0.5545435043161628,0.37947740376265887
5,m10_h3_q3_d8_l1,3,3,0.49772209760307357,-0.5741326529480768,0.3644700163649004
5,m10_h3_q3_d8_l50,3,3,0.5050542107425662,-0.4616009985682859,0.39347842391518223
5,m11_h3_q3_d2_l1,3,3,0.4945747576426013,-0.4077050169459367,0.4980140077717692
5,m11_h3_q3_d2_l50,3,3,0.4988147758183465,-0.40304232369725423,0.539456125263632
5,m11_h3_q3_d4_l1,3,3,0.49326053427422206,-0.5689827552907617,0.4401846335652524
5,m11_h3_q3_d4_l50,3,3,0.49840686710851356,-0.5114121020148673,0.4573949308742695
5,m11_h3_q3_d8_l1,3,3,0.48918243621675483,-0.4911355921090166,0.4355706884491484
5,m11_h3_q3_d8_l50,3,3,0.49722722394315333,-0.6508655539641187,0.38008495518645347
5,m12_h3_q3_d2_l1,3,3,0.5068368156049171,-0.28357038622297326,0.6190727344422996
5,m12_h3_q3_d2_l50,3,3,0.5079853746288978,-0.37957999475354287,0.6079255115460038
5,m12_h3_q3_d4_l1,3,3,0.506429542707067,-0.019774838050497952,0.6303398595218355
5,m12_h3_q3_d4_l50,3,3,0.513220579849225,-0.17596137562040326,0.6290730471571904
5,m12_h3_q3_d8_l1,3,3,0.5077644652877742,0.3484067804663915,0.6978024139296127
5,m12_h3_q3_d8_l50,3,3,0.5149693453849375,0.04716506394762541,0.7079717467940432
5,m13_h3_q3_d2_l1,3,3,0.49902402860645273,-0.3265644392091979,0.48751279005720105
5,m13_h3_q3_d2_l50,3,3,0.5040636156734153,-0.21639005586336318,0.5432437048128451
5,m13_h3_q3_d4_l1,3,3,0.5004844887308684,-0.33988501409936905,0.5118813420976178
5,m13_h3_q3_d4_l50,3,3,0.5061827770119776,-0.3579785030340584,0.5130879164206167
5,m13_h3_q3_d8_l1,3,3,0.5109088381256602,-0.026319072643321353,0.5874995235401725
5,m13_h3_q3_d8_l50,3,3,0.5070195055812988,-0.5101765422820459,0.5205835529152495
5,m14_h3_q3_d2_l1,3,3,0.4959863308901198,-0.7610516065124433,0.5050716810291155
5,m14_h3_q3_d2_l50,3,3,0.4994190797850786,-0.6618397337210619,0.5308555637149942
5,m14_h3_q3_d4_l1,3,3,0.5023686115731345,-0.3727753497871609,0.5806748962245507
5,m14_h3_q3_d4_l50,3,3,0.5054681949891233,-0.4337584229837627,0.6280874239250681
5,m14_h3_q3_d8_l1,3,3,0.5088466879282194,-0.08667745868887257,0.55880493886329
5,m14_h3_q3_d8_l50,3,3,0.5093823948465885,-0.004604575909252649,0.5759408786120617
5,m15_h3_q3_d2_l1,3,3,0.49817557283833813,-0.37631249635480163,0.5079532739661409
5,m15_h3_q3_d2_l50,3,3,0.501156612642429,-0.45654059988336804,0.46526722097824585
5,m15_h3_q3_d4_l1,3,3,0.49720511181530824,-0.5176183574882209,0.4695983610664662
5,m15_h3_q3_d4_l50,3,3,0.5024351598939975,-0.33467631857564506,0.5106981421424698
5,m15_h3_q3_d8_l1,3,3,0.50444587996661,-0.23128373050689002,0.5923803665218607
5,m15_h3_q3_d8_l50,3,3,0.5025897328515857,-0.30429058530898195,0.5555851299960717
5,m16_h3_q3_d2_l1,3,3,0.5027652169588294,0.12137280676571734,0.5699896274765618
5,m16_h3_q3_d2_l50,3,3,0.5034082348107343,-0.03140916361281157,0.5104180051763255
5,m16_h3_q3_d4_l1,3,3,0.5054236175045539,-0.04255739587287945,0.47672960919929136
5,m16_h3_q3_d4_l50,3,3,0.5041846318874685,0.11199353942978867,0.5215603594429394
5,m16_h3_q3_d8_l1,3,3,0.5110320443587653,-0.001789558522267051,0.4499387432566934
5,m16_h3_q3_d8_l50,3,3,0.5072625270502675,0.04447021314085111,0.4739627176319169
5,m17_h3_q3_d2_l1,3,3,0.5082890101735569,0.032992607029352986,0.6433071386402203
5,m17_h3_q3_d2_l50,3,3,0.508346727772437,-0.03228648273107468,0.62070512964347
5,m17_h3_q3_d4_l1,3,3,0.49729963586341286,-0.20193245503506546,0.48939622775063746
5,m17_h3_q3_d4_l50,3,3,0.4988274920580018,-0.276780028416592,0.46424794546034276
5,m17_h3_q3_d8_l1,3,3,0.48723077601276366,-0.3172718159496496,0.49382023536946223
5,m17_h3_q3_d8_l50,3,3,0.49460428757691205,-0.32101694002088266,0.4727066026950131
5,m18_h3_q3_d2_l1,3,3,0.5005673562259558,-0.21681503397761384,0.5154615872018014
5,m18_h3_q3_d2_l50,3,3,0.5038530912613436,-0.34876363353583206,0.5460029966395998
5,m18_h3_q3_d4_l1,3,3,0.500715712355268,-0.43310470438821447,0.47667188459262083
5,m18_h3_q3_d4_l50,3,3,0.5027741183265881,-0.38122773794524545,0.46347625556983707
5,m18_h3_q3_d8_l1,3,3,0.4998610397588775,-0.20505410727564694,0.5415195905403515
5,m18_h3_q3_d8_l50,3,3,0.5048246826167874,-0.0597552441942477,0.5920994685516748
5,m19_h3_q3_d2_l1,3,3,0.5040507581422082,-0.3416621139688738,0.5378241311175996
5,m19_h3_q3_d2_l50,3,3,0.5045056462929901,-0.34550755230781893,0.522501952004196
5,m19_h3_q3_d4_l1,3,3,0.4982041137317868,-0.2216495668771018,0.39224160942762837
5,m19_h3_q3_d4_l50,3,3,0.4978017153924712,-0.21245256481323718,0.4763757304378241
5,m19_h3_q3_d8_l1,3,3,0.4833971829855583,-0.502386470252933,0.3576237727042047
5,m19_h3_q3_d8_l50,3,3,0.4960829743115004,-0.31315186436746756,0.5226576465706749
5,m20_h3_q3_d2_l1,3,3,0.5127066318298217,0.18278350456159248,0.5999862732832406
5,m20_h3_q3_d2_l50,3,3,0.5136553339538859,0.2549070626656853,0.6054137432422979
5,m20_h3_q3_d4_l1,3,3,0.5090684450186533,0.12012071426704705,0.5432091348601676
5,m20_h3_q3_d4_l50,3,3,0.5121594096499869,0.3653509111397501,0.633346537784697
5,m20_h3_q3_d8_l1,3,3,0.5057216720329198,0.4792168501620454,0.7222125689170472
5,m20_h3_q3_d8_l50,3,3,0.5118228531737756,0.7281122322014748,0.7693760536809415
5,m21_h3_q3_d2_l1,3,3,0.5084828621825249,-0.01310412416191562,0.6214699529169176
5,m21_h3_q3_d2_l50,3,3,0.5088767830287371,0.0024298732929308306,0.6014287907144535
5,m21_h3_q3_d4_l1,3,3,0.5032290064773699,-0.05669193849912191,0.5081857982781345
5,m21_h3_q3_d4_l50,3,3,0.5070851355070756,0.04394236236490089,0.6176160285720397
5,m21_h3_q3_d8_l1,3,3,0.500126809167674,0.05243925613988704,0.5654106016045192
5,m21_h3_q3_d8_l50,3,3,0.5069533104893152,0.22134899120756069,0.5586389010147216
5,m22_h3_q3_d2_l1,3,3,0.49942310659430283,-0.18940636861422058,0.6330789700897445
5,m22_h3_q3_d2_l50,3,3,0.5014754370288986,-0.14939579830360833,0.6175971899496104
5,m22_h3_q3_d4_l1,3,3,0.4965060718631439,-0.07051875575890293,0.6343090957622338
5,m22_h3_q3_d4_l50,3,3,0.5045854760197153,0.11000563735352381,0.7025800837550557
5,m22_h3_q3_d8_l1,3,3,0.4931210088668926,-0.02201891217737047,0.5955214684000171
5,m22_h3_q3_d8_l50,3,3,0.5051757921228264,0.10017647390046128,0.6720976510445122
5,m23_h3_q3_d2_l1,3,3,0.5032250503139215,-0.16086440267821242,0.4866990365916909
5,m23_h3_q3_d2_l50,3,3,0.5026807246108972,-0.23624882654860213,0.44680883941075633
5,m23_h3_q3_d4_l1,3,3,0.49754265733238157,-0.11400754687721719,0.5286071730362064
5,m23_h3_q3_d4_l50,3,3,0.501293736093379,-0.07169554474709947,0.5517023099397147
5,m23_h3_q3_d8_l1,3,3,0.49157980062066553,-0.3119243357596238,0.4672560310918038
5,m23_h3_q3_d8_l50,3,3,0.5029885282563323,0.14996647938603427,0.5298456615946301
5,m24_h3_q3_d2_l1,3,3,0.5062459343355992,-0.34747326944813745,0.49518064407709655
5,m24_h3_q3_d2_l50,3,3,0.510377369953843,-0.2608795968502852,0.5385031977477831
5,m24_h3_q3_d4_l1,3,3,0.4927860772435262,-0.3962914993180374,0.45718690553370384
5,m24_h3_q3_d4_l50,3,3,0.5008037369919933,-0.2755153345183276,0.4948527876350261
5,m24_h3_q3_d8_l1,3,3,0.481408009874584,-0.5400228499201978,0.41382943993471
5,m24_h3_q3_d8_l50,3,3,0.5016580563595044,-0.4050852071983274,0.47357908214705957
5,m25_h3_q3_d2_l1,3,3,0.5067360747285365,-0.3047250210877642,0.5023491520048328
5,m25_h3_q3_d2_l50,3,3,0.5082267005992458,-0.17769623878558594,0.5451578330199933
5,m25_h3_q3_d4_l1,3,3,0.49705640245711663,-0.2142120823562424,0.5193006040339334
5,m25_h3_q3_d4_l50,3,3,0.5009684122955299,-0.20563273883476132,0.5441134969307609
5,m25_h3_q3_d8_l1,3,3,0.48511966829264985,-0.5336267898807736,0.5001718972726973
5,m25_h3_q3_d8_l50,3,3,0.49581649844494524,-0.28757307866972226,0.5020320363536731
5,m26_h3_q3_d2_l1,3,3,0.4995680010805978,-0.7762924062887318,0.33698962493574586
5,m26_h3_q3_d2_l50,3,3,0.5021035486220965,-0.6504442703839882,0.36117759447442516
5,m26_h3_q3_d4_l1,3,3,0.4953281241964043,-0.6137035156059166,0.4564665117315441
5,m26_h3_q3_d4_l50,3,3,0.5019311729289908,-0.612162653683233,0.40650877203292524
5,m26_h3_q3_d8_l1,3,3,0.48754755167173336,-0.7079438387281378,0.3580709535724547
5,m26_h3_q3_d8_l50,3,3,0.5003646028492289,-0.5731129188905368,0.5315516053526056
5,m27_h3_q3_d2_l1,3,3,0.5008333375720799,-0.4715263866070114,0.4187043873196462
5,m27_h3_q3_d2_l50,3,3,0.5018015379302823,-0.38307841258049463,0.48679035732044784
5,m27_h3_q3_d4_l1,3,3,0.49593292268356737,-0.4584171369448223,0.3896460376055451
5,m27_h3_q3_d4_l50,3,3,0.5008733230812183,-0.3027997516808015,0.45067763932139615
5,m27_h3_q3_d8_l1,3,3,0.4873462112105238,-0.6504988695300858,0.33475573173369383
5,m27_h3_q3_d8_l50,3,3,0.49321235385508344,-0.3621250563180165,0.502459086734381
5,m28_h3_q3_d2_l1,3,3,0.5097918577634903,-0.19983881393924016,0.5783597198561605
5,m28_h3_q3_d2_l50,3,3,0.5100762776571148,-0.20386968709302344,0.5640909934172935
5,m28_h3_q3_d4_l1,3,3,0.5085927870097677,0.05036413011702802,0.6710944083408314
5,m28_h3_q3_d4_l50,3,3,0.51155348083041,0.3346605501240796,0.7402683352105967
5,m28_h3_q3_d8_l1,3,3,0.4996257186794779,-0.12451272655884332,0.5554274772445015
5,m28_h3_q3_d8_l50,3,3,0.5134116060271584,0.2849936352080383,0.7447393325921092
5,m29_h3_q3_d2_l1,3,3,0.5026084539821893,-0.26315744223075893,0.5303000586839712
5,m29_h3_q3_d2_l50,3,3,0.5027188733298632,-0.2634725454209687,0.5157770383218194
5,m29_h3_q3_d4_l1,3,3,0.501775822867868,-0.3501575411637386,0.4690030532867596
5,m29_h3_q3_d4_l50,3,3,0.5040053329083283,-0.18893158020097084,0.4824213144040142
5,m29_h3_q3_d8_l1,3,3,0.4998555293883602,-0.0867422866882066,0.5255047819105513
5,m29_h3_q3_d8_l50,3,3,0.5047353863560966,-0.01904918581832172,0.5822727480626742
5,m30_h3_q3_d2_l1,3,3,0.49818058868842446,-0.4084882338199252,0.4958477684924674
5,m30_h3_q3_d2_l50,3,3,0.501166926925705,-0.3102183483197054,0.5348096337070392
5,m30_h3_q3_d4_l1,3,3,0.4975511348254852,-0.39085392445470396,0.46710737860537244
5,m30_h3_q3_d4_l50,3,3,0.5021443818805453,-0.060830626612148685,0.5672204792619743
5,m30_h3_q3_d8_l1,3,3,0.4954296421763194,-0.15514432421204188,0.5493242070638047
5,m30_h3_q3_d8_l50,3,3,0.5051670320466195,0.08034985191835355,0.5806038662911667
5,m31_h3_q3_d2_l1,3,3,0.5006985454317333,-0.47736622618482544,0.39933319667277817
5,m31_h3_q3_d2_l50,3,3,0.5037189349329797,-0.32849085157887636,0.45554399413595137
5,m31_h3_q3_d4_l1,3,3,0.49855585904980865,-0.39549637530396875,0.44727880367463724
5,m31_h3_q3_d4_l50,3,3,0.5021237533139934,-0.1893264348922682,0.5645833884027585
5,m31_h3_q3_d8_l1,3,3,0.489962506873834,-0.3719715514011193,0.5221688759653643
5,m31_h3_q3_d8_l50,3,3,0.5059668835209402,-0.2277720380758361,0.5311301449551469
5,m01_h3_q5_d2_l1,3,5,0.4783071780152747,-0.3204450458870868,0.4267492282399629
5,m01_h3_q5_d2_l50,3,5,0.48266906677742505,-0.41381325780397565,0.395856625353006
5,m01_h3_q5_d4_l1,3,5,0.47366477695397735,-0.5345582653817078,0.28248991695751285
5,m01_h3_q5_d4_l50,3,5,0.477946076547312,-0.40781327177538507,0.36080973725159543
5,m01_h3_q5_d8_l1,3,5,0.47615761691628644,-0.5177253264303192,0.2682642444298247
5,m01_h3_q5_d8_l50,3,5,0.4783707194753025,-0.4234773559677238,0.400643705206054
5,m02_h3_q5_d2_l1,3,5,0.4861448621305296,-0.6409451274834507,0.41090194072713543
5,m02_h3_q5_d2_l50,3,5,0.48650828828605436,-0.5762959401727363,0.456468950322913
5,m02_h3_q5_d4_l1,3,5,0.49283298824637967,-0.3933438322020181,0.5134178629378882
5,m02_h3_q5_d4_l50,3,5,0.49203407062090854,-0.516350825758435,0.5180065392282851
5,m02_h3_q5_d8_l1,3,5,0.4920441442670105,-0.5028765590695292,0.3342371388949576
5,m02_h3_q5_d8_l50,3,5,0.49273263923328703,-0.5221560017116174,0.42112152330863084
5,m03_h3_q5_d2_l1,3,5,0.4915093692657707,-0.6919407427901192,0.23745671242922886
5,m03_h3_q5_d2_l50,3,5,0.49254579247049196,-0.6127564688814281,0.3121080746556927
5,m03_h3_q5_d4_l1,3,5,0.4877651693612378,-0.43562039345987086,0.369691381526274
5,m03_h3_q5_d4_l50,3,5,0.48973340483039074,-0.6096271530428584,0.2507587552996755
5,m03_h3_q5_d8_l1,3,5,0.48648659120214244,-0.8573197051724187,0.25406700732621323
5,m03_h3_q5_d8_l50,3,5,0.48770065928139267,-0.4926615748892312,0.2548554526905102
5,m04_h3_q5_d2_l1,3,5,0.5025935764233287,0.05451491830758662,0.6522251317489965
5,m04_h3_q5_d2_l50,3,5,0.5039994312264431,0.0635966375539926,0.6976658390419068
5,m04_h3_q5_d4_l1,3,5,0.5024568073050981,0.2130777649744191,0.7354393735603643
5,m04_h3_q5_d4_l50,3,5,0.5064050954051775,0.10810485268402341,0.7222411695748865
5,m04_h3_q5_d8_l1,3,5,0.5021852063082722,0.23843140382597006,0.6827583915263418
5,m04_h3_q5_d8_l50,3,5,0.5084442338449713,0.30465057164594705,0.7996734879571029
5,m05_h3_q5_d2_l1,3,5,0.48475334290071415,-0.28815126457267914,0.4088724810090087
5,m05_h3_q5_d2_l50,3,5,0.48739399424717317,-0.35738160174882694,0.3980204842538909
5,m05_h3_q5_d4_l1,3,5,0.485842943333416,-0.427164532244262,0.3246871276680264
5,m05_h3_q5_d4_l50,3,5,0.4916344180842095,-0.15538441582686477,0.4702943122383297
5,m05_h3_q5_d8_l1,3,5,0.4875608874417278,0.04657501291082184,0.5141369609410249
5,m05_h3_q5_d8_l50,3,5,0.4906733535012894,-0.12872416826542687,0.42767123684715513
5,m06_h3_q5_d2_l1,3,5,0.4803978470293593,-0.45219662493304075,0.3950308533581526
5,m06_h3_q5_d2_l50,3,5,0.4833043845157211,-0.5484610689256165,0.40797881876228964
5,m06_h3_q5_d4_l1,3,5,0.48531746708242407,-0.3116295338479741,0.5308958431543268
5,m06_h3_q5_d4_l50,3,5,0.4900336769738147,-0.33770444051365944,0.4763969863706781
5,m06_h3_q5_d8_l1,3,5,0.4792395714515969,-0.2252220985943068,0.4409043416243533
5,m06_h3_q5_d8_l50,3,5,0.49469506298353505,-0.16866914979011793,0.5545471346578765
5,m07_h3_q5_d2_l1,3,5,0.48795472825952196,-0.18152000992111159,0.38257444538977203
5,m07_h3_q5_d2_l50,3,5,0.4899861177407756,-0.2237062991903062,0.3716391250223346
5,m07_h3_q5_d4_l1,3,5,0.48749831460151755,-0.1824981197698121,0.4553254495074366
5,m07_h3_q5_d4_l50,3,5,0.4900813330688356,-0.06752562566132217,0.48662367654502375
5,m07_h3_q5_d8_l1,3,5,0.48559788251958935,-0.19899507120206955,0.4861457342741812
5,m07_h3_q5_d8_l50,3,5,0.4923711503173973,0.13011156449731476,0.5351008478381151
5,m08_h3_q5_d2_l1,3,5,0.49413016390597103,-0.12542024063092444,0.6859710243136423
5,m08_h3_q5_d2_l50,3,5,0.49693025007439007,-0.151508439929238,0.68207523318835
5,m08_h3_q5_d4_l1,3,5,0.4867299085002976,0.022120167710292155,0.6737623516338598
5,m08_h3_q5_d4_l50,3,5,0.4911303483311843,-0.1929146373167073,0.5681501898424676
5,m08_h3_q5_d8_l1,3,5,0.48102899970243995,-0.010117409503566011,0.6942167130807301
5,m08_h3_q5_d8_l50,3,5,0.4878064325654632,-0.17159138457888015,0.5925905152456895
5,m09_h3_q5_d2_l1,3,5,0.4907473560553462,-0.5033830346799784,0.29266318966574323
5,m09_h3_q5_d2_l50,3,5,0.49520697855708196,-0.3301115219688715,0.39825174260825486
5,m09_h3_q5_d4_l1,3,5,0.4934432187314025,-0.4621626045219802,0.42359232385051127
5,m09_h3_q5_d4_l50,3,5,0.49652681992040276,-0.365608562247237,0.5530812926773868
5,m09_h3_q5_d8_l1,3,5,0.49740564868081727,0.1301573738769175,0.6688491538884637
5,m09_h3_q5_d8_l50,3,5,0.49804522834631026,-0.279848662062524,0.49129243444595994
5,m10_h3_q5_d2_l1,3,5,0.4820147640907062,-0.8261048681162223,0.18597675700227825
5,m10_h3_q5_d2_l50,3,5,0.4828558166782384,-0.6601951189009472,0.3207713347995034
5,m10_h3_q5_d4_l1,3,5,0.4827348360630332,-0.42164277634277375,0.36628075828290035
5,m10_h3_q5_d4_l50,3,5,0.4876869048799842,-0.554182606537706,0.27681861200244423
5,m10_h3_q5_d8_l1,3,5,0.4823146487862031,-0.7816409800132976,0.16428654259900521
5,m10_h3_q5_d8_l50,3,5,0.49003212718210676,-0.41185305704863867,0.3134609289281633
5,m11_h3_q5_d2_l1,3,5,0.4929241353712061,-0.6467692611267897,0.3118039316152098
5,m11_h3_q5_d2_l50,3,5,0.4950519025243007,-0.5876684377129378,0.3628059193133296
5,m11_h3_q5_d4_l1,3,5,0.4964829414426701,-0.635335424752141,0.32652676748004594
5,m11_h3_q5_d4_l50,3,5,0.4923663072183099,-0.37438895946751916,0.3743459419787231
5,m11_h3_q5_d8_l1,3,5,0.48699007978327713,-0.45788770565235315,0.42189555945308366
5,m11_h3_q5_d8_l50,3,5,0.4909422423626265,-0.36510650171489745,0.40808776401144814
5,m12_h3_q5_d2_l1,3,5,0.48667895909789727,-0.10031718462360606,0.5664469893140227
5,m12_h3_q5_d2_l50,3,5,0.48884789259323547,0.18383981093618407,0.6621061768200066
5,m12_h3_q5_d4_l1,3,5,0.48937007553684786,0.14727321887942812,0.7264356625725722
5,m12_h3_q5_d4_l50,3,5,0.49725473771325135,0.0571483865085201,0.6953049642589689
5,m12_h3_q5_d8_l1,3,5,0.4892030854803115,0.08873504244747901,0.6555424578614325
5,m12_h3_q5_d8_l50,3,5,0.5014149598293989,0.09743577396346761,0.7214795303838673
5,m13_h3_q5_d2_l1,3,5,0.48653967156814126,-0.4123271870088126,0.40855972794206563
5,m13_h3_q5_d2_l50,3,5,0.489043456934388,-0.43443559740469423,0.45359753098346584
5,m13_h3_q5_d4_l1,3,5,0.4913799616581531,0.12815802321078484,0.5751879876238771
5,m13_h3_q5_d4_l50,3,5,0.4935971324204027,-0.39155252072941826,0.5192990646442743
5,m13_h3_q5_d8_l1,3,5,0.4989175673539476,0.16893332588722398,0.6862441178594466
5,m13_h3_q5_d8_l50,3,5,0.4970283712619024,-0.004997028012235716,0.5928591640136787
5,m14_h3_q5_d2_l1,3,5,0.4772142842751934,-0.7274879613690397,0.28994243229414096
5,m14_h3_q5_d2_l50,3,5,0.4781475494693513,-0.5040130569974521,0.29623322493245935
5,m14_h3_q5_d4_l1,3,5,0.4824892909392977,-0.24095516781918028,0.413082107844122
5,m14_h3_q5_d4_l50,3,5,0.4906188202055644,-0.1471894010072526,0.5190430749789476
5,m14_h3_q5_d8_l1,3,5,0.47638717981303313,-0.36853554063887917,0.39258872950743273
5,m14_h3_q5_d8_l50,3,5,0.49084131217764326,-0.04707718455058246,0.45060451481961145
5,m15_h3_q5_d2_l1,3,5,0.4840710471012696,0.06820789305021248,0.6066863473384142
5,m15_h3_q5_d2_l50,3,5,0.4856984252566455,-0.1782022924714023,0.5241866782280229
5,m15_h3_q5_d4_l1,3,5,0.4921487552073001,-0.2521120423259702,0.3899847848714589
5,m15_h3_q5_d4_l50,3,5,0.49412503022093834,-0.36027405736575424,0.42498296486110704
5,m15_h3_q5_d8_l1,3,5,0.4872235171592938,-0.4757896641411328,0.3157032127804974
5,m15_h3_q5_d8_l50,3,5,0.49856247132885334,-0.16802024209654529,0.42066383411755615
5,m16_h3_q5_d2_l1,3,5,0.49109683408549887,-0.14174941705148303,0.29614830249723717
5,m16_h3_q5_d2_l50,3,5,0.4904866036004761,-0.15975607366316003,0.25679943953656675
5,m16_h3_q5_d4_l1,3,5,0.4870635011654433,-0.11096535238841088,0.3223037406279727
5,m16_h3_q5_d4_l50,3,5,0.4877624572257489,-0.09724912213213749,0.3471716672381491
5,m16_h3_q5_d8_l1,3,5,0.488524954746082,-0.07297524354206653,0.3361454041853647
5,m16_h3_q5_d8_l50,3,5,0.48884886121305293,0.026715612478782104,0.41839154675642465
5,m17_h3_q5_d2_l1,3,5,0.4931421716921246,-0.202047585379504,0.30818747066276236
5,m17_h3_q5_d2_l50,3,5,0.49458376856650466,-0.28896218455508327,0.27029440694923423
5,m17_h3_q5_d4_l1,3,5,0.48622428895556435,-0.29940691960587684,0.3220063919853104
5,m17_h3_q5_d4_l50,3,5,0.4806501724918171,-0.46539943561699354,0.3008939354595114
5,m17_h3_q5_d8_l1,3,5,0.488576097872446,-0.08933796944144698,0.36755029777156645
5,m17_h3_q5_d8_l50,3,5,0.47705368710945256,-0.3705358629548172,0.35811059385008304
5,m18_h3_q5_d2_l1,3,5,0.49337134714094427,-0.20586743461671697,0.37767883133200814
5,m18_h3_q5_d2_l50,3,5,0.4949153271300338,-0.12226143615348065,0.3860605343982102
5,m18_h3_q5_d4_l1,3,5,0.49800076869668713,-0.3047289933728837,0.3808749865727322
5,m18_h3_q5_d4_l50,3,5,0.49827498496702044,-0.013292379715190938,0.5101496486721994
5,m18_h3_q5_d8_l1,3,5,0.5045724667104741,-0.545620721980431,0.3725322565456049
5,m18_h3_q5_d8_l50,3,5,0.5036715534182206,-0.05070424729831372,0.5930925638935216
5,m19_h3_q5_d2_l1,3,5,0.4936534092317993,-0.2579451337066108,0.4623781349174672
5,m19_h3_q5_d2_l50,3,5,0.49318314431040466,-0.15742461199157304,0.5013965369782982
5,m19_h3_q5_d4_l1,3,5,0.49611844980534614,-0.3720871292124834,0.4229955374891139
5,m19_h3_q5_d4_l50,3,5,0.49093720553957554,-0.34908993747403644,0.4083211899883932
5,m19_h3_q5_d8_l1,3,5,0.49254017447555054,-0.3664942894649205,0.29458232290159486
5,m19_h3_q5_d8_l50,3,5,0.4901828444257092,-0.5150665205872992,0.40054910462276755
5,m20_h3_q5_d2_l1,3,5,0.4954847787207399,-0.014259264731086008,0.47430268480337423
5,m20_h3_q5_d2_l50,3,5,0.49601771334432654,0.010009481713082587,0.41148495768289356
5,m20_h3_q5_d4_l1,3,5,0.4994166971459036,0.48034492195123163,0.7187747058053257
5,m20_h3_q5_d4_l50,3,5,0.5011764856303313,0.4266670753813461,0.6668683569676749
5,m20_h3_q5_d8_l1,3,5,0.5055534848616346,0.10519744349745364,0.46520331981823937
5,m20_h3_q5_d8_l50,3,5,0.5059608863568736,0.5858568815651167,0.7356176338590869
5,m21_h3_q5_d2_l1,3,5,0.488694075766217,-0.19235466920238264,0.44894510138350324
5,m21_h3_q5_d2_l50,3,5,0.4894643222450903,-0.1761404281790871,0.4390240562543475
5,m21_h3_q5_d4_l1,3,5,0.48556630551353896,-0.2600669841692374,0.4300726227850369
5,m21_h3_q5_d4_l50,3,5,0.4872573219909244,-0.20244068660984177,0.4095429767036003
5,m21_h3_q5_d8_l1,3,5,0.48223250982567945,-0.12331934560418609,0.34964022046841997
5,m21_h3_q5_d8_l50,3,5,0.49236243273903985,0.133753128826891,0.523475999457186
5,m22_h3_q5_d2_l1,3,5,0.48293291881571115,-0.23547616087104026,0.3872932163348813
5,m22_h3_q5_d2_l50,3,5,0.48537306585994844,-0.36067129745448506,0.3575285130984705
5,m22_h3_q5_d4_l1,3,5,0.485434766942323,-0.19652262598508097,0.4762471694325253
5,m22_h3_q5_d4_l50,3,5,0.49323428743676845,0.11056118555126732,0.585462303162982
5,m22_h3_q5_d8_l1,3,5,0.49038034600649677,-0.0928461282594691,0.43717450039764805
5,m22_h3_q5_d8_l50,3,5,0.4977203532595219,0.15573170069815825,0.6441351898060378
5,m23_h3_q5_d2_l1,3,5,0.4891385754004662,-0.0576648944972563,0.5286639757906229
5,m23_h3_q5_d2_l50,3,5,0.48698852999156916,-0.2424852553389912,0.43401077726862086
5,m23_h3_q5_d4_l1,3,5,0.4931575727472227,-0.1821853352710702,0.4598680006826118
5,m23_h3_q5_d4_l50,3,5,0.4943618577663162,-0.10198739266897071,0.4303031789007121
5,m23_h3_q5_d8_l1,3,5,0.4867098580700754,-0.36488646941879693,0.29642748630962723
5,m23_h3_q5_d8_l50,3,5,0.4949434171047412,0.1535175315084567,0.5670097444688839
5,m24_h3_q5_d2_l1,3,5,0.49161940447703834,-0.26892382472845583,0.45424601551280824
5,m24_h3_q5_d2_l50,3,5,0.49238364551304303,-0.09749718493068438,0.53129729075742
5,m24_h3_q5_d4_l1,3,5,0.4780767433606923,-0.5286083108262493,0.330497360425055
5,m24_h3_q5_d4_l50,3,5,0.484089063429875,-0.5583475440362011,0.37860050073090323
5,m24_h3_q5_d8_l1,3,5,0.4699784036525491,-0.6836176241532045,0.2960075764964996
5,m24_h3_q5_d8_l50,3,5,0.48034050473616346,-0.3226256791958171,0.4953774949881217
5,m25_h3_q5_d2_l1,3,5,0.494136363072803,-0.2223360231260296,0.4074492048640898
5,m25_h3_q5_d2_l50,3,5,0.4962444672436025,-0.06801957768259416,0.4022006677270931
5,m25_h3_q5_d4_l1,3,5,0.490095474918171,-0.3614900636136368,0.3188728391132086
5,m25_h3_q5_d4_l50,3,5,0.4883416918766118,-0.4265979511968183,0.24010770271189782
5,m25_h3_q5_d8_l1,3,5,0.4844749615651657,-0.8180996340711024,0.23227621355844846
5,m25_h3_q5_d8_l50,3,5,0.4845802505393275,-0.40509983866906824,0.3532193061899922
5,m26_h3_q5_d2_l1,3,5,0.48360116962780203,-0.3981726934110581,0.22738022975311323
5,m26_h3_q5_d2_l50,3,5,0.4864746771783872,-0.5562572352708884,0.22448123280290655
5,m26_h3_q5_d4_l1,3,5,0.4837710655437909,-0.39403232852174824,0.3459905280605294
5,m26_h3_q5_d4_l50,3,5,0.48723010377405285,-0.7772854562395178,0.13891272094729665
5,m26_h3_q5_d8_l1,3,5,0.4828307294249653,-0.3515131548179682,0.36007974345388616
5,m26_h3_q5_d8_l50,3,5,0.48716607800411627,-0.6191711851922417,0.3380459574707842
5,m27_h3_q5_d2_l1,3,5,0.49087966952241624,-0.5319952997216655,0.3130542977646869
5,m27_h3_q5_d2_l50,3,5,0.4888839252504463,-0.44765972152378847,0.3754496320025509
5,m27_h3_q5_d4_l1,3,5,0.48935050941653446,-0.5435975795838897,0.26550154570168405
5,m27_h3_q5_d4_l50,3,5,0.4887525804031938,-0.3394418254424437,0.42997646738140877
5,m27_h3_q5_d8_l1,3,5,0.4887779582424122,-0.6096345220162849,0.32547743388022016
5,m27_h3_q5_d8_l50,3,5,0.4888860562140449,-0.37074337352608916,0.37153903907401875
5,m28_h3_q5_d2_l1,3,5,0.48578647279805587,0.02845364760385391,0.5083005692276157
5,m28_h3_q5_d2_l50,3,5,0.49092190134645897,0.1878093614880721,0.5211931662923702
5,m28_h3_q5_d4_l1,3,5,0.4911843973170006,0.06941034949054434,0.5546280804428768
5,m28_h3_q5_d4_l50,3,5,0.4984963145953184,0.24742315322545486,0.6806928410019757
5,m28_h3_q5_d8_l1,3,5,0.4908827691058322,0.019929345304392745,0.5069226973933454
5,m28_h3_q5_d8_l50,3,5,0.5016693193934736,0.3435361678592114,0.7746518631092332
5,m29_h3_q5_d2_l1,3,5,0.4890397761790815,-0.4461701104376052,0.38256280366679907
5,m29_h3_q5_d2_l50,3,5,0.4863450758468062,-0.30309672745296123,0.4385916257810701
5,m29_h3_q5_d4_l1,3,5,0.491149817589516,-0.5527665945260051,0.27369173141989406
5,m29_h3_q5_d4_l50,3,5,0.49106109201423326,-0.5116256489524361,0.28620189896343406
5,m29_h3_q5_d8_l1,3,5,0.49028019071736756,-0.12948441986234302,0.5241618464619184
5,m29_h3_q5_d8_l50,3,5,0.49213316042823846,-0.025050842017783678,0.5042785955221594
5,m30_h3_q5_d2_l1,3,5,0.4794118889171295,-0.5626163554606511,0.208995827701216
5,m30_h3_q5_d2_l50,3,5,0.47969278866420356,-0.37332142974928245,0.2981661513580587
5,m30_h3_q5_d4_l1,3,5,0.4837339674047808,-0.0003289160034096205,0.5309438651469195
5,m30_h3_q5_d4_l50,3,5,0.4899294534814521,-0.35870661981722185,0.43774427800247256
5,m30_h3_q5_d8_l1,3,5,0.47771380151507636,-0.3995634249262746,0.5074110862731048
5,m30_h3_q5_d8_l50,3,5,0.4912830028144217,-0.09838336926775923,0.5462272099237141
5,m31_h3_q5_d2_l1,3,5,0.4825102131273557,-0.38919184443787375,0.4109968003644548
5,m31_h3_q5_d2_l50,3,5,0.4851523174035409,-0.33198085763972657,0.38246603158991527
5,m31_h3_q5_d4_l1,3,5,0.4929441858014283,-0.32336563909792343,0.40805587517380937
5,m31_h3_q5_d4_l50,3,5,0.49058462792600677,-0.5593834361788035,0.36491223092919123
5,m31_h3_q5_d8_l1,3,5,0.48973166131471935,-0.6490177841596925,0.2895294935275822
5,m31_h3_q5_d8_l50,3,5,0.49556992040269787,-0.25946285259337293,0.5013787579506855
5,m01_h6_q3_d2_l1,6,3,0.4726034335785384,-0.2891222018331292,0.4805572545316038
5,m01_h6_q3_d2_l50,6,3,0.4726124284118177,-0.37360396778158844,0.44363566960344264
5,m01_h6_q3_d4_l1,6,3,0.47531441734640323,-0.40901139004377635,0.4127413921650964
5,m01_h6_q3_d4_l50,6,3,0.4726593195098966,-0.5319754834308819,0.4150328737010867
5,m01_h6_q3_d8_l1,6,3,0.4818732728261221,-0.4693411270076423,0.37853872883383716
5,m01_h6_q3_d8_l50,6,3,0.47344437676201045,-0.4652357218580884,0.42269940963401653
5,m02_h6_q3_d2_l1,6,3,0.48376793860982054,-0.37075083507852674,0.5252277236691618
5,m02_h6_q3_d2_l50,6,3,0.4823327466047822,-0.46936935441377703,0.4069077074947876
5,m02_h6_q3_d4_l1,6,3,0.49368378383439715,-0.18396406182215777,0.5143252042617521
5,m02_h6_q3_d4_l50,6,3,0.48208472513632705,-0.5806075890314482,0.3764918612569266
5,m02_h6_q3_d8_l1,6,3,0.49884519611759404,-0.32842952265767894,0.465555459336899
5,m02_h6_q3_d8_l50,6,3,0.4824175339676608,-0.6040831334535903,0.3473104883232848
5,m03_h6_q3_d2_l1,6,3,0.4636172264918189,-0.5388616749946034,0.4146754744896743
5,m03_h6_q3_d2_l50,6,3,0.4650425389258783,-0.4979520149372297,0.3282345700591903
5,m03_h6_q3_d4_l1,6,3,0.4718877545077017,-0.3611858012585592,0.4384792408135063
5,m03_h6_q3_d4_l50,6,3,0.4654509191023864,-0.4745418949708741,0.40636095552163876
5,m03_h6_q3_d8_l1,6,3,0.48721141146481445,-0.6531188625516466,0.37817217178690726
5,m03_h6_q3_d8_l50,6,3,0.46391236024277793,-0.4391097947214244,0.42721829143543166
5,m04_h6_q3_d2_l1,6,3,0.4833985606202365,0.02319833988997709,0.5066860331877916
5,m04_h6_q3_d2_l50,6,3,0.4847355467406189,0.021548590962869298,0.6151213644617309
5,m04_h6_q3_d4_l1,6,3,0.48900411122863374,-0.23287455225302703,0.4380394666721166
5,m04_h6_q3_d4_l50,6,3,0.4886792650365965,0.10981685512096279,0.5846375814799046
5,m04_h6_q3_d8_l1,6,3,0.4914433330664375,-0.3982580808523984,0.3872534145980786
5,m04_h6_q3_d8_l50,6,3,0.4882022439602275,-0.1662096428532428,0.5322693014137115
5,m05_h6_q3_d2_l1,6,3,0.46483005442169045,-0.2220087087466838,0.4988316587227497
5,m05_h6_q3_d2_l50,6,3,0.4661362221788701,-0.2507780877098035,0.48732935637710256
5,m05_h6_q3_d4_l1,6,3,0.47072329223874176,-0.2129278219782829,0.49433838651253276
5,m05_h6_q3_d4_l50,6,3,0.4630476765976999,-0.29271110553371094,0.5137977515077473
5,m05_h6_q3_d8_l1,6,3,0.47642424706241276,-0.38798842264062633,0.38904865790625887
5,m05_h6_q3_d8_l50,6,3,0.4620325875436895,-0.2764838975683884,0.5049967128433264
5,m06_h6_q3_d2_l1,6,3,0.4769038486237389,-0.3089756243852505,0.4547779888157454
5,m06_h6_q3_d2_l50,6,3,0.4766853921400787,-0.4609794636695226,0.4741572499039379
5,m06_h6_q3_d4_l1,6,3,0.491041440966393,-0.08251732538335509,0.5867034597481027
5,m06_h6_q3_d4_l50,6,3,0.4836308042663821,-0.2838885036400904,0.5474859762718002
5,m06_h6_q3_d8_l1,6,3,0.49678456828707845,-0.3405388249046854,0.47452242679536427
5,m06_h6_q3_d8_l50,6,3,0.48555142235593557,-0.2415536695156074,0.5469688550860881
5,m07_h6_q3_d2_l1,6,3,0.45596476148725,-0.6387432526945062,0.3706831824046336
5,m07_h6_q3_d2_l50,6,3,0.4594413382778374,-0.42321444909555084,0.4489173854438218
5,m07_h6_q3_d4_l1,6,3,0.4634912250977672,-0.44766586582366985,0.4343951746094852
5,m07_h6_q3_d4_l50,6,3,0.4635580227940872,-0.4831758781291207,0.4347240044844217
5,m07_h6_q3_d8_l1,6,3,0.4724728610397054,-0.47654484572768546,0.37624963221967167
5,m07_h6_q3_d8_l50,6,3,0.46543012776644577,-0.4682725105450273,0.46742749698851477
5,m08_h6_q3_d2_l1,6,3,0.48902917879678914,-0.48712980856520116,0.3990076083389188
5,m08_h6_q3_d2_l50,6,3,0.4933034940798514,-0.34901617556043624,0.48008902508491924
5,m08_h6_q3_d4_l1,6,3,0.4883064955524974,-0.37103584342457346,0.42235940161593377
5,m08_h6_q3_d4_l50,6,3,0.4933166176890622,-0.3803293509689554,0.49906804229356055
5,m08_h6_q3_d8_l1,6,3,0.4861393305573214,-0.3922487859535442,0.3693648683963229
5,m08_h6_q3_d8_l50,6,3,0.4929970799232225,-0.38012828232928914,0.47439523990324556
5,m09_h6_q3_d2_l1,6,3,0.4793196986406447,-0.21046226836714105,0.4939567349569222
5,m09_h6_q3_d2_l50,6,3,0.485263440234715,-0.23606096456059622,0.4861447015755356
5,m09_h6_q3_d4_l1,6,3,0.47732984982609744,-0.4856617930928733,0.43127441350741885
5,m09_h6_q3_d4_l50,6,3,0.4900534838685038,-0.31545242032773413,0.5301044941211256
5,m09_h6_q3_d8_l1,6,3,0.4848750403845895,-0.30542757521251745,0.5110977744606315
5,m09_h6_q3_d8_l50,6,3,0.491336795901777,-0.2662458517119168,0.5161140087657953
5,m10_h6_q3_d2_l1,6,3,0.48696987807282305,-0.3741765934697827,0.4774121265819918
5,m10_h6_q3_d2_l50,6,3,0.4902607336746357,-0.39000405674569566,0.4267619429409581
5,m10_h6_q3_d4_l1,6,3,0.48984262138343193,-0.46994108917101607,0.4684328035332698
5,m10_h6_q3_d4_l50,6,3,0.4934788933287975,-0.41943476658770706,0.488572082440116
5,m10_h6_q3_d8_l1,6,3,0.4885550331179439,-0.39970903145782655,0.4509488428152847
5,m10_h6_q3_d8_l50,6,3,0.49576328606917086,-0.3825588472568837,0.4706750103481077
5,m11_h6_q3_d2_l1,6,3,0.4742233883065103,-0.45665996808243475,0.40327378473135606
5,m11_h6_q3_d2_l50,6,3,0.48067555916528537,-0.2875552592602219,0.43374808504237516
5,m11_h6_q3_d4_l1,6,3,0.474768460457607,-0.5164555770521311,0.4350895736700457
5,m11_h6_q3_d4_l50,6,3,0.48035978153466896,-0.2476392920128284,0.5219915247239258
5,m11_h6_q3_d8_l1,6,3,0.4862098883888646,-0.5296319779803202,0.44306963131041444
5,m11_h6_q3_d8_l50,6,3,0.48233945586567084,-0.2530584046987092,0.505742590698663
5,m12_h6_q3_d2_l1,6,3,0.48668631964010056,-0.26429227152685475,0.4966906345225443
5,m12_h6_q3_d2_l50,6,3,0.4926998817842977,-0.12996957356370192,0.6218584125376123
5,m12_h6_q3_d4_l1,6,3,0.4887401644815857,-0.3554444934313701,0.4952614829017745
5,m12_h6_q3_d4_l50,6,3,0.4923776898053592,-0.22658402867516955,0.5161167189533289
5,m12_h6_q3_d8_l1,6,3,0.5027439402471751,0.19341509670091864,0.6014359230971732
5,m12_h6_q3_d8_l50,6,3,0.4923088277210734,-0.29647112732762687,0.5442598730000374
5,m13_h6_q3_d2_l1,6,3,0.4756133112325856,-0.2586951791901142,0.4306254049842606
5,m13_h6_q3_d2_l50,6,3,0.4835411508461558,-0.2517383999757371,0.48046612063848765
5,m13_h6_q3_d4_l1,6,3,0.47712886691200446,-0.3018097692699981,0.42792473992130703
5,m13_h6_q3_d4_l50,6,3,0.4852186135246019,-0.2840574488785258,0.4734695552367767
5,m13_h6_q3_d8_l1,6,3,0.48834439181729694,-0.13273923292946754,0.5098781926832439
5,m13_h6_q3_d8_l50,6,3,0.48543213022277254,-0.17906767040072927,0.5573720355714179
5,m14_h6_q3_d2_l1,6,3,0.4809384737183505,-0.4333158664901388,0.45556233261539303
5,m14_h6_q3_d2_l50,6,3,0.48623561951029476,-0.43927370303892516,0.4292837625598277
5,m14_h6_q3_d4_l1,6,3,0.4879702214985068,-0.42245677851093544,0.4488223888778234
5,m14_h6_q3_d4_l50,6,3,0.49144156359103824,-0.4615980042973304,0.4850099848478451
5,m14_h6_q3_d8_l1,6,3,0.49495625783085023,-0.5620994984172255,0.4298992272263755
5,m14_h6_q3_d8_l50,6,3,0.49169857989277277,-0.37255203327243946,0.5072575646113214
5,m15_h6_q3_d2_l1,6,3,0.4626901688389189,-0.5737722482987184,0.3458153188271204
5,m15_h6_q3_d2_l50,6,3,0.47233653770582495,-0.54588417486673,0.3638753051459305
5,m15_h6_q3_d4_l1,6,3,0.468641578159719,-0.9008572972330289,0.18383238737473775
5,m15_h6_q3_d4_l50,6,3,0.4775418182332939,-0.2919493035168291,0.48133744318329813
5,m15_h6_q3_d8_l1,6,3,0.4807726591278167,-0.5837690159860212,0.37809074633879464
5,m15_h6_q3_d8_l50,6,3,0.47910765650530673,-0.22753911978795455,0.5058375042780717
5,m16_h6_q3_d2_l1,6,3,0.49601241345975056,0.20038849653668708,0.739788924777972
5,m16_h6_q3_d2_l50,6,3,0.49967426907026313,0.11880168485649747,0.6953583955470614
5,m16_h6_q3_d4_l1,6,3,0.492492189609316,0.17026793135521875,0.6238181132649233
5,m16_h6_q3_d4_l50,6,3,0.4977201046762664,-0.04822063651448766,0.6100761229134442
5,m16_h6_q3_d8_l1,6,3,0.49484721390937425,0.21815342776713656,0.6302568010495284
5,m16_h6_q3_d8_l50,6,3,0.49687488526057955,-0.04619668156275568,0.6100761229134442
5,m17_h6_q3_d2_l1,6,3,0.47859767894962757,-0.177987698614137,0.5105508505773388
5,m17_h6_q3_d2_l50,6,3,0.4760571546452194,-0.1628569228755566,0.49607063802589535
5,m17_h6_q3_d4_l1,6,3,0.48866120164189625,-0.19673868897283237,0.49745774803954207
5,m17_h6_q3_d4_l50,6,3,0.4762395580676208,-0.1649984673251463,0.49595302917467815
5,m17_h6_q3_d8_l1,6,3,0.49875605879435914,-0.11602827748883567,0.617494973132954
5,m17_h6_q3_d8_l50,6,3,0.47923940869440584,-0.09044350789765916,0.533688031228618
5,m18_h6_q3_d2_l1,6,3,0.4726086682765944,-0.13676153610999292,0.6767791678268659
5,m18_h6_q3_d2_l50,6,3,0.4735395597928593,-0.24161213091811612,0.5851343139996298
5,m18_h6_q3_d4_l1,6,3,0.4753729574908603,-0.46101226839445797,0.4951897862956492
5,m18_h6_q3_d4_l50,6,3,0.47560365284603157,-0.3687396371074904,0.5727879804529283
5,m18_h6_q3_d8_l1,6,3,0.4896297682385359,-0.4610274959571226,0.4818050564697943
5,m18_h6_q3_d8_l50,6,3,0.47791584109580076,-0.1843704761998161,0.6269373293421014
5,m19_h6_q3_d2_l1,6,3,0.46392533639570543,-0.3382454181062496,0.5412094613478197
5,m19_h6_q3_d2_l50,6,3,0.46248874355597613,-0.45469389583935294,0.4928588886837184
5,m19_h6_q3_d4_l1,6,3,0.47306688867684676,-0.46171228043095436,0.46627515268746583
5,m19_h6_q3_d4_l50,6,3,0.46426478075978617,-0.3101184053437944,0.5415086193876171
5,m19_h6_q3_d8_l1,6,3,0.48404545133492904,-0.5045649178741533,0.4889189902338349
5,m19_h6_q3_d8_l50,6,3,0.46619726908014264,-0.2916482841605724,0.44259541733565505
5,m20_h6_q3_d2_l1,6,3,0.4796587006358758,0.2989912802069142,0.6770187164762664
5,m20_h6_q3_d2_l50,6,3,0.48227081496581004,0.07847925259086576,0.6323471871243348
5,m20_h6_q3_d4_l1,6,3,0.4829334835028122,0.15986023109444078,0.6689512957031624
5,m20_h6_q3_d4_l50,6,3,0.48540757875160856,-0.1237259025584894,0.6025225147282975
5,m20_h6_q3_d8_l1,6,3,0.48999059376369036,-0.21442311231832967,0.5538522440219442
5,m20_h6_q3_d8_l50,6,3,0.48543906066808606,-0.09066431105117873,0.6226553818455756
5,m21_h6_q3_d2_l1,6,3,0.4690623446640216,-0.40692597359381943,0.48264800922269624
5,m21_h6_q3_d2_l50,6,3,0.4684490002537723,-0.1518482812217065,0.4925027154831624
5,m21_h6_q3_d4_l1,6,3,0.479875313915995,-0.1340077953762111,0.5968153066583523
5,m21_h6_q3_d4_l50,6,3,0.4714307137577155,-0.214620489522249,0.4812579745153363
5,m21_h6_q3_d8_l1,6,3,0.47993075747850344,-0.4040780157869715,0.4792194358451746
5,m21_h6_q3_d8_l50,6,3,0.4722036058664598,-0.1030237771060005,0.5660030546605304
5,m22_h6_q3_d2_l1,6,3,0.4693910984475655,-0.23469120805194066,0.5536294893540321
5,m22_h6_q3_d2_l50,6,3,0.4729711895490064,-0.28785217062022384,0.4927075027340258
5,m22_h6_q3_d4_l1,6,3,0.4723515782467182,-0.27395636938898793,0.5091758157893802
5,m22_h6_q3_d4_l50,6,3,0.47526133308442714,-0.16131172395079338,0.5971300436848243
5,m22_h6_q3_d8_l1,6,3,0.4801745764428855,-0.42661195900818905,0.5915704684717451
5,m22_h6_q3_d8_l50,6,3,0.4750632992959995,-0.0597690921850706,0.625578338419729
5,m23_h6_q3_d2_l1,6,3,0.4636620532019321,-0.26440842166101775,0.5214111340237811
5,m23_h6_q3_d2_l50,6,3,0.4642098532942692,-0.29926632513913876,0.4959992509963246
5,m23_h6_q3_d4_l1,6,3,0.47384612140577154,-0.2249987953838891,0.49040670826064336
5,m23_h6_q3_d4_l50,6,3,0.466954457094719,-0.17454708476857675,0.5657428954219158
5,m23_h6_q3_d8_l1,6,3,0.4777221572677295,-0.6421148435838725,0.380973699558788
5,m23_h6_q3_d8_l50,6,3,0.467948312443939,-0.07184192953812663,0.5676880473380248
5,m24_h6_q3_d2_l1,6,3,0.48789221712465847,-0.08511552628756511,0.5543932665989667
5,m24_h6_q3_d2_l50,6,3,0.4935156099433311,-0.1972373837623363,0.5064983325102804
5,m24_h6_q3_d4_l1,6,3,0.4813983898658605,-0.4317131576102285,0.5125822680912544
5,m24_h6_q3_d4_l50,6,3,0.4902750369341125,-0.2822250204384308,0.5376067198486715
5,m24_h6_q3_d8_l1,6,3,0.48007600191752153,-0.42912186921144413,0.40314590160775104
5,m24_h6_q3_d8_l50,6,3,0.4910771253869437,-0.308002749730189,0.5519849559401037
5,m25_h6_q3_d2_l1,6,3,0.4779341994030675,-0.4431355217270096,0.4673344291254255
5,m25_h6_q3_d2_l50,6,3,0.478755530900865,-0.07459576116110776,0.5729327427469768
5,m25_h6_q3_d4_l1,6,3,0.484624069790469,-0.4407169565451496,0.4283070076663415
5,m25_h6_q3_d4_l50,6,3,0.4851992230233522,-0.21860242373869257,0.5775400194936048
5,m25_h6_q3_d8_l1,6,3,0.4900572440037271,-0.39754002565310603,0.483322855468236
5,m25_h6_q3_d8_l50,6,3,0.48615503465148924,-0.1975629200994186,0.5960219463428813
5,m26_h6_q3_d2_l1,6,3,0.4709139532130061,-0.6572330533360827,0.3690086059784434
5,m26_h6_q3_d2_l50,6,3,0.47974297190176285,-0.3886417594587069,0.43860607070186763
5,m26_h6_q3_d4_l1,6,3,0.4785714317312061,-0.603630009386489,0.42760720469949537
5,m26_h6_q3_d4_l50,6,3,0.48167369074672006,-0.5668883354277335,0.39338571850556453
5,m26_h6_q3_d8_l1,6,3,0.47674857715745866,-0.49626386097992603,0.39686801675763855
5,m26_h6_q3_d8_l50,6,3,0.47949369705489986,-0.398453126591368,0.46029368730240544
5,m27_h6_q3_d2_l1,6,3,0.47115873064322933,-0.4540134382616303,0.4301640209506878
5,m27_h6_q3_d2_l50,6,3,0.4752506425038902,-0.2576237601804098,0.47896113745833324
5,m27_h6_q3_d4_l1,6,3,0.48199698864778306,-0.4562206609482533,0.4260920292378695
5,m27_h6_q3_d4_l50,6,3,0.47939394287926973,-0.22358768932954723,0.5316598547956036
5,m27_h6_q3_d8_l1,6,3,0.48208619969915967,-0.668894825537792,0.3548901840101018
5,m27_h6_q3_d8_l50,6,3,0.47913958079063407,-0.31549452184133786,0.49567566595091966
5,m28_h6_q3_d2_l1,6,3,0.4783070426153082,-0.28024053682838107,0.5296157041707683
5,m28_h6_q3_d2_l50,6,3,0.4819629262463484,-0.30001253077844625,0.5315024216697009
5,m28_h6_q3_d4_l1,6,3,0.4783346906684208,-0.4346243868705805,0.4315379321786003
5,m28_h6_q3_d4_l50,6,3,0.48470200043617573,-0.29980329710891307,0.5903991720435742
5,m28_h6_q3_d8_l1,6,3,0.4889400414735542,-0.31385989469223713,0.5257431588837403
5,m28_h6_q3_d8_l50,6,3,0.4842920719686933,-0.49045054378271113,0.5343652526747088
5,m29_h6_q3_d2_l1,6,3,0.4700089402744545,-0.2043053889349281,0.49944607538335023
5,m29_h6_q3_d2_l50,6,3,0.4746173914953999,-0.07857840216194913,0.5560931599894392
5,m29_h6_q3_d4_l1,6,3,0.48549258729891204,-0.3125466704174231,0.42169153970517337
5,m29_h6_q3_d4_l50,6,3,0.48299394057895173,-0.33262357607141474,0.5049229129600025
5,m29_h6_q3_d8_l1,6,3,0.48575889334649236,-0.289204371210767,0.5041147426557181
5,m29_h6_q3_d8_l50,6,3,0.4821712819746048,-0.3329359712695415,0.47106689551839565
5,m30_h6_q3_d2_l1,6,3,0.4748541325581851,-0.6627500350714692,0.29782460688283424
5,m30_h6_q3_d2_l50,6,3,0.4787198464803144,-0.3105128618041104,0.4539325189498475
5,m30_h6_q3_d4_l1,6,3,0.4844903269415458,-0.48290584718483853,0.4066021085915126
5,m30_h6_q3_d4_l50,6,3,0.48697489158645413,-0.3043235980489915,0.4710075065863416
5,m30_h6_q3_d8_l1,6,3,0.4889681318955166,-0.6010187678104405,0.37622041168355047
5,m30_h6_q3_d8_l50,6,3,0.48498069281155043,-0.348935381906442,0.4704197819276296
5,m31_h6_q3_d2_l1,6,3,0.46928072741954013,-0.4983347028138421,0.44166318349329237
5,m31_h6_q3_d2_l50,6,3,0.47070286954350926,-0.3639748537823375,0.428845304426379
5,m31_h6_q3_d4_l1,6,3,0.47798308116097055,-0.4842805851500322,0.40031916406099366
5,m31_h6_q3_d4_l50,6,3,0.47034278129977114,-0.46838472417192484,0.365000778110045
5,m31_h6_q3_d8_l1,6,3,0.4848374390323565,-0.615046669065889,0.36401182172375574
5,m31_h6_q3_d8_l50,6,3,0.4695011008348827,-0.5117469640928165,0.37693095593321224
5,m01_h6_q5_d2_l1,6,5,0.4972615208193159,-0.32729320108579046,0.46938376726206704
5,m01_h6_q5_d2_l50,6,5,0.491597751475079,-0.1981491128025908,0.4992100498026959
5,m01_h6_q5_d4_l1,6,5,0.498038484679882,-0.4746803218583996,0.31787786538574386
5,m01_h6_q5_d4_l50,6,5,0.49457479879405825,-0.07962708118646945,0.4744444916022064
5,m01_h6_q5_d8_l1,6,5,0.5001641672273692,-0.14475543800555216,0.31054807042498644
5,m01_h6_q5_d8_l50,6,5,0.4954227265669479,-0.3665992956363289,0.37500745459420276
5,m02_h6_q5_d2_l1,6,5,0.49638731011593595,-0.41351288397001223,0.4814840687815014
5,m02_h6_q5_d2_l50,6,5,0.4925831591920708,-0.26218946371248825,0.5547785164541994
5,m02_h6_q5_d4_l1,6,5,0.5003374323922157,-0.038098365757821155,0.651480995778519
5,m02_h6_q5_d4_l50,6,5,0.49037276473785,-0.14472435095585395,0.3816924883698867
5,m02_h6_q5_d8_l1,6,5,0.4956542185316495,-0.0071920634173807995,0.5973345856592018
5,m02_h6_q5_d8_l50,6,5,0.4899091742792816,-0.2141904148985562,0.35441037920521956
5,m03_h6_q5_d2_l1,6,5,0.4761268098830288,-0.1644227833908918,0.49335079499953644
5,m03_h6_q5_d2_l50,6,5,0.47351610617980433,-0.15104614698769556,0.43938717079935896
5,m03_h6_q5_d4_l1,6,5,0.48983568316210335,-0.25872637825252415,0.4746667505073697
5,m03_h6_q5_d4_l50,6,5,0.48282936151079137,-0.13771495755151508,0.4568652907566972
5,m03_h6_q5_d8_l1,6,5,0.49937497169530565,-0.5772804704023412,0.36276048294815433
5,m03_h6_q5_d8_l50,6,5,0.4831081627503752,0.009286643483651554,0.518402366348606
5,m04_h6_q5_d2_l1,6,5,0.5074024862843538,0.3220766233331112,0.633688407108098
5,m04_h6_q5_d2_l50,6,5,0.5017290124734745,0.4012785672612266,0.6711741442687025
5,m04_h6_q5_d4_l1,6,5,0.511800024908131,0.11565070881693014,0.5250026169278751
5,m04_h6_q5_d4_l50,6,5,0.5088977828528545,0.41435486011831235,0.6427822512838439
5,m04_h6_q5_d8_l1,6,5,0.5143615997489779,-0.045898457928398986,0.4361369701742251
5,m04_h6_q5_d8_l50,6,5,0.5086636625951038,0.2846094847499736,0.6427822512838439
5,m05_h6_q5_d2_l1,6,5,0.48827346620904716,-0.09507681905171812,0.46345206893680424
5,m05_h6_q5_d2_l50,6,5,0.48045065521323943,-0.012098047467739079,0.4427236509023778
5,m05_h6_q5_d4_l1,6,5,0.49730832465322705,-0.1375670595582912,0.5080759049614829
5,m05_h6_q5_d4_l50,6,5,0.48311048777884164,0.07976105255483146,0.5358688700890347
5,m05_h6_q5_d8_l1,6,5,0.49050246089099947,0.13644819953705106,0.5017492566822388
5,m05_h6_q5_d8_l50,6,5,0.4837090309766575,0.027651408233846625,0.4861899442619468
5,m06_h6_q5_d2_l1,6,5,0.49146765096915274,0.05639050047790043,0.6140778220758044
5,m06_h6_q5_d2_l50,6,5,0.48907873476398733,0.06614720676307881,0.5873503874804957
5,m06_h6_q5_d4_l1,6,5,0.5002099601793386,-0.07161094548618231,0.5633165014859062
5,m06_h6_q5_d4_l50,6,5,0.4950407142810931,-0.07030759842164416,0.45270835705616985
5,m06_h6_q5_d8_l1,6,5,0.5107136300851405,-0.4191703175919183,0.3315325468511309
5,m06_h6_q5_d8_l50,6,5,0.49589733563868327,-0.10598348196103506,0.48055988406627337
5,m07_h6_q5_d2_l1,6,5,0.4754393090743233,-0.13163585890631266,0.6395375966025423
5,m07_h6_q5_d2_l50,6,5,0.46908177145334096,-0.2403464142062743,0.47246841806881845
5,m07_h6_q5_d4_l1,6,5,0.48583198414290146,-0.2363816433502893,0.48943910334972457
5,m07_h6_q5_d4_l50,6,5,0.473628617339941,-0.23970624979669664,0.499939612735074
5,m07_h6_q5_d8_l1,6,5,0.4959895280717872,-0.3040053582067879,0.37494000681646694
5,m07_h6_q5_d8_l50,6,5,0.47461018370555363,-0.06661499947034391,0.5334747502175905
5,m08_h6_q5_d2_l1,6,5,0.48462044213550026,-0.3922172001065093,0.3590953792966596
5,m08_h6_q5_d2_l50,6,5,0.48722750666373377,-0.42637153438221803,0.36240565498715777
5,m08_h6_q5_d4_l1,6,5,0.48180089022307326,-0.5249654488212069,0.280530613926099
5,m08_h6_q5_d4_l50,6,5,0.48645600156565394,-0.30284000038634673,0.4703734427678147
5,m08_h6_q5_d8_l1,6,5,0.4799899963123026,-0.4647357936270178,0.40856071880835226
5,m08_h6_q5_d8_l50,6,5,0.48715209487086586,-0.35001365805512596,0.46369710277407583
5,m09_h6_q5_d2_l1,6,5,0.49946868045132237,-0.423579666821536,0.449353799341746
5,m09_h6_q5_d2_l50,6,5,0.5052094789995343,-0.3687559958793544,0.43689615042518426
5,m09_h6_q5_d4_l1,6,5,0.5010111852065111,-0.4585343145425141,0.37854196094547227
5,m09_h6_q5_d4_l50,6,5,0.5074987222452254,-0.4911407268719963,0.42670850387389103
5,m09_h6_q5_d8_l1,6,5,0.503088547597174,-0.4903455355844192,0.4216146511269662
5,m09_h6_q5_d8_l50,6,5,0.5085231500051757,-0.49777979707908515,0.4252113025862066
5,m10_h6_q5_d2_l1,6,5,0.4971662957403862,-0.30978774393420405,0.3920533331846532
5,m10_h6_q5_d2_l50,6,5,0.4968374558446768,-0.34547629108106137,0.35039369159241285
5,m10_h6_q5_d4_l1,6,5,0.5023990250245847,-0.42363688936835614,0.5036549989608956
5,m10_h6_q5_d4_l50,6,5,0.4961655226178769,-0.42179117189415627,0.4131306222769047
5,m10_h6_q5_d8_l1,6,5,0.493524694632783,-0.5083773863455123,0.2220025708840684
5,m10_h6_q5_d8_l50,6,5,0.49596435711143316,-0.4828084237474771,0.42795324191331396
5,m11_h6_q5_d2_l1,6,5,0.48971852194503396,-0.328428306570535,0.49200755003603686
5,m11_h6_q5_d2_l50,6,5,0.4913129860320377,-0.27945300737269746,0.41342702546759263
5,m11_h6_q5_d4_l1,6,5,0.49369816197401795,-0.5451462279894388,0.35989543772478605
5,m11_h6_q5_d4_l50,6,5,0.4907833849826614,-0.4683384553171513,0.4231882402628375
5,m11_h6_q5_d8_l1,6,5,0.4972113810749961,-0.74076555907986,0.30156096739825006
5,m11_h6_q5_d8_l50,6,5,0.493246904275141,-0.5663464378440699,0.3378682841459189
5,m12_h6_q5_d2_l1,6,5,0.5014587026422028,-0.06282491803145038,0.5085071715376522
5,m12_h6_q5_d2_l50,6,5,0.4961605692963615,-0.3533951919725746,0.4240101796850304
5,m12_h6_q5_d4_l1,6,5,0.5055827977006884,0.006691262764406116,0.5223451289866374
5,m12_h6_q5_d4_l50,6,5,0.5021776418793024,-0.27160462706079536,0.42534618308502736
5,m12_h6_q5_d8_l1,6,5,0.5115415423955799,0.11921959109119132,0.6187325924984064
5,m12_h6_q5_d8_l50,6,5,0.5047120239959112,-0.5022816221090732,0.291372451329077
5,m13_h6_q5_d2_l1,6,5,0.5003008384659179,-0.06554779394150272,0.5243596240392076
5,m13_h6_q5_d2_l50,6,5,0.49555585971869986,-0.2644170359553365,0.48757237514731105
5,m13_h6_q5_d4_l1,6,5,0.49898507453030383,-0.14342922789040777,0.5298520972529263
5,m13_h6_q5_d4_l50,6,5,0.49900104646498633,-0.35925303022819305,0.4702175847003293
5,m13_h6_q5_d8_l1,6,5,0.49778717942911854,-0.20605142255727146,0.49963250067981363
5,m13_h6_q5_d8_l50,6,5,0.49620171219139797,-0.3727989520246478,0.3898845685005066
5,m14_h6_q5_d2_l1,6,5,0.4968816313855391,-0.2085643215669195,0.5029984912303407
5,m14_h6_q5_d2_l50,6,5,0.4950053334131256,-0.239657034507686,0.452803592477438
5,m14_h6_q5_d4_l1,6,5,0.5025618781054294,-0.23180732781173657,0.538648415795076
5,m14_h6_q5_d4_l50,6,5,0.500389492812225,-0.06598167456302506,0.5435415463551068
5,m14_h6_q5_d8_l1,6,5,0.5066759654326898,-0.6219796404079587,0.2917171174181583
5,m14_h6_q5_d8_l50,6,5,0.5024426951244759,-0.3910798398024511,0.33044138128391876
5,m15_h6_q5_d2_l1,6,5,0.4879399762564049,-0.3089448601753282,0.3380563870763161
5,m15_h6_q5_d2_l50,6,5,0.48814002979271265,-0.4407858918450458,0.3558354944324916
5,m15_h6_q5_d4_l1,6,5,0.49162908881527867,-0.37685215881546275,0.4923035136564746
5,m15_h6_q5_d4_l50,6,5,0.49762998728714875,-0.3188068027012534,0.3904169907609755
5,m15_h6_q5_d8_l1,6,5,0.4954781228973656,-0.2836428522363452,0.415608854099762
5,m15_h6_q5_d8_l50,6,5,0.5005328358715905,-0.5458344649017576,0.3582421284274557
5,m16_h6_q5_d2_l1,6,5,0.4813362888825631,0.2045523886577053,0.6608613049666715
5,m16_h6_q5_d2_l50,6,5,0.48591841454893636,0.2858270944163468,0.5086557794348139
5,m16_h6_q5_d4_l1,6,5,0.5030856160395425,-0.006671681734760614,0.5940202695678686
5,m16_h6_q5_d4_l50,6,5,0.49398100674136947,0.26782710557010403,0.6169641983647085
5,m16_h6_q5_d8_l1,6,5,0.5128764119998965,0.012382483753604756,0.43283372909753537
5,m16_h6_q5_d8_l50,6,5,0.4941158583924228,0.36852559051819983,0.6515019914457891
5,m17_h6_q5_d2_l1,6,5,0.4949450848493867,-0.06565751249451969,0.5452491436562918
5,m17_h6_q5_d2_l50,6,5,0.4890412310439418,0.2453345175551742,0.5815926758255044
5,m17_h6_q5_d4_l1,6,5,0.5088895947091248,-0.027311636166027876,0.6280011717081471
5,m17_h6_q5_d4_l50,6,5,0.49321496040577606,0.08588454209731519,0.5895123844529471
5,m17_h6_q5_d8_l1,6,5,0.5117222880867968,-0.13203011622142807,0.4929376119152072
5,m17_h6_q5_d8_l50,6,5,0.4939191407665235,-0.023416963517911407,0.5912519343832895
5,m18_h6_q5_d2_l1,6,5,0.47583173344417995,-0.20803367397199274,0.49954572431719535
5,m18_h6_q5_d2_l50,6,5,0.4738814389136173,-0.2725203661248102,0.5435835744820978
5,m18_h6_q5_d4_l1,6,5,0.4811696955385332,-0.30437524469569405,0.5781415581014827
5,m18_h6_q5_d4_l50,6,5,0.4743239019395994,-0.2268963336785955,0.5112224330035013
5,m18_h6_q5_d8_l1,6,5,0.5008641018839605,-0.26267232888641695,0.5224752484417897
5,m18_h6_q5_d8_l50,6,5,0.4730086434449562,-0.4152065844961774,0.40956545737408573
5,m19_h6_q5_d2_l1,6,5,0.48133689541172814,0.012605340918301976,0.5867915346248915
5,m19_h6_q5_d2_l50,6,5,0.47490616993815016,-0.1481830884495646,0.5131422105249174
5,m19_h6_q5_d4_l1,6,5,0.49107199177708194,-0.3359194949026715,0.3987478222082808
5,m19_h6_q5_d4_l50,6,5,0.47804869863102323,-0.06092209288643098,0.5526819691524538
5,m19_h6_q5_d8_l1,6,5,0.4973972822641167,-0.5247837467124634,0.3618599419256496
5,m19_h6_q5_d8_l50,6,5,0.47973080618239217,-0.11754444247242128,0.5133833107384075
5,m20_h6_q5_d2_l1,6,5,0.4815494838841158,0.5680739580286301,0.7277352073283065
5,m20_h6_q5_d2_l50,6,5,0.4830994691656747,0.02851619890242306,0.41058411884114837
5,m20_h6_q5_d4_l1,6,5,0.5012173040344703,0.34513392763905165,0.7228365023476292
5,m20_h6_q5_d4_l50,6,5,0.48973661673179436,0.2846652111422273,0.6189897568499405
5,m20_h6_q5_d8_l1,6,5,0.5155441294446458,0.06524382533112441,0.5375627978677932
5,m20_h6_q5_d8_l50,6,5,0.49318554374126594,0.20707169551968835,0.7102116538497822
5,m21_h6_q5_d2_l1,6,5,0.49211582847031726,0.6584556169348725,0.6186701839196723
5,m21_h6_q5_d2_l50,6,5,0.47931523261606546,0.2357043055862562,0.6104776371480328
5,m21_h6_q5_d4_l1,6,5,0.49479820370322447,0.06289803868213638,0.4972860331854176
5,m21_h6_q5_d4_l50,6,5,0.4859028469670307,0.18413435764730485,0.5354006059213473
5,m21_h6_q5_d8_l1,6,5,0.5031074510894882,-0.28498294666160023,0.36884870776702255
5,m21_h6_q5_d8_l50,6,5,0.4867611868239221,0.28970449599007836,0.6234978158144218
5,m22_h6_q5_d2_l1,6,5,0.4778076032878733,-0.03760452580385227,0.5698581213056666
5,m22_h6_q5_d2_l50,6,5,0.4758551859052327,0.07931347845052458,0.5532280689635131
5,m22_h6_q5_d4_l1,6,5,0.4881275959448269,-0.15434149809036007,0.49794586294833065
5,m22_h6_q5_d4_l50,6,5,0.47673677604678844,-0.26597536894609874,0.5458982935594
5,m22_h6_q5_d8_l1,6,5,0.4954035198100512,-0.25841754091430835,0.5122058439209096
5,m22_h6_q5_d8_l50,6,5,0.47791677853760156,-0.30567072183644844,0.5194493038414622
5,m23_h6_q5_d2_l1,6,5,0.4794155121047047,-0.2749868420629158,0.4341274656535146
5,m23_h6_q5_d2_l50,6,5,0.4718310670708038,-0.2339944996464521,0.43785478682475054
5,m23_h6_q5_d4_l1,6,5,0.4861348443727032,-0.12029084753247742,0.4058308456573404
5,m23_h6_q5_d4_l50,6,5,0.48134700423114746,-0.2611572066253152,0.4193136595841886
5,m23_h6_q5_d8_l1,6,5,0.49835519399228817,-0.04228321965268338,0.5116354201046456
5,m23_h6_q5_d8_l50,6,5,0.480663243685627,-0.27712623381100754,0.39814214465478
5,m24_h6_q5_d2_l1,6,5,0.47948020854898815,-0.08251537274808964,0.46684552040293636
5,m24_h6_q5_d2_l50,6,5,0.4860614543437193,-0.010048293601153307,0.5225288250040578
5,m24_h6_q5_d4_l1,6,5,0.4841413851832203,-0.18539276668346394,0.4540075666617769
5,m24_h6_q5_d4_l50,6,5,0.4897073011554785,-0.027661001074722552,0.4583088996154912
5,m24_h6_q5_d8_l1,6,5,0.4900299746713421,-0.2607302966316544,0.4283073009842148
5,m24_h6_q5_d8_l50,6,5,0.4877922864046892,-0.05511801210333019,0.589807404456659
5,m25_h6_q5_d2_l1,6,5,0.49550824717923503,-0.054544757527127716,0.4851175307407989
5,m25_h6_q5_d2_l50,6,5,0.49565684682469857,-0.024173014608829042,0.5467406877584428
5,m25_h6_q5_d4_l1,6,5,0.5014106857499612,-0.21139864181475349,0.4339977109193289
5,m25_h6_q5_d4_l50,6,5,0.500561342742353,-0.3672202835701958,0.4833010612627171
5,m25_h6_q5_d8_l1,6,5,0.5100752581388127,-0.273662273262448,0.512188363644504
5,m25_h6_q5_d8_l50,6,5,0.5002807219152736,-0.21754725695653543,0.6618075526736067
5,m26_h6_q5_d2_l1,6,5,0.4836474682663941,-0.14318171482908193,0.38457418807541593
5,m26_h6_q5_d2_l50,6,5,0.48248323553387507,-0.13511061544320224,0.3607725484570557
5,m26_h6_q5_d4_l1,6,5,0.49080936464856895,-0.3460277862800949,0.35200464875620185
5,m26_h6_q5_d4_l50,6,5,0.4818356645618757,-0.13866848763743211,0.4567465036852037
5,m26_h6_q5_d8_l1,6,5,0.49813745002199683,-0.39635054243395657,0.3781929306492997
5,m26_h6_q5_d8_l50,6,5,0.48251770660809484,-0.12897663841803678,0.41440767225294745
5,m27_h6_q5_d2_l1,6,5,0.4876963537084002,-0.21296214743127992,0.40762385572602694
5,m27_h6_q5_d2_l50,6,5,0.48492987309792457,-0.2915289188451529,0.4107180737955739
5,m27_h6_q5_d4_l1,6,5,0.49227322278867547,-0.24606238709491163,0.4020604101203237
5,m27_h6_q5_d4_l50,6,5,0.48815802349127896,-0.21086127617931114,0.38450767369067884
5,m27_h6_q5_d8_l1,6,5,0.503143034133844,-0.41402056485820365,0.4122703055417109
5,m27_h6_q5_d8_l50,6,5,0.49007910353371986,-0.30609681944960104,0.29514449954459143
5,m28_h6_q5_d2_l1,6,5,0.4976301894635371,-0.1613693796029348,0.35848814217480557
5,m28_h6_q5_d2_l50,6,5,0.4907631673438228,-0.13998872022371062,0.3487001196114251
5,m28_h6_q5_d4_l1,6,5,0.5026946069044046,0.08127406722710956,0.6121916071839394
5,m28_h6_q5_d4_l50,6,5,0.49171501378034266,-0.04556640923308366,0.4550369733157257
5,m28_h6_q5_d8_l1,6,5,0.5143582638385694,0.5715884140235863,0.7872455872723384
5,m28_h6_q5_d8_l50,6,5,0.49418095918948296,0.03589208001699987,0.5173482978725947
5,m29_h6_q5_d2_l1,6,5,0.49320616573288134,-0.05123098619065999,0.5559521398568633
5,m29_h6_q5_d2_l50,6,5,0.4898593377995445,-0.07675321640175256,0.46906633026104144
5,m29_h6_q5_d4_l1,6,5,0.49913094479452413,-0.3076813790519189,0.45328333454405445
5,m29_h6_q5_d4_l50,6,5,0.4958182846708245,-0.14798698991115147,0.47798631572257544
5,m29_h6_q5_d8_l1,6,5,0.5122604816326795,-0.23224432843954132,0.45236477339800873
5,m29_h6_q5_d8_l50,6,5,0.49768073356063347,-0.10476557715944806,0.5269670061858446
5,m30_h6_q5_d2_l1,6,5,0.48373571825992445,-0.009243404968096437,0.4911195310852885
5,m30_h6_q5_d2_l50,6,5,0.4787248775619792,-0.2341778305723401,0.3482737633012927
5,m30_h6_q5_d4_l1,6,5,0.4883295701568242,-0.19400552667193344,0.4377877346294823
5,m30_h6_q5_d4_l50,6,5,0.4834821890688888,-0.20497807839887783,0.3302726032225025
5,m30_h6_q5_d8_l1,6,5,0.5006607124372445,-0.5117252161644337,0.28562849425108244
5,m30_h6_q5_d8_l50,6,5,0.48667172377206147,-0.2814798831151244,0.3901019467616116
5,m31_h6_q5_d2_l1,6,5,0.4941975376533306,-0.015279484167186544,0.40533287194881984
5,m31_h6_q5_d2_l50,6,5,0.48909703172713626,-0.05318801304464556,0.4644052013359756
5,m31_h6_q5_d4_l1,6,5,0.4924749948242845,-0.33128854117634826,0.2981440113021271
5,m31_h6_q5_d4_l50,6,5,0.489276160007246,-0.0759599735414902,0.5096698032864297
5,m31_h6_q5_d8_l1,6,5,0.5029847300217379,-0.3353188650402279,0.5349091264615166
5,m31_h6_q5_d8_l50,6,5,0.48832148310128876,-0.07647512185865571,0.4757259163478804
6,m01_h1_q3_d2_l1,1,3,0.5170692861665084,0.006738844574582648,0.5783539372394018
6,m01_h1_q3_d2_l50,1,3,0.5170692861665084,0.006738844574582648,0.5783539372394018
6,m01_h1_q3_d4_l1,1,3,0.5169192518729555,-0.1621987446278029,0.49037020053209546
6,m01_h1_q3_d4_l50,1,3,0.516909359501952,-0.1621987446278029,0.49037020053209546
6,m01_h1_q3_d8_l1,1,3,0.5183206710984489,-0.10954288776704711,0.559301574311135
6,m01_h1_q3_d8_l50,1,3,0.5183173736414477,-0.10954288776704711,0.559301574311135
6,m02_h1_q3_d2_l1,1,3,0.4993734831697795,-0.5159208034776234,0.38724063429569916
6,m02_h1_q3_d2_l50,1,3,0.4993734831697795,-0.5159208034776234,0.38724063429569916
6,m02_h1_q3_d4_l1,1,3,0.503221615490134,-0.2044225868229442,0.5244696044027821
6,m02_h1_q3_d4_l50,1,3,0.5032183180331329,-0.2044225868229442,0.5244696044027821
6,m02_h1_q3_d8_l1,1,3,0.5035381713622454,-0.4864754280567064,0.4855798847452179
6,m02_h1_q3_d8_l50,1,3,0.503571145932257,-0.4864754280567064,0.4855798847452179
6,m03_h1_q3_d2_l1,1,3,0.5090219110521965,0.11430588307528729,0.566509966170741
6,m03_h1_q3_d2_l50,1,3,0.5095934015687102,0.055282901354977605,0.5442692851545906
6,m03_h1_q3_d4_l1,1,3,0.507462969557877,-0.19064642641465987,0.4985810182118194
6,m03_h1_q3_d4_l50,1,3,0.5063168284618902,0.012816959936550819,0.4785281997546144
6,m03_h1_q3_d8_l1,1,3,0.5040877475291056,-0.31111599334225726,0.4939964870611682
6,m03_h1_q3_d8_l50,1,3,0.5068698394797932,0.009719192057057818,0.44042751606242125
6,m04_h1_q3_d2_l1,1,3,0.49127328004642823,-0.4182263146979265,0.47275112454962764
6,m04_h1_q3_d2_l50,1,3,0.49127328004642823,-0.4182263146979265,0.47275112454962764
6,m04_h1_q3_d4_l1,1,3,0.503653582357286,-0.2652415024551025,0.6171927371646914
6,m04_h1_q3_d4_l50,1,3,0.503653582357286,-0.2652415024551025,0.6171927371646914
6,m04_h1_q3_d8_l1,1,3,0.507633612957687,-0.2774035709450831,0.6158806634291757
6,m04_h1_q3_d8_l50,1,3,0.5076006383876754,-0.2774035709450831,0.6158806634291757
6,m05_h1_q3_d2_l1,1,3,0.5077973179583904,0.0628975588338592,0.650120280926481
6,m05_h1_q3_d2_l50,1,3,0.5076810825990996,0.028899402167892874,0.6451538864532989
6,m05_h1_q3_d4_l1,1,3,0.5067718775280503,0.07159074384059991,0.6454188485894532
6,m05_h1_q3_d4_l50,1,3,0.5080811740485738,0.021564100183665745,0.6330565220381196
6,m05_h1_q3_d8_l1,1,3,0.49776384327406703,0.1102066823175656,0.6010526259402985
6,m05_h1_q3_d8_l50,1,3,0.5081493214932644,-0.04831479425959757,0.5722040527456297
6,m06_h1_q3_d2_l1,1,3,0.4915572048336323,-0.7165522993089383,0.4045033362427955
6,m06_h1_q3_d2_l50,1,3,0.49103400832278143,-0.9335886455169524,0.35514097845848136
6,m06_h1_q3_d4_l1,1,3,0.49396503541468817,-0.7127817243662861,0.34226258124551545
6,m06_h1_q3_d4_l50,1,3,0.49426359266733494,-0.705754006352178,0.3638648507294896
6,m06_h1_q3_d8_l1,1,3,0.5161140540914846,-0.0653404295746528,0.6022159463020403
6,m06_h1_q3_d8_l50,1,3,0.4942328164019908,-0.3874210767454336,0.45274184606116064
6,m07_h1_q3_d2_l1,1,3,0.504796769481376,-0.00397165683945348,0.5725097686311678
6,m07_h1_q3_d2_l50,1,3,0.5032003194136682,-0.05341833910817358,0.5062600374907047
6,m07_h1_q3_d4_l1,1,3,0.5021427974745876,-0.30478859013752807,0.4858519235871512
6,m07_h1_q3_d4_l50,1,3,0.5054042572368189,-0.1975908284429509,0.4830821586395559
6,m07_h1_q3_d8_l1,1,3,0.504438033638458,-0.3090959390402601,0.4575368586226113
6,m07_h1_q3_d8_l50,1,3,0.5002519119754846,-0.10373345252094994,0.4981080755302379
6,m08_h1_q3_d2_l1,1,3,0.5078974095177798,-0.21900870570264389,0.5688611253839261
6,m08_h1_q3_d2_l50,1,3,0.5078974095177798,-0.21900870570264389,0.5688611253839261
6,m08_h1_q3_d4_l1,1,3,0.5096516566423974,-0.019137318661526983,0.6130259712588103
6,m08_h1_q3_d4_l50,1,3,0.5096351693573915,-0.019137318661526983,0.6130259712588103
6,m08_h1_q3_d8_l1,1,3,0.5092691516302628,-0.23651330880978466,0.6708329869763604
6,m08_h1_q3_d8_l50,1,3,0.5092724490872639,-0.23651330880978466,0.6708329869763604
6,m09_h1_q3_d2_l1,1,3,0.5140317786922726,0.0969326960180178,0.6103373560261426
6,m09_h1_q3_d2_l50,1,3,0.5125458621311244,0.04631466999415006,0.6367929100527179
6,m09_h1_q3_d4_l1,1,3,0.5132739818551932,-0.22414317995174915,0.5787479341104608
6,m09_h1_q3_d4_l50,1,3,0.51134943481587,-0.08955761255879469,0.5224547590992106
6,m09_h1_q3_d8_l1,1,3,0.5138730198770708,-0.10707486986850717,0.5776247941500394
6,m09_h1_q3_d8_l50,1,3,0.5160542876833386,-0.09222228732321418,0.5253256961476973
6,m10_h1_q3_d2_l1,1,3,0.5100034540862087,-0.11743651886206034,0.5845912129025641
6,m10_h1_q3_d2_l50,1,3,0.509080028731842,-0.1420532670388952,0.59470093226245
6,m10_h1_q3_d4_l1,1,3,0.5109256428942,-0.24609237054785757,0.5457388136017612
6,m10_h1_q3_d4_l50,1,3,0.5067608860047131,-0.3522764861683721,0.5191717391961561
6,m10_h1_q3_d8_l1,1,3,0.5178378684358622,-0.08780424544080873,0.6013104822697555
6,m10_h1_q3_d8_l50,1,3,0.5078039815694136,-0.34061406939437827,0.4947265161488784
6,m11_h1_q3_d2_l1,1,3,0.511766494429496,-0.15159490460487482,0.5999243554078038
6,m11_h1_q3_d2_l50,1,3,0.5097445350145967,-0.13287294273279526,0.6176283303553822
6,m11_h1_q3_d4_l1,1,3,0.5126963773038233,-0.12015164860401074,0.6275396172150634
6,m11_h1_q3_d4_l50,1,3,0.5105093389478035,-0.07594518139134683,0.6194532289769362
6,m11_h1_q3_d8_l1,1,3,0.5175507148886779,-0.009265925897148707,0.5396208020352312
6,m11_h1_q3_d8_l50,1,3,0.5101579536861173,-0.20319237058851972,0.4950362167902452
6,m12_h1_q3_d2_l1,1,3,0.5045067306593155,-0.062197569823178804,0.6114380436978876
6,m12_h1_q3_d2_l50,1,3,0.5041935409412261,-0.1507330176767512,0.6151303903625188
6,m12_h1_q3_d4_l1,1,3,0.504169496983926,-0.1885952068985047,0.5091833488043757
6,m12_h1_q3_d4_l50,1,3,0.5030928085760262,-0.27554875649067295,0.5083798995484079
6,m12_h1_q3_d8_l1,1,3,0.4946610049329957,-0.5900487877462871,0.43382913817144436
6,m12_h1_q3_d8_l50,1,3,0.5048811981200099,-0.2818595473198864,0.5468534549661743
6,m13_h1_q3_d2_l1,1,3,0.5089434590543773,-0.08470867851588833,0.6662906033712114
6,m13_h1_q3_d2_l50,1,3,0.5076202170386197,-0.20090338959795517,0.6362839362834312
6,m13_h1_q3_d4_l1,1,3,0.5091609538224121,-0.11767606317952466,0.6441102925854022
6,m13_h1_q3_d4_l50,1,3,0.5059235380174809,-0.27320734147700937,0.5471303340591772
6,m13_h1_q3_d8_l1,1,3,0.5108034995911154,-0.05275528142981975,0.6155086938471181
6,m13_h1_q3_d8_l50,1,3,0.5041629707669445,-0.054721331889450796,0.6039696110821701
6,m14_h1_q3_d2_l1,1,3,0.5061437119693293,-0.4892966991537802,0.565777855287369
6,m14_h1_q3_d2_l50,1,3,0.5047959451171257,-0.36059831762357236,0.6253463266910163
6,m14_h1_q3_d4_l1,1,3,0.5050266297131651,-0.3692255500674737,0.5911133585653748
6,m14_h1_q3_d4_l50,1,3,0.5002812456033907,-0.5204055054799638,0.5342669927664604
6,m14_h1_q3_d8_l1,1,3,0.5107749903274594,-0.32484054911842447,0.49235015947402627
6,m14_h1_q3_d8_l50,1,3,0.49656968296050086,-0.49608607511525604,0.37913509300587456
6,m15_h1_q3_d2_l1,1,3,0.5064424753130385,-0.1545990021258585,0.6601018190883174
6,m15_h1_q3_d2_l50,1,3,0.5046457734295311,-0.045431595924418984,0.689958543395099
6,m15_h1_q3_d4_l1,1,3,0.5082238577608948,-0.11288282036940023,0.6475750290497113
6,m15_h1_q3_d4_l50,1,3,0.5042828470683409,-0.28609923618399147,0.6294432653478838
6,m15_h1_q3_d8_l1,1,3,0.5129909501292603,-0.013583216140798065,0.5637434073698794
6,m15_h1_q3_d8_l50,1,3,0.4985306394208786,-0.5862711291709779,0.44505789456013917
6,m16_h1_q3_d2_l1,1,3,0.4985095494354753,0.39747097881350785,0.7070688111091881
6,m16_h1_q3_d2_l50,1,3,0.4985095494354753,0.39747097881350785,0.7070688111091881
6,m16_h1_q3_d4_l1,1,3,0.49896459850163555,0.5558154385870062,0.7491994274211768
6,m16_h1_q3_d4_l50,1,3,0.498974490872639,0.5558154385870062,0.7491994274211768
6,m16_h1_q3_d8_l1,1,3,0.5014343937955048,0.26025643001094295,0.6367775331854466
6,m16_h1_q3_d8_l50,1,3,0.5014310963385037,0.26025643001094295,0.6367775331854466
6,m17_h1_q3_d2_l1,1,3,0.508882318705814,0.3765002242260183,0.6513717097919568
6,m17_h1_q3_d2_l50,1,3,0.5078901963305898,0.42620830779295177,0.6827404046511065
6,m17_h1_q3_d4_l1,1,3,0.5123550218071823,0.27144603635361864,0.6114468255619624
6,m17_h1_q3_d4_l50,1,3,0.5094823871830045,0.3152339696812672,0.6017920665036239
6,m17_h1_q3_d8_l1,1,3,0.501394824311491,-0.22503906072146398,0.5980032991652413
6,m17_h1_q3_d8_l50,1,3,0.5016944807164715,-0.049716700920265665,0.6274641899129944
6,m18_h1_q3_d2_l1,1,3,0.49677048435246735,-0.0409966181737081,0.549518378324701
6,m18_h1_q3_d2_l50,1,3,0.49654550160915906,-0.02576928180417925,0.5523016093296533
6,m18_h1_q3_d4_l1,1,3,0.4967748122647814,0.4150381503274162,0.7375569921587849
6,m18_h1_q3_d4_l50,1,3,0.49816606433118776,0.2677378734208419,0.6770657690908327
6,m18_h1_q3_d8_l1,1,3,0.4943794845415216,-0.05426731113531554,0.5334103744840678
6,m18_h1_q3_d8_l50,1,3,0.49785885125391294,0.21556891351501428,0.615338225468796
6,m19_h1_q3_d2_l1,1,3,0.5074657174387113,0.2645360324970051,0.6311868173963683
6,m19_h1_q3_d2_l50,1,3,0.5064408952815589,0.18735303928370609,0.5971781652928922
6,m19_h1_q3_d4_l1,1,3,0.5078469172074496,0.15985755578383598,0.6514443851894098
6,m19_h1_q3_d4_l50,1,3,0.5064989442641834,0.24631861133512148,0.603163820693678
6,m19_h1_q3_d8_l1,1,3,0.49429718551053425,-0.39650560398955853,0.4890924771318329
6,m19_h1_q3_d8_l50,1,3,0.5063749461415357,0.2945233203899291,0.7050951916054405
6,m20_h1_q3_d2_l1,1,3,0.4885563128715135,-0.004385894759868598,0.6278091162381896
6,m20_h1_q3_d2_l50,1,3,0.4889010345221765,-0.007135949815311842,0.6223230371834109
6,m20_h1_q3_d4_l1,1,3,0.4889206818701417,-0.2829344032543224,0.5042935694265548
6,m20_h1_q3_d4_l50,1,3,0.4934059790589498,0.12158416350969077,0.6747975052423139
6,m20_h1_q3_d8_l1,1,3,0.49554685301695334,-0.21399403187665986,0.4588710134116841
6,m20_h1_q3_d8_l50,1,3,0.5001746965240407,0.17466497680040408,0.6320740789354793
6,m21_h1_q3_d2_l1,1,3,0.5024934957660652,0.14389222610976768,0.6106753375105636
6,m21_h1_q3_d2_l50,1,3,0.5016529190188526,0.17477612396024822,0.6676093709496506
6,m21_h1_q3_d4_l1,1,3,0.5043687870414336,0.1261478227537152,0.6282683769851031
6,m21_h1_q3_d4_l50,1,3,0.49973146334546803,0.2911332304789201,0.7032056748009371
6,m21_h1_q3_d8_l1,1,3,0.49842725040448804,-0.32024137986699536,0.5177948851763883
6,m21_h1_q3_d8_l50,1,3,0.501692282411804,0.09713961569650638,0.657236824580947
6,m22_h1_q3_d2_l1,1,3,0.48775084030195914,-0.8313387298904942,0.36855151436306305
6,m22_h1_q3_d2_l50,1,3,0.488343901683022,-0.7580742022429,0.3775649954580582
6,m22_h1_q3_d4_l1,1,3,0.4880634117468608,-0.2933877294859311,0.554854234770506
6,m22_h1_q3_d4_l50,1,3,0.48962674985051535,-0.5729500718297779,0.4393867257286118
6,m22_h1_q3_d8_l1,1,3,0.5019896031180753,0.1877748692324815,0.68684204814333
6,m22_h1_q3_d8_l50,1,3,0.501635401278534,0.07659205099186021,0.6722720779819658
6,m23_h1_q3_d2_l1,1,3,0.5013814283924237,0.07965019353222609,0.5713282477537865
6,m23_h1_q3_d2_l50,1,3,0.5017222343128979,0.16004575274872038,0.5778988421304119
6,m23_h1_q3_d4_l1,1,3,0.4994785209146706,0.051258768909557544,0.5386809609065397
6,m23_h1_q3_d4_l50,1,3,0.5005914126525624,-0.008534134025714105,0.5445914320138739
6,m23_h1_q3_d8_l1,1,3,0.49502915226777117,-0.12126071641682533,0.5410338385684791
6,m23_h1_q3_d8_l50,1,3,0.5024643682292216,-0.1666053823937595,0.5047393963465097
6,m24_h1_q3_d2_l1,1,3,0.504973183430938,0.25758655770702304,0.5769760238328089
6,m24_h1_q3_d2_l50,1,3,0.5049435750149485,0.23383766337820552,0.5739188896923834
6,m24_h1_q3_d4_l1,1,3,0.49619500940874395,-0.3034771877358785,0.5002344690146987
6,m24_h1_q3_d4_l50,1,3,0.4976792772413914,-0.24143121698284695,0.4901192058958106
6,m24_h1_q3_d8_l1,1,3,0.4887887835900953,-0.07809612257801359,0.6453807041075427
6,m24_h1_q3_d8_l50,1,3,0.49127973756638876,-0.22488044915771585,0.5981637201306353
6,m25_h1_q3_d2_l1,1,3,0.5119524572649573,0.4525693577374253,0.6531662671549868
6,m25_h1_q3_d2_l50,1,3,0.5105350316336041,0.37632855621362965,0.6198266687608308
6,m25_h1_q3_d4_l1,1,3,0.5114513811948225,0.23983222838194432,0.6376644494674016
6,m25_h1_q3_d4_l50,1,3,0.5061465285471844,0.11401656816264737,0.6238092431100154
6,m25_h1_q3_d8_l1,1,3,0.5065910669691533,-0.2357295160801089,0.5037793693568654
6,m25_h1_q3_d8_l50,1,3,0.5031709170887412,-0.08729316868183012,0.5544046370808341
6,m26_h1_q3_d2_l1,1,3,0.5080430472019978,0.09138168470927209,0.4822102621359109
6,m26_h1_q3_d2_l50,1,3,0.5070012568806936,0.2539800579910649,0.5227633643206998
6,m26_h1_q3_d4_l1,1,3,0.5025577961775879,0.17664857879407056,0.5506266704194366
6,m26_h1_q3_d4_l50,1,3,0.5029225086613204,0.14261267556920784,0.5454407460386099
6,m26_h1_q3_d8_l1,1,3,0.4950785454257677,0.15523806998396472,0.5885282474157479
6,m26_h1_q3_d8_l50,1,3,0.498133639337343,0.11474662512470765,0.5850246597142174
6,m27_h1_q3_d2_l1,1,3,0.5104374131669656,0.045700117969195105,0.5872910886140793
6,m27_h1_q3_d2_l50,1,3,0.5084070040185009,0.28298271880111037,0.587512915897219
6,m27_h1_q3_d4_l1,1,3,0.5089410546586473,0.10766668355462368,0.6580419653669609
6,m27_h1_q3_d4_l50,1,3,0.503826767546868,0.1833440923783871,0.6380173248185717
6,m27_h1_q3_d8_l1,1,3,0.5028213179495973,0.2316980016191905,0.6879841087244734
6,m27_h1_q3_d8_l50,1,3,0.5018405992798354,-0.08734342891256297,0.5050895630332589
6,m28_h1_q3_d2_l1,1,3,0.5004775816890015,0.18934952106099914,0.6528633558245401
6,m28_h1_q3_d2_l50,1,3,0.5004255780442123,0.20397293681393802,0.6938351075081133
6,m28_h1_q3_d4_l1,1,3,0.5000713762046709,-0.08724043707120242,0.5705622591208381
6,m28_h1_q3_d4_l50,1,3,0.49673345665822516,0.03141666480858735,0.6096819381290051
6,m28_h1_q3_d8_l1,1,3,0.4932052463640041,-0.10285324421938416,0.4825803811347299
6,m28_h1_q3_d8_l50,1,3,0.49343222132091735,0.06138882745801388,0.6763209832751925
6,m29_h1_q3_d2_l1,1,3,0.5045566046964581,0.04520109182144302,0.6122504990488375
6,m29_h1_q3_d2_l50,1,3,0.502762581996764,-0.027773620860639354,0.6019501951223569
6,m29_h1_q3_d4_l1,1,3,0.5045313928898034,0.08457502481995526,0.6545370377609568
6,m29_h1_q3_d4_l50,1,3,0.4997168308800253,0.22456483572092176,0.7147089740285625
6,m29_h1_q3_d8_l1,1,3,0.5043015326580141,-0.14018239095258397,0.6741570635199097
6,m29_h1_q3_d8_l50,1,3,0.49915021785199254,-0.13340607444804195,0.5569677887308914
6,m30_h1_q3_d2_l1,1,3,0.4988474013840526,-0.19791221372701048,0.5965002043951296
6,m30_h1_q3_d2_l50,1,3,0.4979624463613661,-0.3792361188527427,0.5274072796764461
6,m30_h1_q3_d4_l1,1,3,0.49867105613151136,-0.215393992063195,0.5475073480647697
6,m30_h1_q3_d4_l50,1,3,0.4945366633252436,-0.22055827474923886,0.46561030985539087
6,m30_h1_q3_d8_l1,1,3,0.49434115160388303,0.17807299276498,0.6241073866154704
6,m30_h1_q3_d8_l50,1,3,0.49367451571348175,-0.2674435236590536,0.4508639779069065
6,m31_h1_q3_d2_l1,1,3,0.5026044414547501,-0.09038555882995516,0.5762502109710521
6,m31_h1_q3_d2_l50,1,3,0.5020758865762723,-0.028399089396861803,0.5701266887402665
6,m31_h1_q3_d4_l1,1,3,0.5012498049004608,0.1283060517900848,0.6100317504713426
6,m31_h1_q3_d4_l50,1,3,0.5014911375347332,-0.08094702684246696,0.5518873722470092
6,m31_h1_q3_d8_l1,1,3,0.5024682839594106,0.12925929939296912,0.6148259104955064
6,m31_h1_q3_d8_l50,1,3,0.4960795984137034,-0.3978061223042104,0.4431904180714608
6,m01_h1_q5_d2_l1,1,5,0.5047856083622685,-0.06462804910389462,0.6040718802783602
6,m01_h1_q5_d2_l50,1,5,0.5047856083622685,-0.06462804910389462,0.6040718802783602
6,m01_h1_q5_d4_l1,1,5,0.5042272497106481,-0.1346128385316145,0.7408250684167809
6,m01_h1_q5_d4_l50,1,5,0.5042272497106481,-0.1346128385316145,0.7408250684167809
6,m01_h1_q5_d8_l1,1,5,0.506492332175926,-0.28296037790492495,0.5086328284393131
6,m01_h1_q5_d8_l50,1,5,0.5065058955439815,-0.28296037790492495,0.5086328284393131
6,m02_h1_q5_d2_l1,1,5,0.4962293836805555,-0.1474633466260506,0.5407977754075161
6,m02_h1_q5_d2_l50,1,5,0.49625198929398145,-0.1474633466260506,0.5407977754075161
6,m02_h1_q5_d4_l1,1,5,0.5056785300925926,0.21918066001275952,0.640749279107892
6,m02_h1_q5_d4_l50,1,5,0.5057327835648149,0.21918066001275952,0.640749279107892
6,m02_h1_q5_d8_l1,1,5,0.5108326099537037,0.09611203921060636,0.6346862833118617
6,m02_h1_q5_d8_l50,1,5,0.5108506944444444,0.09611203921060636,0.6346862833118617
6,m03_h1_q5_d2_l1,1,5,0.5016939139660493,-0.018972749320469377,0.5516360100299978
6,m03_h1_q5_d2_l50,1,5,0.5022569821204668,0.0780759016405553,0.6098716926637447
6,m03_h1_q5_d4_l1,1,5,0.5023591783311633,0.01965644207369621,0.6329730124682976
6,m03_h1_q5_d4_l50,1,5,0.5047960634584779,0.041324228203384626,0.5717038240237324
6,m03_h1_q5_d8_l1,1,5,0.5064197116427951,-0.07845951764056824,0.5917459754451017
6,m03_h1_q5_d8_l50,1,5,0.5029069876965181,0.04472305578398234,0.5884981030489383
6,m04_h1_q5_d2_l1,1,5,0.48603199146412046,-0.37941207345677075,0.6221667798636348
6,m04_h1_q5_d2_l50,1,5,0.48603199146412046,-0.37941207345677075,0.6221667798636348
6,m04_h1_q5_d4_l1,1,5,0.49235930266203703,-0.11229417948116635,0.6715160394763466
6,m04_h1_q5_d4_l50,1,5,0.49235930266203703,-0.11229417948116635,0.6715160394763466
6,m04_h1_q5_d8_l1,1,5,0.49872956452546297,-0.19597637058995443,0.566681837370627
6,m04_h1_q5_d8_l50,1,5,0.49872956452546297,-0.19597637058995443,0.566681837370627
6,m05_h1_q5_d2_l1,1,5,0.4937988092869888,-0.2471471900227825,0.5154423617901316
6,m05_h1_q5_d2_l50,1,5,0.4924630059136285,-0.3999753166827543,0.5052327061616034
6,m05_h1_q5_d4_l1,1,5,0.4907731421199846,-0.29513781382793247,0.35873501851577727
6,m05_h1_q5_d4_l50,1,5,0.48697662353515625,-0.27598416115186725,0.4897290652305653
6,m05_h1_q5_d8_l1,1,5,0.49052843635464893,-0.338293731617666,0.5320894524005899
6,m05_h1_q5_d8_l50,1,5,0.4866724838445216,-0.38867584794125015,0.3794702850115666
6,m06_h1_q5_d2_l1,1,5,0.49407535129123265,-0.4695863208797249,0.4675577115364461
6,m06_h1_q5_d2_l50,1,5,0.49475220103322726,-0.490181645437697,0.46869576184170086
6,m06_h1_q5_d4_l1,1,5,0.49822649543668013,-0.3422410634466998,0.5168019620639396
6,m06_h1_q5_d4_l50,1,5,0.4958165486653646,-0.37998824083668237,0.5519493502405028
6,m06_h1_q5_d8_l1,1,5,0.5145580150462963,-0.16953057008950942,0.6349494699420197
6,m06_h1_q5_d8_l50,1,5,0.4966004925009645,-0.6346359478194931,0.38579629910464325
6,m07_h1_q5_d2_l1,1,5,0.4975998489945024,0.02675916210165046,0.6014645836271804
6,m07_h1_q5_d2_l50,1,5,0.49861804349922834,-0.10095267116267126,0.6334051589245783
6,m07_h1_q5_d4_l1,1,5,0.5010420245888793,-0.22147421577883342,0.5557922742192634
6,m07_h1_q5_d4_l50,1,5,0.49762264298804015,-0.13039399895716844,0.5586543566463944
6,m07_h1_q5_d8_l1,1,5,0.509131160783179,-0.06190119279696978,0.4803622115325679
6,m07_h1_q5_d8_l50,1,5,0.49644809299045145,-0.20029946434594445,0.42833381035871027
6,m08_h1_q5_d2_l1,1,5,0.4935958297164351,-0.3095131742068477,0.6602893112268027
6,m08_h1_q5_d2_l50,1,5,0.4935958297164351,-0.3095131742068477,0.6602893112268027
6,m08_h1_q5_d4_l1,1,5,0.5010127314814815,-0.14784501696056682,0.64194650630137
6,m08_h1_q5_d4_l50,1,5,0.5009901258680556,-0.14784501696056682,0.64194650630137
6,m08_h1_q5_d8_l1,1,5,0.5014784071180556,-0.35957686681946277,0.5753334559988956
6,m08_h1_q5_d8_l50,1,5,0.5014784071180556,-0.35957686681946277,0.5753334559988956
6,m09_h1_q5_d2_l1,1,5,0.49594992178457753,-0.16199496834457028,0.6519069524230132
6,m09_h1_q5_d2_l50,1,5,0.4942148467640818,-0.3234990068709657,0.5607151373646297
6,m09_h1_q5_d4_l1,1,5,0.4989035335587867,-0.31383711404513304,0.49441291587487185
6,m09_h1_q5_d4_l50,1,5,0.50005453604239,-0.29333039043703996,0.545572786865802
6,m09_h1_q5_d8_l1,1,5,0.5066205248420621,-0.33297103923501575,0.443317743209127
6,m09_h1_q5_d8_l50,1,5,0.5034672301492573,-0.3620733667378473,0.47665370982337546
6,m10_h1_q5_d2_l1,1,5,0.49886001775294175,0.0063985067345636425,0.514288263403587
6,m10_h1_q5_d2_l50,1,5,0.4971635606553819,0.053252790612949866,0.5797165100588147
6,m10_h1_q5_d4_l1,1,5,0.506895371425299,-0.22791550125225438,0.5998762470540284
6,m10_h1_q5_d4_l50,1,5,0.5107304137430073,0.029959726671060546,0.5701820463904155
6,m10_h1_q5_d8_l1,1,5,0.5026360970956307,0.0459456445758725,0.570455982205678
6,m10_h1_q5_d8_l50,1,5,0.5123753488799672,-0.12168301866890988,0.5721047978979037
6,m11_h1_q5_d2_l1,1,5,0.49985711368513697,-0.0382107139652217,0.5622807733544538
6,m11_h1_q5_d2_l50,1,5,0.4990215536988811,-0.09478251065242145,0.543470003961066
6,m11_h1_q5_d4_l1,1,5,0.5052052250614874,0.053712456746567314,0.6673976257869721
6,m11_h1_q5_d4_l50,1,5,0.505218505859375,-0.030372812535956452,0.5905536540475805
6,m11_h1_q5_d8_l1,1,5,0.5020897947711709,0.01754432490040595,0.5407625633199852
6,m11_h1_q5_d8_l50,1,5,0.5051436247649016,-0.2592046756960704,0.49582459936835344
6,m12_h1_q5_d2_l1,1,5,0.4883827868803048,-0.5944028641823136,0.4979459252308997
6,m12_h1_q5_d2_l50,1,5,0.4881860238534433,-0.5789521049763782,0.47390325688549856
6,m12_h1_q5_d4_l1,1,5,0.4938635178554205,-0.340217988111375,0.4677258670540342
6,m12_h1_q5_d4_l50,1,5,0.488176887418017,-0.6490495226213698,0.441317510813438
6,m12_h1_q5_d8_l1,1,5,0.5049722930531443,-0.24712055066504612,0.3172931833593769
6,m12_h1_q5_d8_l50,1,5,0.4887829062379437,-0.38472011496714476,0.41354635257433947
6,m13_h1_q5_d2_l1,1,5,0.4869169070396895,-0.32285698668398366,0.5588291391130831
6,m13_h1_q5_d2_l50,1,5,0.48487948193962194,-0.21052237490313952,0.5678254852408289
6,m13_h1_q5_d4_l1,1,5,0.492740113058208,-0.2497281910677379,0.5161400712114248
6,m13_h1_q5_d4_l50,1,5,0.4875671951859085,-0.4264989843592391,0.3742042122693446
6,m13_h1_q5_d8_l1,1,5,0.5007380732783564,-0.22512773000514852,0.44966505480136304
6,m13_h1_q5_d8_l50,1,5,0.48922446922019674,-0.34649899391586375,0.3910744934195042
6,m14_h1_q5_d2_l1,1,5,0.49382753725405093,-0.15429300245067382,0.5324000814542623
6,m14_h1_q5_d2_l50,1,5,0.49299744029103976,-0.2351735665775161,0.5623920456600837
6,m14_h1_q5_d4_l1,1,5,0.4978641462914738,-0.2800919684849079,0.4752794288681607
6,m14_h1_q5_d4_l50,1,5,0.4944425041292921,-0.5061206049239284,0.38771166619277353
6,m14_h1_q5_d8_l1,1,5,0.5037465978551794,-0.08265105513566035,0.5282922848423816
6,m14_h1_q5_d8_l50,1,5,0.4982357260621625,-0.3395169410726235,0.40644901922697424
6,m15_h1_q5_d2_l1,1,5,0.4949418056158372,-0.3900010150282335,0.4945486471195678
6,m15_h1_q5_d2_l50,1,5,0.49309351414809993,-0.37419453154869775,0.49021538160954775
6,m15_h1_q5_d4_l1,1,5,0.4991780975718557,-0.11957467215252944,0.5519234245667708
6,m15_h1_q5_d4_l50,1,5,0.4963312973210841,-0.2969418218071334,0.4728702172919826
6,m15_h1_q5_d8_l1,1,5,0.4995544810353974,0.011779477410293811,0.5066288804833606
6,m15_h1_q5_d8_l50,1,5,0.4976663471739969,-0.2962643727315446,0.36732456625006166
6,m16_h1_q5_d2_l1,1,5,0.504349320023148,0.2610333353358922,0.6808160636047216
6,m16_h1_q5_d2_l50,1,5,0.5043267144097221,0.2610333353358922,0.6808160636047216
6,m16_h1_q5_d4_l1,1,5,0.5105025679976851,0.26808770285408245,0.6437149291195491
6,m16_h1_q5_d4_l50,1,5,0.5105161313657407,0.26808770285408245,0.6437149291195491
6,m16_h1_q5_d8_l1,1,5,0.5147614655671297,-0.17881004116080687,0.6150446372464078
6,m16_h1_q5_d8_l50,1,5,0.5147840711805556,-0.17881004116080687,0.6150446372464078
6,m17_h1_q5_d2_l1,1,5,0.500110673315731,0.251348656119822,0.7669442668929178
6,m17_h1_q5_d2_l50,1,5,0.5001425095546392,0.29881997215806627,0.7607034822173254
6,m17_h1_q5_d4_l1,1,5,0.5003213764708719,-0.13583588435102736,0.835035658972794
6,m17_h1_q5_d4_l50,1,5,0.49815820764612273,-0.09479304395655924,0.7399522768441875
6,m17_h1_q5_d8_l1,1,5,0.5041645191333912,-0.6234240785090069,0.48054838912905007
6,m17_h1_q5_d8_l50,1,5,0.4951087103949653,-0.19884993979298893,0.7712195603362167
6,m18_h1_q5_d2_l1,1,5,0.5007243215301891,0.09330101377552427,0.5015882656836846
6,m18_h1_q5_d2_l50,1,5,0.5006360654477721,0.09903240553977893,0.5133043110912073
6,m18_h1_q5_d4_l1,1,5,0.5111315691912616,0.2012364429628079,0.6037598502529622
6,m18_h1_q5_d4_l50,1,5,0.5067767861448689,0.3571021049846118,0.651802505379615
6,m18_h1_q5_d8_l1,1,5,0.5093511887538581,0.19570720401397362,0.5816215933285765
6,m18_h1_q5_d8_l50,1,5,0.51216200840326,0.30529452265245627,0.7396404344241148
6,m19_h1_q5_d2_l1,1,5,0.5011968730408469,0.10125303758716431,0.5721574201195823
6,m19_h1_q5_d2_l50,1,5,0.5007856392566069,0.27276329574964614,0.6470428967423026
6,m19_h1_q5_d4_l1,1,5,0.5003297593858507,0.30304413832413585,0.6297038508481393
6,m19_h1_q5_d4_l50,1,5,0.5002997127580054,0.20504730265672982,0.6197202141302502
6,m19_h1_q5_d8_l1,1,5,0.49631537920163,-0.44734451633472017,0.5348672608363944
6,m19_h1_q5_d8_l50,1,5,0.5062965110496238,-0.210363344933294,0.5644582357175388
6,m20_h1_q5_d2_l1,1,5,0.49783909173659335,-0.49314947887094235,0.5234680117866397
6,m20_h1_q5_d2_l50,1,5,0.49805290316358025,-0.4167675996719846,0.5027216246316448
6,m20_h1_q5_d4_l1,1,5,0.5040299215434509,-0.3395978944588087,0.510990814244198
6,m20_h1_q5_d4_l50,1,5,0.5051836555386766,-0.462440021430864,0.48900967642319443
6,m20_h1_q5_d8_l1,1,5,0.5105142475646218,0.02636432814784795,0.5437591562418248
6,m20_h1_q5_d8_l50,1,5,0.5096529736930941,-0.30871669217364345,0.4987403242825864
6,m21_h1_q5_d2_l1,1,5,0.4954105895242573,-0.26722348805366897,0.6089861613763828
6,m21_h1_q5_d2_l50,1,5,0.4939500785168306,-0.3446638107006586,0.5592158013133244
6,m21_h1_q5_d4_l1,1,5,0.4909198902271412,-0.23264055274233797,0.7538469763338072
6,m21_h1_q5_d4_l50,1,5,0.493591214403694,-0.10904568607330586,0.66183673253803
6,m21_h1_q5_d8_l1,1,5,0.49125294626494986,-0.23135178388734395,0.6475274277944558
6,m21_h1_q5_d8_l50,1,5,0.49377742814429015,-0.2247287935902926,0.7498933256411401
6,m22_h1_q5_d2_l1,1,5,0.49806759681230706,-0.23835917727939152,0.5338756915111311
6,m22_h1_q5_d2_l50,1,5,0.49899075355058836,-0.2702302100047863,0.5334765760987085
6,m22_h1_q5_d4_l1,1,5,0.5031902171947338,-0.367211343315802,0.48497640007583603
6,m22_h1_q5_d4_l50,1,5,0.5042592743296681,-0.3864517490759523,0.5448507460731132
6,m22_h1_q5_d8_l1,1,5,0.5139767682110823,0.029299009154912323,0.6079571077214414
6,m22_h1_q5_d8_l50,1,5,0.512802971733941,-0.10247905894771507,0.5876741448779905
6,m23_h1_q5_d2_l1,1,5,0.49776392807195213,0.1765100541904229,0.7175130335801785
6,m23_h1_q5_d2_l50,1,5,0.49895797541112075,0.09655062707933212,0.6427888627997455
6,m23_h1_q5_d4_l1,1,5,0.4967836921597705,-0.1853507852939418,0.5312640809886711
6,m23_h1_q5_d4_l50,1,5,0.5041048968279803,-0.13078129426524127,0.5106361514955807
6,m23_h1_q5_d8_l1,1,5,0.49489197907624416,-0.3512902948192538,0.48247371838532654
6,m23_h1_q5_d8_l50,1,5,0.5033189750012056,0.06621785683088276,0.6420537594392111
6,m24_h1_q5_d2_l1,1,5,0.49956964563440387,0.07580468645610566,0.48491901929502407
6,m24_h1_q5_d2_l50,1,5,0.4990315378448109,-0.052757975297935265,0.4356831035257402
6,m24_h1_q5_d4_l1,1,5,0.4981436081874518,-0.24846013587758842,0.501814930858955
6,m24_h1_q5_d4_l50,1,5,0.5056081701208044,-0.18506418944579944,0.47246721968573524
6,m24_h1_q5_d8_l1,1,5,0.49524330798490546,-0.19887587432466375,0.4538764583549416
6,m24_h1_q5_d8_l50,1,5,0.5098623581874518,-0.19089966156630417,0.5317596958495476
6,m25_h1_q5_d2_l1,1,5,0.49729815824532214,-0.2788236889871523,0.41367359070899545
6,m25_h1_q5_d2_l50,1,5,0.49599061188874427,-0.25419118017138215,0.4463056471671026
6,m25_h1_q5_d4_l1,1,5,0.49715781506196943,-0.3585349020231138,0.5327399248321719
6,m25_h1_q5_d4_l50,1,5,0.49522757824556324,-0.3615611082786717,0.47975322837703155
6,m25_h1_q5_d8_l1,1,5,0.5010476759922358,-0.28919980517301336,0.5708284158485997
6,m25_h1_q5_d8_l50,1,5,0.4989285881136671,-0.4158548683342241,0.525996198310702
6,m26_h1_q5_d2_l1,1,5,0.5035932564441069,0.17398582201318288,0.5289577286137832
6,m26_h1_q5_d2_l50,1,5,0.5022524609977816,0.12808142887214413,0.4748553805431442
6,m26_h1_q5_d4_l1,1,5,0.5080677550516011,0.12422831933616307,0.5830570701080479
6,m26_h1_q5_d4_l50,1,5,0.5058704894266011,0.14058105933298823,0.6330109317583481
6,m26_h1_q5_d8_l1,1,5,0.494900361991223,0.17264963819937787,0.6418861772948657
6,m26_h1_q5_d8_l50,1,5,0.5118547604407793,0.26905499060239324,0.6232611790760453
6,m27_h1_q5_d2_l1,1,5,0.5010109418704186,0.10646135344704581,0.581690990283835
6,m27_h1_q5_d2_l50,1,5,0.500301973319348,0.07889390214850525,0.5357493528803554
6,m27_h1_q5_d4_l1,1,5,0.4999933125060282,-0.2321542970804349,0.46716738179841716
6,m27_h1_q5_d4_l50,1,5,0.5029092482578608,-0.06678001270803428,0.5803762379744984
6,m27_h1_q5_d8_l1,1,5,0.4936808833369502,-0.2366902142860781,0.5660947969874641
6,m27_h1_q5_d8_l50,1,5,0.502329037513262,-0.3281757733308417,0.560500908568355
6,m28_h1_q5_d2_l1,1,5,0.49439277177975494,-0.12363484084964176,0.5480186291636892
6,m28_h1_q5_d2_l50,1,5,0.4945392373167438,-0.27414831357857017,0.5564002653112373
6,m28_h1_q5_d4_l1,1,5,0.4989113513334298,-0.21689003078644054,0.6069861365177781
6,m28_h1_q5_d4_l50,1,5,0.4991684901861497,-0.35818681539117875,0.4605057574282476
6,m28_h1_q5_d8_l1,1,5,0.49484836908034335,-0.33069007126670374,0.5060873803750827
6,m28_h1_q5_d8_l50,1,5,0.4974659107349537,-0.47137101760772354,0.5620600925165059
6,m29_h1_q5_d2_l1,1,5,0.49204753357687114,-0.40518415569525634,0.4363654063741499
6,m29_h1_q5_d2_l50,1,5,0.49134619442033184,-0.5201691935485013,0.4017188866066862
6,m29_h1_q5_d4_l1,1,5,0.4916061589747299,0.01710190197813966,0.6227764554218133
6,m29_h1_q5_d4_l50,1,5,0.49338503237123843,-0.30985377939797437,0.4620903322336048
6,m29_h1_q5_d8_l1,1,5,0.49516560118875386,-0.12124823841908769,0.5771903747348615
6,m29_h1_q5_d8_l50,1,5,0.49493709611304015,-0.12461723795114824,0.5761596449902225
6,m30_h1_q5_d2_l1,1,5,0.49944484381028165,0.1819396777828322,0.6603018638185082
6,m30_h1_q5_d2_l50,1,5,0.5006298489040799,0.012074437069996922,0.5574862738190274
6,m30_h1_q5_d4_l1,1,5,0.5020964822651428,-0.07373962423251056,0.6452103330060492
6,m30_h1_q5_d4_l50,1,5,0.5044613119996624,0.07232197761594794,0.7130727042355808
6,m30_h1_q5_d8_l1,1,5,0.5011445033697435,0.011939775004803338,0.49070547374129375
6,m30_h1_q5_d8_l50,1,5,0.5059304884922358,-0.27523129266303126,0.5892666458380711
6,m31_h1_q5_d2_l1,1,5,0.4950118830174575,-0.3813515985602766,0.5524111911643946
6,m31_h1_q5_d2_l50,1,5,0.4962161028826678,-0.38733667407953837,0.5210688405453862
6,m31_h1_q5_d4_l1,1,5,0.5016319369092399,-0.19999748186839988,0.5469033800498583
6,m31_h1_q5_d4_l50,1,5,0.5027079641083141,-0.19309646921157217,0.5586294677723803
6,m31_h1_q5_d8_l1,1,5,0.49694127212336037,-0.14783682762489603,0.44587762117035373
6,m31_h1_q5_d8_l50,1,5,0.5026546525366513,-0.06993755304121901,0.6514079821751044
6,m01_h3_q3_d2_l1,3,3,0.5165766074315965,0.5623438264272226,0.6807121900182849
6,m01_h3_q3_d2_l50,3,3,0.5175306079888504,0.5813547738196398,0.7136115732861225
6,m01_h3_q3_d4_l1,3,3,0.516770742023668,0.3374015971495318,0.672983982759882
6,m01_h3_q3_d4_l50,3,3,0.5177213515836805,0.5023352144270337,0.708568442455522
6,m01_h3_q3_d8_l1,3,3,0.5109113813735913,-0.09144252939411314,0.5692324473758034
6,m01_h3_q3_d8_l50,3,3,0.5153937145605465,0.20993869513881525,0.6304604225656332
6,m02_h3_q3_d2_l1,3,3,0.4975186377685882,-0.30502842346524167,0.6381217045103057
6,m02_h3_q3_d2_l50,3,3,0.49888563353153714,-0.2503519060786621,0.6258983717044364
6,m02_h3_q3_d4_l1,3,3,0.5017867729631268,-0.3757203861757375,0.54958106889665
6,m02_h3_q3_d4_l50,3,3,0.5062748991037029,-0.3094877934575381,0.5669082063736861
6,m02_h3_q3_d8_l1,3,3,0.5007056100093197,-0.4033839739942717,0.481393675885611
6,m02_h3_q3_d8_l50,3,3,0.5088743810723577,-0.2964304242201644,0.5600781563369115
6,m03_h3_q3_d2_l1,3,3,0.5123905626286106,0.5100226138311835,0.689728126077708
6,m03_h3_q3_d2_l50,3,3,0.5135216015001771,0.3477094183185216,0.660264721155061
6,m03_h3_q3_d4_l1,3,3,0.5136038331832817,0.40356575157139374,0.6174767842489717
6,m03_h3_q3_d4_l50,3,3,0.519420665076289,0.49767661270474656,0.7281159246771818
6,m03_h3_q3_d8_l1,3,3,0.5069687819142292,-0.15286944419310514,0.4711814353869055
6,m03_h3_q3_d8_l50,3,3,0.5191430271771474,0.053256119920782524,0.6056216041444726
6,m04_h3_q3_d2_l1,3,3,0.5018023150338167,0.48828070466781537,0.85528418429385
6,m04_h3_q3_d2_l50,3,3,0.4978735621465239,0.35330763873869603,0.789065314769973
6,m04_h3_q3_d4_l1,3,3,0.4991222968806782,0.0970516877503536,0.5837129483885987
6,m04_h3_q3_d4_l50,3,3,0.49124896645229915,0.11008888132667746,0.6633928007588569
6,m04_h3_q3_d8_l1,3,3,0.5011181813403596,0.22575193648458336,0.6501457024487999
6,m04_h3_q3_d8_l50,3,3,0.4928144768454231,0.09115632877586369,0.6822324705287057
6,m05_h3_q3_d2_l1,3,3,0.5145528178904493,0.4716691242791173,0.7241233115409532
6,m05_h3_q3_d2_l50,3,3,0.5152995437413211,0.5009938724890614,0.6878945240057662
6,m05_h3_q3_d4_l1,3,3,0.5111587122348875,0.2659107240695888,0.6219053316903099
6,m05_h3_q3_d4_l50,3,3,0.5135834165540573,0.4798435561911224,0.6705339872499899
6,m05_h3_q3_d8_l1,3,3,0.501296844507517,0.2069816947065788,0.6299614489632284
6,m05_h3_q3_d8_l50,3,3,0.5091519483257234,0.38059282256945276,0.6353602020580509
6,m06_h3_q3_d2_l1,3,3,0.49256573306860946,-0.15905464289759544,0.4924500698952576
6,m06_h3_q3_d2_l50,3,3,0.49453441890458355,-0.1235658530377525,0.571147020044954
6,m06_h3_q3_d4_l1,3,3,0.4854083269328261,-0.2585016622172004,0.6023089499902726
6,m06_h3_q3_d4_l50,3,3,0.48751999981914684,-0.34185238990781913,0.4904889507872392
6,m06_h3_q3_d8_l1,3,3,0.4798202460620631,-0.4208955631184524,0.505748494081295
6,m06_h3_q3_d8_l50,3,3,0.4864064810999943,-0.4715215032816617,0.5878296149186422
6,m07_h3_q3_d2_l1,3,3,0.5086506459001996,0.08574866287470456,0.5880624495006009
6,m07_h3_q3_d2_l50,3,3,0.510114355730305,0.267548685877761,0.6574739598617476
6,m07_h3_q3_d4_l1,3,3,0.5077650304539811,0.24071045795596943,0.5890626137933944
6,m07_h3_q3_d4_l50,3,3,0.5098933757434055,0.18039522878109585,0.5722756844408647
6,m07_h3_q3_d8_l1,3,3,0.4935331563232773,-0.01574535689271955,0.46925744167115585
6,m07_h3_q3_d8_l50,3,3,0.5063689992771525,0.2592916364164395,0.5943008382778815
6,m08_h3_q3_d2_l1,3,3,0.5113965765622183,0.1281113450280499,0.654458636820342
6,m08_h3_q3_d2_l50,3,3,0.5114686352535985,0.035586634758922576,0.6737157750622889
6,m08_h3_q3_d4_l1,3,3,0.5115664090073929,-0.07203035475412142,0.6852110403514298
6,m08_h3_q3_d4_l50,3,3,0.513402068847417,0.07133867551722191,0.6356615185030888
6,m08_h3_q3_d8_l1,3,3,0.5094266897480546,-0.2334710158023755,0.5601060879830382
6,m08_h3_q3_d8_l50,3,3,0.5120120425615368,0.030549612069275697,0.6143374882636212
6,m09_h3_q3_d2_l1,3,3,0.5179735570035113,0.3973094511341784,0.6781610000947894
6,m09_h3_q3_d2_l50,3,3,0.5197743178302592,0.4159124910831764,0.7133944890846565
6,m09_h3_q3_d4_l1,3,3,0.516251990091506,0.3170411330477967,0.6803276284440258
6,m09_h3_q3_d4_l50,3,3,0.5203521296310426,0.46684999495902085,0.7583100511408918
6,m09_h3_q3_d8_l1,3,3,0.514098141676995,0.27922774881467133,0.6022067705166906
6,m09_h3_q3_d8_l50,3,3,0.5202528016701792,0.3550591875386646,0.745471435321724
6,m10_h3_q3_d2_l1,3,3,0.5056544879000741,-0.13731956010179894,0.7108196169681905
6,m10_h3_q3_d2_l50,3,3,0.5069097926913837,-0.23127947262790902,0.6420199424236721
6,m10_h3_q3_d4_l1,3,3,0.5081953338747626,-0.23504526705429585,0.6827438972644476
6,m10_h3_q3_d4_l50,3,3,0.5082108052996765,-0.21612190663422065,0.6988595561096922
6,m10_h3_q3_d8_l1,3,3,0.5112615018387683,0.039357934483354916,0.6000369597659866
6,m10_h3_q3_d8_l50,3,3,0.5094188480669338,-0.288212105469933,0.6762461793174551
6,m11_h3_q3_d2_l1,3,3,0.5150842154164907,0.45765888863520937,0.7394940270724397
6,m11_h3_q3_d2_l50,3,3,0.5166442860848732,0.36178361888227095,0.674226629276382
6,m11_h3_q3_d4_l1,3,3,0.5138475611100091,0.4461232051664631,0.6663564691234394
6,m11_h3_q3_d4_l50,3,3,0.5198509684970705,0.4232938640069254,0.6880431477772418
6,m11_h3_q3_d8_l1,3,3,0.5119436574505013,0.20353554473582172,0.6102940195728765
6,m11_h3_q3_d8_l50,3,3,0.5187474108323147,0.1506134845864443,0.6237526949377522
6,m12_h3_q3_d2_l1,3,3,0.5154122943995985,0.19695595894341156,0.7696099838730286
6,m12_h3_q3_d2_l50,3,3,0.5131605309397413,0.1930782100296765,0.8122289108505477
6,m12_h3_q3_d4_l1,3,3,0.5212630362650199,0.3630318957215335,0.8533964512105194
6,m12_h3_q3_d4_l50,3,3,0.5193839999186161,0.25961956099884675,0.8288613608904093
6,m12_h3_q3_d8_l1,3,3,0.513852718251647,0.2687299157967282,0.7316522506095071
6,m12_h3_q3_d8_l50,3,3,0.5210862805338108,0.21967340999898793,0.8103088753116734
6,m13_h3_q3_d2_l1,3,3,0.5206074434650114,0.6231541758813903,0.7198032689051916
6,m13_h3_q3_d2_l50,3,3,0.5210743413976899,0.5183829887140847,0.7312297639295693
6,m13_h3_q3_d4_l1,3,3,0.5231212321075444,0.6281306929861232,0.7579534075966176
6,m13_h3_q3_d4_l50,3,3,0.526583934811469,0.5918901938438522,0.7181778655397034
6,m13_h3_q3_d8_l1,3,3,0.5224516514439149,0.4018065888220906,0.6733111728674104
6,m13_h3_q3_d8_l50,3,3,0.5279639293971767,0.7180980713200829,0.8450078174279746
6,m14_h3_q3_d2_l1,3,3,0.5044578191027308,-0.07802351223597584,0.725933103142287
6,m14_h3_q3_d2_l50,3,3,0.5054853619126581,-0.13082493937445197,0.6992050812297923
6,m14_h3_q3_d4_l1,3,3,0.5097000182548685,-0.05077049911162524,0.6677323795702503
6,m14_h3_q3_d4_l50,3,3,0.5112541546780786,-0.06755918062360035,0.6830483677067642
6,m14_h3_q3_d8_l1,3,3,0.5065160131367232,-0.05569433488413788,0.6477090970195973
6,m14_h3_q3_d8_l50,3,3,0.5105580112027245,-0.17687069478121595,0.5956333132248304
6,m15_h3_q3_d2_l1,3,3,0.5158141275727073,0.41988021279709004,0.7397245403069158
6,m15_h3_q3_d2_l50,3,3,0.517428736780056,0.6294782858625214,0.786307254310493
6,m15_h3_q3_d4_l1,3,3,0.5161708887408154,0.4700759535580776,0.6599657780693763
6,m15_h3_q3_d4_l50,3,3,0.5210857153676038,0.6396752057541434,0.7288804195483584
6,m15_h3_q3_d8_l1,3,3,0.5121563012358489,0.288441570144372,0.626958902976613
6,m15_h3_q3_d8_l50,3,3,0.5232299559565975,0.5951459267507645,0.7804783717743682
6,m16_h3_q3_d2_l1,3,3,0.48759375400914784,0.0038000825843180898,0.6902531153334184
6,m16_h3_q3_d2_l50,3,3,0.4856371486008463,0.024315971976955043,0.6947614262447984
6,m16_h3_q3_d4_l1,3,3,0.4831215938139168,0.010404446380112715,0.6637196047543648
6,m16_h3_q3_d4_l50,3,3,0.4826748299273592,0.012887839685476866,0.6512845577697839
6,m16_h3_q3_d8_l1,3,3,0.48137692573320423,-0.08330005025540059,0.6240683129000139
6,m16_h3_q3_d8_l50,3,3,0.4820234758739024,-0.13731199400929775,0.6162146192254915
6,m17_h3_q3_d2_l1,3,3,0.5002791921062106,0.2773408388257184,0.6553590636001146
6,m17_h3_q3_d2_l50,3,3,0.5000347577217246,0.376956334630378,0.738327545141918
6,m17_h3_q3_d4_l1,3,3,0.4955021247423549,0.07861229298579525,0.6525135684491649
6,m17_h3_q3_d4_l50,3,3,0.49786013944910984,0.23105651828971843,0.6841614000784428
6,m17_h3_q3_d8_l1,3,3,0.48821487167053523,-0.14425569314269732,0.6197486295614754
6,m17_h3_q3_d8_l50,3,3,0.4949792753551928,0.2879207704686377,0.6458006423462826
6,m18_h3_q3_d2_l1,3,3,0.4779200866286762,-0.3875004251100707,0.39955193374568043
6,m18_h3_q3_d2_l50,3,3,0.4793828780636954,-0.30251110200119435,0.445713430732724
6,m18_h3_q3_d4_l1,3,3,0.4767617078418507,-0.5609404120832985,0.35030728815094414
6,m18_h3_q3_d4_l50,3,3,0.48270881054554926,-0.40026244742525136,0.4255473884047241
6,m18_h3_q3_d8_l1,3,3,0.48298666038201843,-0.37111242681112994,0.556205382392173
6,m18_h3_q3_d8_l50,3,3,0.4852896420293762,-0.3588333373209323,0.41342152083633327
6,m19_h3_q3_d2_l1,3,3,0.4952766234258002,0.2791757561747162,0.6088991233616838
6,m19_h3_q3_d2_l50,3,3,0.4960232786308962,0.2959479178691674,0.6205002097097093
6,m19_h3_q3_d4_l1,3,3,0.4958267420824453,0.1890188212472388,0.6327815637602796
6,m19_h3_q3_d4_l50,3,3,0.49917521056679953,0.23932289810754273,0.6497840263670108
6,m19_h3_q3_d8_l1,3,3,0.49031064925728685,-0.1339795940994871,0.5580099924060792
6,m19_h3_q3_d8_l50,3,3,0.49848952266627333,0.16847416359112305,0.6137543419840978
6,m20_h3_q3_d2_l1,3,3,0.4830836570322784,0.0768930176920958,0.5735353433835428
6,m20_h3_q3_d2_l50,3,3,0.48247122880132204,-0.07938762831563669,0.5688726431131558
6,m20_h3_q3_d4_l1,3,3,0.482930708927535,0.013363403704863091,0.6781827152235039
6,m20_h3_q3_d4_l50,3,3,0.4829665969816733,0.15613552181301482,0.7402479099640576
6,m20_h3_q3_d8_l1,3,3,0.480441151786123,-0.16556276299064412,0.5104498495015324
6,m20_h3_q3_d8_l50,3,3,0.4873758824363863,0.06009694178593352,0.6500617137989277
6,m21_h3_q3_d2_l1,3,3,0.4978756815197998,0.2487598600730455,0.7432826418931838
6,m21_h3_q3_d2_l50,3,3,0.4991867258282652,0.39225623741644,0.7675690689255986
6,m21_h3_q3_d4_l1,3,3,0.4915158661935095,0.27389501922799675,0.6829110261406249
6,m21_h3_q3_d4_l50,3,3,0.49713383022746244,0.26118507581330125,0.6994988309238547
6,m21_h3_q3_d8_l1,3,3,0.48388259011151297,0.13770169272994304,0.662799631894894
6,m21_h3_q3_d8_l50,3,3,0.4959440140703779,0.28770035331591226,0.6478191045217803
6,m22_h3_q3_d2_l1,3,3,0.47553211811295526,-0.27246264239705376,0.4974728851613257
6,m22_h3_q3_d2_l50,3,3,0.4771455263421144,-0.23795232656237128,0.520476066477249
6,m22_h3_q3_d4_l1,3,3,0.47234853686946526,-0.24112184349749147,0.48387096458287715
6,m22_h3_q3_d4_l50,3,3,0.474240572038628,-0.4259884136539157,0.471147127714168
6,m22_h3_q3_d8_l1,3,3,0.4686143424488991,-0.22597575297881548,0.4896333868244497
6,m22_h3_q3_d8_l50,3,3,0.4754065805692468,-0.3424897975167311,0.5077859247980495
6,m23_h3_q3_d2_l1,3,3,0.49420838864897587,0.35747209744107766,0.651952415875674
6,m23_h3_q3_d2_l50,3,3,0.49660603563599,0.46080760952875427,0.7149104466296833
6,m23_h3_q3_d4_l1,3,3,0.4847144441222997,0.10860619269474699,0.5891896039429803
6,m23_h3_q3_d4_l50,3,3,0.49257025439826474,0.3470722965856833,0.7222062750376492
6,m23_h3_q3_d8_l1,3,3,0.4811619506372532,-0.06082702595647775,0.6363367668565293
6,m23_h3_q3_d8_l50,3,3,0.4918646443889451,0.3350932781659266,0.6956325687478546
6,m24_h3_q3_d2_l1,3,3,0.49257979157800624,0.014743761628456017,0.6556046276392951
6,m24_h3_q3_d2_l50,3,3,0.4940714771353533,-0.1294569935832972,0.5987637808147416
6,m24_h3_q3_d4_l1,3,3,0.4943826717780298,0.01543017798380381,0.6526940303492431
6,m24_h3_q3_d4_l50,3,3,0.49250398866050515,-0.07974020302292456,0.5899909069392649
6,m24_h3_q3_d8_l1,3,3,0.4976121727758308,-0.2465948093622829,0.5343595338902167
6,m24_h3_q3_d8_l50,3,3,0.4911450465160047,-0.17462401198984087,0.5748313125092354
6,m25_h3_q3_d2_l1,3,3,0.5031464922111619,0.40423191940609887,0.7188580039601454
6,m25_h3_q3_d2_l50,3,3,0.5015924264337277,0.32516925395906815,0.7110079427143301
6,m25_h3_q3_d4_l1,3,3,0.5056811213575745,0.17629316574770018,0.651783131179572
6,m25_h3_q3_d4_l50,3,3,0.5037938194553946,0.18838826839645118,0.6735854540394686
6,m25_h3_q3_d8_l1,3,3,0.5017126655442465,0.12315135167634893,0.6238512890538681
6,m25_h3_q3_d8_l50,3,3,0.5003662277020737,0.11380196966225722,0.6522070813658232
6,m26_h3_q3_d2_l1,3,3,0.48702328936905415,-0.19175847827088682,0.5111426154038455
6,m26_h3_q3_d2_l50,3,3,0.48667274502922186,-0.11442841700308702,0.5632973940433289
6,m26_h3_q3_d4_l1,3,3,0.488658456497179,-0.1927541000940258,0.6202394928551968
6,m26_h3_q3_d4_l50,3,3,0.48628991556982026,-0.37204068198708773,0.5410718260422254
6,m26_h3_q3_d8_l1,3,3,0.48899642588890757,-0.018926684438452003,0.6975673980575051
6,m26_h3_q3_d8_l50,3,3,0.48523277217980654,-0.2876989227842258,0.5087827157080569
6,m27_h3_q3_d2_l1,3,3,0.5017192356014019,0.43791573919974736,0.6997962867300304
6,m27_h3_q3_d2_l50,3,3,0.5038065356950499,0.3191158817166927,0.6695450305024174
6,m27_h3_q3_d4_l1,3,3,0.501913511485025,0.250277516449929,0.6297166541055181
6,m27_h3_q3_d4_l50,3,3,0.5037705769951355,0.152812384412898,0.6320576667794567
6,m27_h3_q3_d8_l1,3,3,0.4962598713342613,0.06943314386501354,0.6474985072028855
6,m27_h3_q3_d8_l50,3,3,0.5021128032187345,0.24078211459594476,0.6563728514261346
6,m28_h3_q3_d2_l1,3,3,0.49588799197011857,0.3289091994547165,0.7003277242293977
6,m28_h3_q3_d2_l50,3,3,0.49400888497793877,0.2377448626392,0.6946827007781987
6,m28_h3_q3_d4_l1,3,3,0.4999143066738782,0.2899346137471596,0.6501468860075222
6,m28_h3_q3_d4_l50,3,3,0.4987851045924841,0.2920116296955503,0.7062414618752403
6,m28_h3_q3_d8_l1,3,3,0.4978791431628171,-0.002027452745178129,0.605643466580798
6,m28_h3_q3_d8_l50,3,3,0.5013115388288965,0.20819986512370547,0.6654054648367542
6,m29_h3_q3_d2_l1,3,3,0.5058344226911972,0.38138038006235064,0.6740542659268771
6,m29_h3_q3_d2_l50,3,3,0.5065047098125852,0.40081709647867825,0.7148820539034635
6,m29_h3_q3_d4_l1,3,3,0.5105201450668619,0.2618695563834062,0.655341164027662
6,m29_h3_q3_d4_l50,3,3,0.5101311694249603,0.39133389753208075,0.7424367944322641
6,m29_h3_q3_d8_l1,3,3,0.508213701776487,0.24078222732453358,0.7137108101166784
6,m29_h3_q3_d8_l50,3,3,0.5104514773727231,0.4268596458060584,0.7205368243377568
6,m30_h3_q3_d2_l1,3,3,0.48968359735072686,0.12783730974744933,0.6735123938228849
6,m30_h3_q3_d2_l50,3,3,0.4910662058301416,0.21917218562584065,0.6920899974661965
6,m30_h3_q3_d4_l1,3,3,0.49054215546478985,-0.2050202818613172,0.6412938162652606
6,m30_h3_q3_d4_l50,3,3,0.4934715532067248,0.011006006152199039,0.6606888015595898
6,m30_h3_q3_d8_l1,3,3,0.4905030177049618,0.34727397034217117,0.6410580534685071
6,m30_h3_q3_d8_l50,3,3,0.4929715224051665,-0.018945476127545376,0.6433831357745563
6,m31_h3_q3_d2_l1,3,3,0.5005198116187999,0.3133274318804061,0.7090324013790217
6,m31_h3_q3_d2_l50,3,3,0.5020454777943372,0.34737733980767654,0.7065798632316707
6,m31_h3_q3_d4_l1,3,3,0.5025888851022753,0.4352499307472005,0.759752215699037
6,m31_h3_q3_d4_l50,3,3,0.5036112707705647,0.38269023032310173,0.703746223323095
6,m31_h3_q3_d8_l1,3,3,0.49956312652206325,0.2709607386849481,0.7092892030971324
6,m31_h3_q3_d8_l50,3,3,0.5035167467224598,0.4207660365350541,0.7528594604995623
6,m01_h3_q5_d2_l1,3,5,0.5198276476641539,0.15269470477599328,0.49228619994299677
6,m01_h3_q5_d2_l50,3,5,0.5225860831804205,0.19267295291717498,0.5243651317378616
6,m01_h3_q5_d4_l1,3,5,0.5225424952886332,-0.1165541111840171,0.5114115061536437
6,m01_h3_q5_d4_l50,3,5,0.522487283959036,-0.050988344700894604,0.49195564083997156
6,m01_h3_q5_d8_l1,3,5,0.5149039594078556,-0.060824903410052165,0.49693184934438805
6,m01_h3_q5_d8_l50,3,5,0.5199665477459829,0.04088288773350139,0.4774271455770814
6,m02_h3_q5_d2_l1,3,5,0.49814412442967665,-0.24701502684498897,0.5731072084955954
6,m02_h3_q5_d2_l50,3,5,0.498046875,-0.304442947536207,0.5772624461072041
6,m02_h3_q5_d4_l1,3,5,0.4896714131620711,-0.4652397077017241,0.5678193812199889
6,m02_h3_q5_d4_l50,3,5,0.4937613134794684,-0.43921368171156083,0.5773796346504286
6,m02_h3_q5_d8_l1,3,5,0.4817190444604246,-0.5613364908129077,0.4721501548421729
6,m02_h3_q5_d8_l50,3,5,0.49060593756199167,-0.5198493125381369,0.5040022434999774
6,m03_h3_q5_d2_l1,3,5,0.5189840766650962,-0.16522014358128936,0.5243950205682956
6,m03_h3_q5_d2_l50,3,5,0.5217399937698374,-0.16225358677251972,0.5383901825578088
6,m03_h3_q5_d4_l1,3,5,0.5193442095132415,-0.2759835998516457,0.4372868419074469
6,m03_h3_q5_d4_l50,3,5,0.524568073050982,-0.04249439914131797,0.58116959131038
6,m03_h3_q5_d8_l1,3,5,0.5043224659355783,-0.13523229510815304,0.5465751686290263
6,m03_h3_q5_d8_l50,3,5,0.5204609313008333,-0.10363783558809735,0.5869848489309252
6,m04_h3_q5_d2_l1,3,5,0.49987485431957945,-0.016380543348310246,0.6003474149053972
6,m04_h3_q5_d2_l50,3,5,0.495381426986213,0.06547366690965592,0.6195601337377858
6,m04_h3_q5_d4_l1,3,5,0.5031030704473318,0.41136746006214364,0.8585378141166204
6,m04_h3_q5_d4_l50,3,5,0.4944488398259274,0.1428691218607236,0.6371777703658789
6,m04_h3_q5_d8_l1,3,5,0.5040445689099384,0.34918588779408555,0.8305322349691818
6,m04_h3_q5_d8_l50,3,5,0.4977746928312835,0.1465425754748699,0.5952372740837503
6,m05_h3_q5_d2_l1,3,5,0.5152873391316206,0.4661860406071334,0.6132004587036645
6,m05_h3_q5_d2_l50,3,5,0.5161214176564669,0.07590791399352402,0.6036473633321794
6,m05_h3_q5_d4_l1,3,5,0.5102891640113568,0.5456535785858545,0.648551164905942
6,m05_h3_q5_d4_l50,3,5,0.5130921560392283,0.3827300837715077,0.7103450561418445
6,m05_h3_q5_d8_l1,3,5,0.4992494165034219,0.3248219641705459,0.5954048606390592
6,m05_h3_q5_d8_l50,3,5,0.51095034389878,0.3490743402259796,0.5880141267231402
6,m06_h3_q5_d2_l1,3,5,0.5018797036178337,-0.17529556181703154,0.5940712412341521
6,m06_h3_q5_d2_l50,3,5,0.4970861010030253,-0.15168625162201824,0.5590580452468082
6,m06_h3_q5_d4_l1,3,5,0.48696383018622297,-0.038804299294665015,0.5568483729680697
6,m06_h3_q5_d4_l50,3,5,0.48189368661351917,-0.08619877895928886,0.6666153002362694
6,m06_h3_q5_d8_l1,3,5,0.4796732225438901,-0.29349357337805626,0.5165226012173101
6,m06_h3_q5_d8_l50,3,5,0.47769258874107323,-0.14565427445695336,0.6181445274349355
6,m07_h3_q5_d2_l1,3,5,0.5130840196327613,0.09193035562911255,0.5842945872714579
6,m07_h3_q5_d2_l50,3,5,0.5139828988233981,0.19969908896625485,0.6498824045962917
6,m07_h3_q5_d4_l1,3,5,0.5113437004066654,-0.01623437011116127,0.5427669585523704
6,m07_h3_q5_d4_l50,3,5,0.5111295385650169,0.0961340915228755,0.6581073105116715
6,m07_h3_q5_d8_l1,3,5,0.49726577997917076,-0.11740618869457672,0.48290793120769554
6,m07_h3_q5_d8_l50,3,5,0.5070991115044139,0.1479238826690568,0.5103568892646398
6,m08_h3_q5_d2_l1,3,5,0.5015575406665345,-0.11143173180868286,0.5892033206756846
6,m08_h3_q5_d2_l50,3,5,0.5000610230485023,-0.25912574357596957,0.4710753144948025
6,m08_h3_q5_d4_l1,3,5,0.4970096768994247,-0.2689638011708661,0.6334138547120001
6,m08_h3_q5_d4_l50,3,5,0.4915751385513788,-0.16536051775036828,0.6055921242894766
6,m08_h3_q5_d8_l1,3,5,0.49652265485518743,-0.4006351105612454,0.5267753044003578
6,m08_h3_q5_d8_l50,3,5,0.48771073292749456,-0.3026895300742307,0.5752569121606187
6,m09_h3_q5_d2_l1,3,5,0.5109020097698869,0.41557217155735343,0.5932933370215241
6,m09_h3_q5_d2_l50,3,5,0.5139512249553659,0.3583298931955749,0.6611888464781707
6,m09_h3_q5_d4_l1,3,5,0.507278209308669,0.297840884910061,0.6060492631614488
6,m09_h3_q5_d4_l50,3,5,0.5128154213573695,0.6446082660921095,0.8356769814580889
6,m09_h3_q5_d8_l1,3,5,0.5058742917451895,0.2192122150797331,0.5472084991475318
6,m09_h3_q5_d8_l50,3,5,0.5091552007910137,0.48783504252071164,0.7194139471944401
6,m10_h3_q5_d2_l1,3,5,0.5027679279904781,-0.30149779769238455,0.5602338454870346
6,m10_h3_q5_d2_l50,3,5,0.5013289463896052,-0.3235745495615497,0.6110821577065304
6,m10_h3_q5_d4_l1,3,5,0.4970027996987204,-0.2638190894669053,0.6037033661091016
6,m10_h3_q5_d4_l50,3,5,0.4970351516006249,-0.3818947604303254,0.5691020878897491
6,m10_h3_q5_d8_l1,3,5,0.49051943981228924,-0.3975514465321127,0.5022121152167868
6,m10_h3_q5_d8_l50,3,5,0.48967441588350524,-0.6543504989233464,0.5451397439926468
6,m11_h3_q5_d2_l1,3,5,0.5138833247061596,-0.09737331466776973,0.531529771783706
6,m11_h3_q5_d2_l50,3,5,0.5149346646560702,0.07023963711313959,0.6136141636668534
6,m11_h3_q5_d4_l1,3,5,0.5140630036823051,0.06931407460376264,0.5809827679677558
6,m11_h3_q5_d4_l50,3,5,0.5151166683197779,0.2212345612529966,0.6691515961508157
6,m11_h3_q5_d8_l1,3,5,0.4989682261704027,-0.3921220625087534,0.3948395886221895
6,m11_h3_q5_d8_l50,3,5,0.5131599594264531,0.059229163084835404,0.5366615557296612
6,m12_h3_q5_d2_l1,3,5,0.5042827525230609,-0.0441469538694145,0.7603499209417132
6,m12_h3_q5_d2_l50,3,5,0.5034950708874728,0.03038323381849867,0.7644893958802768
6,m12_h3_q5_d4_l1,3,5,0.5041338756571117,0.1874301646558784,0.7732329798758957
6,m12_h3_q5_d4_l50,3,5,0.5023143233299445,0.17806138829031945,0.9345133144160864
6,m12_h3_q5_d8_l1,3,5,0.50375456413658,-0.02525065155633892,0.672217808940543
6,m12_h3_q5_d8_l50,3,5,0.5046934473256794,0.2181389027651313,0.8767111932760075
6,m13_h3_q5_d2_l1,3,5,0.5102471259112775,0.2817360961544625,0.7365133228535848
6,m13_h3_q5_d2_l50,3,5,0.5126561802593731,0.30963677957533764,0.7909009571472329
6,m13_h3_q5_d4_l1,3,5,0.5072704603501289,0.047034265409129444,0.6560352537049662
6,m13_h3_q5_d4_l50,3,5,0.5157262207709283,0.6098915488149894,0.7548306037577369
6,m13_h3_q5_d8_l1,3,5,0.504433566628645,-0.06643195627313202,0.5537744028384091
6,m13_h3_q5_d8_l50,3,5,0.516235908518895,0.5257710853704735,0.7241259990633491
6,m14_h3_q5_d2_l1,3,5,0.5003889008567248,-0.09291805415512418,0.7507485741183177
6,m14_h3_q5_d2_l50,3,5,0.4995987008096112,-0.07375081061659618,0.7321514401347166
6,m14_h3_q5_d4_l1,3,5,0.5005457204051775,-0.20702519337395098,0.6834220244028494
6,m14_h3_q5_d4_l50,3,5,0.49369748143349534,-0.16821006461228385,0.7522878605931794
6,m14_h3_q5_d8_l1,3,5,0.4865094506298353,-0.21597549306299849,0.6241263756655222
6,m14_h3_q5_d8_l50,3,5,0.49014167808346565,0.08839229398108597,0.8755179907175995
6,m15_h3_q5_d2_l1,3,5,0.5157468523730412,-0.0043625543549781366,0.696612001818077
6,m15_h3_q5_d2_l50,3,5,0.5173870163100079,0.04489718348744936,0.6623663769576982
6,m15_h3_q5_d4_l1,3,5,0.5130730742288236,-0.010279357100311684,0.6192324309306529
6,m15_h3_q5_d4_l50,3,5,0.5130128260761754,0.1736914595788638,0.7552387957336264
6,m15_h3_q5_d8_l1,3,5,0.5021398749008132,0.07269751884164641,0.6496402328860734
6,m15_h3_q5_d8_l50,3,5,0.5114767887695894,0.15359384969265355,0.630606090870501
6,m16_h3_q5_d2_l1,3,5,0.5003459909988097,0.049269031810616364,0.5400263042969619
6,m16_h3_q5_d2_l50,3,5,0.49984250241767514,-0.1343433165270897,0.5287924643883493
6,m16_h3_q5_d4_l1,3,5,0.4957806920749851,0.046335182108978225,0.5779885323979431
6,m16_h3_q5_d4_l50,3,5,0.4968711642655227,-0.06588725383946127,0.538943380248638
6,m16_h3_q5_d8_l1,3,5,0.49014100004959327,-0.004099417475174034,0.5865248369551365
6,m16_h3_q5_d8_l50,3,5,0.4941342321092045,-0.18213235780869844,0.5224887821331528
6,m17_h3_q5_d2_l1,3,5,0.5165617522255008,0.3365633418638211,0.7580188834369763
6,m17_h3_q5_d2_l50,3,5,0.5165834493094128,0.34128578383642194,0.7464304467190298
6,m17_h3_q5_d4_l1,3,5,0.509235111925957,0.41423003238019224,0.7862356603203494
6,m17_h3_q5_d4_l50,3,5,0.5132569182701845,0.2325520317762746,0.5987303974417929
6,m17_h3_q5_d8_l1,3,5,0.4951341383468062,0.2613792402718432,0.7598315201986229
6,m17_h3_q5_d8_l50,3,5,0.5068987040641738,0.23560086251971388,0.653612192794022
6,m18_h3_q5_d2_l1,3,5,0.5014151535533624,-0.5349200071784638,0.5668500770857042
6,m18_h3_q5_d2_l50,3,5,0.4999876985283178,-0.34511274539460945,0.5399857659151177
6,m18_h3_q5_d4_l1,3,5,0.49379017835002975,-0.2195494645965454,0.5916111221943346
6,m18_h3_q5_d4_l50,3,5,0.4938365752392878,-0.25040713892351246,0.5279144730979167
6,m18_h3_q5_d8_l1,3,5,0.4878635811346954,-0.26333275068163914,0.4212258822801414
6,m18_h3_q5_d8_l50,3,5,0.49236252960102167,-0.31263595959740814,0.4297591152782262
6,m19_h3_q5_d2_l1,3,5,0.5123782832337335,-0.01642629592164748,0.7290909654777772
6,m19_h3_q5_d2_l50,3,5,0.5148959198633704,-0.22509166470639608,0.5467659014445568
6,m19_h3_q5_d4_l1,3,5,0.5152846269961318,-0.19898629873779444,0.6596982730560587
6,m19_h3_q5_d4_l50,3,5,0.5162725223479964,-0.16293164955929446,0.6816613813137253
6,m19_h3_q5_d8_l1,3,5,0.5006702849137077,-0.2861251367569055,0.5247482262187267
6,m19_h3_q5_d8_l50,3,5,0.5144805756856279,0.315760034628228,0.831254535822278
6,m20_h3_q5_d2_l1,3,5,0.5010375855485023,0.037197546899175093,0.5951681239595535
6,m20_h3_q5_d2_l50,3,5,0.4996483910062488,-0.036814470076466876,0.564394004103759
6,m20_h3_q5_d4_l1,3,5,0.4937614103414501,0.04038241102639956,0.5045801602771784
6,m20_h3_q5_d4_l50,3,5,0.4943742560999801,0.0773296947212175,0.5631712438964189
6,m20_h3_q5_d8_l1,3,5,0.48363662111312244,-0.13225053247945293,0.5392032988407496
6,m20_h3_q5_d8_l50,3,5,0.49466193618577664,0.1789880092701792,0.5560149897321474
6,m21_h3_q5_d2_l1,3,5,0.5085346060739436,0.23317554929404535,0.6070261143338544
6,m21_h3_q5_d2_l50,3,5,0.5105962164935033,0.11858548772919546,0.5447094479684791
6,m21_h3_q5_d4_l1,3,5,0.5060366324266019,0.09328639391698901,0.640174307177712
6,m21_h3_q5_d4_l50,3,5,0.5068244109241719,0.3303979790921108,0.6599846491722663
6,m21_h3_q5_d8_l1,3,5,0.4970864884509522,0.12882447176781414,0.693922396716736
6,m21_h3_q5_d8_l50,3,5,0.5030977430383357,0.20330649070752418,0.6497464515096203
6,m22_h3_q5_d2_l1,3,5,0.4972962915034219,-0.041726178153048854,0.6488643518035324
6,m22_h3_q5_d2_l50,3,5,0.4963860794609205,-0.31165730450001333,0.588930062957808
6,m22_h3_q5_d4_l1,3,5,0.4905525666100476,-0.09616676638359496,0.5954158595400082
6,m22_h3_q5_d4_l50,3,5,0.48745637336341996,-0.16605208610590938,0.6385025696962952
6,m22_h3_q5_d8_l1,3,5,0.4759532381347947,-0.19015973413038129,0.6225094722439444
6,m22_h3_q5_d8_l50,3,5,0.48134070155971037,-0.03517627866019037,0.5852770109954426
6,m23_h3_q5_d2_l1,3,5,0.5083788520072902,-0.12335861268131296,0.6481961143382347
6,m23_h3_q5_d2_l50,3,5,0.5106306993590061,-0.20550615260306154,0.5744980246012119
6,m23_h3_q5_d4_l1,3,5,0.5047097201386134,-0.17927672943718756,0.6191853122028055
6,m23_h3_q5_d4_l50,3,5,0.5084020988829101,-0.04388272976190853,0.6931040084648039
6,m23_h3_q5_d8_l1,3,5,0.49345280806759567,-0.038432824828305075,0.6360452221277966
6,m23_h3_q5_d8_l50,3,5,0.5050400194963797,-0.21229093736007823,0.5647239464482673
6,m24_h3_q5_d2_l1,3,5,0.5041904430544535,-0.2809881431893796,0.5718120960982451
6,m24_h3_q5_d2_l50,3,5,0.5041103381955465,-0.09898560690593564,0.6900068470939454
6,m24_h3_q5_d4_l1,3,5,0.49630384363841495,-0.1556415851309753,0.6349612479710559
6,m24_h3_q5_d4_l50,3,5,0.4948070354344376,-0.2694149919693693,0.6679724725220298
6,m24_h3_q5_d8_l1,3,5,0.4962918327526781,5.206801432029543e-05,0.5802814941060069
6,m24_h3_q5_d8_l50,3,5,0.48955575995586187,-0.4930680744401405,0.5671215727674244
6,m25_h3_q5_d2_l1,3,5,0.5144742796568141,-0.08763220988115542,0.5689634698258056
6,m25_h3_q5_d2_l50,3,5,0.5151494076696093,0.05800351642867589,0.6178042278065414
6,m25_h3_q5_d4_l1,3,5,0.5070531989250645,-0.09431672554524619,0.5977672838090478
6,m25_h3_q5_d4_l50,3,5,0.5081679834730213,0.18409020904005022,0.6348787287067181
6,m25_h3_q5_d8_l1,3,5,0.5032135899685082,0.12119418314312382,0.6133674708299347
6,m25_h3_q5_d8_l50,3,5,0.5027559171047411,0.23299816168742601,0.6047360536468718
6,m26_h3_q5_d2_l1,3,5,0.5007593010749355,-0.3718984878156208,0.5057802182408354
6,m26_h3_q5_d2_l50,3,5,0.4987977490825233,-0.2834559792160661,0.5716391318205678
6,m26_h3_q5_d4_l1,3,5,0.5000848510960128,-0.3276468026715374,0.6083863999962321
6,m26_h3_q5_d4_l50,3,5,0.49498845792625473,-0.2786470843768341,0.5463332419395904
6,m26_h3_q5_d8_l1,3,5,0.49702517481650466,-0.2756773047656817,0.5610146831776105
6,m26_h3_q5_d8_l50,3,5,0.49149406507265425,-0.5794185770152706,0.39571678328415216
6,m27_h3_q5_d2_l1,3,5,0.5108155120201845,-0.3078222797708809,0.5235102287213406
6,m27_h3_q5_d2_l50,3,5,0.5143577546927693,-0.3430760792010055,0.5871606667319954
6,m27_h3_q5_d4_l1,3,5,0.5064936272564967,-0.14664420174696,0.6226296272545245
6,m27_h3_q5_d4_l50,3,5,0.5122406423576672,0.04102666181362401,0.5969451441112591
6,m27_h3_q5_d8_l1,3,5,0.49689615465681414,0.04178344946045921,0.6324001116685766
6,m27_h3_q5_d8_l50,3,5,0.5056993590061496,0.16798132128410068,0.6734085431259683
6,m28_h3_q5_d2_l1,3,5,0.5062120494755504,-0.054777595454031165,0.5284209047141833
6,m28_h3_q5_d2_l50,3,5,0.5045531911761059,-0.1664472267350707,0.5635290412210773
6,m28_h3_q5_d4_l1,3,5,0.49878970953803814,0.0873480320063359,0.611728388464751
6,m28_h3_q5_d4_l50,3,5,0.5025805969177742,0.04824237146703019,0.6390439149078234
6,m28_h3_q5_d8_l1,3,5,0.4935062758815215,0.2888102089803176,0.622544159949705
6,m28_h3_q5_d8_l50,3,5,0.49913560367486615,0.17254614842557414,0.679654218620554
6,m29_h3_q5_d2_l1,3,5,0.5125511818711566,0.2109279230525507,0.6504632603811376
6,m29_h3_q5_d2_l50,3,5,0.5146892163943166,0.384781247564153,0.7367244792541527
6,m29_h3_q5_d4_l1,3,5,0.5069765810975004,0.4655419723589646,0.7026703832543353
6,m29_h3_q5_d4_l50,3,5,0.5142208887125571,0.22513233341772418,0.5722850812448098
6,m29_h3_q5_d8_l1,3,5,0.5006503313454671,0.39689560981131056,0.6324953220705429
6,m29_h3_q5_d8_l50,3,5,0.5094958643808272,0.376915275463024,0.6482040568478793
6,m30_h3_q5_d2_l1,3,5,0.501826235803908,-0.025936727278959543,0.6134286162870742
6,m30_h3_q5_d2_l50,3,5,0.5000672222153343,-0.07639544200308522,0.6796776470914502
6,m30_h3_q5_d4_l1,3,5,0.4964324763501785,-0.29248622141719927,0.6540927670658357
6,m30_h3_q5_d4_l50,3,5,0.4964407096186273,-0.413372435231256,0.5304146274324603
6,m30_h3_q5_d8_l1,3,5,0.48675887023284076,-0.23487634418948278,0.6191353317097534
6,m30_h3_q5_d8_l50,3,5,0.4903979748871751,-0.06331324632683626,0.7049221201871176
6,m31_h3_q5_d2_l1,3,5,0.510739087916584,-0.1403229096760751,0.5575586071680709
6,m31_h3_q5_d2_l50,3,5,0.5151909614597798,0.0999004982126709,0.6265180258527532
6,m31_h3_q5_d4_l1,3,5,0.5045052444951399,0.1802742925487953,0.660946639318378
6,m31_h3_q5_d4_l50,3,5,0.5092735661327117,0.26920433009880085,0.7746852852213605
6,m31_h3_q5_d8_l1,3,5,0.4937367105361039,-0.18150182777087678,0.5428287598231718
6,m31_h3_q5_d8_l50,3,5,0.5053533680073398,0.05169405244708551,0.6596928795345355
6,m01_h6_q3_d2_l1,6,3,0.5071381374885334,0.01862062454300949,0.680144242217615
6,m01_h6_q3_d2_l50,6,3,0.5051787383964808,0.002018543283293583,0.6619573693560604
6,m01_h6_q3_d4_l1,6,3,0.5138381086313388,-0.07957716224767271,0.6903745775126103
6,m01_h6_q3_d4_l50,6,3,0.5056047395988393,-0.023202645605480618,0.5593481268494315
6,m01_h6_q3_d8_l1,6,3,0.5125101173442357,-0.1256408153438728,0.6386567728042621
6,m01_h6_q3_d8_l50,6,3,0.5050856934817392,-0.03590921035977321,0.5593481268494315
6,m02_h6_q3_d2_l1,6,3,0.4993586388959299,-0.18056061941477988,0.5748029696117996
6,m02_h6_q3_d2_l50,6,3,0.5041444062975039,-0.2416790727801873,0.4758292030723968
6,m02_h6_q3_d4_l1,6,3,0.4980041054778387,-0.5058812270164549,0.5255816371258598
6,m02_h6_q3_d4_l50,6,3,0.501320765929223,-0.5311489318410432,0.45688039559047766
6,m02_h6_q3_d8_l1,6,3,0.5005786921836816,-0.6219631064221683,0.4679023083439543
6,m02_h6_q3_d8_l50,6,3,0.5003525679732914,-0.5575983745379266,0.44067535392070944
6,m03_h6_q3_d2_l1,6,3,0.49681155278691636,-0.17240021441721895,0.6254844853053378
6,m03_h6_q3_d2_l50,6,3,0.497899632701144,-0.3023718796596516,0.47872934240447607
6,m03_h6_q3_d4_l1,6,3,0.5048071485626477,-0.22861455281802207,0.5444077258765846
6,m03_h6_q3_d4_l50,6,3,0.5021593498121628,-0.2292457869842929,0.5465254418631819
6,m03_h6_q3_d8_l1,6,3,0.5022623480260249,-0.4027035263991481,0.4854105991493281
6,m03_h6_q3_d8_l50,6,3,0.5035259746454819,-0.196748442567728,0.521122862126481
6,m04_h6_q3_d2_l1,6,3,0.4797445939208788,-0.7468403332963741,0.3589625865572689
6,m04_h6_q3_d2_l50,6,3,0.47408219891528214,-0.8291786425608791,0.33587689055797076
6,m04_h6_q3_d4_l1,6,3,0.4925986530458349,-0.44396728601558816,0.36098349054288736
6,m04_h6_q3_d4_l50,6,3,0.47847728089434005,-0.7956496172577102,0.2607740469457968
6,m04_h6_q3_d8_l1,6,3,0.5004352172200628,-0.1771881914425388,0.5155879036012773
6,m04_h6_q3_d8_l50,6,3,0.48074176703647226,-0.7883325511004948,0.2824848943984715
6,m05_h6_q3_d2_l1,6,3,0.4910045031674347,-0.2691768776185055,0.6059419401520014
6,m05_h6_q3_d2_l50,6,3,0.4888335780370354,-0.44926755334841983,0.62131233432683
6,m05_h6_q3_d4_l1,6,3,0.49916296440803454,-0.3359639397340491,0.5443270929101015
6,m05_h6_q3_d4_l50,6,3,0.49203736070357884,-0.221139805637773,0.6233908397993804
6,m05_h6_q3_d8_l1,6,3,0.48749931985789347,-0.5404700004459475,0.4788174568361129
6,m05_h6_q3_d8_l50,6,3,0.49275296604627383,-0.12660194669940086,0.6748170138405849
6,m06_h6_q3_d2_l1,6,3,0.48920833818095866,-0.4088650386615931,0.4306571590632406
6,m06_h6_q3_d2_l50,6,3,0.4902813775542931,-0.6186452920399709,0.3833834663889816
6,m06_h6_q3_d4_l1,6,3,0.4871802981890452,-0.6690617237997738,0.39830246128538493
6,m06_h6_q3_d4_l50,6,3,0.49211683964025976,-0.746812248915768,0.32217856135470674
6,m06_h6_q3_d8_l1,6,3,0.47818192595895614,-0.9348765537765674,0.2697411392581206
6,m06_h6_q3_d8_l50,6,3,0.49115218063512667,-0.7001969524508478,0.2982749154317364
6,m07_h6_q3_d2_l1,6,3,0.48994952718880047,-0.25218317948144553,0.5897188999695978
6,m07_h6_q3_d2_l50,6,3,0.49091765141659044,-0.4276475142753995,0.514710492667002
6,m07_h6_q3_d4_l1,6,3,0.49223863853023836,-0.3859305080701719,0.4450288499740685
6,m07_h6_q3_d4_l50,6,3,0.49389177092194536,-0.4638627927667043,0.4765035977983365
6,m07_h6_q3_d8_l1,6,3,0.48802772944898093,-0.6841955922569232,0.4753100606883053
6,m07_h6_q3_d8_l50,6,3,0.4949538985303179,-0.2877492188233461,0.5309270929203118
6,m08_h6_q3_d2_l1,6,3,0.5064900671235747,0.1418630352360655,0.6372698193891914
6,m08_h6_q3_d2_l50,6,3,0.5070035099019106,0.1000725381261126,0.6417268120693778
6,m08_h6_q3_d4_l1,6,3,0.5017282613680316,-0.05579355781295158,0.6400399999950491
6,m08_h6_q3_d4_l50,6,3,0.5041683679435349,0.0913854436767049,0.7274146192076809
6,m08_h6_q3_d8_l1,6,3,0.5021670912670344,0.1353858455138279,0.6909512611211414
6,m08_h6_q3_d8_l50,6,3,0.5026970491490962,0.24847654977807548,0.7443077837890717
6,m09_h6_q3_d2_l1,6,3,0.507249098341692,-0.1781287678919503,0.584189144150734
6,m09_h6_q3_d2_l50,6,3,0.5073730353477778,-0.19670356136135228,0.5630114789386114
6,m09_h6_q3_d4_l1,6,3,0.5045703337717209,-0.03378224292513319,0.6256258278953687
6,m09_h6_q3_d4_l50,6,3,0.5010105916373708,-0.1350034319643573,0.6333591643706002
6,m09_h6_q3_d8_l1,6,3,0.5056444053390381,0.09788638678424148,0.6992464233833003
6,m09_h6_q3_d8_l50,6,3,0.49798464124844755,-0.3864697097281412,0.5135619886875183
6,m10_h6_q3_d2_l1,6,3,0.506985520235352,-0.21785725831249794,0.5866962234200516
6,m10_h6_q3_d2_l50,6,3,0.5129737936269689,0.0005175423148510837,0.5797594068996196
6,m10_h6_q3_d4_l1,6,3,0.505910416474052,-0.31866117681754386,0.609143052841023
6,m10_h6_q3_d4_l50,6,3,0.5108922270042295,-0.18293258674007823,0.48696220860897943
6,m10_h6_q3_d8_l1,6,3,0.503709041621158,-0.4380518336044476,0.5290468082259269
6,m10_h6_q3_d8_l50,6,3,0.5114693708969368,-0.18918640795137368,0.49102217108075935
6,m11_h6_q3_d2_l1,6,3,0.5034851292550169,-0.2947567267416903,0.5534866515041941
6,m11_h6_q3_d2_l50,6,3,0.5049581437967132,-0.28541968062583095,0.5688034947974235
6,m11_h6_q3_d4_l1,6,3,0.5028392707343072,-0.4015285864906691,0.5093758073775534
6,m11_h6_q3_d4_l50,6,3,0.5075904596374552,-0.17545634290740175,0.6151999517947343
6,m11_h6_q3_d8_l1,6,3,0.501582722016447,-0.2899992976267388,0.5457577021694047
6,m11_h6_q3_d8_l50,6,3,0.5080434453396515,-0.3056244365032437,0.5397613943350172
6,m12_h6_q3_d2_l1,6,3,0.5042499849963231,-0.1307368956434073,0.5843484493832042
6,m12_h6_q3_d2_l50,6,3,0.5104879018755112,-0.03692183725690159,0.5919838341483397
6,m12_h6_q3_d4_l1,6,3,0.5026253116672867,-0.11372108366866321,0.5421958450460141
6,m12_h6_q3_d4_l50,6,3,0.5025569656799924,-0.22318495145607203,0.5271581158200743
6,m12_h6_q3_d8_l1,6,3,0.49251084282914936,-0.2754560780300911,0.5255108150872794
6,m12_h6_q3_d8_l50,6,3,0.5012599402123754,-0.16222866875543288,0.5704628743183566
6,m13_h6_q3_d2_l1,6,3,0.49982246263494645,-0.37472238501696487,0.5137823282932475
6,m13_h6_q3_d2_l50,6,3,0.49801980957200664,-0.21804356657207752,0.6472666880284662
6,m13_h6_q3_d4_l1,6,3,0.49761607426842147,-0.0933691191846809,0.5756940660089481
6,m13_h6_q3_d4_l50,6,3,0.4962102260637533,-0.12993671461923442,0.6492934973082571
6,m13_h6_q3_d8_l1,6,3,0.49226164171042797,-0.02990426526854479,0.5777417541549115
6,m13_h6_q3_d8_l50,6,3,0.49385409584157064,-0.12545863678845068,0.6634696548727252
6,m14_h6_q3_d2_l1,6,3,0.5004027031096023,-0.46408081841971943,0.4998991919242049
6,m14_h6_q3_d2_l50,6,3,0.5059760345201056,-0.2866389004120352,0.5734914925590887
6,m14_h6_q3_d4_l1,6,3,0.4997681249945626,-0.5319803521998383,0.4645645270678152
6,m14_h6_q3_d4_l50,6,3,0.5056112276753031,-0.08175265760377219,0.5742469296245776
6,m14_h6_q3_d8_l1,6,3,0.492222197154654,-0.4896958100343039,0.4686479230474477
6,m14_h6_q3_d8_l50,6,3,0.5065185999143869,-0.1839669434387323,0.6008741783475019
6,m15_h6_q3_d2_l1,6,3,0.5018555161404911,-0.21456706690226848,0.5783650490430985
6,m15_h6_q3_d2_l50,6,3,0.5039694494174076,-0.23248604677510334,0.6400129227805804
6,m15_h6_q3_d4_l1,6,3,0.4945574623127545,-0.24508211599265034,0.5315362765228865
6,m15_h6_q3_d4_l50,6,3,0.5040354361041697,-0.07127991974428421,0.6459240690322197
6,m15_h6_q3_d8_l1,6,3,0.4934991685677468,-0.5058587191812544,0.47835965147151577
6,m15_h6_q3_d8_l50,6,3,0.5013136880276262,-0.04734897038630273,0.7053993247071068
6,m16_h6_q3_d2_l1,6,3,0.47284024836946525,0.30656980468698597,0.707311259040762
6,m16_h6_q3_d2_l50,6,3,0.4675153070681253,-0.11136895549446754,0.5238741256971401
6,m16_h6_q3_d4_l1,6,3,0.4828280522602763,0.26845454824433373,0.6894903160424825
6,m16_h6_q3_d4_l50,6,3,0.4822854131378535,-0.0744719243416284,0.4911947598409386
6,m16_h6_q3_d8_l1,6,3,0.4889847944555258,0.4784215117614624,0.7510507389870107
6,m16_h6_q3_d8_l50,6,3,0.4840596071381227,-0.0035050879520851347,0.48964167074671733
6,m17_h6_q3_d2_l1,6,3,0.4759226745148799,-0.06699334060978437,0.5956455904601711
6,m17_h6_q3_d2_l50,6,3,0.47539809878715733,-0.10450476253799755,0.5720886808245742
6,m17_h6_q3_d4_l1,6,3,0.4915307746424148,-0.2679893530584927,0.5631746830356685
6,m17_h6_q3_d4_l50,6,3,0.48012289301560046,-0.26689729251421,0.5072500013361515
6,m17_h6_q3_d8_l1,6,3,0.5077797197770284,-0.19827359031603994,0.6398679362262355
6,m17_h6_q3_d8_l50,6,3,0.48234756596125056,-0.5667213231298227,0.43024962817968604
6,m18_h6_q3_d2_l1,6,3,0.469437473448653,-0.158051617171447,0.5105351481244162
6,m18_h6_q3_d2_l50,6,3,0.4723548960130918,-0.35177624972488897,0.4399490083997772
6,m18_h6_q3_d4_l1,6,3,0.47362302004918844,-0.23792986548601178,0.46820307470592804
6,m18_h6_q3_d4_l50,6,3,0.47537553797581744,-0.19097535806189353,0.5048866491857302
6,m18_h6_q3_d8_l1,6,3,0.4792393349662642,0.27985982917746555,0.6832542522131609
6,m18_h6_q3_d8_l50,6,3,0.4786983178629574,-0.3469909968100092,0.46766479351351375
6,m19_h6_q3_d2_l1,6,3,0.4772455048320687,-0.2266505934067529,0.5146393292175537
6,m19_h6_q3_d2_l50,6,3,0.4771356499010347,-0.4694035698631017,0.46904349163827563
6,m19_h6_q3_d4_l1,6,3,0.4879247312351189,-0.2531809592017145,0.5622914509172392
6,m19_h6_q3_d4_l50,6,3,0.4875153925927695,-0.582580392315422,0.4638108639063553
6,m19_h6_q3_d8_l1,6,3,0.4943238915600595,-0.3889802363577865,0.5023774052241002
6,m19_h6_q3_d8_l50,6,3,0.4886406314903805,-0.5216170045130781,0.46144627468368843
6,m20_h6_q3_d2_l1,6,3,0.4646523696003536,-0.08974157666717346,0.5116178715250216
6,m20_h6_q3_d2_l50,6,3,0.4611440159807222,-0.4919177583551161,0.3828604102878202
6,m20_h6_q3_d4_l1,6,3,0.47285727957018264,-0.2440606078528501,0.4988169331541286
6,m20_h6_q3_d4_l50,6,3,0.4620225605164273,-0.557859113894893,0.3499602993122704
6,m20_h6_q3_d8_l1,6,3,0.4843032786462216,0.08848598804688702,0.5858154101520956
6,m20_h6_q3_d8_l50,6,3,0.46466313390903213,-0.1900882373291578,0.5000811071260353
6,m21_h6_q3_d2_l1,6,3,0.4718716817728256,-0.5229575127612583,0.4134914465987592
6,m21_h6_q3_d2_l50,6,3,0.4678958917352375,-0.3548940626069467,0.4799849236145054
6,m21_h6_q3_d4_l1,6,3,0.48055095860592467,0.2767336551450214,0.6418200497076665
6,m21_h6_q3_d4_l50,6,3,0.4717430998938168,-0.3414980975415203,0.4749118202835528
6,m21_h6_q3_d8_l1,6,3,0.4933158066795042,-0.0029481966641555246,0.5967994787073893
6,m21_h6_q3_d8_l50,6,3,0.4731576480191976,-0.3227293467475314,0.5241625036787613
6,m22_h6_q3_d2_l1,6,3,0.4654945661622335,-0.7587003723223781,0.36071448450576243
6,m22_h6_q3_d2_l50,6,3,0.4658383604866706,-0.17157871276873554,0.48341862602573044
6,m22_h6_q3_d4_l1,6,3,0.469958952594427,-0.45438855041045795,0.3811698076558248
6,m22_h6_q3_d4_l50,6,3,0.46822044301470833,-0.21033622040976716,0.4670389109074043
6,m22_h6_q3_d8_l1,6,3,0.47756312566622594,-0.23588338172445922,0.4559297599764941
6,m22_h6_q3_d8_l50,6,3,0.46714091556491016,-0.45772820913609097,0.41048392752800483
6,m23_h6_q3_d2_l1,6,3,0.47523973073892845,-0.29635993195197463,0.46292989648055755
6,m23_h6_q3_d2_l50,6,3,0.47295356852315595,-0.36961379586199655,0.45389628588404024
6,m23_h6_q3_d4_l1,6,3,0.4779575712239653,-0.14259595665578448,0.44349320745153314
6,m23_h6_q3_d4_l50,6,3,0.47942520361132235,-0.36934726428799025,0.4909609728083064
6,m23_h6_q3_d8_l1,6,3,0.48977987873490175,-0.2896006670933259,0.491980722998503
6,m23_h6_q3_d8_l50,6,3,0.47799200226610816,-0.23014039976053846,0.4721927854472419
6,m24_h6_q3_d2_l1,6,3,0.49139577841508386,0.06186547714664668,0.6343221459221544
6,m24_h6_q3_d2_l50,6,3,0.490538098943461,-0.05505438483746891,0.6402725203953664
6,m24_h6_q3_d4_l1,6,3,0.4879495038907077,0.017314748647826048,0.5893945723324655
6,m24_h6_q3_d4_l50,6,3,0.4854053669073595,-0.15323170940336459,0.5815005068561296
6,m24_h6_q3_d8_l1,6,3,0.5032777319926018,0.31032396893833725,0.7404523369776291
6,m24_h6_q3_d8_l50,6,3,0.4871710084431993,-0.010382436916079742,0.5945917944199525
6,m25_h6_q3_d2_l1,6,3,0.48682758275947036,-0.18409310058879594,0.5371695492610837
6,m25_h6_q3_d2_l50,6,3,0.487036675769143,-0.3551453823884967,0.5125298905995156
6,m25_h6_q3_d4_l1,6,3,0.4906978678263808,-0.16338069517702825,0.6056508047372255
6,m25_h6_q3_d4_l50,6,3,0.4877878180761054,-0.36788145461882504,0.5228247723359674
6,m25_h6_q3_d8_l1,6,3,0.49870592365804833,-0.10564881088631331,0.5893614723685457
6,m25_h6_q3_d8_l50,6,3,0.4865686495260534,-0.2480033026817109,0.5427903756820723
6,m26_h6_q3_d2_l1,6,3,0.4850938655089579,-0.28267512111710824,0.5231465766254224
6,m26_h6_q3_d2_l50,6,3,0.48908211560248205,0.002664568446550418,0.6027170662615372
6,m26_h6_q3_d4_l1,6,3,0.4846063013083354,-0.22765958277862325,0.45978111823592255
6,m26_h6_q3_d4_l50,6,3,0.4926142834118612,-0.22870365517808575,0.4749581350302358
6,m26_h6_q3_d8_l1,6,3,0.4883493316027864,-0.20412481835139054,0.5139298348544802
6,m26_h6_q3_d8_l50,6,3,0.49277279891637327,-0.18742219757546486,0.5108682551723338
6,m27_h6_q3_d2_l1,6,3,0.48692903268235804,-0.40788854562908233,0.48425879022019597
6,m27_h6_q3_d2_l50,6,3,0.49000180044121866,-0.2606547882600373,0.5019762094124048
6,m27_h6_q3_d4_l1,6,3,0.48629039951952846,-0.23799209729958126,0.44659458824566045
6,m27_h6_q3_d4_l50,6,3,0.490101923257557,-0.29473180427043266,0.4277051039841635
6,m27_h6_q3_d8_l1,6,3,0.4882225191991767,-0.32629179198113395,0.5009620568650356
6,m27_h6_q3_d8_l50,6,3,0.48925891568611923,-0.3861524038583251,0.42621775789057126
6,m28_h6_q3_d2_l1,6,3,0.48551839214848375,0.12199321021882184,0.6272760032558637
6,m28_h6_q3_d2_l50,6,3,0.4862780869198757,-0.1200507269808223,0.6030745490788283
6,m28_h6_q3_d4_l1,6,3,0.48720197426268547,0.09407609608468848,0.5892420171855969
6,m28_h6_q3_d4_l50,6,3,0.4835428465934133,-0.21620511085666824,0.5388374578155208
6,m28_h6_q3_d8_l1,6,3,0.49050853395866595,0.24125519392176784,0.6299894220800473
6,m28_h6_q3_d8_l50,6,3,0.4827992982850392,-0.18124916013204212,0.5516283753090753
6,m29_h6_q3_d2_l1,6,3,0.4880743256344933,-0.12286853679140725,0.5850190132865277
6,m29_h6_q3_d2_l50,6,3,0.48677575187590194,-0.1528057423889269,0.6030135340729649
6,m29_h6_q3_d4_l1,6,3,0.4815631722624114,-0.08029018235500641,0.6527888321504911
6,m29_h6_q3_d4_l50,6,3,0.4826828078212582,-0.26942415340017367,0.554995826632226
6,m29_h6_q3_d8_l1,6,3,0.4838665868633262,0.1482219438714068,0.5476230265532864
6,m29_h6_q3_d8_l50,6,3,0.4810927867187895,-0.040608655478578684,0.5646531499260641
6,m30_h6_q3_d2_l1,6,3,0.48355272616439227,0.11123553634482372,0.592178754109962
6,m30_h6_q3_d2_l50,6,3,0.48758801481227854,-0.37288938185854,0.5037089498700186
6,m30_h6_q3_d4_l1,6,3,0.48760563583812894,-0.18834142390795774,0.5023200631066151
6,m30_h6_q3_d4_l50,6,3,0.4871877447313502,-0.10366769942154004,0.5779022168375229
6,m30_h6_q3_d8_l1,6,3,0.4915120476944399,-0.1073880497029012,0.5820966466758724
6,m30_h6_q3_d8_l50,6,3,0.48745655753574596,-0.17277331341983768,0.47916715804898286
6,m31_h6_q3_d2_l1,6,3,0.4809601497919908,-0.3295289981563898,0.5687224458141823
6,m31_h6_q3_d2_l50,6,3,0.4837630725524727,-0.06498351308903921,0.595406904951402
6,m31_h6_q3_d4_l1,6,3,0.48347287858700305,-0.25566504851564453,0.5675524705730343
6,m31_h6_q3_d4_l50,6,3,0.4846549618818135,-0.28506058877881846,0.6190162794162507
6,m31_h6_q3_d8_l1,6,3,0.49110963949740416,-0.4061013241607331,0.52026591518207
6,m31_h6_q3_d8_l50,6,3,0.4830917778228994,-0.2652389651077406,0.5295030314622733
6,m01_h6_q5_d2_l1,6,5,0.5260936933906112,0.26352694218246,0.6608117278620171
6,m01_h6_q5_d2_l50,6,5,0.5298481089229337,0.13822953792058323,0.561897514760791
6,m01_h6_q5_d4_l1,6,5,0.5231989318617049,0.3278948682203856,0.7110881855657066
6,m01_h6_q5_d4_l50,6,5,0.5277208089643394,0.3606899267210453,0.6217687411527641
6,m01_h6_q5_d8_l1,6,5,0.5161124472723979,0.10359230410131556,0.6604232331562374
6,m01_h6_q5_d8_l50,6,5,0.5275119607551368,0.3606899267210453,0.6217687411527641
6,m02_h6_q5_d2_l1,6,5,0.5113095449899073,-0.3438655125694018,0.4983468447060856
6,m02_h6_q5_d2_l50,6,5,0.5085009106024533,-0.4581844044631644,0.3986178109431043
6,m02_h6_q5_d4_l1,6,5,0.5065840762641686,0.05016811090155028,0.5493090098041062
6,m02_h6_q5_d4_l50,6,5,0.5031165490269655,-0.30004668504135135,0.42970660597085286
6,m02_h6_q5_d8_l1,6,5,0.4989790092386523,-0.26515868616540883,0.5034760055869207
6,m02_h6_q5_d8_l50,6,5,0.5031300948449874,-0.06851889717434237,0.4533747526902581
6,m03_h6_q5_d2_l1,6,5,0.5154286867268776,0.3462504532841672,0.62469957117075
6,m03_h6_q5_d2_l50,6,5,0.5160267244837224,0.3192312976992538,0.5442294040575266
6,m03_h6_q5_d4_l1,6,5,0.5154387955462968,-0.15262263326438927,0.5027479546492529
6,m03_h6_q5_d4_l50,6,5,0.5167721488277004,0.25404429620238994,0.5866762996018343
6,m03_h6_q5_d8_l1,6,5,0.5093086052740541,-0.004440385038785428,0.568995865459698
6,m03_h6_q5_d8_l50,6,5,0.5184809436623363,0.22612373801837243,0.5785368941337151
6,m04_h6_q5_d2_l1,6,5,0.47409392629781066,-0.8099479308779715,0.2490649581861462
6,m04_h6_q5_d2_l50,6,5,0.47561732538429685,-0.7966759483749332,0.2346369340951046
6,m04_h6_q5_d4_l1,6,5,0.47693672849490193,-0.5150635506781439,0.3619680066532164
6,m04_h6_q5_d4_l50,6,5,0.4687530326458258,-0.8938942806800393,0.1774793021435163
6,m04_h6_q5_d8_l1,6,5,0.4821577315485741,-0.37812235067267563,0.45953304926358945
6,m04_h6_q5_d8_l50,6,5,0.4699185795248693,-0.7425319409931442,0.33144988038580986
6,m05_h6_q5_d2_l1,6,5,0.5086012911792868,0.2768974655319797,0.630865679916963
6,m05_h6_q5_d2_l50,6,5,0.5153979559158429,0.05373417690251265,0.584669135009729
6,m05_h6_q5_d4_l1,6,5,0.5031264556699964,0.1405510640956272,0.5832035899300361
6,m05_h6_q5_d4_l50,6,5,0.517535061429274,0.25152491777945657,0.6422142907810802
6,m05_h6_q5_d8_l1,6,5,0.4961155850499457,0.0791206997545198,0.5587863350399634
6,m05_h6_q5_d8_l50,6,5,0.5163727493724445,0.14177470926921207,0.6423522029160051
6,m06_h6_q5_d2_l1,6,5,0.5005410240153201,-0.29841306886703783,0.3525012997488947
6,m06_h6_q5_d2_l50,6,5,0.49976901347626934,-0.3231803125398336,0.4212328388240314
6,m06_h6_q5_d4_l1,6,5,0.4899204961570312,-0.3682077660923823,0.3925829285522067
6,m06_h6_q5_d4_l50,6,5,0.4969180231354484,-0.6050946181038565,0.43457151417374473
6,m06_h6_q5_d8_l1,6,5,0.4744764440246364,-0.6911905593725121,0.3589683799857417
6,m06_h6_q5_d8_l50,6,5,0.49658746474043786,-0.6228663382145595,0.4163796131090291
6,m07_h6_q5_d2_l1,6,5,0.518857699362093,0.13240588448333712,0.5930720259069678
6,m07_h6_q5_d2_l50,6,5,0.5165296382498319,0.1866799301215308,0.5977593206629559
6,m07_h6_q5_d4_l1,6,5,0.5129923601586357,-0.21950427670021502,0.5374139034121816
6,m07_h6_q5_d4_l50,6,5,0.5154161517907976,0.3370959208068519,0.6582780659625537
6,m07_h6_q5_d8_l1,6,5,0.49701254059701877,-0.3929313286717052,0.47311863317259845
6,m07_h6_q5_d8_l50,6,5,0.5135717976877491,0.1756966582210297,0.6291489286383625
6,m08_h6_q5_d2_l1,6,5,0.5053287630686818,0.21511230287244512,0.6739139596781436
6,m08_h6_q5_d2_l50,6,5,0.5024032707287407,-0.049068387006136,0.6691765363372232
6,m08_h6_q5_d4_l1,6,5,0.5046880660938875,0.1058937548498191,0.6099104897417384
6,m08_h6_q5_d4_l50,6,5,0.498570006404948,0.15844516636451006,0.6107696590546501
6,m08_h6_q5_d8_l1,6,5,0.4991160848299777,0.1666609714120629,0.7511369957258794
6,m08_h6_q5_d8_l50,6,5,0.49718125679312675,0.26728263393691654,0.6265382476522376
6,m09_h6_q5_d2_l1,6,5,0.5140553025205734,0.18252765653248806,0.5280460248329462
6,m09_h6_q5_d2_l50,6,5,0.5170131430826562,0.4399862691751679,0.7060579700431165
6,m09_h6_q5_d4_l1,6,5,0.5061087595750737,0.2436574428229925,0.644441623930703
6,m09_h6_q5_d4_l50,6,5,0.5134246132770043,0.21220804091965162,0.6523342341734092
6,m09_h6_q5_d8_l1,6,5,0.49886033169866983,0.4905845306364322,0.6687954378300589
6,m09_h6_q5_d8_l50,6,5,0.5109714049803323,0.2399325755614554,0.6399246482474459
6,m10_h6_q5_d2_l1,6,5,0.5173427916839191,-0.20708121490614503,0.5571518281898141
6,m10_h6_q5_d2_l50,6,5,0.51419288355287,0.0655707336166734,0.6005909186850804
6,m10_h6_q5_d4_l1,6,5,0.5116234238328762,-0.009997822639627627,0.5150986279061505
6,m10_h6_q5_d4_l50,6,5,0.5089903796387351,0.2083115608534198,0.611434806390301
6,m10_h6_q5_d8_l1,6,5,0.4993587975842348,0.09654241971685422,0.6595487928112499
6,m10_h6_q5_d8_l50,6,5,0.5070126902075462,0.11610268306845142,0.5398669917955675
6,m11_h6_q5_d2_l1,6,5,0.5204087966137881,0.316633544854502,0.643779687644388
6,m11_h6_q5_d2_l50,6,5,0.5185742480655763,0.5037598122146718,0.7220103438323481
6,m11_h6_q5_d4_l1,6,5,0.5139230791625692,0.24108998550646035,0.6026299052993858
6,m11_h6_q5_d4_l50,6,5,0.5132522579059055,0.29982685110028057,0.6569676229100094
6,m11_h6_q5_d8_l1,6,5,0.5004941190932146,0.16699806236447085,0.4958266072258237
6,m11_h6_q5_d8_l50,6,5,0.5117160206187568,0.33528642787942686,0.7325914775068408
6,m12_h6_q5_d2_l1,6,5,0.498078313428394,-0.06023920803516943,0.5357435648492098
6,m12_h6_q5_d2_l50,6,5,0.5026144439664096,0.0926775109466961,0.7545322485105009
6,m12_h6_q5_d4_l1,6,5,0.4965554197828787,-0.3282665988978294,0.28972946122299165
6,m12_h6_q5_d4_l50,6,5,0.4939183320609699,-0.01489439263768183,0.516734643629363
6,m12_h6_q5_d8_l1,6,5,0.4941895516859894,-0.1710378637451841,0.4717187261705451
6,m12_h6_q5_d8_l50,6,5,0.4938115829279022,-0.12510682126328732,0.5263593428667619
6,m13_h6_q5_d2_l1,6,5,0.5123423630699757,0.03130068123783223,0.5954197532636232
6,m13_h6_q5_d2_l50,6,5,0.5138164311176958,0.12744097173140861,0.6739696392422128
6,m13_h6_q5_d4_l1,6,5,0.5061617297888308,0.09284973825097835,0.5833335397853764
6,m13_h6_q5_d4_l50,6,5,0.5059614740761348,-0.00044482577685946574,0.7222724756139377
6,m13_h6_q5_d8_l1,6,5,0.4972627338776461,0.4009642196418073,0.6405162114189239
6,m13_h6_q5_d8_l50,6,5,0.5059291258539931,-0.04578241397083925,0.6635329377448609
6,m14_h6_q5_d2_l1,6,5,0.5096899099425496,-0.18311767848950103,0.5527995804219403
6,m14_h6_q5_d2_l50,6,5,0.5067171083277263,0.0020469890639810855,0.5306889581310856
6,m14_h6_q5_d4_l1,6,5,0.5051262834157135,-0.4430637555115612,0.4438165721804457
6,m14_h6_q5_d4_l50,6,5,0.5034457932754516,0.07172598069641,0.5425867184560359
6,m14_h6_q5_d8_l1,6,5,0.4856415339850422,-0.6163874571681883,0.3779874956726778
6,m14_h6_q5_d8_l50,6,5,0.503493709079499,-0.1735445800811303,0.5583944841467933
6,m15_h6_q5_d2_l1,6,5,0.5111380994125563,0.1587412768765752,0.6798282162314714
6,m15_h6_q5_d2_l50,6,5,0.5151264330262408,0.1915057352111876,0.6603830827625211
6,m15_h6_q5_d4_l1,6,5,0.5057012730642825,-0.03808326035319868,0.6083489805499035
6,m15_h6_q5_d4_l50,6,5,0.5091329139925469,0.04540305597996107,0.7685386580962735
6,m15_h6_q5_d8_l1,6,5,0.49610163487914705,-0.12326890906869106,0.5548491166088845
6,m15_h6_q5_d8_l50,6,5,0.5046304458231976,0.21236926700077724,0.6942843638604679
6,m16_h6_q5_d2_l1,6,5,0.4558066676155479,-0.451121228986288,0.357878325061375
6,m16_h6_q5_d2_l50,6,5,0.4584036233243621,-0.5182264155501891,0.3300331634130001
6,m16_h6_q5_d4_l1,6,5,0.47677215691475594,-0.13564717031467713,0.42586302426035966
6,m16_h6_q5_d4_l50,6,5,0.4794360330081259,-0.14433346718615392,0.38770805132318187
6,m16_h6_q5_d8_l1,6,5,0.47990851922778327,0.07135771206584134,0.5859678034684229
6,m16_h6_q5_d8_l50,6,5,0.4825390362170695,-0.019414018083064474,0.4250873740913042
6,m17_h6_q5_d2_l1,6,5,0.48371550062108587,0.06158218758740334,0.6128238356554848
6,m17_h6_q5_d2_l50,6,5,0.48993515394518916,0.27495142854972926,0.6308425434208534
6,m17_h6_q5_d4_l1,6,5,0.4893020385849594,0.047643175728553866,0.6813007227184305
6,m17_h6_q5_d4_l50,6,5,0.4948095255809741,-0.11903015312697925,0.5117808389894011
6,m17_h6_q5_d8_l1,6,5,0.4957821961854977,-0.17880620015314797,0.5466256095113071
6,m17_h6_q5_d8_l50,6,5,0.4941152518632576,-0.14114041976760872,0.5068851657697466
6,m18_h6_q5_d2_l1,6,5,0.4733164569962735,-0.5209949691404706,0.30730735425228983
6,m18_h6_q5_d2_l50,6,5,0.4716609356399772,-0.5254404217048771,0.32238731654890906
6,m18_h6_q5_d4_l1,6,5,0.47964548774649346,-0.20279988329626555,0.4584745968756228
6,m18_h6_q5_d4_l50,6,5,0.47653045504244085,-0.09945057634000515,0.426701889187303
6,m18_h6_q5_d8_l1,6,5,0.4887739538584959,-0.11382620750686531,0.34325967571341315
6,m18_h6_q5_d8_l50,6,5,0.4781533249120129,-0.09118149064161515,0.4010168197906768
6,m19_h6_q5_d2_l1,6,5,0.492865296342063,0.2948302971505046,0.5672740314995954
6,m19_h6_q5_d2_l50,6,5,0.4929875119688422,0.2659856613544618,0.6641305723247818
6,m19_h6_q5_d4_l1,6,5,0.48853376830909373,0.05346940296168899,0.45363943348316
6,m19_h6_q5_d4_l50,6,5,0.4896907226916309,0.1669774054073174,0.6065474806295404
6,m19_h6_q5_d8_l1,6,5,0.4875445192407225,-0.4279002969859172,0.31802260983772673
6,m19_h6_q5_d8_l50,6,5,0.49139779902696545,0.22416943474345244,0.625858008583983
6,m20_h6_q5_d2_l1,6,5,0.44882036142668597,-0.16459144062057277,0.3485245272182285
6,m20_h6_q5_d2_l50,6,5,0.44980859961311526,-0.523199214500335,0.26832180970913055
6,m20_h6_q5_d4_l1,6,5,0.46056569762175875,-0.03211190680904452,0.4620028559656162
6,m20_h6_q5_d4_l50,6,5,0.45663447883779307,-0.7029223356185446,0.24557170228099678
6,m20_h6_q5_d8_l1,6,5,0.48059753635940167,-0.24309542740891416,0.4208362460269423
6,m20_h6_q5_d8_l50,6,5,0.45920858861471975,-0.6999038111979736,0.22358052689095645
6,m21_h6_q5_d2_l1,6,5,0.4831030072524714,0.05038542329769277,0.5171907770556595
6,m21_h6_q5_d2_l50,6,5,0.48840922765384814,-0.025863210644691964,0.513129268193803
6,m21_h6_q5_d4_l1,6,5,0.4886972279191036,0.22378353471875706,0.64136372099053
6,m21_h6_q5_d4_l50,6,5,0.4852789306324724,-0.03150513205758629,0.5900652957958138
6,m21_h6_q5_d8_l1,6,5,0.48823990492857516,-0.15253569777686546,0.49676274855994434
6,m21_h6_q5_d8_l50,6,5,0.48417504755188656,-0.14694969453975454,0.5609944654298791
6,m22_h6_q5_d2_l1,6,5,0.4654232886173076,-0.411836830219655,0.27928390966470273
6,m22_h6_q5_d2_l50,6,5,0.46431991097769265,-0.08778999804435982,0.449437079075673
6,m22_h6_q5_d4_l1,6,5,0.4663556250323482,-0.5565434404091861,0.3045677183660234
6,m22_h6_q5_d4_l50,6,5,0.46520736423451164,-0.4402369654186663,0.28911842206644545
6,m22_h6_q5_d8_l1,6,5,0.47160756107344337,-0.6639633881912617,0.30975669751430146
6,m22_h6_q5_d8_l50,6,5,0.47010134697996997,-0.40441844809140576,0.29283951101623784
6,m23_h6_q5_d2_l1,6,5,0.48172012075591325,-0.09072477204153381,0.5223119537677429
6,m23_h6_q5_d2_l50,6,5,0.484470932696289,0.049442453871809414,0.568145536212145
6,m23_h6_q5_d4_l1,6,5,0.485403471287718,-0.2898695254260407,0.47100067486845676
6,m23_h6_q5_d4_l50,6,5,0.48891861106438594,-0.3030780824368823,0.42477462677820166
6,m23_h6_q5_d8_l1,6,5,0.48498051828321515,-0.35024551582045177,0.4424289950467364
6,m23_h6_q5_d8_l50,6,5,0.4899872143651985,-0.28554931413519735,0.4681986071935526
6,m24_h6_q5_d2_l1,6,5,0.4764051056816418,0.027334424421907855,0.5386982283594591
6,m24_h6_q5_d2_l50,6,5,0.4756034763016924,-0.1896703811621423,0.4014661497372041
6,m24_h6_q5_d4_l1,6,5,0.47529505622121004,0.24575979828558284,0.5656171959757992
6,m24_h6_q5_d4_l50,6,5,0.4706813910382486,-0.07064717968073715,0.49928837844542
6,m24_h6_q5_d8_l1,6,5,0.49813047493659746,0.09850125494910002,0.740729730793804
6,m24_h6_q5_d8_l50,6,5,0.47267161540551733,-0.1513848625536774,0.4789112249547742
6,m25_h6_q5_d2_l1,6,5,0.4903304087844832,-0.004244015141740584,0.5847850556752148
6,m25_h6_q5_d2_l50,6,5,0.49145521712126705,0.2299985252779742,0.6735563612600668
6,m25_h6_q5_d4_l1,6,5,0.48901889055302517,-0.045244843972542456,0.5558221972424258
6,m25_h6_q5_d4_l50,6,5,0.48727319852750894,0.27564530846612795,0.7728754401910074
6,m25_h6_q5_d8_l1,6,5,0.49201878380389213,0.24577586132752505,0.5683367411382212
6,m25_h6_q5_d8_l50,6,5,0.4858103512693443,-0.04347629884389622,0.6375515005027782
6,m26_h6_q5_d2_l1,6,5,0.48731959800864344,-0.23987252436138667,0.4219659139714338
6,m26_h6_q5_d2_l50,6,5,0.47898962754257024,0.062237069273159015,0.5760137348398843
6,m26_h6_q5_d4_l1,6,5,0.4844356529165157,-0.22947231503909898,0.4991700391351556
6,m26_h6_q5_d4_l50,6,5,0.4810793226929248,-0.07772039540377988,0.5276633706558878
6,m26_h6_q5_d8_l1,6,5,0.4834787520702862,-0.07384978615535225,0.4987222856746519
6,m26_h6_q5_d8_l50,6,5,0.4784520405258527,-0.10488434291850027,0.4462122801228667
6,m27_h6_q5_d2_l1,6,5,0.491551655258527,0.07102891048292681,0.5943189887124946
6,m27_h6_q5_d2_l50,6,5,0.49062376672403085,0.2838731171564987,0.7644251351244618
6,m27_h6_q5_d4_l1,6,5,0.48340738380518605,-0.2990445709112443,0.38373557394908264
6,m27_h6_q5_d4_l50,6,5,0.48868711909968426,0.31042297448058453,0.735601959193987
6,m27_h6_q5_d8_l1,6,5,0.4838831048470576,-0.10387357237873812,0.5447215896682924
6,m27_h6_q5_d8_l50,6,5,0.4883761718143471,-0.21244391135247676,0.5483997473028345
6,m28_h6_q5_d2_l1,6,5,0.4674750756948398,0.12444147207779402,0.6248825425232385
6,m28_h6_q5_d2_l50,6,5,0.4677664118705036,-0.11449558166792652,0.47570535633430955
6,m28_h6_q5_d4_l1,6,5,0.4732597465193313,-0.11298246035222935,0.42901329922484016
6,m28_h6_q5_d4_l50,6,5,0.46794402382770045,-0.2854119725923961,0.4153710663426417
6,m28_h6_q5_d8_l1,6,5,0.4853632381864293,0.03736733626263901,0.3610051216132533
6,m28_h6_q5_d8_l50,6,5,0.46872503121603437,-0.19756840657704164,0.5242831661548712
6,m29_h6_q5_d2_l1,6,5,0.4846295400729776,0.17289194469334268,0.640857248543309
6,m29_h6_q5_d2_l50,6,5,0.48956850706485167,0.3607947290576163,0.7452817382273649
6,m29_h6_q5_d4_l1,6,5,0.4767798396175146,-0.018238575254298405,0.5839917272995069
6,m29_h6_q5_d4_l50,6,5,0.4837624055431914,0.013156542959731775,0.660583795921192
6,m29_h6_q5_d8_l1,6,5,0.48011473914393665,0.13274651774640742,0.5166936850499311
6,m29_h6_q5_d8_l50,6,5,0.48345752354950566,0.011135353700324787,0.6680019519261723
6,m30_h6_q5_d2_l1,6,5,0.48264234835153463,-0.36047361223059726,0.40744209561782035
6,m30_h6_q5_d2_l50,6,5,0.479190793049014,0.02589726779411357,0.5826888122820926
6,m30_h6_q5_d4_l1,6,5,0.481099338155375,-0.38384770328355183,0.3406249444368372
6,m30_h6_q5_d4_l50,6,5,0.47820306030355575,-0.24348953386475547,0.4844879135341991
6,m30_h6_q5_d8_l1,6,5,0.4836706174628642,-0.30811399516151455,0.2832226074509527
6,m30_h6_q5_d8_l50,6,5,0.47816505114253915,-0.2776063445508157,0.5145938488996745
6,m31_h6_q5_d2_l1,6,5,0.49266969068629984,0.07095971162014439,0.602027768963454
6,m31_h6_q5_d2_l50,6,5,0.4944086098028052,0.39403009834652936,0.7868089001421169
6,m31_h6_q5_d4_l1,6,5,0.48626757317167846,-0.07524718239912158,0.4740515275301262
6,m31_h6_q5_d4_l50,6,5,0.4896053031675379,0.08383135366902922,0.6612135793981185
6,m31_h6_q5_d8_l1,6,5,0.4841166185756431,-0.1394117126019386,0.4474362762791084
6,m31_h6_q5_d8_l50,6,5,0.48755199976709285,-0.3089841509025708,0.49014721986490395
7,m01_h1_q3_d2_l1,1,3,0.5071109660230031,-0.025873274329356797,0.4731088437879606
7,m01_h1_q3_d2_l50,1,3,0.5071109660230031,-0.025873274329356797,0.4731088437879606
7,m01_h1_q3_d4_l1,1,3,0.5070961274664978,0.017266576646311163,0.534904683579398
7,m01_h1_q3_d4_l50,1,3,0.5071159122085047,0.017266576646311163,0.534904683579398
7,m01_h1_q3_d8_l1,1,3,0.5030105782420597,-0.26835159174625967,0.4814896857735482
7,m01_h1_q3_d8_l50,1,3,0.5030204706130632,-0.26835159174625967,0.4814896857735482
7,m02_h1_q3_d2_l1,1,3,0.4797189907143611,-0.6045293799867589,0.5051115862080751
7,m02_h1_q3_d2_l50,1,3,0.47973877545636806,-0.6045293799867589,0.5051115862080751
7,m02_h1_q3_d4_l1,1,3,0.4804065104991031,-0.5662429671411604,0.5240306865410652
7,m02_h1_q3_d4_l50,1,3,0.48041310541310545,-0.5662429671411604,0.5240306865410652
7,m02_h1_q3_d8_l1,1,3,0.4822860609897647,-0.5757026968717743,0.5073085976184716
7,m02_h1_q3_d8_l50,1,3,0.48229265590376696,-0.5757026968717743,0.5073085976184716
7,m03_h1_q3_d2_l1,1,3,0.4832417052469136,-0.4205322876960358,0.3894078979204471
7,m03_h1_q3_d2_l50,1,3,0.48407816017287464,-0.3454370680044987,0.42031032708694954
7,m03_h1_q3_d4_l1,1,3,0.48129057246051843,-0.45828055956224834,0.383173651241566
7,m03_h1_q3_d4_l50,1,3,0.48159792293183495,-0.24868521094351217,0.42765049805916594
7,m03_h1_q3_d8_l1,1,3,0.4697045451048152,-0.8288898461305593,0.3023068089352854
7,m03_h1_q3_d8_l50,1,3,0.47539499413052655,-0.6370316830213347,0.3724479602315691
7,m04_h1_q3_d2_l1,1,3,0.48763288751714673,-0.3118401807614959,0.4891992106687844
7,m04_h1_q3_d2_l50,1,3,0.4877384061411839,-0.3118401807614959,0.4891992106687844
7,m04_h1_q3_d4_l1,1,3,0.49367877492877493,-0.003407011867896306,0.5910206501229749
7,m04_h1_q3_d4_l50,1,3,0.4937249393267912,-0.003407011867896306,0.5910206501229749
7,m04_h1_q3_d8_l1,1,3,0.4941865833069537,0.13330329447543068,0.5929263634580955
7,m04_h1_q3_d8_l50,1,3,0.4941667985649468,0.13330329447543068,0.5929263634580955
7,m05_h1_q3_d2_l1,1,3,0.48727882307164716,-0.44214225819384856,0.4067696321406293
7,m05_h1_q3_d2_l50,1,3,0.4884793722081531,-0.4211746257117201,0.4000235082986598
7,m05_h1_q3_d4_l1,1,3,0.48837419706922025,-0.39948392539567046,0.41434823105466595
7,m05_h1_q3_d4_l50,1,3,0.4903449772035806,-0.30349186864237404,0.4806539797796707
7,m05_h1_q3_d8_l1,1,3,0.502601624876895,-0.2448932851084926,0.5165809643246713
7,m05_h1_q3_d8_l50,1,3,0.4879636636725757,-0.20837676834423305,0.49102519935369743
7,m06_h1_q3_d2_l1,1,3,0.481295587343041,-0.3672661625430673,0.3797726672062911
7,m06_h1_q3_d2_l50,1,3,0.48318544238683125,-0.4371037535324638,0.3782918876974555
7,m06_h1_q3_d4_l1,1,3,0.4869156906193943,-0.5623452991148398,0.308646716100722
7,m06_h1_q3_d4_l50,1,3,0.49102569598325774,-0.46458454502214114,0.38178077183558834
7,m06_h1_q3_d8_l1,1,3,0.4823636886233337,-0.8172596841425105,0.3909898967128511
7,m06_h1_q3_d8_l50,1,3,0.4942572038443952,-0.5451306467775985,0.4285384671324116
7,m07_h1_q3_d2_l1,1,3,0.47860218324628045,-0.6209449977247696,0.3525072369701962
7,m07_h1_q3_d2_l50,1,3,0.4803808178133024,-0.566769092516791,0.35895230579623216
7,m07_h1_q3_d4_l1,1,3,0.4792704678651824,-0.5228360577193297,0.4167922561938674
7,m07_h1_q3_d4_l50,1,3,0.48276233743536984,-0.48727797675574075,0.41206691346334035
7,m07_h1_q3_d8_l1,1,3,0.47484905890577184,-0.8185135558638412,0.3686881129172466
7,m07_h1_q3_d8_l50,1,3,0.47899341278006397,-0.619795898068212,0.36561391638869944
7,m08_h1_q3_d2_l1,1,3,0.4976340746016672,0.23345627400689922,0.6007024772493369
7,m08_h1_q3_d2_l50,1,3,0.4976340746016672,0.23345627400689922,0.6007024772493369
7,m08_h1_q3_d4_l1,1,3,0.4967618972248602,0.11296493793698689,0.5975472974081323
7,m08_h1_q3_d4_l50,1,3,0.4967618972248602,0.11296493793698689,0.5975472974081323
7,m08_h1_q3_d8_l1,1,3,0.4908000949667616,-0.19735884402881254,0.5137807233510087
7,m08_h1_q3_d8_l50,1,3,0.49081328479476627,-0.19735884402881254,0.5137807233510087
7,m09_h1_q3_d2_l1,1,3,0.49730494717473883,0.05679828120864984,0.5631634880046448
7,m09_h1_q3_d2_l50,1,3,0.49552521345538325,0.1003978363567369,0.5782710669436861
7,m09_h1_q3_d4_l1,1,3,0.4991465082128662,-0.10768333600627503,0.4881046707715868
7,m09_h1_q3_d4_l50,1,3,0.49381300890753055,-0.15336875445799897,0.5459216089597458
7,m09_h1_q3_d8_l1,1,3,0.4981498518342654,-0.15175869526871488,0.5254636323049975
7,m09_h1_q3_d8_l50,1,3,0.4937227410221237,-0.3754008428151542,0.48158470029844347
7,m10_h1_q3_d2_l1,1,3,0.4867012185202772,-0.2114494385141709,0.5263521692252983
7,m10_h1_q3_d2_l50,1,3,0.4856952193468397,-0.2890919498794748,0.5121301369396086
7,m10_h1_q3_d4_l1,1,3,0.48933135266082795,-0.689416541182351,0.4520462592661151
7,m10_h1_q3_d4_l50,1,3,0.48298883151313704,-0.594276491053818,0.3974624607648018
7,m10_h1_q3_d8_l1,1,3,0.4921192151612676,-0.6432713690389879,0.3870064693191138
7,m10_h1_q3_d8_l50,1,3,0.478410999437234,-0.9880528460503601,0.35881008421195854
7,m11_h1_q3_d2_l1,1,3,0.48635855778023995,-0.24921369153098388,0.4891799236669523
7,m11_h1_q3_d2_l50,1,3,0.4851519633058985,-0.20418392834736618,0.4825273708584393
7,m11_h1_q3_d4_l1,1,3,0.4868743350128381,-0.24707037997847175,0.47400596735278466
7,m11_h1_q3_d4_l50,1,3,0.47994960661337976,-0.4822799346088863,0.4436746269719963
7,m11_h1_q3_d8_l1,1,3,0.47781106835408527,-0.6051141936168145,0.42907997095872086
7,m11_h1_q3_d8_l50,1,3,0.47588219340244803,-0.554898824716803,0.4321506764877085
7,m12_h1_q3_d2_l1,1,3,0.4835526966603355,-0.22420646248458695,0.47135704312813825
7,m12_h1_q3_d2_l50,1,3,0.4837495136250923,-0.35248561905144593,0.4524693261562423
7,m12_h1_q3_d4_l1,1,3,0.49189059147585384,-0.5192403845210619,0.38736149689957733
7,m12_h1_q3_d4_l50,1,3,0.4884841809996131,-0.49830275862806755,0.43846174542014743
7,m12_h1_q3_d8_l1,1,3,0.4964945284196827,-0.8649348511632478,0.4667490146420726
7,m12_h1_q3_d8_l50,1,3,0.4939505403432873,-0.905115665907752,0.35247095012170787
7,m13_h1_q3_d2_l1,1,3,0.49129169084801805,-0.19861367876377894,0.4608311121081369
7,m13_h1_q3_d2_l50,1,3,0.49077289094650206,-0.0729444865769531,0.5042191150442591
7,m13_h1_q3_d4_l1,1,3,0.48870888895483805,-0.16497116209719487,0.5699010962193791
7,m13_h1_q3_d4_l50,1,3,0.4892917831768141,-0.28966327635532413,0.46615981718497335
7,m13_h1_q3_d8_l1,1,3,0.49875548477014525,-0.32043366282349545,0.5356609053935742
7,m13_h1_q3_d8_l50,1,3,0.49249457568323307,-0.3140248207426666,0.5408860438559442
7,m14_h1_q3_d2_l1,1,3,0.48223446952710075,-0.6135882442332411,0.351397305244262
7,m14_h1_q3_d2_l50,1,3,0.4838141575217193,-0.5910320741091595,0.36952553970752644
7,m14_h1_q3_d4_l1,1,3,0.4852169506876297,-0.5591634737768018,0.4500521466449684
7,m14_h1_q3_d4_l50,1,3,0.48987845573493727,-0.6039602612580863,0.4005223498029858
7,m14_h1_q3_d8_l1,1,3,0.4823859464580915,-1.1733442957697544,0.2615800423187542
7,m14_h1_q3_d8_l50,1,3,0.4897561750378108,-0.8266752131198273,0.42928881557009685
7,m15_h1_q3_d2_l1,1,3,0.4818834277505188,-0.4668664107443626,0.4323952280375996
7,m15_h1_q3_d2_l50,1,3,0.48128768718564247,-0.36870230535457416,0.46989876805174924
7,m15_h1_q3_d4_l1,1,3,0.48235750589145654,-0.5132891094077427,0.49238642242717806
7,m15_h1_q3_d4_l50,1,3,0.48572606430920473,-0.4346585927136869,0.4645798355890147
7,m15_h1_q3_d8_l1,1,3,0.4849442922118462,-0.8163012601584182,0.4109589717239798
7,m15_h1_q3_d8_l50,1,3,0.483083839492983,-0.5110567127501554,0.5016185959431991
7,m16_h1_q3_d2_l1,1,3,0.5180947952938694,0.1729698818874205,0.5837309311317748
7,m16_h1_q3_d2_l50,1,3,0.5180947952938694,0.1729698818874205,0.5837309311317748
7,m16_h1_q3_d4_l1,1,3,0.519267041257782,0.03808002502051123,0.5067553025890676
7,m16_h1_q3_d4_l50,1,3,0.519267041257782,0.03808002502051123,0.5067553025890676
7,m16_h1_q3_d8_l1,1,3,0.5186866888255777,0.023942396516881664,0.5267835381999549
7,m16_h1_q3_d8_l50,1,3,0.5186734989975731,0.023942396516881664,0.5267835381999549
7,m17_h1_q3_d2_l1,1,3,0.5023988312713235,-0.17359001973580482,0.469652042077845
7,m17_h1_q3_d2_l50,1,3,0.5021164178185783,-0.14601339182671302,0.4926870225769504
7,m17_h1_q3_d4_l1,1,3,0.5096697926559037,-0.24421115632322002,0.5160312015897761
7,m17_h1_q3_d4_l50,1,3,0.5067351933189125,-0.19735140109310287,0.5219467570865398
7,m17_h1_q3_d8_l1,1,3,0.5053185920518096,-0.5001424369618467,0.524091558392795
7,m17_h1_q3_d8_l50,1,3,0.5037859615164786,-0.4007648349628995,0.5483965378213674
7,m18_h1_q3_d2_l1,1,3,0.4980571795531286,-0.16368315446118406,0.5886323060996368
7,m18_h1_q3_d2_l50,1,3,0.4974299070556787,-0.2612425704050219,0.5611541354182079
7,m18_h1_q3_d4_l1,1,3,0.510027910225634,0.17702924753644825,0.6818468011240815
7,m18_h1_q3_d4_l50,1,3,0.5066373687612113,0.15713421891007434,0.691939112616292
7,m18_h1_q3_d8_l1,1,3,0.5045197830932784,-0.07743082198642585,0.5605227436171858
7,m18_h1_q3_d8_l50,1,3,0.5097070951382294,0.08142180329343877,0.59821358321728
7,m19_h1_q3_d2_l1,1,3,0.4937005518843868,-0.308073143390134,0.4697453276165138
7,m19_h1_q3_d2_l50,1,3,0.4921820729353523,-0.18788740893813707,0.4817007334689484
7,m19_h1_q3_d4_l1,1,3,0.4958969330352432,-0.39432484206421053,0.47251709839182854
7,m19_h1_q3_d4_l50,1,3,0.49461030653160276,-0.3802212612928243,0.4798959087485842
7,m19_h1_q3_d8_l1,1,3,0.4929109483266505,-0.472449735765777,0.46198925897466336
7,m19_h1_q3_d8_l50,1,3,0.4916341454969927,-0.4417598188053017,0.4432363822681852
7,m20_h1_q3_d2_l1,1,3,0.5029049909210017,-0.07042724214137139,0.5865473230074046
7,m20_h1_q3_d2_l50,1,3,0.5030802370212093,-0.02576512086085556,0.6125537408432264
7,m20_h1_q3_d4_l1,1,3,0.509881310783124,-0.014504082731888145,0.6379192965674718
7,m20_h1_q3_d4_l50,1,3,0.509344718353206,-0.06520338833370762,0.6157784197268289
7,m20_h1_q3_d8_l1,1,3,0.513087950322711,-0.36866621208767125,0.5790097692242584
7,m20_h1_q3_d8_l50,1,3,0.5140991704697337,0.029441396953764194,0.6630706556612762
7,m21_h1_q3_d2_l1,1,3,0.4953424106828813,-0.29356604139451664,0.4445201700455171
7,m21_h1_q3_d2_l50,1,3,0.49648017074232353,-0.17729632573903503,0.5065861858514248
7,m21_h1_q3_d4_l1,1,3,0.5001413097719039,-0.2430010011455648,0.5387590609310703
7,m21_h1_q3_d4_l50,1,3,0.4992935198375013,-0.2730119732722671,0.5362908950033225
7,m21_h1_q3_d8_l1,1,3,0.5057488414934402,-0.2506139605499956,0.5385763205430929
7,m21_h1_q3_d8_l50,1,3,0.4997473323572861,-0.1621733542879614,0.5848976596091927
7,m22_h1_q3_d2_l1,1,3,0.4933558989307446,-0.4428982307221868,0.41023975470952484
7,m22_h1_q3_d2_l50,1,3,0.4947343046542506,-0.15415287050056634,0.5197403632202499
7,m22_h1_q3_d4_l1,1,3,0.5029296531514895,-0.23480196674164439,0.5026318973288147
7,m22_h1_q3_d4_l50,1,3,0.5036713061886673,-0.1523272908736863,0.5360562811907418
7,m22_h1_q3_d8_l1,1,3,0.5031206995664943,-0.06503881225767331,0.6292961765577324
7,m22_h1_q3_d8_l50,1,3,0.5107462062757202,-0.09094235644758933,0.49680445765051656
7,m23_h1_q3_d2_l1,1,3,0.48766407596461603,-0.4246729120824073,0.44903151633287747
7,m23_h1_q3_d2_l50,1,3,0.48756748795329047,-0.5173433815857092,0.3908291843538582
7,m23_h1_q3_d4_l1,1,3,0.4922739208522387,-0.4697242641810459,0.4826144886367799
7,m23_h1_q3_d4_l50,1,3,0.49340632254405403,-0.39924678390477747,0.5250323368541278
7,m23_h1_q3_d8_l1,1,3,0.4940843621399177,-0.48126614990718947,0.4607068690265179
7,m23_h1_q3_d8_l50,1,3,0.49311023838415813,-0.4077695137644983,0.44709478305121836
7,m24_h1_q3_d2_l1,1,3,0.5054898537248075,0.3033172640692356,0.6699791104359891
7,m24_h1_q3_d2_l50,1,3,0.504628942659421,0.18156758664228867,0.5923824855868933
7,m24_h1_q3_d4_l1,1,3,0.505118821115156,0.21625246698860343,0.6511215275254704
7,m24_h1_q3_d4_l50,1,3,0.5031520941050261,0.3170934140038915,0.662698411044044
7,m24_h1_q3_d8_l1,1,3,0.5074479936073301,0.2875651363947172,0.6494544128426968
7,m24_h1_q3_d8_l50,1,3,0.5031555289560691,0.13627550786044657,0.7596267239067583
7,m25_h1_q3_d2_l1,1,3,0.4972938869543807,0.023104468273352285,0.5318855962495462
7,m25_h1_q3_d2_l50,1,3,0.4969301362289402,0.011575101996626716,0.5081646486164465
7,m25_h1_q3_d4_l1,1,3,0.49813343324628045,-0.16472285357615435,0.5702645199423004
7,m25_h1_q3_d4_l50,1,3,0.49752951773592213,-0.1400624367414395,0.582001556079692
7,m25_h1_q3_d8_l1,1,3,0.4994756356397946,-0.12821050565888994,0.6217213984425431
7,m25_h1_q3_d8_l50,1,3,0.49409130053902434,-0.38598754925979434,0.5985084990410231
7,m26_h1_q3_d2_l1,1,3,0.4959402121583835,0.11877584670129035,0.6221954832142093
7,m26_h1_q3_d2_l50,1,3,0.494777034201224,0.09927112939702853,0.5958718337489417
7,m26_h1_q3_d4_l1,1,3,0.4976871773987901,0.24100801462464658,0.6281767965120443
7,m26_h1_q3_d4_l50,1,3,0.4950325184217931,0.0625343901572434,0.656284346726253
7,m26_h1_q3_d8_l1,1,3,0.4971635000087932,0.0520462350164443,0.7057581110470434
7,m26_h1_q3_d8_l50,1,3,0.4908832183619992,-0.2186753899570903,0.6159239870016764
7,m27_h1_q3_d2_l1,1,3,0.49266315817241746,0.10005835417598505,0.5744960703135835
7,m27_h1_q3_d2_l50,1,3,0.4898945995348387,0.01652773346732573,0.5280146059548513
7,m27_h1_q3_d4_l1,1,3,0.493712986045162,-0.13511501478250965,0.5506124666200474
7,m27_h1_q3_d4_l50,1,3,0.48838724950318313,-0.22978452638382785,0.5356167750842213
7,m27_h1_q3_d8_l1,1,3,0.483628675565404,-0.582809934717134,0.4604365046288797
7,m27_h1_q3_d8_l50,1,3,0.48263875149484714,-0.304731036876899,0.5499796501129122
7,m28_h1_q3_d2_l1,1,3,0.4953872698375013,0.036618337239507075,0.5883607753879507
7,m28_h1_q3_d2_l50,1,3,0.49629771145492596,0.07313456831934474,0.6208998639184655
7,m28_h1_q3_d4_l1,1,3,0.5004507211538461,0.06410518916413849,0.7053781762709126
7,m28_h1_q3_d4_l50,1,3,0.5011446984585488,-0.012839101391248182,0.6480646168906629
7,m28_h1_q3_d8_l1,1,3,0.5043145163949562,0.12965579464191918,0.620777201188446
7,m28_h1_q3_d8_l50,1,3,0.5051836711028455,-0.18137427993401573,0.6542256403897216
7,m29_h1_q3_d2_l1,1,3,0.49009045474130347,0.017523362600227875,0.5816640712598382
7,m29_h1_q3_d2_l50,1,3,0.49041065155552044,-0.018072590547758838,0.5586583850202984
7,m29_h1_q3_d4_l1,1,3,0.49256334140111147,-0.21868382617878246,0.5528308271115269
7,m29_h1_q3_d4_l50,1,3,0.49545795907196366,0.00401966942967672,0.6338752642460276
7,m29_h1_q3_d8_l1,1,3,0.4990157777821744,-0.1728916492604592,0.6212422968814771
7,m29_h1_q3_d8_l50,1,3,0.4958691794388168,-0.2072627782917744,0.6483639125344836
7,m30_h1_q3_d2_l1,1,3,0.49226464675442294,0.07721001353003534,0.6117391880131144
7,m30_h1_q3_d2_l50,1,3,0.49349459821585595,0.12952755112121786,0.6502053180955578
7,m30_h1_q3_d4_l1,1,3,0.4922722034267173,-0.17667682658508518,0.5054822307300789
7,m30_h1_q3_d4_l50,1,3,0.496307329037846,-0.267388254819372,0.5295876393764062
7,m30_h1_q3_d8_l1,1,3,0.49747634624177833,-0.28069339067165805,0.49531782742401914
7,m30_h1_q3_d8_l50,1,3,0.4979131219003904,-0.4629181591919393,0.4613203606496885
7,m31_h1_q3_d2_l1,1,3,0.4885151633560198,-0.16418382629388734,0.4923785021458593
7,m31_h1_q3_d2_l50,1,3,0.48882010943160636,-0.32145415395601457,0.46089040456568475
7,m31_h1_q3_d4_l1,1,3,0.4864440168741866,-0.43131158965038,0.47751120377753037
7,m31_h1_q3_d4_l50,1,3,0.48781630856283636,-0.40236095165077623,0.4929906861537836
7,m31_h1_q3_d8_l1,1,3,0.4889202696880166,-0.46828683300926355,0.5553746434101623
7,m31_h1_q3_d8_l50,1,3,0.4860542299778411,-0.6242462566218964,0.43369036507415526
7,m01_h1_q5_d2_l1,1,5,0.4895675094039351,-0.47718357347476625,0.44831073161074503
7,m01_h1_q5_d2_l50,1,5,0.4895675094039351,-0.47718357347476625,0.44831073161074503
7,m01_h1_q5_d4_l1,1,5,0.4871374059606481,-0.6575306961011237,0.38503518467736697
7,m01_h1_q5_d4_l50,1,5,0.4871374059606481,-0.6575306961011237,0.38503518467736697
7,m01_h1_q5_d8_l1,1,5,0.4957591869212963,-0.5823678615179694,0.34791043484530226
7,m01_h1_q5_d8_l50,1,5,0.49578179253472215,-0.5823678615179694,0.34791043484530226
7,m02_h1_q5_d2_l1,1,5,0.4885660807291667,-0.531768352197258,0.44975956753319973
7,m02_h1_q5_d2_l50,1,5,0.4885660807291667,-0.531768352197258,0.44975956753319973
7,m02_h1_q5_d4_l1,1,5,0.4800347222222222,-0.6902911126600115,0.4034743662609529
7,m02_h1_q5_d4_l50,1,5,0.48000759548611116,-0.6902911126600115,0.4034743662609529
7,m02_h1_q5_d8_l1,1,5,0.4771773726851851,-0.35994407236731607,0.4927129733399846
7,m02_h1_q5_d8_l50,1,5,0.4771864149305556,-0.44052006502624896,0.47524298650520824
7,m03_h1_q5_d2_l1,1,5,0.4865196133837288,-0.5197156572594184,0.4273511581797126
7,m03_h1_q5_d2_l50,1,5,0.4883298520688658,-0.5242455126207138,0.4598061637133884
7,m03_h1_q5_d4_l1,1,5,0.4717025756835937,-0.3544282650257777,0.423322224191413
7,m03_h1_q5_d4_l50,1,5,0.47722672827449847,-0.7754159700411033,0.2469468801763603
7,m03_h1_q5_d8_l1,1,5,0.46037895296826775,-0.6243536165778073,0.4041570541615889
7,m03_h1_q5_d8_l50,1,5,0.4680349090952932,-0.7066389144931737,0.3287223904266059
7,m04_h1_q5_d2_l1,1,5,0.4855934425636574,-0.38654728798159466,0.3039610725454841
7,m04_h1_q5_d2_l50,1,5,0.4855934425636574,-0.38654728798159466,0.3039610725454841
7,m04_h1_q5_d4_l1,1,5,0.4927481192129629,-0.12206375890739334,0.4654655369854664
7,m04_h1_q5_d4_l50,1,5,0.49272099247685186,-0.12206375890739334,0.4654655369854664
7,m04_h1_q5_d8_l1,1,5,0.49062771267361105,-0.3924891969984906,0.36940921658869785
7,m04_h1_q5_d8_l50,1,5,0.4905960648148147,-0.4129850538522632,0.36940921658869785
7,m05_h1_q5_d2_l1,1,5,0.4843626611026716,-0.24609481986365273,0.4160380274184104
7,m05_h1_q5_d2_l50,1,5,0.4848562169958044,-0.25649308156001005,0.4247170383167436
7,m05_h1_q5_d4_l1,1,5,0.48310710765697334,-0.24070176404110977,0.3444774695317434
7,m05_h1_q5_d4_l50,1,5,0.48227390242211615,-0.23745053858012025,0.3880137392813048
7,m05_h1_q5_d8_l1,1,5,0.4840662449966242,-0.3754770894822941,0.35029921320401225
7,m05_h1_q5_d8_l50,1,5,0.4761885654779128,-0.6615790206869308,0.3234077357421294
7,m06_h1_q5_d2_l1,1,5,0.48091031298225306,-0.6922553544846405,0.3384765263949722
7,m06_h1_q5_d2_l50,1,5,0.484309161150897,-0.5772697648354005,0.38485875448988793
7,m06_h1_q5_d4_l1,1,5,0.47092974627459494,-0.7357929601052067,0.3267667454297489
7,m06_h1_q5_d4_l50,1,5,0.4822169174382716,-0.4882475621477853,0.3068652178803993
7,m06_h1_q5_d8_l1,1,5,0.464273523401331,-0.6878709836357529,0.4002455390518052
7,m06_h1_q5_d8_l50,1,5,0.47674786603009256,-0.7433296872841629,0.2235818724742313
7,m07_h1_q5_d2_l1,1,5,0.4805083098234954,-0.41862293722435157,0.43705049615229136
7,m07_h1_q5_d2_l50,1,5,0.4821701049804687,-0.431183323281561,0.4504601964327465
7,m07_h1_q5_d4_l1,1,5,0.4694215750988619,-0.5694200899404618,0.34544253916338874
7,m07_h1_q5_d4_l50,1,5,0.4756978352864583,-0.48610216475643137,0.3294545110946355
7,m07_h1_q5_d8_l1,1,5,0.4616880063657407,-0.4630326450609373,0.405705255682995
7,m07_h1_q5_d8_l50,1,5,0.4653497389805169,-0.7017193187504204,0.30424186984305474
7,m08_h1_q5_d2_l1,1,5,0.5092140480324074,0.022143332922631317,0.5030476385064351
7,m08_h1_q5_d2_l50,1,5,0.5092140480324074,0.022143332922631317,0.5030476385064351
7,m08_h1_q5_d4_l1,1,5,0.5046477141203703,-0.08400532110689805,0.5315570650742562
7,m08_h1_q5_d4_l50,1,5,0.5046477141203703,-0.10585703140253859,0.5315570650742562
7,m08_h1_q5_d8_l1,1,5,0.49683521412037035,-0.01530526968254012,0.576304475308348
7,m08_h1_q5_d8_l50,1,5,0.49683521412037035,-0.01530526968254012,0.576304475308348
7,m09_h1_q5_d2_l1,1,5,0.5102646439163773,0.20868911518513156,0.4396567311436322
7,m09_h1_q5_d2_l50,1,5,0.5116205097716531,0.20217064627986736,0.44168814009914886
7,m09_h1_q5_d4_l1,1,5,0.5087926417221258,0.10881322768455143,0.4027070508323178
7,m09_h1_q5_d4_l50,1,5,0.5041458695023149,-0.11384582931772357,0.32715684836501335
7,m09_h1_q5_d8_l1,1,5,0.5051190411603009,-0.26782898088816676,0.5087774885583745
7,m09_h1_q5_d8_l50,1,5,0.5015447169174383,0.10057048450487309,0.514362506725854
7,m10_h1_q5_d2_l1,1,5,0.5060378651560088,-0.14816467800424524,0.5230358439198411
7,m10_h1_q5_d2_l50,1,5,0.5057650907540027,-0.0641596999873219,0.5305037419208377
7,m10_h1_q5_d4_l1,1,5,0.49922556936005014,-0.551172827400466,0.46462863348413214
7,m10_h1_q5_d4_l50,1,5,0.4995991271219136,-0.3854583537184752,0.5442416223243566
7,m10_h1_q5_d8_l1,1,5,0.494702751253858,-0.4789160246869971,0.43079069000134174
7,m10_h1_q5_d8_l50,1,5,0.48696145893614967,-0.3532372390269649,0.6681961182601176
7,m11_h1_q5_d2_l1,1,5,0.5078621381594811,-0.05951047521384727,0.4106205129775641
7,m11_h1_q5_d2_l50,1,5,0.5084185188199267,-0.06828474353152188,0.39792238047392636
7,m11_h1_q5_d4_l1,1,5,0.49708293396749614,-0.23541808812223902,0.3476637997432705
7,m11_h1_q5_d4_l50,1,5,0.4988518232180748,0.006291012937938099,0.4350157941964152
7,m11_h1_q5_d8_l1,1,5,0.4820521790304302,-0.6148860047916926,0.2577200115882498
7,m11_h1_q5_d8_l50,1,5,0.49297012517481675,-0.3381779097054335,0.39742099290079147
7,m12_h1_q5_d2_l1,1,5,0.503694228184076,0.06935744567922818,0.5766420564560875
7,m12_h1_q5_d2_l50,1,5,0.5034864449206694,0.08354277187593118,0.5783603915716047
7,m12_h1_q5_d4_l1,1,5,0.4889935152030285,-0.5438371568950393,0.3584593346854468
7,m12_h1_q5_d4_l50,1,5,0.49476397479021994,-0.06551407427429684,0.43501029201704206
7,m12_h1_q5_d8_l1,1,5,0.4859994017047647,-0.42201305353617485,0.37227783504775597
7,m12_h1_q5_d8_l50,1,5,0.49404304410204475,-0.16917622254945977,0.3454006638636962
7,m13_h1_q5_d2_l1,1,5,0.5081579891251928,-0.04662894468875753,0.3736679039039332
7,m13_h1_q5_d2_l50,1,5,0.5073870435173129,-0.1242005954123997,0.31855401844264924
7,m13_h1_q5_d4_l1,1,5,0.49682061466169947,-0.2120753995846135,0.2800507703705448
7,m13_h1_q5_d4_l50,1,5,0.501513163248698,-0.1799891618892558,0.3291886588640493
7,m13_h1_q5_d8_l1,1,5,0.4932343282817323,-0.15841546314114666,0.49799658535019137
7,m13_h1_q5_d8_l50,1,5,0.49664758752893523,-0.23466429158352364,0.25809335308861514
7,m14_h1_q5_d2_l1,1,5,0.5017528769410686,-0.199519824326179,0.46308409202597856
7,m14_h1_q5_d2_l50,1,5,0.5004435409734278,-0.23230094110266114,0.44263391785227857
7,m14_h1_q5_d4_l1,1,5,0.4961126822012442,-0.7223493111358581,0.3884678271445217
7,m14_h1_q5_d4_l50,1,5,0.4980397165557484,-0.5626637684725543,0.4112871948717011
7,m14_h1_q5_d8_l1,1,5,0.4735437087070795,-0.7569769750859436,0.34733560636695276
7,m14_h1_q5_d8_l50,1,5,0.4855938193238811,-0.5536044799932115,0.34844060275353217
7,m15_h1_q5_d2_l1,1,5,0.5057882615077642,-0.17589740729950928,0.3552227793649756
7,m15_h1_q5_d2_l50,1,5,0.505779125072338,-0.14093521491165298,0.36231035749523327
7,m15_h1_q5_d4_l1,1,5,0.49810583797501934,-0.19339812922333696,0.3131115202540552
7,m15_h1_q5_d4_l50,1,5,0.4950341118706597,-0.2712454705729801,0.2744628554826288
7,m15_h1_q5_d8_l1,1,5,0.48311586733217593,-0.5278162065302671,0.3497434937958272
7,m15_h1_q5_d8_l50,1,5,0.4854289867259837,-0.09877369410595005,0.41631500944238725
7,m16_h1_q5_d2_l1,1,5,0.5015394422743056,-0.07233416116328983,0.5383329609565252
7,m16_h1_q5_d2_l50,1,5,0.5015394422743056,-0.07233416116328983,0.5383329609565252
7,m16_h1_q5_d4_l1,1,5,0.5026086877893519,-0.3615462496223733,0.42394348269122506
7,m16_h1_q5_d4_l50,1,5,0.5026086877893519,-0.3615462496223733,0.42394348269122506
7,m16_h1_q5_d8_l1,1,5,0.5024323640046297,0.11191347304155497,0.5389625422998672
7,m16_h1_q5_d8_l50,1,5,0.5024323640046297,0.11191347304155497,0.5389625422998672
7,m17_h1_q5_d2_l1,1,5,0.49939765459225505,0.10158403884873474,0.6725422996991439
7,m17_h1_q5_d2_l50,1,5,0.49968116666063855,0.07754613646803467,0.6454695732346515
7,m17_h1_q5_d4_l1,1,5,0.49957077591507526,-0.07906315721242932,0.5371236163640353
7,m17_h1_q5_d4_l50,1,5,0.5023982672043789,-0.2423908451189567,0.5354690478043963
7,m17_h1_q5_d8_l1,1,5,0.5063490691008392,-0.14199109247044084,0.525052872671855
7,m17_h1_q5_d8_l50,1,5,0.5082179881908275,-0.39271884240545585,0.3818577539527837
7,m18_h1_q5_d2_l1,1,5,0.4933424584659529,-0.25604737134425626,0.5166692386401862
7,m18_h1_q5_d2_l50,1,5,0.4922974197952835,-0.35359319522509536,0.5059558228281579
7,m18_h1_q5_d4_l1,1,5,0.4955899273907697,-0.17304352737095155,0.5480356496277864
7,m18_h1_q5_d4_l50,1,5,0.49475135332272374,-0.40962190843778185,0.4582231021464942
7,m18_h1_q5_d8_l1,1,5,0.5075424571096161,-0.05087724980869593,0.7588777333689163
7,m18_h1_q5_d8_l50,1,5,0.49479119571638697,-0.20571762800164284,0.6200806695691433
7,m19_h1_q5_d2_l1,1,5,0.4912904339072145,-0.3011964087913546,0.47635829441245164
7,m19_h1_q5_d2_l50,1,5,0.4931539841640143,-0.10845550347486657,0.5663425705878692
7,m19_h1_q5_d4_l1,1,5,0.48739350872275267,-0.42992862244433394,0.46839677862828644
7,m19_h1_q5_d4_l50,1,5,0.49096934000651044,-0.45079335607472626,0.4790428133350759
7,m19_h1_q5_d8_l1,1,5,0.48717093762056324,-0.27250724404893223,0.5026510331462821
7,m19_h1_q5_d8_l50,1,5,0.4907503481264468,-0.3981750698745665,0.4537584107572274
7,m20_h1_q5_d2_l1,1,5,0.4881307342906057,-0.5840600953348061,0.4315420462343766
7,m20_h1_q5_d2_l50,1,5,0.48809757939091436,-0.4575224719125086,0.4676481167743116
7,m20_h1_q5_d4_l1,1,5,0.49894799126519096,-0.49874912288727846,0.5570215413211124
7,m20_h1_q5_d4_l50,1,5,0.4953737612123842,-0.6411232076169494,0.5137403344220968
7,m20_h1_q5_d8_l1,1,5,0.510705264998071,-0.4722817771167575,0.43196769987239536
7,m20_h1_q5_d8_l50,1,5,0.5021059012707368,-0.5671932087128024,0.44835718550140247
7,m21_h1_q5_d2_l1,1,5,0.4888647573965567,-0.4010867204206992,0.3762942862907978
7,m21_h1_q5_d2_l50,1,5,0.49047107461058065,-0.3251516327546104,0.38500907953577385
7,m21_h1_q5_d4_l1,1,5,0.4901788970570506,-0.5816562516812959,0.47139589790342723
7,m21_h1_q5_d4_l50,1,5,0.4909109421718268,-0.06018571004033858,0.5657879558234034
7,m21_h1_q5_d8_l1,1,5,0.4986887802312403,-0.8278065370172987,0.4376156859499489
7,m21_h1_q5_d8_l50,1,5,0.48934682210286456,-0.3914393222724621,0.4412334896289398
7,m22_h1_q5_d2_l1,1,5,0.48330952208719136,-0.6689037226558373,0.30301747613255287
7,m22_h1_q5_d2_l50,1,5,0.4835705227322049,-0.6820231341680096,0.2824931087189166
7,m22_h1_q5_d4_l1,1,5,0.49253421359592015,-0.4008822479503593,0.4185633584251523
7,m22_h1_q5_d4_l50,1,5,0.48591773892626355,-0.3337548626423327,0.5082605900781633
7,m22_h1_q5_d8_l1,1,5,0.49275829173900465,-0.5592194944273875,0.6029114531182326
7,m22_h1_q5_d8_l50,1,5,0.48651028856819056,-0.4752646508264966,0.4005853949285061
7,m23_h1_q5_d2_l1,1,5,0.48531482837818285,-0.23875014669924022,0.47977712967403296
7,m23_h1_q5_d2_l50,1,5,0.48601164641203703,-0.268348345910041,0.4517036940068504
7,m23_h1_q5_d4_l1,1,5,0.4829981297622492,-0.7249761849062922,0.3079763538065356
7,m23_h1_q5_d4_l50,1,5,0.4832334165219907,-0.6518303817516441,0.3060876390485755
7,m23_h1_q5_d8_l1,1,5,0.48103709279755014,-0.49560661309193144,0.5829892077867432
7,m23_h1_q5_d8_l50,1,5,0.479318689416956,-0.5344033770944624,0.34693071294844935
7,m24_h1_q5_d2_l1,1,5,0.5154260706018519,0.08856319624579854,0.46513514604589595
7,m24_h1_q5_d2_l50,1,5,0.5157845579547646,0.12526661285341875,0.4935475522261255
7,m24_h1_q5_d4_l1,1,5,0.5125190829053337,0.3536703356371901,0.6543249354990573
7,m24_h1_q5_d4_l50,1,5,0.5144890679253473,0.3048138862214249,0.6303912282418728
7,m24_h1_q5_d8_l1,1,5,0.5044479370117188,-0.0666562381940357,0.46574004644341965
7,m24_h1_q5_d8_l50,1,5,0.5127074630172164,0.2524404631314965,0.6081756060534949
7,m25_h1_q5_d2_l1,1,5,0.5137323450159144,0.09378785392550454,0.5345938573340789
7,m25_h1_q5_d2_l50,1,5,0.5150464846764081,0.1133517221330531,0.5397301166209583
7,m25_h1_q5_d4_l1,1,5,0.51079672354239,0.002738528209765414,0.5050691867020362
7,m25_h1_q5_d4_l50,1,5,0.5122143780743634,0.0818644773715679,0.5727538708952873
7,m25_h1_q5_d8_l1,1,5,0.5117581214433835,-0.14973330845864447,0.4422453031387138
7,m25_h1_q5_d8_l50,1,5,0.516248161410108,0.061483084137427986,0.6003236646401274
7,m26_h1_q5_d2_l1,1,5,0.5111883657949942,0.1291138918585486,0.5647641943359049
7,m26_h1_q5_d2_l50,1,5,0.5110957769700039,0.06933871971253952,0.570774570882996
7,m26_h1_q5_d4_l1,1,5,0.51386147958261,0.09781805289587939,0.6586155143042094
7,m26_h1_q5_d4_l50,1,5,0.5106897236388407,0.06162182203888123,0.6246210218150366
7,m26_h1_q5_d8_l1,1,5,0.5002243607132523,0.17543936154932482,0.6424813007903835
7,m26_h1_q5_d8_l50,1,5,0.5051557752821181,-0.292341000856519,0.5117022264281037
7,m27_h1_q5_d2_l1,1,5,0.5088047922393422,0.03512702892699376,0.5209824739927859
7,m27_h1_q5_d2_l50,1,5,0.50925483232663,0.004465887670408271,0.5075915002628391
7,m27_h1_q5_d4_l1,1,5,0.505432034716194,-0.37017116986412896,0.383095801051565
7,m27_h1_q5_d4_l50,1,5,0.5078627974898727,-0.2112929694708812,0.43913565965689255
7,m27_h1_q5_d8_l1,1,5,0.495801384066358,-0.08113159469638453,0.575823601343334
7,m27_h1_q5_d8_l50,1,5,0.5041897620683835,-0.33697280560038323,0.5168486139300515
7,m28_h1_q5_d2_l1,1,5,0.5080717110339507,0.05404313551690224,0.6181271293630718
7,m28_h1_q5_d2_l50,1,5,0.5090775666413484,0.10705336698264344,0.6208434680727264
7,m28_h1_q5_d4_l1,1,5,0.5091370947567033,0.15884652752913253,0.630394212196205
7,m28_h1_q5_d4_l50,1,5,0.5101738447024499,0.11040004765886292,0.6094585093307769
7,m28_h1_q5_d8_l1,1,5,0.5126435079692322,-0.06777632295086282,0.5209421262847205
7,m28_h1_q5_d8_l50,1,5,0.514312744140625,0.0362930011916802,0.6301235989018438
7,m29_h1_q5_d2_l1,1,5,0.508904727888696,-0.08733252618161633,0.417083133620312
7,m29_h1_q5_d2_l50,1,5,0.5097699577425733,-0.049011219607204996,0.40397369737583255
7,m29_h1_q5_d4_l1,1,5,0.5017327202690972,-0.06673040571253343,0.4916025367939212
7,m29_h1_q5_d4_l50,1,5,0.5055030540183738,-0.09659318833199672,0.44907890730261585
7,m29_h1_q5_d8_l1,1,5,0.5023380797586323,0.0342013526904025,0.5545963069095021
7,m29_h1_q5_d8_l50,1,5,0.5044835408528646,-0.020771797048796833,0.532741240800151
7,m30_h1_q5_d2_l1,1,5,0.5075028972861209,-0.054455743590059225,0.5082095282021123
7,m30_h1_q5_d2_l50,1,5,0.5059520580150463,-0.12133155830848012,0.46710796681495115
7,m30_h1_q5_d4_l1,1,5,0.5101653675974152,-0.26474397519604326,0.4840959679577723
7,m30_h1_q5_d4_l50,1,5,0.508331110448013,-0.31090267660772875,0.5502865968749424
7,m30_h1_q5_d8_l1,1,5,0.5007829077449846,-0.3279343548170103,0.5289983374462881
7,m30_h1_q5_d8_l50,1,5,0.5030270800178434,-0.16192461726732085,0.6755036925667429
7,m31_h1_q5_d2_l1,1,5,0.5075115627712673,-0.12431145906753722,0.41537063753647485
7,m31_h1_q5_d2_l50,1,5,0.5068511020990065,0.11460320482206945,0.4837195746589823
7,m31_h1_q5_d4_l1,1,5,0.5011378158757716,0.040092497905403354,0.42746753687289785
7,m31_h1_q5_d4_l50,1,5,0.502031867886767,0.01560101306518449,0.46454409913514405
7,m31_h1_q5_d8_l1,1,5,0.4878950707706404,-0.4002006053764545,0.42783154073118246
7,m31_h1_q5_d8_l50,1,5,0.4944812162422839,-0.36838413665049385,0.40848399551869974
7,m01_h3_q3_d2_l1,3,3,0.5143128341898426,0.1993630624034066,0.6199995853485958
7,m01_h3_q3_d2_l50,3,3,0.5176019602224721,0.1712408279664102,0.5827415324012393
7,m01_h3_q3_d4_l1,3,3,0.5108548647529008,-0.03604809984756853,0.5468381699432954
7,m01_h3_q3_d4_l50,3,3,0.5126118251986136,-0.07556918221929797,0.4856240613060645
7,m01_h3_q3_d8_l1,3,3,0.5082474704573494,0.1183225528372564,0.6174879132776453
7,m01_h3_q3_d8_l50,3,3,0.5104571290347922,-0.06467505320743999,0.5047292342488408
7,m02_h3_q3_d2_l1,3,3,0.4910260083836755,0.08648722067255994,0.6287912317167252
7,m02_h3_q3_d2_l50,3,3,0.49502229863269337,-0.010581947603084056,0.5968276646839096
7,m02_h3_q3_d4_l1,3,3,0.49181695849023754,-0.18096545365218356,0.6322229647940778
7,m02_h3_q3_d4_l50,3,3,0.4982448763444599,0.0040257262127674776,0.6579178117880156
7,m02_h3_q3_d8_l1,3,3,0.49345085399439703,-0.13590345678431082,0.5629632875021904
7,m02_h3_q3_d8_l50,3,3,0.5013959605310527,0.10869934306589342,0.6795113271384243
7,m03_h3_q3_d2_l1,3,3,0.5075785962514785,0.16967367396150887,0.656869227672231
7,m03_h3_q3_d2_l50,3,3,0.5125298760986124,0.2663426346392373,0.6525009987995467
7,m03_h3_q3_d4_l1,3,3,0.5015982193873485,-0.014523445946601304,0.5456439640111028
7,m03_h3_q3_d4_l50,3,3,0.5104904738409994,-0.08543540713917504,0.5336816585056066
7,m03_h3_q3_d8_l1,3,3,0.49356678371258816,-0.08086598771441166,0.5393373008162703
7,m03_h3_q3_d8_l50,3,3,0.5081650974826932,-0.011648332548562242,0.5241115076109835
7,m04_h3_q3_d2_l1,3,3,0.49567986951442616,-0.2554825910741827,0.5607791575719402
7,m04_h3_q3_d2_l50,3,3,0.4975731763075545,-0.13007747052808766,0.5920844379396552
7,m04_h3_q3_d4_l1,3,3,0.5041884467593652,-0.33104015509945134,0.5863979502597395
7,m04_h3_q3_d4_l50,3,3,0.507949627866311,-0.22399888667390505,0.6146870013454724
7,m04_h3_q3_d8_l1,3,3,0.5113242352877346,0.15174792527000794,0.5800050972682
7,m04_h3_q3_d8_l50,3,3,0.5120442570353301,-0.20593416810964213,0.6047499235637283
7,m05_h3_q3_d2_l1,3,3,0.5140623949144084,0.18384503955549736,0.5845337641214806
7,m05_h3_q3_d2_l50,3,3,0.5176364353610932,0.2559171018010606,0.6115733136498637
7,m05_h3_q3_d4_l1,3,3,0.5134809095332801,-0.10368053914503833,0.5894975976876126
7,m05_h3_q3_d4_l50,3,3,0.5179934791123048,-0.030089090524027473,0.6152566898559673
7,m05_h3_q3_d8_l1,3,3,0.5016245702617455,-0.1449618398147215,0.5686343935840161
7,m05_h3_q3_d8_l50,3,3,0.5183173193488607,0.08698026340080618,0.5593556062377392
7,m06_h3_q3_d2_l1,3,3,0.49659741685133474,0.002703784953563954,0.6188444503087451
7,m06_h3_q3_d2_l50,3,3,0.49846628020601436,0.2409449792573933,0.6946242525941447
7,m06_h3_q3_d4_l1,3,3,0.4937847259311255,0.16069880829903221,0.7299636536446513
7,m06_h3_q3_d4_l50,3,3,0.49966817679077147,0.11617731450065256,0.6673456894557547
7,m06_h3_q3_d8_l1,3,3,0.49473448774182754,-0.4861941022147681,0.4060899707722316
7,m06_h3_q3_d8_l50,3,3,0.49889799654231315,0.13824730832544682,0.6905028824454054
7,m07_h3_q3_d2_l1,3,3,0.5070765873681962,0.14602935591086116,0.6639802434970695
7,m07_h3_q3_d2_l50,3,3,0.5122617753792125,0.27017210775966427,0.737236660052841
7,m07_h3_q3_d4_l1,3,3,0.5028434218327097,-0.04401073401295344,0.5645709289733777
7,m07_h3_q3_d4_l50,3,3,0.5118908850559316,0.17489569506518846,0.6691438713680921
7,m07_h3_q3_d8_l1,3,3,0.49136051613238685,0.09060562635748881,0.6118838620211505
7,m07_h3_q3_d8_l50,3,3,0.5102487946417722,0.22085431157975755,0.6309744093493352
7,m08_h3_q3_d2_l1,3,3,0.4931696838064623,-0.013277271767507464,0.7153666511536427
7,m08_h3_q3_d2_l50,3,3,0.4942265446133726,0.09070807742268008,0.7348634547515829
7,m08_h3_q3_d4_l1,3,3,0.49695799289133946,-0.09917256756959483,0.6514606831826679
7,m08_h3_q3_d4_l50,3,3,0.4998409057127565,-0.08638553652367732,0.584359857723794
7,m08_h3_q3_d8_l1,3,3,0.5018215306848515,-0.10061619303104681,0.6404705696111994
7,m08_h3_q3_d8_l50,3,3,0.5016796739669186,-0.0437706177446211,0.635283742756334
7,m09_h3_q3_d2_l1,3,3,0.5169667840516878,0.2671593227453272,0.6708054335110065
7,m09_h3_q3_d2_l50,3,3,0.5182567759189461,0.19214041396801476,0.6268903779322454
7,m09_h3_q3_d4_l1,3,3,0.5107248058795371,0.1726255957967547,0.6243041622740243
7,m09_h3_q3_d4_l50,3,3,0.5149856645591618,0.265619291704515,0.6265088988785803
7,m09_h3_q3_d8_l1,3,3,0.5082790491191602,0.2729964750323823,0.7238815180484951
7,m09_h3_q3_d8_l50,3,3,0.5162144771845227,0.3023288764992824,0.632734786690786
7,m10_h3_q3_d2_l1,3,3,0.4958528103737388,-0.15778930113001746,0.5302188975680215
7,m10_h3_q3_d2_l50,3,3,0.4978827460973861,-0.18378600242361623,0.5267430363956949
7,m10_h3_q3_d4_l1,3,3,0.49849397335015266,-0.0022732845107687276,0.5674383866758697
7,m10_h3_q3_d4_l50,3,3,0.5042426320694522,0.10033235317793958,0.5718834636076422
7,m10_h3_q3_d8_l1,3,3,0.4869192281412079,-0.47326787028644374,0.5287080174697713
7,m10_h3_q3_d8_l50,3,3,0.5010607463245829,-0.01677636003695242,0.57712711700045
7,m11_h3_q3_d2_l1,3,3,0.5092956418338287,0.10683886959653395,0.6613791241965914
7,m11_h3_q3_d2_l50,3,3,0.5123216123513684,0.017317965155997064,0.5911772436831745
7,m11_h3_q3_d4_l1,3,3,0.500965233235616,-0.12314884580139045,0.5524627063252568
7,m11_h3_q3_d4_l50,3,3,0.5093066625748633,0.2071491097089266,0.6548349769165611
7,m11_h3_q3_d8_l1,3,3,0.4876319733738897,-0.26700805650802334,0.537311182594682
7,m11_h3_q3_d8_l50,3,3,0.5087682004712356,0.1627145518779566,0.6558217371834941
7,m12_h3_q3_d2_l1,3,3,0.49186867119816935,-0.319133045991094,0.5506620642779535
7,m12_h3_q3_d2_l50,3,3,0.49701571049021953,-0.10516376440586894,0.5727874765404006
7,m12_h3_q3_d4_l1,3,3,0.5010868852616522,-0.13783931481704395,0.5102482223718817
7,m12_h3_q3_d4_l50,3,3,0.49644270260219475,-0.28777258782678244,0.5612761792139792
7,m12_h3_q3_d8_l1,3,3,0.4980604202236815,-0.18231862193669213,0.6018120289192674
7,m12_h3_q3_d8_l50,3,3,0.49485458556079465,-0.3081019839333296,0.4763454245027886
7,m13_h3_q3_d2_l1,3,3,0.514400858826568,-0.13077797208926903,0.5652697866929524
7,m13_h3_q3_d2_l50,3,3,0.5159944155927096,0.011405086217255701,0.6233751821100287
7,m13_h3_q3_d4_l1,3,3,0.5136874071361276,-0.014649206766092496,0.565855806247657
7,m13_h3_q3_d4_l50,3,3,0.5145875756121738,-0.04088298000884981,0.5199421439326567
7,m13_h3_q3_d8_l1,3,3,0.5077610742905327,0.2594936706163207,0.6234987292686636
7,m13_h3_q3_d8_l50,3,3,0.5142519375310488,-0.047731925230652374,0.5189240527100236
7,m14_h3_q3_d2_l1,3,3,0.5008239416838901,0.1516079340166326,0.6097582072213518
7,m14_h3_q3_d2_l50,3,3,0.5035074214800459,0.11688335167688446,0.6036964044420527
7,m14_h3_q3_d4_l1,3,3,0.4971903468481529,0.015731900394000967,0.6886239862826292
7,m14_h3_q3_d4_l50,3,3,0.49862057058049913,0.05153650047114993,0.6492954028794936
7,m14_h3_q3_d8_l1,3,3,0.49390616601983395,-0.039950815039268464,0.6138953745353343
7,m14_h3_q3_d8_l50,3,3,0.4999142360281023,0.19119169531943073,0.7032509768415726
7,m15_h3_q3_d2_l1,3,3,0.508889640559944,-0.021293377294575023,0.595185010099905
7,m15_h3_q3_d2_l50,3,3,0.5121938847886081,-0.06126633698103455,0.564573625167388
7,m15_h3_q3_d4_l1,3,3,0.5018175745214031,-0.2325773068902126,0.5404973460861943
7,m15_h3_q3_d4_l50,3,3,0.5059431465402503,-0.05787871955609326,0.5779603802050987
7,m15_h3_q3_d8_l1,3,3,0.4970472891520303,0.07714533906614707,0.6017195710113051
7,m15_h3_q3_d8_l50,3,3,0.504482474478507,-0.03917083209145048,0.60519184077466
7,m16_h3_q3_d2_l1,3,3,0.5013448129893279,-0.12441679622042964,0.5412379363511791
7,m16_h3_q3_d2_l50,3,3,0.503062918258316,-0.029604522860327515,0.5811587186568775
7,m16_h3_q3_d4_l1,3,3,0.5040999982479847,-0.053163961992246336,0.594372012888817
7,m16_h3_q3_d4_l50,3,3,0.5070559588016441,-0.10368754649719321,0.6036561455987323
7,m16_h3_q3_d8_l1,3,3,0.5037026864045313,-0.4522009535148857,0.49474529765023845
7,m16_h3_q3_d8_l50,3,3,0.5071189748337139,-0.3517739915866243,0.4560820963223335
7,m17_h3_q3_d2_l1,3,3,0.513512912069746,-0.08338884677101506,0.5174087538050047
7,m17_h3_q3_d2_l50,3,3,0.5153157216239939,-0.055883199739515256,0.5548187783546168
7,m17_h3_q3_d4_l1,3,3,0.5149006776907986,0.006522519724121173,0.5318723633183566
7,m17_h3_q3_d4_l50,3,3,0.5137811540806978,-0.014858391758941767,0.5673370173786516
7,m17_h3_q3_d8_l1,3,3,0.500784803924062,0.18529423513305404,0.6408290465232954
7,m17_h3_q3_d8_l50,3,3,0.510902762588936,0.019119502844784517,0.5803805235527232
7,m18_h3_q3_d2_l1,3,3,0.5003458817186253,-0.044445652170011576,0.575522755990161
7,m18_h3_q3_d2_l50,3,3,0.501486104541054,0.045006468266577115,0.618478181521232
7,m18_h3_q3_d4_l1,3,3,0.5071903977131115,-0.01661341981650692,0.5353996136156579
7,m18_h3_q3_d4_l50,3,3,0.5075081624129433,0.07609950081393815,0.6791834078949922
7,m18_h3_q3_d8_l1,3,3,0.5075588860800129,-0.18814841607070248,0.509005289721278
7,m18_h3_q3_d8_l50,3,3,0.5082324229070906,-0.027091067043370595,0.5928525772816163
7,m19_h3_q3_d2_l1,3,3,0.5093637443617607,0.03933776808127827,0.6147029228192754
7,m19_h3_q3_d2_l50,3,3,0.511833450040155,0.1637427822585023,0.6029578988851448
7,m19_h3_q3_d4_l1,3,3,0.5093131619862428,0.18606974424995595,0.6211926176165204
7,m19_h3_q3_d4_l50,3,3,0.5105686787148799,-0.03639159239643662,0.6127311978424845
7,m19_h3_q3_d8_l1,3,3,0.507019434935523,0.0757346768938784,0.6165120381842254
7,m19_h3_q3_d8_l50,3,3,0.5077192519912218,-0.11177318315517493,0.5407364183542915
7,m20_h3_q3_d2_l1,3,3,0.4977052132626423,-0.08899284141037327,0.553141944862383
7,m20_h3_q3_d2_l50,3,3,0.5016332596921765,-0.06508607313491915,0.6298744398325594
7,m20_h3_q3_d4_l1,3,3,0.5037582846301355,0.057482411200445574,0.6343776097253505
7,m20_h3_q3_d4_l50,3,3,0.5071778934107838,-0.3553716558118552,0.4649827514913498
7,m20_h3_q3_d8_l1,3,3,0.5095879740543497,-0.44990147150404536,0.5091910564485478
7,m20_h3_q3_d8_l50,3,3,0.5082617409040738,-0.45565898388529746,0.4597663807666833
7,m21_h3_q3_d2_l1,3,3,0.5116583898075665,-0.17512255704590618,0.5518656483740917
7,m21_h3_q3_d2_l50,3,3,0.5147290084554517,-0.11497472524099171,0.5983140160131164
7,m21_h3_q3_d4_l1,3,3,0.5130797121721542,0.08373581868792523,0.6422227964702565
7,m21_h3_q3_d4_l50,3,3,0.5163299830280588,-0.1489721363778984,0.5472979187081713
7,m21_h3_q3_d8_l1,3,3,0.513221074369656,0.10565833658002033,0.5572216085898808
7,m21_h3_q3_d8_l50,3,3,0.5153522454901149,-0.21864732581351798,0.6122210393964621
7,m22_h3_q3_d2_l1,3,3,0.49877740420291505,-0.12366921066227878,0.507161422964965
7,m22_h3_q3_d2_l50,3,3,0.5021975781497702,0.10764712082250799,0.5825325215960402
7,m22_h3_q3_d4_l1,3,3,0.5062334300332714,0.012063126871501939,0.574756144210596
7,m22_h3_q3_d4_l50,3,3,0.5036201721383233,0.06920449710486248,0.5544821217859905
7,m22_h3_q3_d8_l1,3,3,0.5110141709774718,0.24926486682144616,0.6216792426511293
7,m22_h3_q3_d8_l50,3,3,0.5067367811862952,-0.007709907861681224,0.5572889056197451
7,m23_h3_q3_d2_l1,3,3,0.5069948502055227,0.11732574128284336,0.6487145879090894
7,m23_h3_q3_d2_l50,3,3,0.510286024965652,0.11643744084124748,0.6036939953352828
7,m23_h3_q3_d4_l1,3,3,0.5074295336644077,0.08430576027760496,0.5938120556824507
7,m23_h3_q3_d4_l50,3,3,0.5104935822551375,0.16585382337625174,0.5891052975379647
7,m23_h3_q3_d8_l1,3,3,0.5043527688340226,0.036446174989146866,0.6097023196439144
7,m23_h3_q3_d8_l50,3,3,0.508131187510279,0.043511624086359,0.5785174374593957
7,m24_h3_q3_d2_l1,3,3,0.5013597898938109,0.03562626654889547,0.589263351186864
7,m24_h3_q3_d2_l50,3,3,0.5015994203655383,0.23316885978427848,0.6611151431846017
7,m24_h3_q3_d4_l1,3,3,0.5007321728210441,0.06569835217204335,0.6374106781063171
7,m24_h3_q3_d4_l50,3,3,0.4950398894308833,0.04707616837367339,0.6280408355301893
7,m24_h3_q3_d8_l1,3,3,0.49366858427560667,-0.3860020808137006,0.4882807446108091
7,m24_h3_q3_d8_l50,3,3,0.49035649836582196,-0.2532588247696091,0.6075474652985621
7,m25_h3_q3_d2_l1,3,3,0.5140984242600986,0.2489732961129952,0.6261619517223602
7,m25_h3_q3_d2_l50,3,3,0.5154538341158059,0.22640392191649633,0.6719081848462937
7,m25_h3_q3_d4_l1,3,3,0.5140184532418216,0.2585464749645433,0.7601519044492845
7,m25_h3_q3_d4_l50,3,3,0.5156431647951187,0.2859961840725804,0.754001343497025
7,m25_h3_q3_d8_l1,3,3,0.5068323649210378,-0.031070663263195856,0.6467817207163354
7,m25_h3_q3_d8_l50,3,3,0.5115697293588585,0.1871258420316663,0.7101836517749424
7,m26_h3_q3_d2_l1,3,3,0.5021498216052869,0.17103234136619236,0.6449718917727947
7,m26_h3_q3_d2_l50,3,3,0.5020314899307163,0.0721358191665268,0.6297316221078454
7,m26_h3_q3_d4_l1,3,3,0.5049982592880827,0.34359723271323306,0.7029484892540929
7,m26_h3_q3_d4_l50,3,3,0.5014523358601914,0.11427519568524959,0.5539135186853409
7,m26_h3_q3_d8_l1,3,3,0.50629800027241,-0.04117918960695337,0.5822263828638029
7,m26_h3_q3_d8_l50,3,3,0.5009773136632887,0.032798571187391316,0.5695270506810185
7,m27_h3_q3_d2_l1,3,3,0.510011707417976,0.12852748650890844,0.6137304079212241
7,m27_h3_q3_d2_l50,3,3,0.5107036121467783,0.046270753719490895,0.5880233326563592
7,m27_h3_q3_d4_l1,3,3,0.505479215730158,-0.06085032110493144,0.5485214332349635
7,m27_h3_q3_d4_l50,3,3,0.5083196704402815,0.2525756923595541,0.6406107825567418
7,m27_h3_q3_d8_l1,3,3,0.5039733303718623,0.22769069751241355,0.6432782549286867
7,m27_h3_q3_d8_l50,3,3,0.5045505770064389,0.14818472073091193,0.6160606481192336
7,m28_h3_q3_d2_l1,3,3,0.49576231313485825,0.048723233091087594,0.6152836226520132
7,m28_h3_q3_d2_l50,3,3,0.49913826282602325,0.05366670308883127,0.6416846050710865
7,m28_h3_q3_d4_l1,3,3,0.4966541454093527,0.19602705088522904,0.6285325152688074
7,m28_h3_q3_d4_l50,3,3,0.49757331759910617,0.08918075622209833,0.5921267486670484
7,m28_h3_q3_d8_l1,3,3,0.4964400887084878,-0.01844741686142576,0.6261747655416695
7,m28_h3_q3_d8_l50,3,3,0.49666156321581834,0.033054836859872545,0.598085068103592
7,m29_h3_q3_d2_l1,3,3,0.5111082005051455,-0.2107796427178855,0.5845117704469233
7,m29_h3_q3_d2_l50,3,3,0.5123932471680934,-0.03622683046462297,0.6049078333271538
7,m29_h3_q3_d4_l1,3,3,0.51065013329445,0.1629814422433175,0.5931773796928793
7,m29_h3_q3_d4_l50,3,3,0.5140310988357011,-0.0982066516003946,0.5747957959912529
7,m29_h3_q3_d8_l1,3,3,0.507617592719755,0.093758674784136,0.6364396718361238
7,m29_h3_q3_d8_l50,3,3,0.5119207682191217,0.03626568417663804,0.6263649658852048
7,m30_h3_q3_d2_l1,3,3,0.49736208672927584,-0.012330769368877824,0.5612818666738352
7,m30_h3_q3_d2_l50,3,3,0.499149707441713,-0.07253627308365532,0.5538338178912036
7,m30_h3_q3_d4_l1,3,3,0.4988707979186059,0.037594971935735785,0.5732335755596831
7,m30_h3_q3_d4_l50,3,3,0.5009964586685476,-0.115952911611501,0.5559315023000383
7,m30_h3_q3_d8_l1,3,3,0.5051233023113603,0.05748547962983572,0.6086420298766526
7,m30_h3_q3_d8_l50,3,3,0.4998459215628428,-0.07659093696307667,0.6018747833743401
7,m31_h3_q3_d2_l1,3,3,0.5077292836913945,-0.05772658957118602,0.5850242856364025
7,m31_h3_q3_d2_l50,3,3,0.5091507473475337,0.10144113193132887,0.6214455371383155
7,m31_h3_q3_d4_l1,3,3,0.5061197609799077,-0.1848854558115216,0.5087570970702403
7,m31_h3_q3_d4_l50,3,3,0.509817360888577,-0.063270447167651,0.5294830493605635
7,m31_h3_q3_d8_l1,3,3,0.5058761743447322,0.20114224753695867,0.568509385540276
7,m31_h3_q3_d8_l50,3,3,0.5084329862647656,0.2479398859356395,0.6897146404363186
7,m01_h3_q5_d2_l1,3,5,0.5091476455564372,-0.3335181563200479,0.29493257454748456
7,m01_h3_q5_d2_l50,3,5,0.5093264527747471,-0.22661350731385363,0.33730284041770264
7,m01_h3_q5_d4_l1,3,5,0.49921425560404686,-0.16002296386719136,0.35098331929972515
7,m01_h3_q5_d4_l50,3,5,0.499304337247074,-0.17187546525289862,0.3063870170539117
7,m01_h3_q5_d8_l1,3,5,0.49180547634397936,-0.4506077463528361,0.25103678959541115
7,m01_h3_q5_d8_l50,3,5,0.4960242030971038,-0.2653388913254767,0.2539048920485598
7,m02_h3_q5_d2_l1,3,5,0.5009411110146796,0.03707500231790742,0.6485974687661967
7,m02_h3_q5_d2_l50,3,5,0.5030013653664948,0.08838096027394221,0.678724953521369
7,m02_h3_q5_d4_l1,3,5,0.49819488010811347,0.19403545337331812,0.6733057473689819
7,m02_h3_q5_d4_l50,3,5,0.4970960777871454,0.16671775362937918,0.597230019075955
7,m02_h3_q5_d8_l1,3,5,0.49534287591747667,0.18102999674353246,0.6204403633794134
7,m02_h3_q5_d8_l50,3,5,0.49493411835449314,0.25232886771098384,0.610767150635928
7,m03_h3_q5_d2_l1,3,5,0.5045632648222079,0.05762793149880314,0.5111619871902376
7,m03_h3_q5_d2_l50,3,5,0.5094960581047907,0.40805955109204806,0.6854544612622198
7,m03_h3_q5_d4_l1,3,5,0.5063530805209779,0.04596017527077524,0.5240079382302957
7,m03_h3_q5_d4_l50,3,5,0.5091823221459035,0.027826496204419605,0.4636996435665708
7,m03_h3_q5_d8_l1,3,5,0.4939378928721979,-0.2424284669934039,0.40073477859008766
7,m03_h3_q5_d8_l50,3,5,0.5073758461862725,0.024733136746215516,0.4070897511773519
7,m04_h3_q5_d2_l1,3,5,0.48013089540765724,-0.24667970750562365,0.4298775761775832
7,m04_h3_q5_d2_l50,3,5,0.4801109418394167,-0.58756233280749,0.41603918788968436
7,m04_h3_q5_d4_l1,3,5,0.4946253223566753,0.255777951125362,0.5872315550522773
7,m04_h3_q5_d4_l50,3,5,0.48765261573844476,-0.12688524558361772,0.529283547902338
7,m04_h3_q5_d8_l1,3,5,0.5072057565463202,0.25848403747950144,0.5115510891752232
7,m04_h3_q5_d8_l50,3,5,0.4932272165121007,0.05803931600822494,0.5267962153494039
7,m05_h3_q5_d2_l1,3,5,0.5058315756112379,0.1850160953115986,0.617538479829261
7,m05_h3_q5_d2_l50,3,5,0.5076223599298254,-0.00486215639477183,0.522815471615059
7,m05_h3_q5_d4_l1,3,5,0.5142988626078655,-0.07535403215923944,0.5421102165051486
7,m05_h3_q5_d4_l50,3,5,0.508433482164997,-0.18332425862379256,0.3981154394476095
7,m05_h3_q5_d8_l1,3,5,0.5128463203295477,-0.6158907511077322,0.4215224147093373
7,m05_h3_q5_d8_l50,3,5,0.5075324720107618,-0.054709604460412946,0.4936163211427021
7,m06_h3_q5_d2_l1,3,5,0.4893995215792998,0.0627312167833323,0.6537546643389913
7,m06_h3_q5_d2_l50,3,5,0.48902611863965484,-0.1458659670313017,0.6810507673808286
7,m06_h3_q5_d4_l1,3,5,0.4911753891526979,0.15378719348368086,0.719761878479451
7,m06_h3_q5_d4_l50,3,5,0.49147556443414,-0.0903241484307772,0.6618081538415902
7,m06_h3_q5_d8_l1,3,5,0.4905519854381571,-0.4586352839941746,0.4382855864527699
7,m06_h3_q5_d8_l50,3,5,0.4904635504488197,-0.10315095672335801,0.6600563330462903
7,m07_h3_q5_d2_l1,3,5,0.5003037591747669,0.22368865081373315,0.6028319001457999
7,m07_h3_q5_d2_l50,3,5,0.5067103075096707,0.42585092965759985,0.7200976643005966
7,m07_h3_q5_d4_l1,3,5,0.5028902646734279,0.0016087920607776019,0.49094888552685445
7,m07_h3_q5_d4_l50,3,5,0.508767365416088,0.1697253075364668,0.5624361577714819
7,m07_h3_q5_d8_l1,3,5,0.5051824066095516,0.0568182443133599,0.5298738391697742
7,m07_h3_q5_d8_l50,3,5,0.5106116175486014,-0.093312245188896,0.3728109136874772
7,m08_h3_q5_d2_l1,3,5,0.49971522577365607,-0.39270033346059596,0.3547726340096193
7,m08_h3_q5_d2_l50,3,5,0.5004114696984725,-0.3933485131383451,0.37416644046836506
7,m08_h3_q5_d4_l1,3,5,0.4967617102261457,-0.06620856613973586,0.48958174522942144
7,m08_h3_q5_d4_l50,3,5,0.501521701733287,-0.540802005911543,0.311236859180783
7,m08_h3_q5_d8_l1,3,5,0.49034169807577865,-0.3260167981312727,0.4766661716671687
7,m08_h3_q5_d8_l50,3,5,0.49789635148036104,-0.3132732135958746,0.36827024551063503
7,m09_h3_q5_d2_l1,3,5,0.5135462450096707,0.1735402082720665,0.5171151538089446
7,m09_h3_q5_d2_l50,3,5,0.5146930908735867,0.2252758882730388,0.5419690407180836
7,m09_h3_q5_d4_l1,3,5,0.5132984720603551,-0.09994335798590871,0.40972279112787047
7,m09_h3_q5_d4_l50,3,5,0.5132623425411624,0.003007757004706671,0.46761479464110733
7,m09_h3_q5_d8_l1,3,5,0.5015253824885935,-0.22528490605589485,0.4650511571874706
7,m09_h3_q5_d8_l50,3,5,0.5080159101616742,-0.10462707622761443,0.4649321859575302
7,m10_h3_q5_d2_l1,3,5,0.4976497408748264,-0.5508430808108676,0.41264261623239207
7,m10_h3_q5_d2_l50,3,5,0.4975932703394663,-0.015413833272325548,0.6085847144581025
7,m10_h3_q5_d4_l1,3,5,0.4988693300870363,-0.26628034214538715,0.6744556471118744
7,m10_h3_q5_d4_l50,3,5,0.49906450698026183,-0.287545157119464,0.5555554643031367
7,m10_h3_q5_d8_l1,3,5,0.5019049845950704,-0.4929920729129549,0.49300044836413004
7,m10_h3_q5_d8_l50,3,5,0.4959315061805693,-0.3123589377137378,0.6017766750166419
7,m11_h3_q5_d2_l1,3,5,0.5067895406107419,-0.23308960890076097,0.4149503440458549
7,m11_h3_q5_d2_l50,3,5,0.5075184270234081,0.15199874221608217,0.5816707777964917
7,m11_h3_q5_d4_l1,3,5,0.5088421428659988,-0.2831315192156216,0.43015711873390333
7,m11_h3_q5_d4_l50,3,5,0.50829303229146,0.006552899595650325,0.5154142674577672
7,m11_h3_q5_d8_l1,3,5,0.5077766610667527,-0.31540528984517163,0.44165154583382754
7,m11_h3_q5_d8_l50,3,5,0.5063864010426998,0.05179672744585482,0.5103596506810845
7,m12_h3_q5_d2_l1,3,5,0.47958401265869866,-0.49233349940571913,0.4069209011787759
7,m12_h3_q5_d2_l50,3,5,0.480399881130976,-0.6344240390645846,0.4912628144451778
7,m12_h3_q5_d4_l1,3,5,0.4845565193537989,-0.6113790974223862,0.40606350696868104
7,m12_h3_q5_d4_l50,3,5,0.48360301000545525,-0.5345684825575056,0.42094845318833096
7,m12_h3_q5_d8_l1,3,5,0.49323864622594726,-0.801145953909943,0.309050122268436
7,m12_h3_q5_d8_l50,3,5,0.481456161041956,-0.5131779320338463,0.34274465907232665
7,m13_h3_q5_d2_l1,3,5,0.5025100813950605,-0.18916837896275118,0.4284666922325515
7,m13_h3_q5_d2_l50,3,5,0.5061461833279607,-0.016697740920187016,0.5775079087301628
7,m13_h3_q5_d4_l1,3,5,0.5115465293964492,0.004817093365400637,0.5030919171296809
7,m13_h3_q5_d4_l50,3,5,0.5065660800188455,-0.09434989071205713,0.49611429018134146
7,m13_h3_q5_d8_l1,3,5,0.5022185268299941,-0.19352301588362045,0.49048797407170136
7,m13_h3_q5_d8_l50,3,5,0.5013076367536203,-0.19433050782689787,0.41252349444309244
7,m14_h3_q5_d2_l1,3,5,0.48333024666484825,-0.16852276330670796,0.567754506232997
7,m14_h3_q5_d2_l50,3,5,0.4788888342156814,-0.33340378366973866,0.46990624616459997
7,m14_h3_q5_d4_l1,3,5,0.48499365747743506,-0.4346288981581675,0.4101812192964553
7,m14_h3_q5_d4_l50,3,5,0.4808652060913013,-0.5332721315934773,0.4682308932158945
7,m14_h3_q5_d8_l1,3,5,0.4851658780809859,-0.3651755505050017,0.4798909040589957
7,m14_h3_q5_d8_l50,3,5,0.4855364720231601,-0.41467265781361734,0.4969007861648924
7,m15_h3_q5_d2_l1,3,5,0.4986049937388415,-0.07241789751070656,0.45776169295638314
7,m15_h3_q5_d2_l50,3,5,0.5014700742970145,-0.3375279892732469,0.44036541982677074
7,m15_h3_q5_d4_l1,3,5,0.5001106163831581,-0.14846910616943249,0.45971044585782717
7,m15_h3_q5_d4_l50,3,5,0.5027235652028368,-0.22793434299184437,0.43113003234198033
7,m15_h3_q5_d8_l1,3,5,0.4994968988667923,-0.5013016542234301,0.3808410643027407
7,m15_h3_q5_d8_l50,3,5,0.5007626912442968,-0.363300126403421,0.3903706584200614
7,m16_h3_q5_d2_l1,3,5,0.49488878694703425,0.19299612431982813,0.5960842871206848
7,m16_h3_q5_d2_l50,3,5,0.4995430051701052,0.2843437854693618,0.6167717640410368
7,m16_h3_q5_d4_l1,3,5,0.5024463462110692,-0.34944851277145794,0.3666275257299777
7,m16_h3_q5_d4_l50,3,5,0.5104895714515969,-0.26158603960830024,0.5160580797141904
7,m16_h3_q5_d8_l1,3,5,0.5001638904731205,-0.3847012823134197,0.35819846446197195
7,m16_h3_q5_d8_l50,3,5,0.5142625393647093,-0.05775457794643363,0.5294907930294426
7,m17_h3_q5_d2_l1,3,5,0.5081175183805297,0.2536199111264915,0.6706707559541544
7,m17_h3_q5_d2_l50,3,5,0.5122018975649673,0.22167337377995,0.6252467265254139
7,m17_h3_q5_d4_l1,3,5,0.5038084193984328,0.16814868646105074,0.6458598803536557
7,m17_h3_q5_d4_l50,3,5,0.5115564093185876,0.13700137380637187,0.4988642851544201
7,m17_h3_q5_d8_l1,3,5,0.4994056548799841,0.10975510750124218,0.5916222701963347
7,m17_h3_q5_d8_l50,3,5,0.5102028599856179,0.11391040545842346,0.4944108803172151
7,m18_h3_q5_d2_l1,3,5,0.4964420656863718,0.08436963179116307,0.6483932741245264
7,m18_h3_q5_d2_l50,3,5,0.49736671016415396,0.34349547188197993,0.6976440395892117
7,m18_h3_q5_d4_l1,3,5,0.4925062727819381,0.20642270351568395,0.7103541758800556
7,m18_h3_q5_d4_l50,3,5,0.4995134622656715,0.25320896966034634,0.709329693419681
7,m18_h3_q5_d8_l1,3,5,0.48214785245363023,0.07391468557464376,0.5595263056176097
7,m18_h3_q5_d8_l50,3,5,0.4973538275205812,0.29721671652717613,0.7132432937865201
7,m19_h3_q5_d2_l1,3,5,0.5067978707411723,0.18194215923738782,0.49825034817339486
7,m19_h3_q5_d2_l50,3,5,0.5091192649957845,0.27599779556255594,0.583779757129757
7,m19_h3_q5_d4_l1,3,5,0.5044407344152946,0.02695174995858199,0.5767919986325504
7,m19_h3_q5_d4_l50,3,5,0.5103102799233783,0.06459431263820962,0.5192712108072629
7,m19_h3_q5_d8_l1,3,5,0.49396530481303313,0.044058775192196274,0.5761251992506429
7,m19_h3_q5_d8_l50,3,5,0.5098567721248264,0.07399976963942023,0.5357125553261199
7,m20_h3_q5_d2_l1,3,5,0.48592382308817694,-0.03398919418545252,0.6058929280652211
7,m20_h3_q5_d2_l50,3,5,0.48686038158971434,-0.15828304490037823,0.5222743333801284
7,m20_h3_q5_d4_l1,3,5,0.4851435029632017,0.10456816446296598,0.5668783478237192
7,m20_h3_q5_d4_l50,3,5,0.48623629984130134,-0.19204911443264172,0.5170394591554465
7,m20_h3_q5_d8_l1,3,5,0.4945238109998017,0.28637373672550015,0.5243263276736818
7,m20_h3_q5_d8_l50,3,5,0.48966153323993256,-0.23659170201596122,0.42988672783091914
7,m21_h3_q5_d2_l1,3,5,0.5025601590396251,-0.08211845235093544,0.4910369255178508
7,m21_h3_q5_d2_l50,3,5,0.5056432759187165,0.056204147849459665,0.5715670707836409
7,m21_h3_q5_d4_l1,3,5,0.5011834596930173,0.031267143652644463,0.5999248952938501
7,m21_h3_q5_d4_l50,3,5,0.5036266094586888,-0.019701994202743038,0.5123306141365402
7,m21_h3_q5_d8_l1,3,5,0.5124787291088078,0.22686443294164443,0.5891780400893297
7,m21_h3_q5_d8_l50,3,5,0.5023354392419659,0.1083829910211715,0.6326035312798193
7,m22_h3_q5_d2_l1,3,5,0.48848582250545525,-0.05363820251493444,0.593967376103545
7,m22_h3_q5_d2_l50,3,5,0.48596440825853005,-0.20016225293409046,0.5733277469708774
7,m22_h3_q5_d4_l1,3,5,0.48426341499702436,-0.0062380828916797065,0.7065029610678288
7,m22_h3_q5_d4_l50,3,5,0.4877862852732593,-0.04856170006491289,0.6719739248735721
7,m22_h3_q5_d8_l1,3,5,0.47990811284963303,-0.012028198280970893,0.5883082193843662
7,m22_h3_q5_d8_l50,3,5,0.4905371655549494,0.07019226954602616,0.7207972762773773
7,m23_h3_q5_d2_l1,3,5,0.5001292138836542,0.23144926887122758,0.6260828023338211
7,m23_h3_q5_d2_l50,3,5,0.5041447241990676,0.12991032814556885,0.560010808287916
7,m23_h3_q5_d4_l1,3,5,0.5002795436793295,0.26153375980171767,0.6674797584122091
7,m23_h3_q5_d4_l50,3,5,0.5029511908599484,0.055131711424952295,0.5753336809908919
7,m23_h3_q5_d8_l1,3,5,0.49861719834854196,0.2328905688923316,0.673641043368119
7,m23_h3_q5_d8_l50,3,5,0.5036755247594723,0.16595353833551788,0.6370121037705644
7,m24_h3_q5_d2_l1,3,5,0.4836721694604246,-0.49452026592125375,0.35529315966151
7,m24_h3_q5_d2_l50,3,5,0.48332666277152353,-0.5279315489650527,0.30438531389171597
7,m24_h3_q5_d4_l1,3,5,0.47525621931412415,-0.7171373677506901,0.32048107314287827
7,m24_h3_q5_d4_l50,3,5,0.47793639034913704,-0.3205120968191493,0.39607440024185575
7,m24_h3_q5_d8_l1,3,5,0.4820303588697679,-0.4325611026157408,0.37070381416112497
7,m24_h3_q5_d8_l50,3,5,0.47972717466772463,-0.22788368005045503,0.3577818984642357
7,m25_h3_q5_d2_l1,3,5,0.5038734137881868,0.09322933434180755,0.5560920703198972
7,m25_h3_q5_d2_l50,3,5,0.5063611200654632,0.1080299211913633,0.5673882983086053
7,m25_h3_q5_d4_l1,3,5,0.49624892289476297,0.03381754177844556,0.4803717397880009
7,m25_h3_q5_d4_l50,3,5,0.4996452914228328,0.042479984394484596,0.5646430413794638
7,m25_h3_q5_d8_l1,3,5,0.4901150410384844,0.035124544814089505,0.5556396753842815
7,m25_h3_q5_d8_l50,3,5,0.4986431573596508,0.19435707449527173,0.6619665301166217
7,m26_h3_q5_d2_l1,3,5,0.49073185813826625,-0.3931619026694847,0.45763085910515344
7,m26_h3_q5_d2_l50,3,5,0.4889821432999405,-0.4355041932264271,0.38273475993903083
7,m26_h3_q5_d4_l1,3,5,0.48164349211465973,-0.04959177215653002,0.6068601163884082
7,m26_h3_q5_d4_l50,3,5,0.4851051456184288,0.017825036747005737,0.5711217731191806
7,m26_h3_q5_d8_l1,3,5,0.4825648432850625,0.03768139051620254,0.6397658353010364
7,m26_h3_q5_d8_l50,3,5,0.4810539900937314,-0.4615522131319909,0.5109898199392721
7,m27_h3_q5_d2_l1,3,5,0.5020406882315017,0.01853516810293402,0.4801727522801573
7,m27_h3_q5_d2_l50,3,5,0.5029015975252926,0.23613009819096156,0.6225643141841003
7,m27_h3_q5_d4_l1,3,5,0.5031839502020928,-0.057621964034034766,0.42107929551791
7,m27_h3_q5_d4_l50,3,5,0.5019289095045627,-0.0908829896347578,0.43381691863436456
7,m27_h3_q5_d8_l1,3,5,0.49494264220888706,0.03905961879556775,0.5652701988717319
7,m27_h3_q5_d8_l50,3,5,0.5039655295328307,-0.0019084320995152522,0.43211301606072255
7,m28_h3_q5_d2_l1,3,5,0.47754535852881375,-0.5304087401371017,0.42954259217110186
7,m28_h3_q5_d2_l50,3,5,0.4828224961565166,-0.3956630026392872,0.4050261283089918
7,m28_h3_q5_d4_l1,3,5,0.473701681369024,-0.2011634515783795,0.4724742959622444
7,m28_h3_q5_d4_l50,3,5,0.47488795005951195,-0.5971414701754476,0.28540908117253794
7,m28_h3_q5_d8_l1,3,5,0.4664388731154533,-0.14789388537698994,0.5095122924681923
7,m28_h3_q5_d8_l50,3,5,0.46706731365304505,-0.37285846523887173,0.32063350439743227
7,m29_h3_q5_d2_l1,3,5,0.4986340523333664,-0.06607144995528545,0.4364661744106094
7,m29_h3_q5_d2_l50,3,5,0.5011844283128348,0.038252432696251004,0.5380369481293984
7,m29_h3_q5_d4_l1,3,5,0.4991927522440984,-0.09318296682709344,0.4945818361450127
7,m29_h3_q5_d4_l50,3,5,0.5004626128248364,-0.037700157481962975,0.4780970238791866
7,m29_h3_q5_d8_l1,3,5,0.48774366600128943,-0.016439955798383084,0.41552799649884364
7,m29_h3_q5_d8_l50,3,5,0.49578902220541565,-0.1499940112481035,0.49157991928688477
7,m30_h3_q5_d2_l1,3,5,0.48597903441777424,-0.18061862214017216,0.5120138606979269
7,m30_h3_q5_d2_l50,3,5,0.4821672248499802,-0.16773804663440256,0.5470903485142787
7,m30_h3_q5_d4_l1,3,5,0.4776212983225055,0.05713406277866843,0.6231442236764274
7,m30_h3_q5_d4_l50,3,5,0.4760709254426205,-0.25018671565515094,0.5222404406828843
7,m30_h3_q5_d8_l1,3,5,0.4708053143907459,0.11167432817195272,0.6412534239742346
7,m30_h3_q5_d8_l50,3,5,0.4770955314855684,-0.22193046344749004,0.5426762645725851
7,m31_h3_q5_d2_l1,3,5,0.4985871711341996,0.013286808571040427,0.547580810617917
7,m31_h3_q5_d2_l50,3,5,0.49587329212953773,-0.15710476282447536,0.5094676268871103
7,m31_h3_q5_d4_l1,3,5,0.5006218539228328,-0.3245685192386175,0.38340557142695103
7,m31_h3_q5_d4_l50,3,5,0.4937617009273954,-0.29063408449821015,0.46987745283543036
7,m31_h3_q5_d8_l1,3,5,0.491491837247074,-0.22185411699674734,0.37383820535742107
7,m31_h3_q5_d8_l50,3,5,0.49202302835498907,-0.4285582197969953,0.3860143863950672
7,m01_h6_q3_d2_l1,6,3,0.493883587098224,-0.056825229505661747,0.5107316606090386
7,m01_h6_q3_d2_l50,6,3,0.4922875202881414,-0.03590237141619838,0.5543706305700867
7,m01_h6_q3_d4_l1,6,3,0.48849995819614367,-0.042546313042613984,0.5277998033333497
7,m01_h6_q3_d4_l50,6,3,0.4873380026839993,-0.035898116183918805,0.519419930113889
7,m01_h6_q3_d8_l1,6,3,0.48876818117540644,-0.20846890128104537,0.585083567947389
7,m01_h6_q3_d8_l50,6,3,0.4886875225884594,-0.0068152849938235005,0.5660024384296483
7,m02_h6_q3_d2_l1,6,3,0.5074762547460647,-0.17914670303715094,0.5108581690049115
7,m02_h6_q3_d2_l50,6,3,0.516264354316215,-0.0821893954815827,0.5516196934558673
7,m02_h6_q3_d4_l1,6,3,0.5035385821577012,-0.07506406931695205,0.5365535461545095
7,m02_h6_q3_d4_l50,6,3,0.5134376173659855,-0.1154881796016395,0.527507948208
7,m02_h6_q3_d8_l1,6,3,0.5000711476566764,-0.20169253825046637,0.5150675096268258
7,m02_h6_q3_d8_l50,6,3,0.5129893502648536,-0.14004885966210087,0.527507948208
7,m03_h6_q3_d2_l1,6,3,0.5075301500175989,-0.15877057301673922,0.5773175689851138
7,m03_h6_q3_d2_l50,6,3,0.5129799867908662,-0.14927827625267207,0.5963534345900493
7,m03_h6_q3_d4_l1,6,3,0.4978118962126001,-0.31205687935282156,0.5475291587994218
7,m03_h6_q3_d4_l50,6,3,0.5121077091471999,-0.20451400042452145,0.6477784952019047
7,m03_h6_q3_d8_l1,6,3,0.4984760393124349,-0.36895758281513624,0.4073622371295238
7,m03_h6_q3_d8_l50,6,3,0.5101077595772487,-0.02336997917093471,0.670309934000473
7,m04_h6_q3_d2_l1,6,3,0.4985185804501575,0.2086782078487142,0.7475823110411007
7,m04_h6_q3_d2_l50,6,3,0.49703870919128923,-0.1387800292518797,0.5925462322713304
7,m04_h6_q3_d4_l1,6,3,0.5049108103297846,0.3819075277490242,0.6625443735795589
7,m04_h6_q3_d4_l50,6,3,0.5004810761241588,0.08445991350657464,0.5851047716728919
7,m04_h6_q3_d8_l1,6,3,0.512044302945395,0.7808966533593097,0.6926379753132481
7,m04_h6_q3_d8_l50,6,3,0.5022687623743469,0.08135551345098856,0.5904550699493768
7,m05_h6_q3_d2_l1,6,3,0.5020410898729827,0.0772681315238215,0.6323800522040809
7,m05_h6_q3_d2_l50,6,3,0.5027918635392369,-0.023410360972622443,0.5804872074321955
7,m05_h6_q3_d4_l1,6,3,0.4945727977662143,0.12345246799068998,0.6127289989983098
7,m05_h6_q3_d4_l50,6,3,0.49637714657641163,0.08451474662380871,0.6050475505688999
7,m05_h6_q3_d8_l1,6,3,0.4862412228490589,0.04207142346027664,0.6190235135630557
7,m05_h6_q3_d8_l50,6,3,0.49541130792101234,0.20480319401668606,0.619793155638201
7,m06_h6_q3_d2_l1,6,3,0.5029403520164868,-0.12230269747383854,0.6134679435666595
7,m06_h6_q3_d2_l50,6,3,0.5111311061831221,-0.0578679614655189,0.5478971592904647
7,m06_h6_q3_d4_l1,6,3,0.5012446047589156,0.03039971244635896,0.5928112795440588
7,m06_h6_q3_d4_l50,6,3,0.5154997934874753,0.07046270653729003,0.6433995830152406
7,m06_h6_q3_d8_l1,6,3,0.4988826500135438,-0.07447356956389387,0.5311436731183693
7,m06_h6_q3_d8_l50,6,3,0.5146032592852116,0.08249954702255334,0.6221778027019365
7,m07_h6_q3_d2_l1,6,3,0.5043700144109026,0.03288041473198874,0.6437057641065312
7,m07_h6_q3_d2_l50,6,3,0.510550718252183,-0.1228267153280953,0.5882197858454999
7,m07_h6_q3_d4_l1,6,3,0.4970736563304236,-0.0018525973082914096,0.6400466166962664
7,m07_h6_q3_d4_l50,6,3,0.5132715815910267,-0.2577128857019868,0.5705768728000781
7,m07_h6_q3_d8_l1,6,3,0.48483095095589274,-0.2330683338772007,0.5870229358418432
7,m07_h6_q3_d8_l50,6,3,0.5123451874914015,-0.14373318329416385,0.551957062493333
7,m08_h6_q3_d2_l1,6,3,0.5181056409253707,0.20620931875608786,0.6982011775406
7,m08_h6_q3_d2_l50,6,3,0.5138381086313387,0.22282639706682597,0.7824181751790855
7,m08_h6_q3_d4_l1,6,3,0.5205790726208924,0.2721586860376246,0.6484969780659186
7,m08_h6_q3_d4_l50,6,3,0.5170567843824923,0.4094583363384049,0.6866394471704377
7,m08_h6_q3_d8_l1,6,3,0.5177427510122505,0.23980108672474867,0.6480471713705894
7,m08_h6_q3_d8_l50,6,3,0.5164147597251474,0.43510535194199396,0.6681496675890509
7,m09_h6_q3_d2_l1,6,3,0.5120763746870055,0.009305597590409076,0.6244073491929018
7,m09_h6_q3_d2_l50,6,3,0.5136666907020409,-0.2043940432600652,0.5560914442293945
7,m09_h6_q3_d4_l1,6,3,0.5006659863033757,0.05221589325448923,0.5584702680498119
7,m09_h6_q3_d4_l50,6,3,0.5101743360891439,0.08426590779395379,0.5990250742527583
7,m09_h6_q3_d8_l1,6,3,0.5047593727268692,0.5073842962201058,0.6965961575693861
7,m09_h6_q3_d8_l50,6,3,0.50728286583056,0.16266970817078594,0.621411275448271
7,m10_h6_q3_d2_l1,6,3,0.5108145175429477,0.0071314770336049615,0.5860165429058609
7,m10_h6_q3_d2_l50,6,3,0.5184736918084053,-0.20238514143774877,0.48197579081066216
7,m10_h6_q3_d4_l1,6,3,0.5082619018233118,0.1272701255334005,0.5957467881304035
7,m10_h6_q3_d4_l50,6,3,0.5206140934881683,0.0755758304864903,0.6008106760160266
7,m10_h6_q3_d8_l1,6,3,0.5089338601061597,0.1312456064330423,0.5885914547894446
7,m10_h6_q3_d8_l50,6,3,0.5199543740768315,-0.07526742996850885,0.5335090374443309
7,m11_h6_q3_d2_l1,6,3,0.514237420246426,-0.19272171825075146,0.4726223244300804
7,m11_h6_q3_d2_l50,6,3,0.5187627061236088,-0.06429478200017766,0.6157699676643795
7,m11_h6_q3_d4_l1,6,3,0.5048591269024993,0.010128546530556703,0.5497992691258046
7,m11_h6_q3_d4_l50,6,3,0.519805000861882,-0.17071519153004633,0.5499182716348733
7,m11_h6_q3_d8_l1,6,3,0.4969256839501651,-0.43277227604907814,0.4656090518031164
7,m11_h6_q3_d8_l50,6,3,0.5194794911165699,0.032101155507718325,0.5399496217885792
7,m12_h6_q3_d2_l1,6,3,0.508634228938561,-0.01371997719435065,0.6742681590569722
7,m12_h6_q3_d2_l50,6,3,0.5111593440613678,-0.10066120895119389,0.6168870681069234
7,m12_h6_q3_d4_l1,6,3,0.506857749365901,-0.05374294527939456,0.6197640809025499
7,m12_h6_q3_d4_l50,6,3,0.5158143914678255,0.19218297332748688,0.7153013075926719
7,m12_h6_q3_d8_l1,6,3,0.5035486829131051,0.17899512700781975,0.7331014572875736
7,m12_h6_q3_d8_l50,6,3,0.5161528036379235,0.28062231326776155,0.7423218662211729
7,m13_h6_q3_d2_l1,6,3,0.508399625991883,0.23947016094850368,0.7428217180953867
7,m13_h6_q3_d2_l50,6,3,0.5115961833005465,0.13271531657306515,0.6491175600690579
7,m13_h6_q3_d4_l1,6,3,0.5069510154650676,0.10362189804244107,0.6722652886018935
7,m13_h6_q3_d4_l50,6,3,0.5125070944904286,0.13766568109259825,0.7029216652839158
7,m13_h6_q3_d8_l1,6,3,0.49860911860808343,0.447654893983102,0.6303367006235441
7,m13_h6_q3_d8_l50,6,3,0.5118965517495614,0.11252950261394928,0.6280254808456571
7,m14_h6_q3_d2_l1,6,3,0.5062393177138791,-0.11234146078513471,0.5980539085172311
7,m14_h6_q3_d2_l50,6,3,0.515786743414713,-0.04313575287166383,0.573943279414324
7,m14_h6_q3_d4_l1,6,3,0.5011768485967544,-0.24151696871683317,0.5414947955851067
7,m14_h6_q3_d4_l50,6,3,0.5175262114602729,-0.12914575790544547,0.581249112600815
7,m14_h6_q3_d8_l1,6,3,0.498132613628706,-0.29731783153994334,0.4931920398349782
7,m14_h6_q3_d8_l50,6,3,0.5198979720484818,-0.1209684866480109,0.5818662552711867
7,m15_h6_q3_d2_l1,6,3,0.5099504237230028,-0.04248892689164567,0.6199038079367907
7,m15_h6_q3_d2_l50,6,3,0.5176742575686729,0.1220045902491495,0.7228235329485818
7,m15_h6_q3_d4_l1,6,3,0.5006916436966642,-0.38511503353428295,0.47146044169308826
7,m15_h6_q3_d4_l50,6,3,0.5179629769713098,-0.23039235469975605,0.5712089512891982
7,m15_h6_q3_d8_l1,6,3,0.4933797289783005,-0.031964989511412634,0.5917922278369415
7,m15_h6_q3_d8_l50,6,3,0.5158773553007806,0.07238837719791537,0.6278552478344064
7,m16_h6_q3_d2_l1,6,3,0.4776400978460913,0.036130496389987,0.5640601425556233
7,m16_h6_q3_d2_l50,6,3,0.4796095239654061,-0.04303944548971941,0.5088694498224476
7,m16_h6_q3_d4_l1,6,3,0.47690311134232255,0.026321324633529205,0.6300424921935504
7,m16_h6_q3_d4_l50,6,3,0.47681743924174447,-0.032957424887953383,0.5708898301941095
7,m16_h6_q3_d8_l1,6,3,0.47897133317142626,0.11933689383380795,0.5851477714817868
7,m16_h6_q3_d8_l50,6,3,0.47646988478208396,0.024246805863880384,0.6073400600661965
7,m17_h6_q3_d2_l1,6,3,0.502642342868004,0.21325694948177273,0.5729472629292652
7,m17_h6_q3_d2_l50,6,3,0.5049839486462849,0.2699109757829108,0.6346674642232998
7,m17_h6_q3_d4_l1,6,3,0.5022878579630301,0.23522476209552096,0.6400100243827135
7,m17_h6_q3_d4_l50,6,3,0.5043754702933835,0.07789859771787712,0.5876766245774492
7,m17_h6_q3_d8_l1,6,3,0.49712128470991884,-0.0350799537175014,0.503003483153308
7,m17_h6_q3_d8_l50,6,3,0.5044359273695229,0.2246860428573067,0.6381869916106193
7,m18_h6_q3_d2_l1,6,3,0.49211315323317806,-0.013618176107095765,0.5186223028363758
7,m18_h6_q3_d2_l50,6,3,0.49924686703321347,0.04026138665688568,0.5566456757014081
7,m18_h6_q3_d4_l1,6,3,0.4961043524523676,0.16237811180300954,0.5659729303094686
7,m18_h6_q3_d4_l50,6,3,0.5039965076453871,0.022113506973616734,0.519616008989634
7,m18_h6_q3_d8_l1,6,3,0.4972291489811287,0.04288992688876947,0.46955492184436887
7,m18_h6_q3_d8_l50,6,3,0.5047045927176355,-0.09308481278979766,0.5280253903195806
7,m19_h6_q3_d2_l1,6,3,0.5025978110704574,0.15283607310726968,0.5218573304554877
7,m19_h6_q3_d2_l50,6,3,0.5082736245978314,0.08702832497351254,0.5203208719258868
7,m19_h6_q3_d4_l1,6,3,0.5019933140372042,0.22800941908928954,0.5934257812382703
7,m19_h6_q3_d4_l50,6,3,0.5095468358757008,-0.12226900397861304,0.4961637471606956
7,m19_h6_q3_d8_l1,6,3,0.49494357659048926,-0.02673175121700336,0.49821304982114
7,m19_h6_q3_d8_l50,6,3,0.508802845198477,0.08312721694318412,0.5315745208432913
7,m20_h6_q3_d2_l1,6,3,0.47982208219773564,0.17316807700110246,0.6148314991313174
7,m20_h6_q3_d2_l50,6,3,0.48346779134523044,0.1560313169998767,0.6318882618289615
7,m20_h6_q3_d4_l1,6,3,0.4733421158295647,-0.2289676800089358,0.5046939130118587
7,m20_h6_q3_d4_l50,6,3,0.4810846028950682,0.01853563369679151,0.5481539770077833
7,m20_h6_q3_d8_l1,6,3,0.47710313579057434,0.0723033000682968,0.6214244476995086
7,m20_h6_q3_d8_l50,6,3,0.4781493381203541,-0.0919209805627181,0.47578122277533547
7,m21_h6_q3_d2_l1,6,3,0.4976130514146145,-0.054272865332414,0.5288892245633005
7,m21_h6_q3_d2_l50,6,3,0.5026787645699711,0.10582068321309662,0.5174942347881143
7,m21_h6_q3_d4_l1,6,3,0.4992748099988926,0.16038006155137152,0.5576947420869285
7,m21_h6_q3_d4_l50,6,3,0.5010469396111962,0.21408621504210087,0.627020249045397
7,m21_h6_q3_d8_l1,6,3,0.4959629418767144,0.06294277075643342,0.5638785914883124
7,m21_h6_q3_d8_l50,6,3,0.49972941772020496,0.07778144389623379,0.5917066228838089
7,m22_h6_q3_d2_l1,6,3,0.49063011166421966,0.15323896688700156,0.5822281165465778
7,m22_h6_q3_d2_l50,6,3,0.49943789664818594,0.11619406627240679,0.6047480311555224
7,m22_h6_q3_d4_l1,6,3,0.4844395282519603,0.15112945333760383,0.5922242177217719
7,m22_h6_q3_d4_l50,6,3,0.498794102515442,0.1341352284341412,0.614834590888308
7,m22_h6_q3_d8_l1,6,3,0.4847618676871821,-0.04330537393426494,0.5625868427139693
7,m22_h6_q3_d8_l50,6,3,0.4966822336264912,0.10711756233904032,0.6346422787329384
7,m23_h6_q3_d2_l1,6,3,0.49981427881122514,0.21303004728616584,0.6119839433822268
7,m23_h6_q3_d2_l50,6,3,0.5072677515615251,0.11050881972298288,0.5567065745177145
7,m23_h6_q3_d4_l1,6,3,0.4979672414070219,0.34085757889986523,0.6195458316453889
7,m23_h6_q3_d4_l50,6,3,0.5083396850127351,0.1395188971419943,0.5501641173744177
7,m23_h6_q3_d8_l1,6,3,0.4937343613395577,-0.26753961606390725,0.4741649678644301
7,m23_h6_q3_d8_l50,6,3,0.5080903364377305,0.12905626036102652,0.5815382510848995
7,m24_h6_q3_d2_l1,6,3,0.5019023335104283,0.025973683400061117,0.6701303723276774
7,m24_h6_q3_d2_l50,6,3,0.4986466462321749,-0.044772958151763104,0.6291561420373035
7,m24_h6_q3_d4_l1,6,3,0.4997699681981034,0.17014219814638507,0.7157929381376005
7,m24_h6_q3_d4_l50,6,3,0.5002666009601469,0.1283335056870353,0.6885411101699329
7,m24_h6_q3_d8_l1,6,3,0.505967113414968,0.4142506306002547,0.7839524360139609
7,m24_h6_q3_d8_l50,6,3,0.49925844235145,0.07487739266886649,0.6999687658061998
7,m25_h6_q3_d2_l1,6,3,0.5084331722963265,0.2080887512646594,0.5991724140316177
7,m25_h6_q3_d2_l50,6,3,0.5117786604510894,0.09265971887882658,0.5483636455360432
7,m25_h6_q3_d4_l1,6,3,0.5047552439509377,-0.02295993489541175,0.5657853066442595
7,m25_h6_q3_d4_l50,6,3,0.5105389217495216,0.1364905404871627,0.5496790395989647
7,m25_h6_q3_d8_l1,6,3,0.5034726691990808,0.09457366967963421,0.6268683694652691
7,m25_h6_q3_d8_l50,6,3,0.5098186715339037,0.27054166572186106,0.6066989942087609
7,m26_h6_q3_d2_l1,6,3,0.5008904147665082,0.013631902716860059,0.6347639841039013
7,m26_h6_q3_d2_l50,6,3,0.5067181819937889,0.032150995211484415,0.5859162874106183
7,m26_h6_q3_d4_l1,6,3,0.4987870246138451,0.07925687150084597,0.598680850720832
7,m26_h6_q3_d4_l50,6,3,0.5086294366093548,0.1855314490202415,0.6533595553287027
7,m26_h6_q3_d8_l1,6,3,0.5052251133975683,0.16031143902455514,0.6925929600298152
7,m26_h6_q3_d8_l50,6,3,0.5092890822925501,0.19446585013205947,0.659599438664612
7,m27_h6_q3_d2_l1,6,3,0.5099581651778743,0.025837969598004763,0.4983399186959815
7,m27_h6_q3_d2_l50,6,3,0.5158488225099683,-0.16490345038690618,0.45004829980236327
7,m27_h6_q3_d4_l1,6,3,0.5076175178654346,0.13751856721143207,0.5715922510049293
7,m27_h6_q3_d4_l50,6,3,0.513560227265522,-0.201557185143937,0.5391015263664463
7,m27_h6_q3_d8_l1,6,3,0.5003693042614423,-0.021371729482632506,0.5514522916489619
7,m27_h6_q3_d8_l50,6,3,0.5151468568734756,0.14638751863854685,0.6480209136581222
7,m28_h6_q3_d2_l1,6,3,0.4951621805304327,0.04906282778169452,0.6318756637547137
7,m28_h6_q3_d2_l50,6,3,0.4989354393629535,0.014330051049596585,0.6383871820981932
7,m28_h6_q3_d4_l1,6,3,0.4913003741998101,0.2352284607189544,0.6481539536905881
7,m28_h6_q3_d4_l50,6,3,0.49720968475173744,-0.08900979148007294,0.5851548821900312
7,m28_h6_q3_d8_l1,6,3,0.49474672245232776,0.3341730057204788,0.7723107739361841
7,m28_h6_q3_d8_l50,6,3,0.4961751314683357,-0.06758006026448211,0.5992671295125614
7,m29_h6_q3_d2_l1,6,3,0.5079760578181984,0.3323031203615314,0.5728142527363813
7,m29_h6_q3_d2_l50,6,3,0.5092571580072227,-0.07208444337139583,0.4608772523476598
7,m29_h6_q3_d4_l1,6,3,0.49835048028723306,0.4740916631240054,0.6405180742214274
7,m29_h6_q3_d4_l50,6,3,0.5049515819921078,-0.07201232441309983,0.4448001737177761
7,m29_h6_q3_d8_l1,6,3,0.49213711487920897,0.10151158730623694,0.6347211475773186
7,m29_h6_q3_d8_l50,6,3,0.5045098766955813,-0.008701960621617842,0.5006474445654022
7,m30_h6_q3_d2_l1,6,3,0.49877124679153556,0.09734520475572123,0.6472964533136655
7,m30_h6_q3_d2_l50,6,3,0.5044145462084492,-0.058076395524213086,0.5719962775509201
7,m30_h6_q3_d4_l1,6,3,0.49274736270750974,0.2164689743383241,0.6494234150951405
7,m30_h6_q3_d4_l50,6,3,0.5025153092799695,0.15526129928003057,0.732903566704331
7,m30_h6_q3_d8_l1,6,3,0.4901854572420278,0.14569558513466455,0.6282873053739303
7,m30_h6_q3_d8_l50,6,3,0.5029980811513858,0.08737548930139283,0.7296469509929615
7,m31_h6_q3_d2_l1,6,3,0.5031313816314593,0.30910677303818707,0.6425276036911265
7,m31_h6_q3_d2_l50,6,3,0.5097034344485304,0.00633585522814152,0.5444402591307406
7,m31_h6_q3_d4_l1,6,3,0.4967237425702309,-0.08219725283937866,0.4921759844535444
7,m31_h6_q3_d4_l50,6,3,0.5094869686246943,-0.053919913569432786,0.5118741566679694
7,m31_h6_q3_d8_l1,6,3,0.49329877547878687,-0.30358665445627014,0.40963665999319715
7,m31_h6_q3_d8_l50,6,3,0.5100756141074965,-0.007459948454690147,0.530737108605587
7,m01_h6_q5_d2_l1,6,5,0.5169047765384815,0.23211936458962418,0.6213196903342314
7,m01_h6_q5_d2_l50,6,5,0.5176514139407897,0.3611243513193397,0.6925347941905207
7,m01_h6_q5_d4_l1,6,5,0.5085290131204389,-0.07440387227795525,0.5595667653354477
7,m01_h6_q5_d4_l50,6,5,0.5084802886108379,0.39954926127805823,0.7020985534270098
7,m01_h6_q5_d8_l1,6,5,0.5005072605584597,-0.12202018666499762,0.4454129809849752
7,m01_h6_q5_d8_l50,6,5,0.5073594227136277,0.30271290090325886,0.6425315837799821
7,m02_h6_q5_d2_l1,6,5,0.47981410285440707,-0.8301555136177952,0.38202138207765546
7,m02_h6_q5_d2_l50,6,5,0.488668619960147,-0.6399836466587758,0.39676277271702604
7,m02_h6_q5_d4_l1,6,5,0.47480781112520065,-0.5490353567373164,0.4078201058241041
7,m02_h6_q5_d4_l50,6,5,0.481077300929041,-0.5504777414119362,0.3179895933675664
7,m02_h6_q5_d8_l1,6,5,0.47506720343149933,-0.4255019088492749,0.44141105618224435
7,m02_h6_q5_d8_l50,6,5,0.47974212806014194,-0.5182225727520262,0.36303559516126716
7,m03_h6_q5_d2_l1,6,5,0.5156579547513069,0.17253580384389858,0.5783927289596313
7,m03_h6_q5_d2_l50,6,5,0.5173259099554888,0.12886917774655926,0.6298803018443225
7,m03_h6_q5_d4_l1,6,5,0.510163508132343,0.11898863691977518,0.5157277775870847
7,m03_h6_q5_d4_l50,6,5,0.5163738613425806,0.1196189378885938,0.6823267696074343
7,m03_h6_q5_d8_l1,6,5,0.5094312252536101,0.22608064373546896,0.6026244781343686
7,m03_h6_q5_d8_l50,6,5,0.5158029152217795,0.06777334402109914,0.641327580870055
7,m04_h6_q5_d2_l1,6,5,0.491658000038818,0.3850473421357559,0.5060795269486564
7,m04_h6_q5_d2_l50,6,5,0.49106633083820717,-0.03468299348787035,0.4668292735499099
7,m04_h6_q5_d4_l1,6,5,0.4947646424227525,0.34034841824634277,0.668226070992768
7,m04_h6_q5_d4_l50,6,5,0.491323094851457,-0.018678245573480367,0.5624280154623202
7,m04_h6_q5_d8_l1,6,5,0.4980494022048548,0.6867633181282309,0.6759402887330125
7,m04_h6_q5_d8_l50,6,5,0.4905833314463537,-0.0726407810043543,0.5461554573047221
7,m05_h6_q5_d2_l1,6,5,0.5133243337883651,0.47856418794613453,0.7023654031821803
7,m05_h6_q5_d2_l50,6,5,0.5143043838310647,0.5116928454830634,0.7115286469616341
7,m05_h6_q5_d4_l1,6,5,0.5057011719760882,0.2765779154270696,0.5854743498210264
7,m05_h6_q5_d4_l50,6,5,0.510484766413488,0.304228794938499,0.6106604881034641
7,m05_h6_q5_d8_l1,6,5,0.4852633630505667,-0.05287756609731486,0.6435898147632871
7,m05_h6_q5_d8_l50,6,5,0.5095646616699446,0.29799400490923766,0.5961655784463318
7,m06_h6_q5_d2_l1,6,5,0.48341466215516793,-0.3210756927367243,0.5667717870849968
7,m06_h6_q5_d2_l50,6,5,0.4799019484951607,-0.331632618718348,0.5864803196265046
7,m06_h6_q5_d4_l1,6,5,0.47954995940298123,-0.5256774161476563,0.3419218898876943
7,m06_h6_q5_d4_l50,6,5,0.4816726093046426,-0.3123966219687031,0.4912886889241457
7,m06_h6_q5_d8_l1,6,5,0.4824194488833393,-0.30771633750664107,0.3982532409272274
7,m06_h6_q5_d8_l50,6,5,0.48109640659774344,-0.48443839812673556,0.4691608633768858
7,m07_h6_q5_d2_l1,6,5,0.5063761378487138,-0.03187125400630579,0.5369978677356855
7,m07_h6_q5_d2_l50,6,5,0.5123162823158739,-0.05811878239800702,0.6278386012412093
7,m07_h6_q5_d4_l1,6,5,0.5000218350499457,-0.05924921138759473,0.47273971650755287
7,m07_h6_q5_d4_l50,6,5,0.5097816980228767,-0.1590965875749226,0.5341486942921964
7,m07_h6_q5_d8_l1,6,5,0.5037732179364423,-0.041375310508056845,0.3504223984779084
7,m07_h6_q5_d8_l50,6,5,0.5092879832824388,-0.03453610973512694,0.6330853794274643
7,m08_h6_q5_d2_l1,6,5,0.5050709881734898,-0.282834859856109,0.5571520022924435
7,m08_h6_q5_d2_l50,6,5,0.499943896052223,0.0531507600451849,0.5975096722065641
7,m08_h6_q5_d4_l1,6,5,0.512993067775995,0.11239873285753064,0.6754304628442972
7,m08_h6_q5_d4_l50,6,5,0.5012483381100875,0.012610060124528838,0.5467545703843807
7,m08_h6_q5_d8_l1,6,5,0.5089236614305677,-0.1053174186540982,0.5722339614218327
7,m08_h6_q5_d8_l50,6,5,0.501753374728275,-0.020432574425999807,0.539292916847068
7,m09_h6_q5_d2_l1,6,5,0.5156601786915791,0.3265785987108192,0.6600350461042579
7,m09_h6_q5_d2_l50,6,5,0.5151863783253973,0.3872082714472252,0.6350556703708945
7,m09_h6_q5_d4_l1,6,5,0.5083084386807102,0.4463702016837668,0.7304228940686939
7,m09_h6_q5_d4_l50,6,5,0.5075104484757518,0.49585308897063557,0.6992125703678879
7,m09_h6_q5_d8_l1,6,5,0.5046607722814554,0.37091397403425524,0.7490065799239982
7,m09_h6_q5_d8_l50,6,5,0.5075201529423943,0.49316721714455014,0.6825377472542354
7,m10_h6_q5_d2_l1,6,5,0.48063584878500076,-0.4973543291439744,0.4810078487327906
7,m10_h6_q5_d2_l50,6,5,0.4856001889136173,-0.4489210969473652,0.4772817223093971
7,m10_h6_q5_d4_l1,6,5,0.48662299926246044,-0.3601668228992933,0.4505685289475029
7,m10_h6_q5_d4_l50,6,5,0.4915470052015941,-0.338952822757177,0.4530552194897819
7,m10_h6_q5_d8_l1,6,5,0.48841367553439263,-0.5114183290288599,0.38867620277442116
7,m10_h6_q5_d8_l50,6,5,0.4908610207158014,-0.37664717548808885,0.430994169191934
7,m11_h6_q5_d2_l1,6,5,0.5125132021181615,-0.08890926934042359,0.5395098858044137
7,m11_h6_q5_d2_l50,6,5,0.5151837500323482,-0.20127696751798815,0.5249633922169853
7,m11_h6_q5_d4_l1,6,5,0.5062297621435226,-0.03680851392474343,0.5198324791941128
7,m11_h6_q5_d4_l50,6,5,0.5112898327920398,0.1878041862501627,0.5573119590248903
7,m11_h6_q5_d8_l1,6,5,0.4962612531377776,-0.29789672658661537,0.3321938417331149
7,m11_h6_q5_d8_l50,6,5,0.5104962904676259,0.08201240586222656,0.5028863842199611
7,m12_h6_q5_d2_l1,6,5,0.48926716315796287,0.15907530026896485,0.6825629669498177
7,m12_h6_q5_d2_l50,6,5,0.4917270432754515,-0.09524625471012406,0.5633052367692016
7,m12_h6_q5_d4_l1,6,5,0.49818637670798616,0.06190944929729241,0.7488537017580471
7,m12_h6_q5_d4_l50,6,5,0.4938070339591636,-0.08798948071232161,0.4679160639946877
7,m12_h6_q5_d8_l1,6,5,0.49694865285828893,0.2388008773746102,0.721283668489334
7,m12_h6_q5_d8_l50,6,5,0.4960896053840381,-0.06859793789250239,0.41418190041496494
7,m13_h6_q5_d2_l1,6,5,0.5082929721869986,0.27120085311247244,0.6088891906562266
7,m13_h6_q5_d2_l50,6,5,0.5126655420268103,0.3234393147000475,0.6695104747997165
7,m13_h6_q5_d4_l1,6,5,0.5046220555030796,0.21317862329917533,0.5614294917077842
7,m13_h6_q5_d4_l50,6,5,0.5094771192937736,0.3817307070899629,0.7082653694801855
7,m13_h6_q5_d8_l1,6,5,0.4938834566339734,0.3716751944653071,0.7197280693072092
7,m13_h6_q5_d8_l50,6,5,0.5071906054293256,0.3139133843346093,0.6908615152317967
7,m14_h6_q5_d2_l1,6,5,0.48477480380803273,-0.4485596414241224,0.4788230816696758
7,m14_h6_q5_d2_l50,6,5,0.4908630424796854,-0.43484471619594,0.49236508870447593
7,m14_h6_q5_d4_l1,6,5,0.4845541282801097,-0.21776515333084254,0.6161855065913833
7,m14_h6_q5_d4_l50,6,5,0.4909053984330521,-0.32013164445380315,0.5293264307461737
7,m14_h6_q5_d8_l1,6,5,0.4801638680063144,-0.3202905282088547,0.4484174238279944
7,m14_h6_q5_d8_l50,6,5,0.49268455065084626,-0.3571710235281217,0.49237478220772074
7,m15_h6_q5_d2_l1,6,5,0.5086391992521091,-0.14816704108248077,0.4952533878186205
7,m15_h6_q5_d2_l50,6,5,0.5113404779773303,0.2629749967908832,0.8073333113798032
7,m15_h6_q5_d4_l1,6,5,0.5017742999844729,-0.01315899969704368,0.5268530907149532
7,m15_h6_q5_d4_l50,6,5,0.5114340856451529,0.12650790092752268,0.7234179357824091
7,m15_h6_q5_d8_l1,6,5,0.49558709597070544,-0.36523624968582274,0.36467443455326576
7,m15_h6_q5_d8_l50,6,5,0.5114552130777392,-0.02857468543271601,0.602000576982238
7,m16_h6_q5_d2_l1,6,5,0.4848974237875887,0.24525783621531208,0.6770225783493243
7,m16_h6_q5_d2_l50,6,5,0.477198344741473,0.1110446238327772,0.5909142937612711
7,m16_h6_q5_d4_l1,6,5,0.499727466228456,0.3220180644111648,0.7368374207824485
7,m16_h6_q5_d4_l50,6,5,0.4891949861873091,0.1101198588353727,0.6195720041229081
7,m16_h6_q5_d8_l1,6,5,0.4997098768826665,0.5663887561904665,0.7879570101144903
7,m16_h6_q5_d8_l50,6,5,0.4914541051511309,0.05428102219435491,0.5497172116271427
7,m17_h6_q5_d2_l1,6,5,0.5234130366570053,0.4800665713583652,0.7202608467129274
7,m17_h6_q5_d2_l50,6,5,0.5159313983165985,0.3431860839723251,0.7400608370651115
7,m17_h6_q5_d4_l1,6,5,0.5312486858534755,0.39464620095114206,0.582107194920913
7,m17_h6_q5_d4_l50,6,5,0.5127713813661301,0.3769345509726698,0.7199907437145913
7,m17_h6_q5_d8_l1,6,5,0.5236874911042388,0.27177353482835404,0.5837408887068528
7,m17_h6_q5_d8_l50,6,5,0.512697384807981,0.3358334585952748,0.708305993863718
7,m18_h6_q5_d2_l1,6,5,0.4862266324530304,-0.2413635467466096,0.4884275138541925
7,m18_h6_q5_d2_l50,6,5,0.46880286912556285,-0.8676328858839019,0.3713292997871335
7,m18_h6_q5_d4_l1,6,5,0.4910058800980798,-0.240837098852191,0.5182400830268749
7,m18_h6_q5_d4_l50,6,5,0.46885624369209666,-0.8931471373999129,0.2378320997248522
7,m18_h6_q5_d8_l1,6,5,0.5006719332267998,0.07066011814271869,0.5220798641998757
7,m18_h6_q5_d8_l50,6,5,0.46825153411443504,-0.6539002055128138,0.3688268386129597
7,m19_h6_q5_d2_l1,6,5,0.5173763529643911,0.08088901415155343,0.5507847924201072
7,m19_h6_q5_d2_l50,6,5,0.5091436293411314,-0.17272150182118784,0.5483661199878445
7,m19_h6_q5_d4_l1,6,5,0.5187503436998603,-0.12712595973012522,0.45116631652580674
7,m19_h6_q5_d4_l50,6,5,0.508276393723151,-0.010227048279289075,0.6187350845065543
7,m19_h6_q5_d8_l1,6,5,0.5181945608081879,0.034715405792015465,0.5164755189528166
7,m19_h6_q5_d8_l50,6,5,0.5072815848040991,-0.15033978032795184,0.5388855322903063
7,m20_h6_q5_d2_l1,6,5,0.47818102307722166,-0.02118423662081588,0.4290931816270362
7,m20_h6_q5_d2_l50,6,5,0.47265786741110716,0.1295971891692757,0.45229765575276054
7,m20_h6_q5_d4_l1,6,5,0.48119587738082914,0.012407350162143648,0.5909291890865239
7,m20_h6_q5_d4_l50,6,5,0.46767371399642876,-0.28744322143597095,0.3683573808021141
7,m20_h6_q5_d8_l1,6,5,0.4896290588931733,0.495984102132034,0.765075711329245
7,m20_h6_q5_d8_l50,6,5,0.4668777455553542,-0.2971840483310144,0.37463877173609605
7,m21_h6_q5_d2_l1,6,5,0.5103999534185601,0.3096713950932131,0.6375636960360882
7,m21_h6_q5_d2_l50,6,5,0.5055537853889551,0.44339572209169037,0.7436044675680422
7,m21_h6_q5_d4_l1,6,5,0.507225885209099,0.49243406232937836,0.7119494535510148
7,m21_h6_q5_d4_l50,6,5,0.5013016115884271,0.14980336682733755,0.6251525003081174
7,m21_h6_q5_d8_l1,6,5,0.5066256235119818,0.24648717392207764,0.5907128781057827
7,m21_h6_q5_d8_l50,6,5,0.5007798954181979,0.12303165348922779,0.6374195299296567
7,m22_h6_q5_d2_l1,6,5,0.4791641057657471,-0.3152055566623602,0.5443177885036727
7,m22_h6_q5_d2_l50,6,5,0.4672346879690492,-0.32837089452073903,0.5195458398188066
7,m22_h6_q5_d4_l1,6,5,0.47751940084622946,-0.3637675216952922,0.5136907790762345
7,m22_h6_q5_d4_l50,6,5,0.46418637347316394,-0.22710156024921266,0.53561865719202
7,m22_h6_q5_d8_l1,6,5,0.4832043987112469,-0.34651490884765157,0.5069340829000865
7,m22_h6_q5_d8_l50,6,5,0.4650724114952643,-0.29481457537569633,0.585905661475147
7,m23_h6_q5_d2_l1,6,5,0.5057123927656437,0.003685190088074082,0.534444346408473
7,m23_h6_q5_d2_l50,6,5,0.503501088517675,0.11410074026496644,0.6571444269353525
7,m23_h6_q5_d4_l1,6,5,0.5086584060090057,0.1624314112560423,0.6101952984154291
7,m23_h6_q5_d4_l50,6,5,0.50317548344418,-0.05991610924983731,0.6393078626005325
7,m23_h6_q5_d8_l1,6,5,0.5054241903239998,0.06508747701664573,0.5294684549051504
7,m23_h6_q5_d8_l50,6,5,0.5017474105248176,0.2184395044618353,0.6592751065369444
7,m24_h6_q5_d2_l1,6,5,0.49395856516225867,-0.1557419249997956,0.6063117225403423
7,m24_h6_q5_d2_l50,6,5,0.483772716538999,-0.28489537554497557,0.4496483176270098
7,m24_h6_q5_d4_l1,6,5,0.5063206404301019,0.24162181218634327,0.6797110604823992
7,m24_h6_q5_d4_l50,6,5,0.4840547526007971,-0.4647147081021884,0.42033935198821465
7,m24_h6_q5_d8_l1,6,5,0.513050688046685,0.5006253886561464,0.879874366546746
7,m24_h6_q5_d8_l50,6,5,0.486147278220589,-0.24707005684135983,0.4886134208872833
7,m25_h6_q5_d2_l1,6,5,0.5175973317568966,0.284617115425132,0.586203457739199
7,m25_h6_q5_d2_l50,6,5,0.509722662517468,0.3729244274509817,0.6327634013520633
7,m25_h6_q5_d4_l1,6,5,0.5171714471947622,0.45260341490940487,0.7132492976342467
7,m25_h6_q5_d4_l50,6,5,0.5062192489713265,0.10435971854191825,0.5923665565430614
7,m25_h6_q5_d8_l1,6,5,0.5052582035091352,0.32496227957919616,0.6889424821031586
7,m25_h6_q5_d8_l50,6,5,0.5026813643509652,0.22172648261890865,0.6553196222061568
7,m26_h6_q5_d2_l1,6,5,0.4872308425741421,-0.23126737934422928,0.5600767355975991
7,m26_h6_q5_d2_l50,6,5,0.4737476992327001,-0.4396548037937523,0.5112725083037724
7,m26_h6_q5_d4_l1,6,5,0.49333909670824494,-0.2678320612350845,0.5098057222496744
7,m26_h6_q5_d4_l50,6,5,0.4689751234084675,-0.25800427918602514,0.3707197728032258
7,m26_h6_q5_d8_l1,6,5,0.49527968677216494,-0.0672583932067759,0.6009615576286689
7,m26_h6_q5_d8_l50,6,5,0.4695574924952125,-0.44098954312498256,0.3614937230686216
7,m27_h6_q5_d2_l1,6,5,0.5076621818552353,-0.11632867626841194,0.5100284761931446
7,m27_h6_q5_d2_l50,6,5,0.5014878160421303,-0.08078756885947451,0.6563083839445221
7,m27_h6_q5_d4_l1,6,5,0.510099013864448,0.10770336206378778,0.609601227722257
7,m27_h6_q5_d4_l50,6,5,0.5053552481755603,-0.17620936819099148,0.6021034039269215
7,m27_h6_q5_d8_l1,6,5,0.5024717074362093,0.3154047376291478,0.6536710249247023
7,m27_h6_q5_d8_l50,6,5,0.5048039131644325,0.1051336715174962,0.5561953501608277
7,m28_h6_q5_d2_l1,6,5,0.48324250896045756,0.2956434115439661,0.6601578966879639
7,m28_h6_q5_d2_l50,6,5,0.47394310271207496,-0.09248707618338448,0.5219045689635139
7,m28_h6_q5_d4_l1,6,5,0.4881539799635112,0.267103805798376,0.7035077046354505
7,m28_h6_q5_d4_l50,6,5,0.47507306654676257,-0.06570130916429755,0.5177356971181115
7,m28_h6_q5_d8_l1,6,5,0.4917080386949433,0.28374442408407036,0.7204044728413201
7,m28_h6_q5_d8_l50,6,5,0.47145148090160965,-0.1297028875845208,0.49602346518069346
7,m29_h6_q5_d2_l1,6,5,0.5052530480112313,0.19274951729627865,0.5545091437243909
7,m29_h6_q5_d2_l50,6,5,0.4981919365586667,0.33304087787235137,0.7475610747040812
7,m29_h6_q5_d4_l1,6,5,0.5072799673929921,0.3218914715588679,0.6176829984935346
7,m29_h6_q5_d4_l50,6,5,0.5002703098312717,0.268148930779503,0.6799110399361311
7,m29_h6_q5_d8_l1,6,5,0.49548984912789196,0.14148466008985355,0.5312567216163081
7,m29_h6_q5_d8_l50,6,5,0.49859487410071945,0.08205521006859944,0.6022110336329393
7,m30_h6_q5_d2_l1,6,5,0.47291119442575436,-0.4832279091508288,0.5772487698707924
7,m30_h6_q5_d2_l50,6,5,0.46854863231716787,-0.47311634945627856,0.6555542050176755
7,m30_h6_q5_d4_l1,6,5,0.48102382527431287,-0.3796777465801996,0.6196238202206833
7,m30_h6_q5_d4_l50,6,5,0.46871209192717767,-0.5349237877119993,0.4737658800355443
7,m30_h6_q5_d8_l1,6,5,0.485196948106982,-0.12775474125129438,0.6704657643532794
7,m30_h6_q5_d8_l50,6,5,0.46492755211298586,-0.4583626480890377,0.48394550694325256
7,m31_h6_q5_d2_l1,6,5,0.5019332106257439,-0.07504168043652622,0.49853093568816365
7,m31_h6_q5_d2_l50,6,5,0.5025648096630609,0.0300067467928867,0.6980321836845914
7,m31_h6_q5_d4_l1,6,5,0.4988150441876715,-0.34301272951011674,0.43158402908797616
7,m31_h6_q5_d4_l50,6,5,0.4976286731406242,0.010927255666450754,0.510602163328944
7,m31_h6_q5_d8_l1,6,5,0.5012365107913669,-0.053638176337251854,0.597172225470268
7,m31_h6_q5_d8_l50,6,5,0.4949807689819368,0.07484697354524862,0.5539855622761156
8,m01_h1_q3_d2_l1,1,3,0.49114632795188345,-0.43135767308503736,0.43503647623956554
8,m01_h1_q3_d2_l50,1,3,0.49114632795188345,-0.43135767308503736,0.43503647623956554
8,m01_h1_q3_d4_l1,1,3,0.4841161496254089,-0.6147929050923865,0.4145563259991401
8,m01_h1_q3_d4_l50,1,3,0.4841161496254089,-0.6147929050923865,0.4145563259991401
8,m01_h1_q3_d8_l1,1,3,0.4822662762477577,-0.6200113475653884,0.3954745483836795
8,m01_h1_q3_d8_l50,1,3,0.4822662762477577,-0.6200113475653884,0.3954745483836795
8,m02_h1_q3_d2_l1,1,3,0.5132788593436741,0.1356963726479617,0.600945661103588
8,m02_h1_q3_d2_l50,1,3,0.5132788593436741,0.1356963726479617,0.600945661103588
8,m02_h1_q3_d4_l1,1,3,0.5067894639653898,0.03554549106428564,0.6715047368136161
8,m02_h1_q3_d4_l50,1,3,0.5067894639653898,0.03554549106428564,0.6715047368136161
8,m02_h1_q3_d8_l1,1,3,0.5049296982167353,0.06389636419559448,0.6834715367705327
8,m02_h1_q3_d8_l50,1,3,0.5049461855017411,0.06389636419559448,0.6834715367705327
8,m03_h1_q3_d2_l1,1,3,0.5090098203765256,-0.08430421088063775,0.6149986041219173
8,m03_h1_q3_d2_l50,1,3,0.5086765711283459,-0.05385709956128342,0.6131508317927482
8,m03_h1_q3_d4_l1,1,3,0.5028833513594316,-0.05098619146961546,0.5283393851968288
8,m03_h1_q3_d4_l50,1,3,0.5034847937770391,-0.21610863349007234,0.4961842105499766
8,m03_h1_q3_d8_l1,1,3,0.506322255526538,-0.12528739819045262,0.527578517116816
8,m03_h1_q3_d8_l50,1,3,0.5040482467421126,-0.4098253763697587,0.47516689572923326
8,m04_h1_q3_d2_l1,1,3,0.5226980452674898,0.4280846271062863,0.6512390487932932
8,m04_h1_q3_d2_l50,1,3,0.5226980452674898,0.4280846271062863,0.6512390487932932
8,m04_h1_q3_d4_l1,1,3,0.5170049857549858,0.08743188992802321,0.4892863886919154
8,m04_h1_q3_d4_l50,1,3,0.5170049857549858,0.08743188992802321,0.4892863886919154
8,m04_h1_q3_d8_l1,1,3,0.5118972248601878,-0.4202657760246153,0.4658864263476164
8,m04_h1_q3_d8_l50,1,3,0.5118840350321832,-0.4202657760246153,0.4658864263476164
8,m05_h1_q3_d2_l1,1,3,0.5147469833764201,0.012335188118118281,0.567257407175832
8,m05_h1_q3_d2_l50,1,3,0.5157973608253315,0.036343081118786924,0.5997549443589769
8,m05_h1_q3_d4_l1,1,3,0.5123486329842426,0.04059525271138998,0.6231436063273693
8,m05_h1_q3_d4_l50,1,3,0.5136531207133059,-0.06413623901259898,0.5724485781940063
8,m05_h1_q3_d8_l1,1,3,0.4995882987540009,-0.6351900299215972,0.43151348384131577
8,m05_h1_q3_d8_l50,1,3,0.5080561683329816,-0.37505093674719286,0.43725953418442676
8,m06_h1_q3_d2_l1,1,3,0.5205587513409659,0.2553083424835672,0.6586048425884685
8,m06_h1_q3_d2_l50,1,3,0.5199770936653654,0.21759461983250644,0.6366966335977483
8,m06_h1_q3_d4_l1,1,3,0.5179655075006155,0.34653117321031457,0.6250182425715622
8,m06_h1_q3_d4_l50,1,3,0.5201405238779853,0.5175714507739309,0.6516746646279064
8,m06_h1_q3_d8_l1,1,3,0.5018712381511379,-0.12452675524229284,0.5254116855167317
8,m06_h1_q3_d8_l50,1,3,0.517799878983328,0.15799158584640582,0.5592476363631165
8,m07_h1_q3_d2_l1,1,3,0.5189576298758397,0.07966665125159217,0.6365722696378916
8,m07_h1_q3_d2_l50,1,3,0.520075124314129,0.17115130706374057,0.651423347912572
8,m07_h1_q3_d4_l1,1,3,0.5162320755733179,-0.10238036592674814,0.5503554421942847
8,m07_h1_q3_d4_l50,1,3,0.517780162938342,-0.006686192595937432,0.5962119874321453
8,m07_h1_q3_d8_l1,1,3,0.5081036379743942,-0.2636662335261705,0.4961549215737554
8,m07_h1_q3_d8_l50,1,3,0.5122760202331962,-0.19471405965754374,0.5249408593271774
8,m08_h1_q3_d2_l1,1,3,0.510792576764799,0.032701985083728055,0.6110105798641627
8,m08_h1_q3_d2_l50,1,3,0.510792576764799,0.032701985083728055,0.6110105798641627
8,m08_h1_q3_d4_l1,1,3,0.5024533080088636,-0.18342299257769512,0.5190093985732255
8,m08_h1_q3_d4_l50,1,3,0.5024533080088636,-0.18342299257769512,0.5190093985732255
8,m08_h1_q3_d8_l1,1,3,0.4918289015511238,-0.17620281563817952,0.5229064855694062
8,m08_h1_q3_d8_l50,1,3,0.4918256040941226,-0.17620281563817952,0.5229064855694062
8,m09_h1_q3_d2_l1,1,3,0.5056727251943302,0.02411262739499446,0.5620636773782269
8,m09_h1_q3_d2_l50,1,3,0.5048620316511906,-0.0448286738827387,0.5359619663036749
8,m09_h1_q3_d4_l1,1,3,0.49742853311526153,-0.2827364546176927,0.5424954116599138
8,m09_h1_q3_d4_l50,1,3,0.49915962934384994,-0.1929420437238122,0.5714895669096388
8,m09_h1_q3_d8_l1,1,3,0.48351903512011535,-0.5106145351987775,0.39949813081564794
8,m09_h1_q3_d8_l50,1,3,0.49218021811578916,-0.4709289014059878,0.49905209830852326
8,m10_h1_q3_d2_l1,1,3,0.5173849489773487,0.28188432553082055,0.6477710059983246
8,m10_h1_q3_d2_l50,1,3,0.5184362881845521,0.2576341775751081,0.6439285245498926
8,m10_h1_q3_d4_l1,1,3,0.5092417415189406,-0.17909891966148916,0.5360523288041777
8,m10_h1_q3_d4_l50,1,3,0.5108917752629173,-0.06865283563196715,0.5368458515374878
8,m10_h1_q3_d8_l1,1,3,0.5044817936407442,-0.31246820379815676,0.43004330219293113
8,m10_h1_q3_d8_l50,1,3,0.5005850238296226,-0.5404567983093377,0.41607792701478685
8,m11_h1_q3_d2_l1,1,3,0.5157648671344659,0.11955097399916277,0.6364676809049818
8,m11_h1_q3_d2_l50,1,3,0.5166300374151455,0.16339635962308957,0.6379234433539189
8,m11_h1_q3_d4_l1,1,3,0.5050793203281629,-0.06826727355854045,0.5712274625690565
8,m11_h1_q3_d4_l50,1,3,0.5091033170219127,-0.09962462361017442,0.5832589217586375
8,m11_h1_q3_d8_l1,1,3,0.4991238381959832,-0.1136448202770231,0.48245923395444323
8,m11_h1_q3_d8_l50,1,3,0.5004837644208786,-0.3298135134138706,0.4718576174364578
8,m12_h1_q3_d2_l1,1,3,0.5280002874283353,0.38912383365337705,0.7141734783452202
8,m12_h1_q3_d2_l50,1,3,0.5275598021305969,0.3970788225189015,0.7068290618337718
8,m12_h1_q3_d4_l1,1,3,0.5261401781945764,0.43829317241283494,0.6666295622819275
8,m12_h1_q3_d4_l50,1,3,0.526225705985544,0.3512467800566339,0.5943288752307883
8,m12_h1_q3_d8_l1,1,3,0.5127573802583447,-0.1576270996945537,0.44137139806363773
8,m12_h1_q3_d8_l50,1,3,0.5199676821735078,0.0843474130252041,0.4537096631336732
8,m13_h1_q3_d2_l1,1,3,0.5210676588714783,0.2409368502926485,0.705211988858961
8,m13_h1_q3_d2_l50,1,3,0.5209327379225142,0.22938050208746336,0.6806334154056045
8,m13_h1_q3_d4_l1,1,3,0.5171873763453625,0.042343879105020646,0.601680957556942
8,m13_h1_q3_d4_l50,1,3,0.5184989398675742,0.0005284698301132688,0.611562445736191
8,m13_h1_q3_d8_l1,1,3,0.5067654200080898,-0.33257926502380114,0.4965894523169991
8,m13_h1_q3_d8_l50,1,3,0.5157781943565123,0.1834257780399783,0.5839323507535189
8,m14_h1_q3_d2_l1,1,3,0.5239816491022123,0.11807146388815097,0.6128244022204581
8,m14_h1_q3_d2_l50,1,3,0.5240799545390595,0.20532551047174388,0.6012859406537748
8,m14_h1_q3_d4_l1,1,3,0.5207486299066161,0.20329709551647404,0.611955895260133
8,m14_h1_q3_d4_l50,1,3,0.5210090603126869,0.07252185347769703,0.517176194565012
8,m14_h1_q3_d8_l1,1,3,0.5081599695314973,-0.13614124037933326,0.5052633492457049
8,m14_h1_q3_d8_l50,1,3,0.5167318464000563,-0.18546930968061834,0.44230587252276654
8,m15_h1_q3_d2_l1,1,3,0.5183257546779922,0.18309243024254857,0.6765330357512317
8,m15_h1_q3_d2_l50,1,3,0.5183872385116598,0.13366470389714205,0.6470634892003905
8,m15_h1_q3_d4_l1,1,3,0.5147478077406704,0.03378528279188553,0.5482550282072065
8,m15_h1_q3_d4_l50,1,3,0.5158026504959377,-0.05268558928748716,0.5698217610111096
8,m15_h1_q3_d8_l1,1,3,0.5035209284100102,-0.1115373365089847,0.5165241400516585
8,m15_h1_q3_d8_l50,1,3,0.5107393365736344,-0.2570810365359097,0.5321446748415106
8,m16_h1_q3_d2_l1,1,3,0.4973768729555766,-0.029093672008960122,0.569509814491491
8,m16_h1_q3_d2_l50,1,3,0.4973768729555766,-0.029093672008960122,0.569509814491491
8,m16_h1_q3_d4_l1,1,3,0.5005111058351799,0.25308040723732866,0.686811097157265
8,m16_h1_q3_d4_l50,1,3,0.5005111058351799,0.25308040723732866,0.686811097157265
8,m16_h1_q3_d8_l1,1,3,0.4984699799514615,-0.024972251509554122,0.5067742610611662
8,m16_h1_q3_d8_l50,1,3,0.49849306215046957,-0.024972251509554122,0.5067742610611662
8,m17_h1_q3_d2_l1,1,3,0.49207634822025254,-0.22204334575376405,0.5560695240345991
8,m17_h1_q3_d2_l50,1,3,0.49084062620906754,-0.22461598337988714,0.5768415628405665
8,m17_h1_q3_d4_l1,1,3,0.48862521598343356,-0.20330195866291892,0.5377094185433479
8,m17_h1_q3_d4_l50,1,3,0.49152333720234953,-0.3830609803370614,0.525517380738292
8,m17_h1_q3_d8_l1,1,3,0.4964063901419225,-0.012768565740353812,0.5457247187233093
8,m17_h1_q3_d8_l50,1,3,0.4976414251828989,-0.11426922030777147,0.5663020785093759
8,m18_h1_q3_d2_l1,1,3,0.5106152697539658,0.28149524807141346,0.6841888322851108
8,m18_h1_q3_d2_l50,1,3,0.5103118350128382,0.1955316431755752,0.6381145004423138
8,m18_h1_q3_d4_l1,1,3,0.5102113999683444,0.15560670417705694,0.7168226876994034
8,m18_h1_q3_d4_l50,1,3,0.5125731348484049,0.1260822876873859,0.6778465342350178
8,m18_h1_q3_d8_l1,1,3,0.49865216445077554,-0.1354110615762641,0.5674118571082265
8,m18_h1_q3_d8_l50,1,3,0.5088586182336182,0.18113538206119265,0.6128237041281137
8,m19_h1_q3_d2_l1,1,3,0.5105802342733283,0.14615539069961936,0.6909499246734696
8,m19_h1_q3_d2_l50,1,3,0.5098758150214554,0.06064792360984031,0.6524203836048206
8,m19_h1_q3_d4_l1,1,3,0.5055956471369281,0.25254987842436694,0.7632795906352444
8,m19_h1_q3_d4_l50,1,3,0.5084974092979494,0.0968941500990354,0.6492155997061261
8,m19_h1_q3_d8_l1,1,3,0.5048175159816749,-0.06822900279758017,0.5366339771919273
8,m19_h1_q3_d8_l50,1,3,0.510453144784742,-0.02913096458579411,0.6176032820438452
8,m20_h1_q3_d2_l1,1,3,0.5151625316555872,0.36107572541126537,0.6353165843329911
8,m20_h1_q3_d2_l50,1,3,0.5151062000984841,0.34864045038049235,0.6377349521527774
8,m20_h1_q3_d4_l1,1,3,0.519593970380043,0.27167731871454437,0.5881273927613437
8,m20_h1_q3_d4_l50,1,3,0.5194339750184658,0.4557721315199141,0.7109531212149844
8,m20_h1_q3_d8_l1,1,3,0.5250068834414899,0.4430565051722041,0.6771331308841215
8,m20_h1_q3_d8_l50,1,3,0.5179769799030988,0.6465645863689855,0.7221752971360476
8,m21_h1_q3_d2_l1,1,3,0.5132125667185466,0.19137759908389715,0.6653925620468601
8,m21_h1_q3_d2_l50,1,3,0.5129294662955929,0.26195682340475507,0.6877833172013794
8,m21_h1_q3_d4_l1,1,3,0.5096351006603708,0.1296231675814935,0.6370782227874222
8,m21_h1_q3_d4_l50,1,3,0.5108593502690725,0.09852828289951632,0.6916063755443541
8,m21_h1_q3_d8_l1,1,3,0.5139154746359608,0.11272408403971992,0.6434655085428096
8,m21_h1_q3_d8_l50,1,3,0.5145540821418522,0.2782301653263036,0.6533045415990789
8,m22_h1_q3_d2_l1,1,3,0.5206513549250817,0.2554024782333479,0.5989516206964534
8,m22_h1_q3_d2_l50,1,3,0.5204158615375821,0.23220227505390678,0.5811874825715851
8,m22_h1_q3_d4_l1,1,3,0.5187570345749358,0.28770343905331663,0.660810779359297
8,m22_h1_q3_d4_l50,1,3,0.5200565074214766,0.3771331977721727,0.6907602692832667
8,m22_h1_q3_d8_l1,1,3,0.5111578388246985,-0.5181519514065672,0.49369197255712205
8,m22_h1_q3_d8_l50,1,3,0.5186723311482185,0.4626981626879072,0.7443397098860735
8,m23_h1_q3_d2_l1,1,3,0.5142411672118462,0.058823974476708375,0.6102880230793685
8,m23_h1_q3_d2_l50,1,3,0.5144401137842496,0.058349257353416596,0.6065526157321833
8,m23_h1_q3_d4_l1,1,3,0.5100357416860117,0.1448596843039614,0.6297859802992004
8,m23_h1_q3_d4_l50,1,3,0.512742816489923,0.04979212811302958,0.6463444106440288
8,m23_h1_q3_d8_l1,1,3,0.5075546800807218,-0.3660770622840945,0.5325727175521259
8,m23_h1_q3_d8_l50,1,3,0.5064460475581232,-0.2352302031067868,0.5824589212598035
8,m24_h1_q3_d2_l1,1,3,0.5017772606266048,-0.060346970276495104,0.612580825519042
8,m24_h1_q3_d2_l50,1,3,0.5026363168724279,0.06568004572508153,0.6269667816223423
8,m24_h1_q3_d4_l1,1,3,0.49957586459322567,-0.3817195048122197,0.4901331049185943
8,m24_h1_q3_d4_l50,1,3,0.5018168988076395,-0.16256359729300765,0.6065283984921792
8,m24_h1_q3_d8_l1,1,3,0.4926550519239562,-0.5078058036887282,0.46885669901439586
8,m24_h1_q3_d8_l50,1,3,0.49445079204917164,-0.3172339606193385,0.5330675717836268
8,m25_h1_q3_d2_l1,1,3,0.49861410630122055,-0.2559393522888585,0.5406130004251937
8,m25_h1_q3_d2_l50,1,3,0.4981285557577996,-0.23011570088481897,0.5445654484316651
8,m25_h1_q3_d4_l1,1,3,0.49047076144877066,-0.2798002877674447,0.5099557637462391
8,m25_h1_q3_d4_l50,1,3,0.49331591726460555,-0.23126731830112457,0.49134179999204886
8,m25_h1_q3_d8_l1,1,3,0.47986875021983044,-0.687568238268065,0.3683873426183433
8,m25_h1_q3_d8_l50,1,3,0.49256863107171744,-0.2914804981436031,0.4623138849734241
8,m26_h1_q3_d2_l1,1,3,0.5172125881520172,0.2921696017206957,0.6908148646214318
8,m26_h1_q3_d2_l50,1,3,0.5175223430190637,0.29173353185979817,0.6901386775466218
8,m26_h1_q3_d4_l1,1,3,0.51309667484436,0.29847375953322725,0.6548968063092062
8,m26_h1_q3_d4_l50,1,3,0.5146095893347051,0.17160028857594747,0.6692974359777328
8,m26_h1_q3_d8_l1,1,3,0.4985869022809609,-0.2459258443964466,0.4631091174047925
8,m26_h1_q3_d8_l50,1,3,0.5077292392107207,-0.2448560612581334,0.4384726954557253
8,m27_h1_q3_d2_l1,1,3,0.5106202159394675,0.10324913743388701,0.5806731601443778
8,m27_h1_q3_d2_l50,1,3,0.51017739494302,-0.02251814634940103,0.5708863194155933
8,m27_h1_q3_d4_l1,1,3,0.5028505828804826,0.08220647534723181,0.6136406919683111
8,m27_h1_q3_d4_l50,1,3,0.5057974789842073,0.003011463332568221,0.5669597029786987
8,m27_h1_q3_d8_l1,1,3,0.4929812253789877,-0.30158055495822067,0.4231036879746711
8,m27_h1_q3_d8_l50,1,3,0.4984287617389469,-0.3863590278528641,0.43326685686751626
8,m28_h1_q3_d2_l1,1,3,0.5204944509294432,0.41550172037185634,0.6514668955186413
8,m28_h1_q3_d2_l50,1,3,0.5207092665136646,0.4393219248933456,0.6719248251448959
8,m28_h1_q3_d4_l1,1,3,0.519763171142415,0.26621521174794777,0.6083801725408124
8,m28_h1_q3_d4_l50,1,3,0.5204107779580387,0.24294030663531066,0.660933838085663
8,m28_h1_q3_d8_l1,1,3,0.5113974540334494,0.22522970442953655,0.6505531344779176
8,m28_h1_q3_d8_l50,1,3,0.5148996281567655,0.13173773353531393,0.5706680873459099
8,m29_h1_q3_d2_l1,1,3,0.5166021464246773,0.1893225559130057,0.6512303968909611
8,m29_h1_q3_d2_l50,1,3,0.5174379830774507,0.18949544420051864,0.6470058798795171
8,m29_h1_q3_d4_l1,1,3,0.5143402970129436,0.18830303438935306,0.6331871975496417
8,m29_h1_q3_d4_l50,1,3,0.514783667585558,0.19833105096301779,0.644127182360348
8,m29_h1_q3_d8_l1,1,3,0.5131352825700819,0.06088128824168715,0.5075272673027205
8,m29_h1_q3_d8_l50,1,3,0.5141157264517604,0.22261956837031113,0.5765931901027098
8,m30_h1_q3_d2_l1,1,3,0.5210829783071296,0.36596316394180395,0.6273853233935105
8,m30_h1_q3_d2_l50,1,3,0.5210824974279835,0.3157180018316029,0.6087974032272451
8,m30_h1_q3_d4_l1,1,3,0.5183296017111603,0.22396203163480066,0.6219657851385423
8,m30_h1_q3_d4_l50,1,3,0.5206082818930041,0.2749716270397034,0.6128126214983796
8,m30_h1_q3_d8_l1,1,3,0.5035005253948155,-0.2435646249975412,0.5645321786279827
8,m30_h1_q3_d8_l50,1,3,0.5171967878372199,0.22219953942512435,0.6588213661838268
8,m31_h1_q3_d2_l1,1,3,0.5174468449931413,0.21351707295372682,0.689657266074596
8,m31_h1_q3_d2_l50,1,3,0.5183981613379761,0.17385190264162706,0.6436825408752626
8,m31_h1_q3_d4_l1,1,3,0.5136888431641519,0.15762259131927475,0.6278316031809772
8,m31_h1_q3_d4_l50,1,3,0.5153533719795295,0.2231147000900661,0.6327927835900425
8,m31_h1_q3_d8_l1,1,3,0.5068758848176287,0.04544651553374997,0.5575153344052693
8,m31_h1_q3_d8_l50,1,3,0.5096365432978087,-0.1594475026925322,0.5030048987301184
8,m01_h1_q5_d2_l1,1,5,0.5016253436053241,-0.4344056016563318,0.45223055992221944
8,m01_h1_q5_d2_l50,1,5,0.5016253436053241,-0.4344056016563318,0.45223055992221944
8,m01_h1_q5_d4_l1,1,5,0.5007007740162037,-0.3956073007144651,0.561097476631345
8,m01_h1_q5_d4_l50,1,5,0.5007007740162037,-0.3956073007144651,0.561097476631345
8,m01_h1_q5_d8_l1,1,5,0.5066324869791666,-0.3421591096310526,0.6104436072083196
8,m01_h1_q5_d8_l50,1,5,0.5066324869791666,-0.3421591096310526,0.6104436072083196
8,m02_h1_q5_d2_l1,1,5,0.5005289713541666,0.02339794339200451,0.7234580895305778
8,m02_h1_q5_d2_l50,1,5,0.5005289713541666,0.02339794339200451,0.7234580895305778
8,m02_h1_q5_d4_l1,1,5,0.4984311704282408,-0.24075975938160477,0.5950069071163931
8,m02_h1_q5_d4_l50,1,5,0.49843569155092593,-0.24075975938160477,0.5950069071163931
8,m02_h1_q5_d8_l1,1,5,0.494728370949074,-0.13563521494154154,0.6800402479700173
8,m02_h1_q5_d8_l50,1,5,0.494728370949074,-0.13563521494154154,0.6800402479700173
8,m03_h1_q5_d2_l1,1,5,0.5024471518434125,-0.4824941836346485,0.42110880476023127
8,m03_h1_q5_d2_l50,1,5,0.501887191960841,-0.43036842544243226,0.4257835208396583
8,m03_h1_q5_d4_l1,1,5,0.49906045419198497,-0.2435571276587285,0.5564910358577677
8,m03_h1_q5_d4_l50,1,5,0.4966168815706983,-0.32613179305045964,0.6032829957634264
8,m03_h1_q5_d8_l1,1,5,0.5074947027512539,-0.026299409503835462,0.7137895911775078
8,m03_h1_q5_d8_l50,1,5,0.4995966781804591,-0.3987878643384481,0.5753825350973131
8,m04_h1_q5_d2_l1,1,5,0.5186948423032407,0.40959596987975594,0.6555124280581965
8,m04_h1_q5_d2_l50,1,5,0.5186948423032407,0.40959596987975594,0.6555124280581965
8,m04_h1_q5_d4_l1,1,5,0.5084771050347222,-0.04977560510238163,0.38835592278506303
8,m04_h1_q5_d4_l50,1,5,0.5084771050347222,-0.04977560510238163,0.38835592278506303
8,m04_h1_q5_d8_l1,1,5,0.49724211516203703,-0.5949752173321525,0.2423652645919317
8,m04_h1_q5_d8_l50,1,5,0.49720142505787035,-0.5949752173321525,0.2423652645919317
8,m05_h1_q5_d2_l1,1,5,0.5192055407865548,-0.14102286049335197,0.4883956850049677
8,m05_h1_q5_d2_l50,1,5,0.5189235357590664,-0.1105867518485698,0.5010796729941905
8,m05_h1_q5_d4_l1,1,5,0.5148713853624132,-0.3510041495690753,0.42893404052387724
8,m05_h1_q5_d4_l50,1,5,0.5143526807243441,-0.3252875945727807,0.4245958163782613
8,m05_h1_q5_d8_l1,1,5,0.5018050582320602,-0.5545394746241771,0.37532940801542836
8,m05_h1_q5_d8_l50,1,5,0.5103718322000386,-0.16448003875660702,0.4625684051757333
8,m06_h1_q5_d2_l1,1,5,0.510412804874373,0.4245747820391556,0.6470734528250722
8,m06_h1_q5_d2_l50,1,5,0.5119215411904418,0.5781870911057373,0.7574398638639785
8,m06_h1_q5_d4_l1,1,5,0.5081752259054302,-0.05825612519043881,0.617630039983094
8,m06_h1_q5_d4_l50,1,5,0.5103114563741802,0.2004409749783993,0.564061750950775
8,m06_h1_q5_d8_l1,1,5,0.4956871315285012,-0.5216417874466457,0.3628274043700363
8,m06_h1_q5_d8_l50,1,5,0.5057786541220584,-0.12825584767674494,0.5561457951707636
8,m07_h1_q5_d2_l1,1,5,0.5111123544198495,-0.21927481932879708,0.43797591092560595
8,m07_h1_q5_d2_l50,1,5,0.5109829372829862,-0.025908277207899285,0.569070794132912
8,m07_h1_q5_d4_l1,1,5,0.507802798424238,-0.2599089457661049,0.4356644788457703
8,m07_h1_q5_d4_l50,1,5,0.5096929102768133,-0.39486652908080383,0.3823675386727991
8,m07_h1_q5_d8_l1,1,5,0.49623701307508683,-0.27878394374056387,0.4337012024179869
8,m07_h1_q5_d8_l50,1,5,0.505016091429157,-0.6550442085317019,0.2861692594238655
8,m08_h1_q5_d2_l1,1,5,0.4890498408564815,-0.3271691310597297,0.6148212267049281
8,m08_h1_q5_d2_l50,1,5,0.4890498408564815,-0.3271691310597297,0.6148212267049281
8,m08_h1_q5_d4_l1,1,5,0.48961950231481477,-0.559337109013042,0.42676776416926776
8,m08_h1_q5_d4_l50,1,5,0.48961950231481477,-0.559337109013042,0.42676776416926776
8,m08_h1_q5_d8_l1,1,5,0.49807400173611105,-0.32350994357669755,0.38080023803149105
8,m08_h1_q5_d8_l50,1,5,0.4981011284722222,-0.32350994357669755,0.38080023803149105
8,m09_h1_q5_d2_l1,1,5,0.4981026355131173,-0.463556113905763,0.3907058825259206
8,m09_h1_q5_d2_l50,1,5,0.4981083811065297,-0.574141969585348,0.3852769660798741
8,m09_h1_q5_d4_l1,1,5,0.4972962744442033,-0.6891480469687754,0.2964844452408629
8,m09_h1_q5_d4_l50,1,5,0.4946761896580825,-0.8841897298830463,0.2894983317964494
8,m09_h1_q5_d8_l1,1,5,0.5011381926359953,-0.31530070831819507,0.4539089785330743
8,m09_h1_q5_d8_l50,1,5,0.49581871503665126,-0.8056444162254163,0.3360696933929922
8,m10_h1_q5_d2_l1,1,5,0.49807513201678244,-0.14211263158919524,0.5032554933235989
8,m10_h1_q5_d2_l50,1,5,0.49973428985218943,-0.2099523412275746,0.4273488622468648
8,m10_h1_q5_d4_l1,1,5,0.49971413318021796,0.08940293340067414,0.6529763863262412
8,m10_h1_q5_d4_l50,1,5,0.5004780145339024,0.0827830338143974,0.6442497229351548
8,m10_h1_q5_d8_l1,1,5,0.5026793303313078,0.17560783725492032,0.5014080985405103
8,m10_h1_q5_d8_l50,1,5,0.49388216748649694,-0.07745408366798902,0.48332911951176444
8,m11_h1_q5_d2_l1,1,5,0.4996182477032696,-0.29609208596240616,0.5488222084608287
8,m11_h1_q5_d2_l50,1,5,0.4996223920657311,-0.2534587634274528,0.563664134427983
8,m11_h1_q5_d4_l1,1,5,0.5002401846426505,-0.2995985678997344,0.5798983560279685
8,m11_h1_q5_d4_l50,1,5,0.5001616301359955,-0.22252352374453926,0.6010381978046117
8,m11_h1_q5_d8_l1,1,5,0.49698667173032407,-0.34014698614586214,0.482376215271759
8,m11_h1_q5_d8_l50,1,5,0.4933646873191551,-0.43827185825996556,0.5069204812485084
8,m12_h1_q5_d2_l1,1,5,0.5146887508439428,0.44080061769928885,0.7025472799988577
8,m12_h1_q5_d2_l50,1,5,0.5151918199327257,0.30406609218573694,0.6500319621972107
8,m12_h1_q5_d4_l1,1,5,0.5067068029333044,-0.030203883488239002,0.4282861915506686
8,m12_h1_q5_d4_l50,1,5,0.507653507185571,-0.01735117482084251,0.4982642248152089
8,m12_h1_q5_d8_l1,1,5,0.4922494770568094,-0.33891101770756127,0.4567508706093149
8,m12_h1_q5_d8_l50,1,5,0.4969757456838349,-0.2866646589581461,0.3910788866562261
8,m13_h1_q5_d2_l1,1,5,0.5190930778597608,-0.43477880644774414,0.39621297171733294
8,m13_h1_q5_d2_l50,1,5,0.5187045438790027,-0.32125752640027794,0.39434256625997166
8,m13_h1_q5_d4_l1,1,5,0.5125463038315008,-0.35241922591099534,0.4153563786309187
8,m13_h1_q5_d4_l50,1,5,0.5141764511296778,-0.37434987425286065,0.4134010401404981
8,m13_h1_q5_d8_l1,1,5,0.4960175502447434,-0.4305566842814126,0.3467222902247059
8,m13_h1_q5_d8_l50,1,5,0.5027438505196278,-0.5422884997945869,0.2868405440274001
8,m14_h1_q5_d2_l1,1,5,0.511590368953752,0.21384159511627784,0.5688098147734475
8,m14_h1_q5_d2_l50,1,5,0.513291158793885,0.18029560072833622,0.549864565861311
8,m14_h1_q5_d4_l1,1,5,0.5058651205934125,0.3082668934822015,0.5588257658744614
8,m14_h1_q5_d4_l50,1,5,0.507168334207417,0.20493748877187867,0.5418381945517822
8,m14_h1_q5_d8_l1,1,5,0.4965350304120853,-0.129340777444352,0.39961775840607267
8,m14_h1_q5_d8_l50,1,5,0.4983679689007041,-0.11827662181855976,0.5982571871293746
8,m15_h1_q5_d2_l1,1,5,0.5111479582609953,-0.11827884274254123,0.6634689776374756
8,m15_h1_q5_d2_l50,1,5,0.5111814899209104,0.09488672289280978,0.652931463137875
8,m15_h1_q5_d4_l1,1,5,0.5053235277717496,-0.1701086474598855,0.47005836044429733
8,m15_h1_q5_d4_l50,1,5,0.508777853883343,-0.26378029697300537,0.43409027572193226
8,m15_h1_q5_d8_l1,1,5,0.49644950584129044,-0.037588158475433966,0.6027600199318502
8,m15_h1_q5_d8_l50,1,5,0.5021203123492959,-0.2657381095087732,0.5424467574307562
8,m16_h1_q5_d2_l1,1,5,0.5023939344618056,0.011225148883965712,0.6146527242380321
8,m16_h1_q5_d2_l50,1,5,0.5023939344618056,0.011225148883965712,0.6146527242380321
8,m16_h1_q5_d4_l1,1,5,0.5015733506944444,0.02612325363454959,0.6344698155582099
8,m16_h1_q5_d4_l50,1,5,0.5015733506944444,0.02612325363454959,0.6344698155582099
8,m16_h1_q5_d8_l1,1,5,0.49523021556712965,-0.2258672303638735,0.6174108396748424
8,m16_h1_q5_d8_l50,1,5,0.49523021556712965,-0.2258672303638735,0.6174108396748424
8,m17_h1_q5_d2_l1,1,5,0.4942238890094522,-0.38860595341811294,0.5553010774595832
8,m17_h1_q5_d2_l50,1,5,0.49428737310715665,-0.43329371896800284,0.5066355267430361
8,m17_h1_q5_d4_l1,1,5,0.4921235449520158,-0.5159048754699785,0.46548278277150174
8,m17_h1_q5_d4_l50,1,5,0.49464039743682486,-0.551093423838128,0.480196690077038
8,m17_h1_q5_d8_l1,1,5,0.48662764937789355,-0.636147174248806,0.5017961173909067
8,m17_h1_q5_d8_l50,1,5,0.4926343376253858,-0.7486115660413216,0.47284529945989456
8,m18_h1_q5_d2_l1,1,5,0.49565604881004044,0.15606233561730745,0.6443786474686919
8,m18_h1_q5_d2_l50,1,5,0.49321652636115937,-0.007643621086207334,0.6171866621614954
8,m18_h1_q5_d4_l1,1,5,0.5044569792570891,-0.03422257300801496,0.47506918634491746
8,m18_h1_q5_d4_l50,1,5,0.5070615226839795,0.019821436706942565,0.4524742186727143
8,m18_h1_q5_d8_l1,1,5,0.5035263815043884,-0.26666892186769736,0.5357014674708878
8,m18_h1_q5_d8_l50,1,5,0.5083967609170043,-0.16123156269194577,0.30298317942637765
8,m19_h1_q5_d2_l1,1,5,0.4983097594461323,-0.33980750498189344,0.5122893785936113
8,m19_h1_q5_d2_l50,1,5,0.49745960000120565,-0.2596102482129259,0.5617894607903778
8,m19_h1_q5_d4_l1,1,5,0.4964019398630401,-0.1897077401473362,0.6897419226888738
8,m19_h1_q5_d4_l50,1,5,0.5030223705150463,-0.18126737377124885,0.6463981453555554
8,m19_h1_q5_d8_l1,1,5,0.49704036006221064,-0.041105780246369204,0.6539150342340759
8,m19_h1_q5_d8_l50,1,5,0.502571576907311,-0.2948746451487028,0.5969507689271424
8,m20_h1_q5_d2_l1,1,5,0.5134210468810282,0.4320072251322589,0.6294602492221296
8,m20_h1_q5_d2_l50,1,5,0.5136319384162809,0.4457143966365567,0.6404483285931717
8,m20_h1_q5_d4_l1,1,5,0.520281379605517,0.25919953098164744,0.6580497007249899
8,m20_h1_q5_d4_l50,1,5,0.5168175402982735,0.34641966234296456,0.7074538943272359
8,m20_h1_q5_d8_l1,1,5,0.5154022405176988,0.13526489308324682,0.5654078708578426
8,m20_h1_q5_d8_l50,1,5,0.5084873717508198,0.3105193909627072,0.5998927897434106
8,m21_h1_q5_d2_l1,1,5,0.5159732206368153,-0.24442092678348737,0.5715720212801612
8,m21_h1_q5_d2_l50,1,5,0.5157958607614777,-0.13687911795143404,0.5970551355995021
8,m21_h1_q5_d4_l1,1,5,0.516412146297502,-0.331292317392073,0.5202702712806463
8,m21_h1_q5_d4_l50,1,5,0.5188308527440201,-0.19545822758756154,0.5886536100958802
8,m21_h1_q5_d8_l1,1,5,0.5081491352599344,-0.06530335760021294,0.579982060989093
8,m21_h1_q5_d8_l50,1,5,0.5147558141637731,-0.17487743942863257,0.49750704369773685
8,m22_h1_q5_d2_l1,1,5,0.5059967982916185,0.5106177414139527,0.5901474252273897
8,m22_h1_q5_d2_l50,1,5,0.5071920701015142,0.49157789043651284,0.5843724393029694
8,m22_h1_q5_d4_l1,1,5,0.5151056360315394,0.5133952223059056,0.6119791112342055
8,m22_h1_q5_d4_l50,1,5,0.5149805516372493,0.825931109871373,0.9038090388934372
8,m22_h1_q5_d8_l1,1,5,0.5133640618971836,-0.03819040227773962,0.5677242080529998
8,m22_h1_q5_d8_l50,1,5,0.5166546856915509,0.19166020153862573,0.7392302587999074
8,m23_h1_q5_d2_l1,1,5,0.5109481811523438,0.16518627920065665,0.661115462960843
8,m23_h1_q5_d2_l50,1,5,0.5104983294451678,0.037804914454983955,0.6135679737196752
8,m23_h1_q5_d4_l1,1,5,0.5119951978141879,0.18283896444718284,0.6989951401937694
8,m23_h1_q5_d4_l50,1,5,0.5121031396182967,0.031496113917481826,0.6055108124045702
8,m23_h1_q5_d8_l1,1,5,0.5059186205451871,-0.021026666943241814,0.6145989913966736
8,m23_h1_q5_d8_l50,1,5,0.5100554478021316,-0.24803381652642764,0.5195543876768298
8,m24_h1_q5_d2_l1,1,5,0.48459785367235725,-0.24603634797271404,0.44995663751502557
8,m24_h1_q5_d2_l50,1,5,0.4856713377399209,-0.21632386465394227,0.47511379029112766
8,m24_h1_q5_d4_l1,1,5,0.4857380242995274,-0.1497564134446643,0.6051017894827099
8,m24_h1_q5_d4_l50,1,5,0.4850644712094907,-0.017529445111570584,0.5906052848469852
8,m24_h1_q5_d8_l1,1,5,0.4820226033528646,-0.5603350662432394,0.5513423196138174
8,m24_h1_q5_d8_l50,1,5,0.48406652756679197,-0.36477933362678616,0.4961499237639285
8,m25_h1_q5_d2_l1,1,5,0.4979563583562403,-0.5535711653986476,0.3906996107827362
8,m25_h1_q5_d2_l50,1,5,0.4983322708695024,-0.4909626657963289,0.40088726619221676
8,m25_h1_q5_d4_l1,1,5,0.4860635451328607,-0.5254373630310107,0.40575372694151307
8,m25_h1_q5_d4_l50,1,5,0.4896698939947435,-0.43801408407044384,0.47750829610243134
8,m25_h1_q5_d8_l1,1,5,0.4759918024510513,-0.3174143977519332,0.5933379202869049
8,m25_h1_q5_d8_l50,1,5,0.4855517163688754,-0.27244053997574424,0.5096287411927407
8,m26_h1_q5_d2_l1,1,5,0.49220539611062886,0.2615692041621381,0.6023812960341937
8,m26_h1_q5_d2_l50,1,5,0.494169447157118,0.037719644809947044,0.5077073209164753
8,m26_h1_q5_d4_l1,1,5,0.4948204888237847,0.1140072924624792,0.5716994798157228
8,m26_h1_q5_d4_l50,1,5,0.4980617570288388,0.01620136198263756,0.5940883916978588
8,m26_h1_q5_d8_l1,1,5,0.49763243875385804,-0.06159197093958478,0.49195834672715444
8,m26_h1_q5_d8_l50,1,5,0.49974738226996535,0.13696062621084482,0.4780192313010309
8,m27_h1_q5_d2_l1,1,5,0.4977945398401331,-0.03387306667652143,0.6185657917601217
8,m27_h1_q5_d2_l50,1,5,0.49674912440923996,-0.041927898614820755,0.5930357166819374
8,m27_h1_q5_d4_l1,1,5,0.493740599832417,0.007278617233651103,0.5784256960249371
8,m27_h1_q5_d4_l50,1,5,0.4971725087106964,-0.24198648740297696,0.548785771624499
8,m27_h1_q5_d8_l1,1,5,0.4806263299635899,-0.04318288987143363,0.5731851128101714
8,m27_h1_q5_d8_l50,1,5,0.490997408643181,-0.06795238940066094,0.5711236105659802
8,m28_h1_q5_d2_l1,1,5,0.5114770583164545,0.365813435504107,0.63957860135051
8,m28_h1_q5_d2_l50,1,5,0.512417357644917,0.4000764276131716,0.6202480540368808
8,m28_h1_q5_d4_l1,1,5,0.5102048332308545,0.09321761175166404,0.5426533276389209
8,m28_h1_q5_d4_l50,1,5,0.50750732421875,0.19388098613603363,0.571109211874782
8,m28_h1_q5_d8_l1,1,5,0.5023825374650366,0.013147120254413539,0.6640382446459002
8,m28_h1_q5_d8_l50,1,5,0.5059587455090181,0.07217601628314556,0.603936533012547
8,m29_h1_q5_d2_l1,1,5,0.5177116864993249,0.044673577756641936,0.6307447729170185
8,m29_h1_q5_d2_l50,1,5,0.5179917135356384,0.05643031012297687,0.6297819602382733
8,m29_h1_q5_d4_l1,1,5,0.5101924001434703,-0.028298013272460516,0.5880870509272335
8,m29_h1_q5_d4_l50,1,5,0.5148257973753376,0.30956366376573996,0.6830390161332637
8,m29_h1_q5_d8_l1,1,5,0.5029789488992573,0.35289441577037556,0.5561847170797435
8,m29_h1_q5_d8_l50,1,5,0.5102251782829379,0.17993662831639093,0.6749608811491598
8,m30_h1_q5_d2_l1,1,5,0.5092861976152585,0.2148827591449025,0.5642417445201586
8,m30_h1_q5_d2_l50,1,5,0.5096882949640721,0.49628364214154214,0.6281916806392024
8,m30_h1_q5_d4_l1,1,5,0.5097404762550637,0.29331818848990027,0.5640278080420428
8,m30_h1_q5_d4_l50,1,5,0.5141936879099152,0.48135378470777646,0.668855675199746
8,m30_h1_q5_d8_l1,1,5,0.5067594551745757,0.0013073395565057482,0.6826160663923325
8,m30_h1_q5_d8_l50,1,5,0.5100046793619791,-0.0034682501124807326,0.6492513112365049
8,m31_h1_q5_d2_l1,1,5,0.5083980795777874,-0.013311762313981321,0.5155413423050107
8,m31_h1_q5_d2_l50,1,5,0.5095419236171392,-0.0768720004232004,0.5156180012233997
8,m31_h1_q5_d4_l1,1,5,0.508191520785108,-0.0792419119145858,0.614147178341694
8,m31_h1_q5_d4_l50,1,5,0.5105946858723958,0.08488550684956865,0.6378987665132173
8,m31_h1_q5_d8_l1,1,5,0.49440228497540506,0.1848785017784955,0.677806336158894
8,m31_h1_q5_d8_l50,1,5,0.5073392891589505,0.02922003884727137,0.5735763106368884
8,m01_h3_q3_d2_l1,3,3,0.49815727558238965,-0.13888564944473286,0.5222577035924187
8,m01_h3_q3_d2_l50,3,3,0.4982530712544598,-0.1603868268281634,0.5321381624213658
8,m01_h3_q3_d4_l1,3,3,0.5033932579062514,0.04945084164384324,0.6310983348606812
8,m01_h3_q3_d4_l50,3,3,0.5052345694083444,-0.04415990434730914,0.5440598155376586
8,m01_h3_q3_d8_l1,3,3,0.50381882806005,0.20706350076442293,0.7209894385804867
8,m01_h3_q3_d8_l50,3,3,0.5059678725618023,-0.0505468373668342,0.6243054524709004
8,m02_h3_q3_d2_l1,3,3,0.49682546141582046,-0.04003502937623871,0.5572938018940344
8,m02_h3_q3_d2_l50,3,3,0.4941912217254411,-0.15448583651387973,0.5543525337248618
8,m02_h3_q3_d4_l1,3,3,0.49800609362204284,0.022125367540431408,0.5893428882415149
8,m02_h3_q3_d4_l50,3,3,0.4936167302761233,-0.1067108327806992,0.4876598968559059
8,m02_h3_q3_d8_l1,3,3,0.49778822204928136,-0.1544999296048662,0.45610231093619885
8,m02_h3_q3_d8_l50,3,3,0.49468489440717167,-0.09414971185752687,0.4686295040163641
8,m03_h3_q3_d2_l1,3,3,0.49121145354531587,-0.3246420130074997,0.4101468149421413
8,m03_h3_q3_d2_l50,3,3,0.49056525663349704,-0.4383477505898402,0.3941568772892029
8,m03_h3_q3_d4_l1,3,3,0.5006357413369911,-0.22693757327784933,0.5232296477816836
8,m03_h3_q3_d4_l50,3,3,0.49696477488582225,-0.3103663545078417,0.46443859618324856
8,m03_h3_q3_d8_l1,3,3,0.5043392754908327,-0.42830736702439154,0.46702979230516467
8,m03_h3_q3_d8_l50,3,3,0.4977517688289361,-0.3960973254808956,0.4491489219487828
8,m04_h3_q3_d2_l1,3,3,0.5038858002555681,0.4306693177897334,0.7262556118273803
8,m04_h3_q3_d2_l50,3,3,0.504249908584366,0.18922630879831048,0.6931708110403794
8,m04_h3_q3_d4_l1,3,3,0.5127645613660293,0.4120814266854637,0.6986137512813768
8,m04_h3_q3_d4_l50,3,3,0.5084278997689035,0.3104396947457715,0.6518321241203368
8,m04_h3_q3_d8_l1,3,3,0.5185679705616226,0.4390910795282898,0.6891046057010694
8,m04_h3_q3_d8_l50,3,3,0.5114504086434258,-0.09328115766962111,0.4268818066481086
8,m05_h3_q3_d2_l1,3,3,0.5016181414961419,-0.07845427040579553,0.5815403259252999
8,m05_h3_q3_d2_l50,3,3,0.5023183117807201,0.054524180073961134,0.6230176959378684
8,m05_h3_q3_d4_l1,3,3,0.5032731600872843,0.1850643926944743,0.6950491489697151
8,m05_h3_q3_d4_l50,3,3,0.502547274740292,0.012861397542344994,0.5999543272468911
8,m05_h3_q3_d8_l1,3,3,0.5017795670939889,0.07491046350697136,0.5216850751560196
8,m05_h3_q3_d8_l50,3,3,0.5022509863563226,0.03238105894900447,0.5919142798981275
8,m06_h3_q3_d2_l1,3,3,0.4964711728498676,-0.010488881897981386,0.561853375476704
8,m06_h3_q3_d2_l50,3,3,0.4969331962240115,-0.020457960064262974,0.5646705775122822
8,m06_h3_q3_d4_l1,3,3,0.5077198171574286,0.07391305124641337,0.5121804724565893
8,m06_h3_q3_d4_l50,3,3,0.5046503288419575,0.23003228238854848,0.5990225809483458
8,m06_h3_q3_d8_l1,3,3,0.516013772535296,0.21156384351200977,0.6578205400956406
8,m06_h3_q3_d8_l50,3,3,0.5058466444104215,-0.16294179610057508,0.49933442942372597
8,m07_h3_q3_d2_l1,3,3,0.4944301457394098,-0.07468006030826997,0.54383453897329
8,m07_h3_q3_d2_l50,3,3,0.49384541065259174,-0.23856735631354226,0.5372895580573344
8,m07_h3_q3_d4_l1,3,3,0.5021900190517529,0.034965547125929204,0.6382930194635875
8,m07_h3_q3_d4_l50,3,3,0.4999147305485334,-0.12620226795954306,0.5854453995500717
8,m07_h3_q3_d8_l1,3,3,0.512594022463096,0.18815492181674492,0.6011260086774741
8,m07_h3_q3_d8_l50,3,3,0.5001666533852608,-0.2425248666763985,0.5285732273750607
8,m08_h3_q3_d2_l1,3,3,0.5108138902029002,0.1616477814054538,0.5946961823728886
8,m08_h3_q3_d2_l50,3,3,0.5112438403948025,0.30237834558351095,0.6591829905006923
8,m08_h3_q3_d4_l1,3,3,0.5010772067903589,0.11117377923774609,0.6677232130805909
8,m08_h3_q3_d4_l50,3,3,0.5049346074440301,0.1828008881970758,0.6946741688422724
8,m08_h3_q3_d8_l1,3,3,0.4922730476192091,0.0684968818545425,0.6542051957822512
8,m08_h3_q3_d8_l50,3,3,0.49978255230189367,0.08327161101193087,0.7042032507936129
8,m09_h3_q3_d2_l1,3,3,0.5046860049587684,0.061766184877846485,0.7682808539441032
8,m09_h3_q3_d2_l50,3,3,0.507206081075353,0.02257568156002246,0.7049148206191698
8,m09_h3_q3_d4_l1,3,3,0.5080004928249324,0.315740428944431,0.7639965108577322
8,m09_h3_q3_d4_l50,3,3,0.5118249019012757,0.3329502030323951,0.713639041671789
8,m09_h3_q3_d8_l1,3,3,0.5054417028231748,-0.03367854764481818,0.6472926306562998
8,m09_h3_q3_d8_l50,3,3,0.5117324972264468,0.3693368470504375,0.6696596263209861
8,m10_h3_q3_d2_l1,3,3,0.506995203434402,-0.025394691717949773,0.5682841186332148
8,m10_h3_q3_d2_l50,3,3,0.5087978010513221,-0.22414127957083843,0.4865404457244072
8,m10_h3_q3_d4_l1,3,3,0.5097814728344385,0.13755150840287406,0.5451962002360937
8,m10_h3_q3_d4_l50,3,3,0.5105611902626384,0.24511353169460579,0.5889485439461412
8,m10_h3_q3_d8_l1,3,3,0.5198749174150881,0.48941245583403187,0.6926408665448159
8,m10_h3_q3_d8_l50,3,3,0.5091509592848613,0.1648077619187302,0.5787659522783543
8,m11_h3_q3_d2_l1,3,3,0.508102293387951,-0.14813347743074962,0.5958787755381671
8,m11_h3_q3_d2_l50,3,3,0.5083866426357996,-0.16251288994739255,0.6454567877837436
8,m11_h3_q3_d4_l1,3,3,0.5129864597480149,-0.03500411052067276,0.6290912201707167
8,m11_h3_q3_d4_l50,3,3,0.5085465140265775,0.10574008667485121,0.7442590410860579
8,m11_h3_q3_d8_l1,3,3,0.5093934155876232,-0.16054587915046947,0.5073659786045275
8,m11_h3_q3_d8_l50,3,3,0.5087379640791663,-0.15678715045353467,0.6080125513395221
8,m12_h3_q3_d2_l1,3,3,0.5088411069119262,-0.06145780597064339,0.6236731479209863
8,m12_h3_q3_d2_l50,3,3,0.5074606884515632,0.1381072259411546,0.645502374061915
8,m12_h3_q3_d4_l1,3,3,0.5062900879455134,0.07056536164777509,0.6247363320261426
8,m12_h3_q3_d4_l50,3,3,0.5050736383309286,0.20130563837307902,0.6925966407407661
8,m12_h3_q3_d8_l1,3,3,0.4986224780164475,0.35434146199517735,0.6580169411116009
8,m12_h3_q3_d8_l50,3,3,0.5051588371366194,0.1748137985527959,0.6668973331646519
8,m13_h3_q3_d2_l1,3,3,0.5134479179559521,-0.09883173298515749,0.5734875480778814
8,m13_h3_q3_d2_l50,3,3,0.5140183119502699,-0.15092585719697346,0.537317194169958
8,m13_h3_q3_d4_l1,3,3,0.5106003280224665,0.056873159599669036,0.6857316062731453
8,m13_h3_q3_d4_l50,3,3,0.5105994096273803,0.002004227570667156,0.7059948339933307
8,m13_h3_q3_d8_l1,3,3,0.5025866950832236,-0.05250954864803646,0.6351673451435668
8,m13_h3_q3_d8_l50,3,3,0.5087128848287348,0.10338765671559969,0.7273685850737033
8,m14_h3_q3_d2_l1,3,3,0.5089348538564964,0.040336581978419515,0.6127382636597316
8,m14_h3_q3_d2_l50,3,3,0.5061795273062878,-0.05005380147917146,0.6565633874882719
8,m14_h3_q3_d4_l1,3,3,0.5139649743894933,0.18647177631438747,0.6730157950017794
8,m14_h3_q3_d4_l50,3,3,0.5135154553176771,0.4676403109849836,0.7210152009444658
8,m14_h3_q3_d8_l1,3,3,0.5138604186412161,0.21367021284310514,0.7436329586692418
8,m14_h3_q3_d8_l50,3,3,0.5075857314748408,0.24555756457139885,0.6389874236677956
8,m15_h3_q3_d2_l1,3,3,0.5043218966299704,-0.18374066445619835,0.5346443598450062
8,m15_h3_q3_d2_l50,3,3,0.5058749027207666,-0.1297132943505505,0.556951010349138
8,m15_h3_q3_d4_l1,3,3,0.5097676262623694,-0.1570054743529782,0.6723032383594668
8,m15_h3_q3_d4_l50,3,3,0.507277221371647,-0.10588562302820352,0.5833011421329437
8,m15_h3_q3_d8_l1,3,3,0.5125899250080961,-0.020463818849162346,0.6869288153983895
8,m15_h3_q3_d8_l50,3,3,0.5080865393799335,-0.12410927287793264,0.6280012000007954
8,m16_h3_q3_d2_l1,3,3,0.4958022279982208,0.226297819580195,0.7283610771540677
8,m16_h3_q3_d2_l50,3,3,0.4977379222568669,0.2928172562940625,0.6898986062726302
8,m16_h3_q3_d4_l1,3,3,0.49452353945510064,0.19544478009130098,0.6744779365250593
8,m16_h3_q3_d4_l50,3,3,0.49634083139340035,0.1680384280219603,0.7057234821975747
8,m16_h3_q3_d8_l1,3,3,0.5011744153779465,0.20382197142695785,0.617149394655508
8,m16_h3_q3_d8_l50,3,3,0.5015556199845032,0.0595067214118353,0.6284479492884727
8,m17_h3_q3_d2_l1,3,3,0.4970727922771168,-0.04979276447731655,0.5693194160818208
8,m17_h3_q3_d2_l50,3,3,0.4962458128248646,-0.008180551271123484,0.544652428290723
8,m17_h3_q3_d4_l1,3,3,0.4983569205449785,0.17039399937542316,0.6277472521385797
8,m17_h3_q3_d4_l50,3,3,0.49393951082604126,0.28231247381811936,0.6574024577014399
8,m17_h3_q3_d8_l1,3,3,0.5044576071654032,0.37315333521436594,0.6884320327809773
8,m17_h3_q3_d8_l50,3,3,0.49121964845531596,0.46300835899902304,0.7308707838783777
8,m18_h3_q3_d2_l1,3,3,0.49159965208368306,0.19350210939644003,0.6568282887055762
8,m18_h3_q3_d2_l50,3,3,0.49141894018902554,0.15302489217567594,0.5918214008476645
8,m18_h3_q3_d4_l1,3,3,0.49593186299692943,0.1460228623432138,0.5996266809725154
8,m18_h3_q3_d4_l50,3,3,0.4915969675442003,0.06733413703229148,0.5743710737956667
8,m18_h3_q3_d8_l1,3,3,0.4923268090546409,-0.17167041382948417,0.619516837810193
8,m18_h3_q3_d8_l50,3,3,0.4898320947715909,0.1455347009210041,0.5654191302056024
8,m19_h3_q3_d2_l1,3,3,0.49289105686645857,-0.20236272322175686,0.5148459389412942
8,m19_h3_q3_d2_l50,3,3,0.49323248790120444,-0.2411686205771424,0.46733501876121136
8,m19_h3_q3_d4_l1,3,3,0.49641260750167715,-0.05666166431191655,0.5782362886670708
8,m19_h3_q3_d4_l50,3,3,0.4922879538779162,-0.11054555729275983,0.5253544044020138
8,m19_h3_q3_d8_l1,3,3,0.5038114102535844,-0.10293593578631569,0.5837124851032269
8,m19_h3_q3_d8_l50,3,3,0.49425840585828684,0.2054297743354399,0.5652860323083184
8,m20_h3_q3_d2_l1,3,3,0.502260029015633,0.054790628831783816,0.6118755527372475
8,m20_h3_q3_d2_l50,3,3,0.5017315986121779,0.22501979856587784,0.6522803802391354
8,m20_h3_q3_d4_l1,3,3,0.502568397827275,0.48922572261503006,0.6994786514799106
8,m20_h3_q3_d4_l50,3,3,0.501269999112689,0.40969697586101,0.6941472705429603
8,m20_h3_q3_d8_l1,3,3,0.5060756780157694,0.25581504353661844,0.6264962933200202
8,m20_h3_q3_d8_l50,3,3,0.5010295208916513,0.21294493583485924,0.6445038227907347
8,m21_h3_q3_d2_l1,3,3,0.5021394366762348,-0.05729883608350774,0.5837303428558728
8,m21_h3_q3_d2_l50,3,3,0.5036586034403928,-0.022303177363604473,0.5692624787902546
8,m21_h3_q3_d4_l1,3,3,0.5042202373585036,0.24002071952621515,0.7025278776656818
8,m21_h3_q3_d4_l50,3,3,0.5022227986917532,0.370560689903432,0.6512694658213748
8,m21_h3_q3_d8_l1,3,3,0.5061512689959426,0.27957959689125517,0.65609095133195
8,m21_h3_q3_d8_l50,3,3,0.49922233129930016,0.482742220254195,0.7265722787469278
8,m22_h3_q3_d2_l1,3,3,0.49789701654411034,0.12809748487545708,0.6212256019227845
8,m22_h3_q3_d2_l50,3,3,0.49802728735480173,0.019645379673119107,0.5285306961575035
8,m22_h3_q3_d4_l1,3,3,0.5020849687830445,0.1663764989588517,0.7139888722098907
8,m22_h3_q3_d4_l50,3,3,0.5039320732387584,0.1429043895552485,0.6057053700059655
8,m22_h3_q3_d8_l1,3,3,0.5073049145157854,0.26346532454840965,0.6890438782668088
8,m22_h3_q3_d8_l50,3,3,0.49817627929609676,0.11748368772192402,0.5812179115470237
8,m23_h3_q3_d2_l1,3,3,0.49163808338575254,-0.047650264180843144,0.6212775296228017
8,m23_h3_q3_d2_l50,3,3,0.4932279665715492,-0.03808611112731087,0.5649834980364953
8,m23_h3_q3_d4_l1,3,3,0.5011649488439808,0.4397328096010965,0.7263491638835584
8,m23_h3_q3_d4_l50,3,3,0.49725173802737777,0.25127493474466434,0.640434719911427
8,m23_h3_q3_d8_l1,3,3,0.5072766562054402,0.3876055090776074,0.7215668923963429
8,m23_h3_q3_d8_l50,3,3,0.49790591791186917,0.1381877309675508,0.6256564120418197
8,m24_h3_q3_d2_l1,3,3,0.5071304194494037,0.3026677565344145,0.685600403976779
8,m24_h3_q3_d2_l50,3,3,0.5071512599532833,0.25755101441680545,0.7749767694824241
8,m24_h3_q3_d4_l1,3,3,0.5071494938088867,0.12845099486599457,0.701058067294936
8,m24_h3_q3_d4_l50,3,3,0.5082498724137288,0.08461432660334839,0.7705417649644623
8,m24_h3_q3_d8_l1,3,3,0.5030311276591777,0.14327011973256196,0.6530745757377933
8,m24_h3_q3_d8_l50,3,3,0.5070808261147479,-0.012628856746764129,0.7214048241026954
8,m25_h3_q3_d2_l1,3,3,0.5056224853636082,0.1029098002454433,0.6828975453410079
8,m25_h3_q3_d2_l50,3,3,0.5051948664823095,-0.08606067491934843,0.6306543064875402
8,m25_h3_q3_d4_l1,3,3,0.5065386904307754,0.03237148447331147,0.635517357567667
8,m25_h3_q3_d4_l50,3,3,0.5115391397379098,0.27102524004021084,0.7390241436771505
8,m25_h3_q3_d8_l1,3,3,0.5121375801052452,0.5710967393715446,0.758090091992761
8,m25_h3_q3_d8_l50,3,3,0.5095785781661599,0.6074227109770436,0.8297547542466842
8,m26_h3_q3_d2_l1,3,3,0.5030267476210741,0.16018561503504922,0.6509295238335462
8,m26_h3_q3_d2_l50,3,3,0.500969401336392,0.15451486713373028,0.6325539168569414
8,m26_h3_q3_d4_l1,3,3,0.5042932850907459,0.06372522350438624,0.6064109448107984
8,m26_h3_q3_d4_l50,3,3,0.504875900804288,0.19042878986525477,0.6704136012143761
8,m26_h3_q3_d8_l1,3,3,0.5061533177234427,-0.2262606418334834,0.52877052009728
8,m26_h3_q3_d8_l50,3,3,0.5073198207744924,0.05578028803131307,0.635787854832505
8,m27_h3_q3_d2_l1,3,3,0.5004877384365581,-0.1068256698191359,0.568675421461189
8,m27_h3_q3_d2_l50,3,3,0.5002111602240544,-0.0929226732805149,0.5850325284315651
8,m27_h3_q3_d4_l1,3,3,0.50882259771865,0.08306660124746164,0.5902964724318353
8,m27_h3_q3_d4_l50,3,3,0.5061645504018049,0.010547935587273013,0.6061944141161916
8,m27_h3_q3_d8_l1,3,3,0.5070683218124202,0.09388073408871492,0.6393107849101204
8,m27_h3_q3_d8_l50,3,3,0.507768704034326,0.11995539680873088,0.5870067231456824
8,m28_h3_q3_d2_l1,3,3,0.5068764478851763,0.44948190785675085,0.6784021615160435
8,m28_h3_q3_d2_l50,3,3,0.5066879649551738,0.25787875913529856,0.5814472868841453
8,m28_h3_q3_d4_l1,3,3,0.503835853692033,0.396953127034939,0.7064692722868845
8,m28_h3_q3_d4_l50,3,3,0.5078368772080337,0.3432436627386889,0.7058069994446161
8,m28_h3_q3_d8_l1,3,3,0.5030444797108158,0.07937902006804053,0.6535329629747085
8,m28_h3_q3_d8_l50,3,3,0.5038477928281538,0.16134433833589612,0.6372355519990196
8,m29_h3_q3_d2_l1,3,3,0.5076060068125136,0.2189847510847829,0.655910516212044
8,m29_h3_q3_d2_l50,3,3,0.5064958084448266,0.05258625586587243,0.6178344443957574
8,m29_h3_q3_d4_l1,3,3,0.5088074088768395,0.5089589636579103,0.722302904164037
8,m29_h3_q3_d4_l50,3,3,0.5073412970903548,0.22541380844221354,0.6524674061562067
8,m29_h3_q3_d8_l1,3,3,0.5067533122978471,0.33046850162192476,0.7102881182178127
8,m29_h3_q3_d8_l50,3,3,0.5064039689362047,0.26280568481959055,0.6779109033536636
8,m30_h3_q3_d2_l1,3,3,0.5021260846245967,0.17495452488029295,0.6706265404576449
8,m30_h3_q3_d2_l50,3,3,0.5022774785222712,0.2864391103152328,0.6543692047504513
8,m30_h3_q3_d4_l1,3,3,0.5042359207207452,0.26029072408958864,0.6747681571965535
8,m30_h3_q3_d4_l50,3,3,0.5030400290269363,0.21736486245756623,0.6231017685837325
8,m30_h3_q3_d8_l1,3,3,0.5068639435828486,0.10755764706094628,0.641530051962406
8,m30_h3_q3_d8_l50,3,3,0.5063602392009454,0.167096102696465,0.6385913931422326
8,m31_h3_q3_d2_l1,3,3,0.5014945820341574,-0.09574886860831539,0.5750441921052695
8,m31_h3_q3_d2_l50,3,3,0.5032106385756455,0.12558721114840873,0.6135381067661653
8,m31_h3_q3_d4_l1,3,3,0.5050015089937725,0.3165944688127329,0.7026460978255357
8,m31_h3_q3_d4_l50,3,3,0.5057386270191269,0.0215384042528908,0.5427190294852534
8,m31_h3_q3_d8_l1,3,3,0.5041339082203989,-0.02425990055630053,0.6612626385519008
8,m31_h3_q3_d8_l50,3,3,0.5055192718850723,0.010675146429552697,0.6287699647603451
8,m01_h3_q5_d2_l1,3,5,0.5027384819480262,-0.04671348268298218,0.6418935984396652
8,m01_h3_q5_d2_l50,3,5,0.4981189403144216,-0.0713875712576286,0.6014515022257086
8,m01_h3_q5_d4_l1,3,5,0.5055447672832771,-0.046758640912462054,0.6036309942468054
8,m01_h3_q5_d4_l50,3,5,0.503631161971831,-0.18767815366836949,0.46360609124297464
8,m01_h3_q5_d8_l1,3,5,0.5137342541162467,-0.03194871515951704,0.6269679580408111
8,m01_h3_q5_d8_l50,3,5,0.5084180811098988,0.1771262516172477,0.6806231296768965
8,m02_h3_q5_d2_l1,3,5,0.49158850550486016,-0.03242213118068112,0.5319805934813702
8,m02_h3_q5_d2_l50,3,5,0.4913736656293394,-0.01912210166167704,0.49583020385183413
8,m02_h3_q5_d4_l1,3,5,0.48731882934933546,-0.4117939623547301,0.4259952016841848
8,m02_h3_q5_d4_l50,3,5,0.4839850336614758,-0.24199556260827362,0.3802934887409972
8,m02_h3_q5_d8_l1,3,5,0.48551332200952196,-0.5995637875983132,0.3535657148168735
8,m02_h3_q5_d8_l50,3,5,0.48005941126512597,-0.21822216609050676,0.4129686014285357
8,m03_h3_q5_d2_l1,3,5,0.504717953407062,-0.2355204615220254,0.406302854322632
8,m03_h3_q5_d2_l50,3,5,0.5013600390857468,-0.2985157866234846,0.41194796413671475
8,m03_h3_q5_d4_l1,3,5,0.4994532141130232,-0.14385304817465866,0.5328211874254004
8,m03_h3_q5_d4_l50,3,5,0.4969378053089665,-0.4396614602562934,0.34526370262053196
8,m03_h3_q5_d8_l1,3,5,0.5031368752789626,-0.3121843438066354,0.5091893048149784
8,m03_h3_q5_d8_l50,3,5,0.4925464705043643,-0.37426957150939266,0.47041097379433594
8,m04_h3_q5_d2_l1,3,5,0.4985245982939893,-0.018758261451840355,0.7164959323674074
8,m04_h3_q5_d2_l50,3,5,0.4996747374652847,0.2532384381990629,0.8503001075830771
8,m04_h3_q5_d4_l1,3,5,0.5073452378000396,0.0970037429843845,0.7669621046163113
8,m04_h3_q5_d4_l50,3,5,0.5070195878173973,-0.017502261857533154,0.7018491674143343
8,m04_h3_q5_d8_l1,3,5,0.5083088207944852,0.0389704676292276,0.6384341450631912
8,m04_h3_q5_d8_l50,3,5,0.5090068082349732,0.00967194994132475,0.4805518462263748
8,m05_h3_q5_d2_l1,3,5,0.5105790719227336,0.0650806345918025,0.7206800415655991
8,m05_h3_q5_d2_l50,3,5,0.510180000557925,-0.03740222731745884,0.6819859999792992
8,m05_h3_q5_d4_l1,3,5,0.5050308176081135,-0.08996903193588308,0.721846406878128
8,m05_h3_q5_d4_l50,3,5,0.5078806908351519,-0.09495320103247487,0.8508071900503739
8,m05_h3_q5_d8_l1,3,5,0.5159541370139853,0.22673457625831672,0.6498549793109143
8,m05_h3_q5_d8_l50,3,5,0.5129620703977386,-0.013493550380218901,0.726256123444589
8,m06_h3_q5_d2_l1,3,5,0.48886135640869866,-0.17666402715971255,0.44466053743695005
8,m06_h3_q5_d2_l50,3,5,0.48907241866693113,-0.3061794744544919,0.4510103683383807
8,m06_h3_q5_d4_l1,3,5,0.4874938589503571,-0.23232860217144036,0.432049740767873
8,m06_h3_q5_d4_l50,3,5,0.48957135473492364,-0.2872693671921206,0.4450225155004272
8,m06_h3_q5_d8_l1,3,5,0.48799289188033124,0.011061014288724908,0.5539194565588322
8,m06_h3_q5_d8_l50,3,5,0.48849134363841495,-0.3018408182561354,0.37294828785418005
8,m07_h3_q5_d2_l1,3,5,0.5019245507153839,-0.3175007429078836,0.5459724730818009
8,m07_h3_q5_d2_l50,3,5,0.5014308451944058,-0.38127912481740583,0.5227148534967371
8,m07_h3_q5_d4_l1,3,5,0.5011562414761457,-0.2160764517139124,0.581046979993231
8,m07_h3_q5_d4_l50,3,5,0.49626868273903985,-0.31650157876797025,0.7149541125977681
8,m07_h3_q5_d8_l1,3,5,0.4970031871466475,-0.011003125272278617,0.5320697204226087
8,m07_h3_q5_d8_l50,3,5,0.4986142924890895,-0.11441004723465946,0.6566224605165223
8,m08_h3_q5_d2_l1,3,5,0.5082909981898432,-0.04724485503257501,0.4414874511942034
8,m08_h3_q5_d2_l50,3,5,0.5114777573894069,0.034272968891198005,0.4874906786122578
8,m08_h3_q5_d4_l1,3,5,0.5030217063826622,-0.18037814030148536,0.5162270822966618
8,m08_h3_q5_d4_l50,3,5,0.507530437909145,0.02863910387074538,0.5973534935233834
8,m08_h3_q5_d8_l1,3,5,0.49865943017258485,-0.16849309230332885,0.5005328789154434
8,m08_h3_q5_d8_l50,3,5,0.5045563876215037,0.14088117970618777,0.5939814898348679
8,m09_h3_q5_d2_l1,3,5,0.5194973483063876,0.46240429164846,0.7205050692774414
8,m09_h3_q5_d2_l50,3,5,0.5201203645730014,0.21077860887161334,0.5943999939592501
8,m09_h3_q5_d4_l1,3,5,0.5192492847711268,0.13708000891469016,0.7153815995920934
8,m09_h3_q5_d4_l50,3,5,0.5184270234080539,0.13764865344288735,0.6339033567506255
8,m09_h3_q5_d8_l1,3,5,0.5030041743639655,0.24446335676881265,0.7506290342573979
8,m09_h3_q5_d8_l50,3,5,0.5152319340780599,0.1828833203492105,0.7300199383480325
8,m10_h3_q5_d2_l1,3,5,0.5069880108113469,0.10224317316121947,0.6642488351681012
8,m10_h3_q5_d2_l50,3,5,0.5089334837147887,0.05165536702410809,0.5147926753706837
8,m10_h3_q5_d4_l1,3,5,0.5155651392952787,0.07819314141328333,0.5654392196861449
8,m10_h3_q5_d4_l50,3,5,0.5127003493230511,-0.07168235325711891,0.49438785276812475
8,m10_h3_q5_d8_l1,3,5,0.5225370710176553,-0.04434742342922495,0.6068758485336831
8,m10_h3_q5_d8_l50,3,5,0.5119066622445944,-0.049020095570227594,0.47418808170772964
8,m11_h3_q5_d2_l1,3,5,0.5172695227261457,-0.12718614270563106,0.5016554885076562
8,m11_h3_q5_d2_l50,3,5,0.5162501472302122,-0.11301322838564509,0.4041527773009598
8,m11_h3_q5_d4_l1,3,5,0.5239956187388415,0.0276361939119947,0.5817122155314597
8,m11_h3_q5_d4_l50,3,5,0.5174375782644813,-0.029901449214480395,0.6775636328089264
8,m11_h3_q5_d8_l1,3,5,0.5169682819629042,-0.007114653858481339,0.6446567675821085
8,m11_h3_q5_d8_l50,3,5,0.5170421876549791,0.1304674560971407,0.6910427964250401
8,m12_h3_q5_d2_l1,3,5,0.50926572031219,0.2558760760202075,0.731455500926422
8,m12_h3_q5_d2_l50,3,5,0.5092207763526582,0.1253188871137078,0.5924475702035118
8,m12_h3_q5_d4_l1,3,5,0.5041686491085599,0.24503164924683607,0.7310175100272648
8,m12_h3_q5_d4_l50,3,5,0.5040640381682702,-0.010175694894093769,0.590027437360745
8,m12_h3_q5_d8_l1,3,5,0.4980541396486312,-0.04327888086859042,0.5515588969200609
8,m12_h3_q5_d8_l50,3,5,0.5000233437376017,-0.08520771516283114,0.5732307005723557
8,m13_h3_q5_d2_l1,3,5,0.5186952342355188,-0.022453842823287894,0.689841263391641
8,m13_h3_q5_d2_l50,3,5,0.5175151647118628,-0.09398362749418347,0.5487128185729369
8,m13_h3_q5_d4_l1,3,5,0.5173333547721186,0.22880238903410782,0.8386546929492718
8,m13_h3_q5_d4_l50,3,5,0.5135227075481056,-0.33187078216216687,0.480886212411029
8,m13_h3_q5_d8_l1,3,5,0.5121906615750844,0.21339226724594357,0.8731191661548706
8,m13_h3_q5_d8_l50,3,5,0.5100595042526284,-0.21316434299593373,0.6617769490980133
8,m14_h3_q5_d2_l1,3,5,0.5029461540368975,-0.150207769733741,0.5983980847186504
8,m14_h3_q5_d2_l50,3,5,0.502512599806586,-0.09616122318632017,0.593066996415738
8,m14_h3_q5_d4_l1,3,5,0.5024368537368578,0.04135212762989468,0.6384686209315212
8,m14_h3_q5_d4_l50,3,5,0.5054185561210573,-0.04580538947285059,0.5775957149610585
8,m14_h3_q5_d8_l1,3,5,0.5100436188876215,0.22088408492639028,0.5996329748376263
8,m14_h3_q5_d8_l50,3,5,0.5027079704237751,-0.362046166460689,0.3943435035806752
8,m15_h3_q5_d2_l1,3,5,0.515216823608907,-0.05402175550295009,0.5099758437802149
8,m15_h3_q5_d2_l50,3,5,0.5113563893262746,-0.1535792029499751,0.402545506364819
8,m15_h3_q5_d4_l1,3,5,0.521982729896102,-0.023879640107185334,0.6536514521302345
8,m15_h3_q5_d4_l50,3,5,0.5144308854889903,-0.10825232251192633,0.532432875964518
8,m15_h3_q5_d8_l1,3,5,0.5122750283611882,0.07962840487323751,0.6957628784647037
8,m15_h3_q5_d8_l50,3,5,0.51451224955366,0.13520598421131108,0.6348531319355365
8,m16_h3_q5_d2_l1,3,5,0.49995660583217616,0.255181145756409,0.6065889998085178
8,m16_h3_q5_d2_l50,3,5,0.502080014196092,0.22773361128741562,0.5901363272395517
8,m16_h3_q5_d4_l1,3,5,0.49513946575580237,0.32538210328200196,0.7169293243763285
8,m16_h3_q5_d4_l50,3,5,0.4981024737775243,0.3395374851216667,0.6428414343974512
8,m16_h3_q5_d8_l1,3,5,0.495216955341202,0.2652445013908697,0.6173729643957767
8,m16_h3_q5_d8_l50,3,5,0.4958157561123785,0.30595500600578085,0.6458099639635683
8,m17_h3_q5_d2_l1,3,5,0.5144392156194207,0.14663663897724344,0.6721727868228885
8,m17_h3_q5_d2_l50,3,5,0.5163537895506843,0.2629078643807999,0.7217998647770628
8,m17_h3_q5_d4_l1,3,5,0.5054079981650467,0.47558096105032027,0.7569237663774193
8,m17_h3_q5_d4_l50,3,5,0.5088115344797659,0.3398930491788662,0.7237241414711831
8,m17_h3_q5_d8_l1,3,5,0.5019374333589566,0.6836552070216224,0.8638174571134893
8,m17_h3_q5_d8_l50,3,5,0.504619347909641,0.33609985643705836,0.7436227651217472
8,m18_h3_q5_d2_l1,3,5,0.5065960103712062,0.04407736104800636,0.4521470034274925
8,m18_h3_q5_d2_l50,3,5,0.5094037486361833,-0.2190707609887596,0.4057283433861843
8,m18_h3_q5_d4_l1,3,5,0.5009323934363221,0.09049034595748978,0.5157242919089245
8,m18_h3_q5_d4_l50,3,5,0.508036541763787,0.33242702261841084,0.6332893398178682
8,m18_h3_q5_d8_l1,3,5,0.49343876308024204,-0.0449545835884437,0.5626719582410202
8,m18_h3_q5_d8_l50,3,5,0.5058838810813826,0.2556290980603258,0.5941623433456324
8,m19_h3_q5_d2_l1,3,5,0.5096016376648979,0.054019248808250146,0.5925428347770668
8,m19_h3_q5_d2_l50,3,5,0.5113742119309165,0.15820011351510743,0.5801460345054628
8,m19_h3_q5_d4_l1,3,5,0.5129289435999801,0.033298799208855215,0.5333263388602275
8,m19_h3_q5_d4_l50,3,5,0.5145468292811446,0.00670472643805955,0.551060068060671
8,m19_h3_q5_d8_l1,3,5,0.5088539600277723,0.3570318060537231,0.7401977951983993
8,m19_h3_q5_d8_l50,3,5,0.510949181554999,0.12109201964988732,0.6086482009382168
8,m20_h3_q5_d2_l1,3,5,0.5127843286612279,0.3624702142914458,0.6368568503315745
8,m20_h3_q5_d2_l50,3,5,0.5129942285756794,0.3388824532713057,0.6610444251468951
8,m20_h3_q5_d4_l1,3,5,0.5174819410521226,0.5691642937310928,0.8475736870609658
8,m20_h3_q5_d4_l50,3,5,0.5153259870623388,0.46462641489071815,0.7073927940863195
8,m20_h3_q5_d8_l1,3,5,0.515009054658054,0.44316186568580856,0.7654134446938025
8,m20_h3_q5_d8_l50,3,5,0.5147031645196886,0.4229670302273495,0.6767722534139757
8,m21_h3_q5_d2_l1,3,5,0.5152900512671097,0.27680375560357523,0.7108707991210823
8,m21_h3_q5_d2_l50,3,5,0.5157486927506943,0.10814351559348942,0.6187504893117264
8,m21_h3_q5_d4_l1,3,5,0.5174071636022118,0.2709564056356551,0.6619737397023366
8,m21_h3_q5_d4_l50,3,5,0.5166662663038087,0.17802602980466167,0.6481386439643654
8,m21_h3_q5_d8_l1,3,5,0.5297359503632711,0.5353330739181816,0.8066509449763271
8,m21_h3_q5_d8_l50,3,5,0.519642253831085,0.13571161774558213,0.5905171939375805
8,m22_h3_q5_d2_l1,3,5,0.5068600561334556,-0.09513971386163324,0.5179556847897285
8,m22_h3_q5_d2_l50,3,5,0.5075678266341004,0.0028487004125780867,0.46979191650992097
8,m22_h3_q5_d4_l1,3,5,0.5034258145705217,0.08591544619270663,0.5385335086638793
8,m22_h3_q5_d4_l50,3,5,0.5119607112304105,0.0928486182241663,0.5291289221647901
8,m22_h3_q5_d8_l1,3,5,0.4949443857245586,0.2716801063049661,0.6546049421372303
8,m22_h3_q5_d8_l50,3,5,0.5116248907396846,0.07505605438467651,0.50536521940525
8,m23_h3_q5_d2_l1,3,5,0.5105573748388216,-0.10651699936809783,0.5749944905186379
8,m23_h3_q5_d2_l50,3,5,0.5118419584407856,0.05123438271215289,0.6535841637942151
8,m23_h3_q5_d4_l1,3,5,0.5167668090408649,0.24270786195873367,0.6309933376020659
8,m23_h3_q5_d4_l50,3,5,0.514371799680123,0.18811348295724173,0.6259966362338497
8,m23_h3_q5_d8_l1,3,5,0.5063276058197779,0.16037273948971997,0.5177473753238925
8,m23_h3_q5_d8_l50,3,5,0.515606015051577,0.1572629021058167,0.5799715135405638
8,m24_h3_q5_d2_l1,3,5,0.5159092899164353,0.36292037451407494,0.695947445826552
8,m24_h3_q5_d2_l50,3,5,0.5169919162864511,0.5388224183552383,0.7435088359752677
8,m24_h3_q5_d4_l1,3,5,0.505858212656219,0.4275775884837753,0.8123809467381039
8,m24_h3_q5_d4_l50,3,5,0.5144620750471136,0.3031599487846756,0.6679425536614706
8,m24_h3_q5_d8_l1,3,5,0.5035697514754017,0.5134138445764816,0.8319708231714646
8,m24_h3_q5_d8_l50,3,5,0.5160417002454869,0.14264314127211142,0.680976866918022
8,m25_h3_q5_d2_l1,3,5,0.5181268481266118,0.11273155953803435,0.6579284243067025
8,m25_h3_q5_d2_l50,3,5,0.5182145082200953,0.09714911911211989,0.6043369900658723
8,m25_h3_q5_d4_l1,3,5,0.5153162040021821,0.4251561784983307,0.7370198261379346
8,m25_h3_q5_d4_l50,3,5,0.5157105291298849,0.6423683210495219,0.8628111628306837
8,m25_h3_q5_d8_l1,3,5,0.5066083118428883,0.7311731603279888,0.949427301466728
8,m25_h3_q5_d8_l50,3,5,0.5100737429639456,0.5604845709538698,0.7646442143667875
8,m26_h3_q5_d2_l1,3,5,0.515129744687314,-0.26638183587714515,0.46120602302662306
8,m26_h3_q5_d2_l50,3,5,0.5146160855980956,-0.16521580448830037,0.5189001911033373
8,m26_h3_q5_d4_l1,3,5,0.5126567614312636,-0.14531777406779595,0.5289734916059609
8,m26_h3_q5_d4_l50,3,5,0.5192277814111783,0.2854230923236222,0.579911861611355
8,m26_h3_q5_d8_l1,3,5,0.5093553176453085,0.008878811513397877,0.6467035155571291
8,m26_h3_q5_d8_l50,3,5,0.5172564463586093,0.17951116768023304,0.6302105764938436
8,m27_h3_q5_d2_l1,3,5,0.5200323170315909,-0.056936691971670686,0.5886413117638355
8,m27_h3_q5_d2_l50,3,5,0.5195169144267011,-0.09518998137189708,0.5841743779854912
8,m27_h3_q5_d4_l1,3,5,0.5211110689223368,0.08981604596399083,0.6095626197240056
8,m27_h3_q5_d4_l50,3,5,0.5212352459829399,0.17333390855833247,0.5632158357035139
8,m27_h3_q5_d8_l1,3,5,0.5133615292104741,0.23568415040711177,0.7354556776599231
8,m27_h3_q5_d8_l50,3,5,0.5180873284380579,0.07872441174610594,0.6654024555843445
8,m28_h3_q5_d2_l1,3,5,0.5199930879289824,0.3735530930435097,0.6873787754765645
8,m28_h3_q5_d2_l50,3,5,0.5192324307863023,0.33654532736734566,0.6403391283032457
8,m28_h3_q5_d4_l1,3,5,0.5161477641155029,0.38441587952514494,0.7437457290902293
8,m28_h3_q5_d4_l50,3,5,0.5178424613481948,0.20814849187558354,0.6331713951577584
8,m28_h3_q5_d8_l1,3,5,0.5156599671754116,0.5043708887920578,0.8085043221975701
8,m28_h3_q5_d8_l50,3,5,0.5156963872805495,0.14144721755988846,0.5983021740750478
8,m29_h3_q5_d2_l1,3,5,0.5210865628409542,0.2377504045373925,0.7280660657065177
8,m29_h3_q5_d2_l50,3,5,0.5204030078357469,0.0739089446128851,0.6114713597818607
8,m29_h3_q5_d4_l1,3,5,0.5204988043356973,0.5239653195206423,0.7976967999900195
8,m29_h3_q5_d4_l50,3,5,0.5196677285322853,0.19293167409278938,0.6064265298947471
8,m29_h3_q5_d8_l1,3,5,0.5132253412641341,0.6304686636160816,0.8149869735770476
8,m29_h3_q5_d8_l50,3,5,0.5177499581556239,0.2021895453707647,0.6886622148159551
8,m30_h3_q5_d2_l1,3,5,0.5175693105596608,0.004444659299597921,0.47737372286155333
8,m30_h3_q5_d2_l50,3,5,0.5162485974385043,0.3096442108387946,0.6404578047321465
8,m30_h3_q5_d4_l1,3,5,0.5220023928783972,0.39496764473078155,0.6742501688293757
8,m30_h3_q5_d4_l50,3,5,0.5164348630294089,0.12880886659022278,0.6769390140048657
8,m30_h3_q5_d8_l1,3,5,0.5118030199241221,-0.03802026720096863,0.611933499546279
8,m30_h3_q5_d8_l50,3,5,0.5157210870858957,0.1243171862407797,0.5774986564908157
8,m31_h3_q5_d2_l1,3,5,0.518358541986957,0.11181378601653395,0.6747711592393353
8,m31_h3_q5_d2_l50,3,5,0.5192500596669808,-0.0863852197716786,0.5768537577459325
8,m31_h3_q5_d4_l1,3,5,0.5250858972054157,0.23126836066807255,0.755613123539384
8,m31_h3_q5_d4_l50,3,5,0.5202046344971236,0.02808736129888339,0.5581730837950507
8,m31_h3_q5_d8_l1,3,5,0.51714243980609,0.06295455374658632,0.7122581732651728
8,m31_h3_q5_d8_l50,3,5,0.517450848355981,0.22559160346629276,0.6636822465257858
8,m01_h6_q3_d2_l1,6,3,0.4932838823941769,-0.14505062968164453,0.5901056606497206
8,m01_h6_q3_d2_l50,6,3,0.4947329352898423,-0.42608111642571306,0.4889588300909928
8,m01_h6_q3_d4_l1,6,3,0.4892348803119467,-0.13050936830300788,0.5828344936429118
8,m01_h6_q3_d4_l50,6,3,0.4931815477335895,-0.3460769164725797,0.49429119788076076
8,m01_h6_q3_d8_l1,6,3,0.4883558934073917,-0.02154870576662691,0.6456756127311605
8,m01_h6_q3_d8_l50,6,3,0.4937134225473338,-0.4836562026609062,0.4633580835264215
8,m02_h6_q3_d2_l1,6,3,0.4977979615938313,-0.45443488040835295,0.5623293087230004
8,m02_h6_q3_d2_l50,6,3,0.49590639239208156,-0.4049034678574901,0.5352689655305568
8,m02_h6_q3_d4_l1,6,3,0.4999573114059942,-0.27151432933666275,0.6104444628503698
8,m02_h6_q3_d4_l50,6,3,0.49789926406043583,-0.24030482234836067,0.6222549240157684
8,m02_h6_q3_d8_l1,6,3,0.5050865782194388,-0.4077147872248706,0.5249988829235172
8,m02_h6_q3_d8_l50,6,3,0.49800808679748687,-0.19760597340782063,0.6223326815251956
8,m03_h6_q3_d2_l1,6,3,0.4916180687621089,-0.5980725915279529,0.4839590169928397
8,m03_h6_q3_d2_l50,6,3,0.48912369827436336,-0.6881688407565348,0.405696617404129
8,m03_h6_q3_d4_l1,6,3,0.4933669740097979,-0.42029237380310336,0.5307252891457241
8,m03_h6_q3_d4_l50,6,3,0.49220715661376085,-0.5830652159706332,0.4623704308302888
8,m03_h6_q3_d8_l1,6,3,0.5039193880092384,-0.06239467904838291,0.6576587370733007
8,m03_h6_q3_d8_l50,6,3,0.494790738152883,-0.6301412549908403,0.4505703380887111
8,m04_h6_q3_d2_l1,6,3,0.5141973121373773,0.30142937616195103,0.7175891648263626
8,m04_h6_q3_d2_l50,6,3,0.5147561714509595,0.08110106132468822,0.5931004606189599
8,m04_h6_q3_d4_l1,6,3,0.511778144354098,0.21725993672781513,0.8142664305431816
8,m04_h6_q3_d4_l50,6,3,0.5155923960333669,0.2168441151674315,0.7219867198084308
8,m04_h6_q3_d8_l1,6,3,0.5094760568597326,0.48417282712705195,0.7652222463714904
8,m04_h6_q3_d8_l50,6,3,0.5154200196382277,0.22350033445270528,0.7220605954982113
8,m05_h6_q3_d2_l1,6,3,0.49424522363293644,-0.26043501773030314,0.5320033116039865
8,m05_h6_q3_d2_l50,6,3,0.4958186559035376,-0.30703266755124187,0.6139253210029957
8,m05_h6_q3_d4_l1,6,3,0.5034288746829505,-0.024088363377610836,0.6527518571411437
8,m05_h6_q3_d4_l50,6,3,0.5010041035609071,-0.4622568289577823,0.4909058397801423
8,m05_h6_q3_d8_l1,6,3,0.5033392212627241,-0.16697227053995153,0.6375735314575152
8,m05_h6_q3_d8_l50,6,3,0.5025509199723786,-0.40797523355208154,0.5034412984282117
8,m06_h6_q3_d2_l1,6,3,0.5037277685691329,0.038204371939834364,0.7561215077903792
8,m06_h6_q3_d2_l50,6,3,0.5019816649908261,-0.13848182308087295,0.6861638021698038
8,m06_h6_q3_d4_l1,6,3,0.5075278644452084,-0.0776605124691847,0.5931430728116837
8,m06_h6_q3_d4_l50,6,3,0.5058252604704652,-0.2712051494471453,0.608529160360201
8,m06_h6_q3_d8_l1,6,3,0.5125223562157468,0.2721148418522729,0.6484492552095242
8,m06_h6_q3_d8_l50,6,3,0.506752760492215,-0.25667537056079914,0.5563305307726936
8,m07_h6_q3_d2_l1,6,3,0.49895659933960224,-0.36797035865654576,0.5744435598332841
8,m07_h6_q3_d2_l50,6,3,0.49358675760000736,-0.6282544389075813,0.47245154582822485
8,m07_h6_q3_d4_l1,6,3,0.5047796479658184,-0.5056410726156557,0.5402776116057691
8,m07_h6_q3_d4_l50,6,3,0.49965635313184614,-0.6069668650810406,0.525413436222411
8,m07_h6_q3_d8_l1,6,3,0.5148266555543612,-0.11930567728276298,0.548822505097031
8,m07_h6_q3_d8_l50,6,3,0.5033935589031081,-0.730493767196487,0.47598901985640685
8,m08_h6_q3_d2_l1,6,3,0.5021822792642109,0.18117529249878844,0.6388418531929045
8,m08_h6_q3_d2_l50,6,3,0.5006945928223295,0.178910600031649,0.6770272731135342
8,m08_h6_q3_d4_l1,6,3,0.503655514990332,0.26694184578564095,0.6638645037634783
8,m08_h6_q3_d4_l50,6,3,0.5046564482411489,0.2505313874715771,0.6903552256471197
8,m08_h6_q3_d8_l1,6,3,0.49288339112882357,0.44226610386598814,0.7755680476018699
8,m08_h6_q3_d8_l50,6,3,0.5045690066651715,0.1962162976312858,0.7020985623194423
8,m09_h6_q3_d2_l1,6,3,0.49468147304698207,-0.155412640098272,0.5867197880588401
8,m09_h6_q3_d2_l50,6,3,0.49489189316320414,0.08344994588251355,0.6915107656509748
8,m09_h6_q3_d4_l1,6,3,0.498896289719746,0.24520938982619442,0.745088360125518
8,m09_h6_q3_d4_l50,6,3,0.5010136882193194,0.16632644314928996,0.6331977913202356
8,m09_h6_q3_d8_l1,6,3,0.5026121880580761,0.4439730796662296,0.7300115872472117
8,m09_h6_q3_d8_l50,6,3,0.5004831405121246,0.3824281308866981,0.6993797226759451
8,m10_h6_q3_d2_l1,6,3,0.5017946166955017,0.058702303942079787,0.6691193549958151
8,m10_h6_q3_d2_l50,6,3,0.4987245768778815,0.0712030562473319,0.7241742899628012
8,m10_h6_q3_d4_l1,6,3,0.5034546795325223,0.1835053312014581,0.747309482635583
8,m10_h6_q3_d4_l50,6,3,0.5001622019115937,0.09989587961998823,0.7280068228969597
8,m10_h6_q3_d8_l1,6,3,0.5061745106773832,0.44665938514983905,0.6984442383018616
8,m10_h6_q3_d8_l50,6,3,0.5004786430954848,0.1304729330227845,0.676986996958238
8,m11_h6_q3_d2_l1,6,3,0.4948037143058105,-0.12307071869306987,0.6618194737352203
8,m11_h6_q3_d2_l50,6,3,0.49104844513984824,-0.2582085471501966,0.5440156731867574
8,m11_h6_q3_d4_l1,6,3,0.4885356426166943,0.036717784387579604,0.6425276206578924
8,m11_h6_q3_d4_l50,6,3,0.49378774051410046,-0.23657684225492112,0.5558775978782837
8,m11_h6_q3_d8_l1,6,3,0.4956959722758594,0.3721931118252563,0.7674232305863974
8,m11_h6_q3_d8_l50,6,3,0.494357585320786,-0.3472739789449752,0.5110154674929374
8,m12_h6_q3_d2_l1,6,3,0.5046396382248564,0.33262266847182714,0.8029541048930008
8,m12_h6_q3_d2_l50,6,3,0.49934669493698525,0.0035313510021026833,0.6596666252517783
8,m12_h6_q3_d4_l1,6,3,0.5010502573775696,0.2647966420330087,0.7886109683443167
8,m12_h6_q3_d4_l50,6,3,0.5060764522490107,0.09925705482242475,0.6836185941329563
8,m12_h6_q3_d8_l1,6,3,0.49711265851734776,0.021294272555258887,0.6681933882862156
8,m12_h6_q3_d8_l50,6,3,0.5082948583026219,0.058450584914544634,0.6638907322584604
8,m13_h6_q3_d2_l1,6,3,0.4976661356765907,0.31165333873310336,0.7464557365710857
8,m13_h6_q3_d2_l50,6,3,0.4922195429415553,-0.07234626213553438,0.6306500898609949
8,m13_h6_q3_d4_l1,6,3,0.5021545574829567,0.3300027756329553,0.7652482826031539
8,m13_h6_q3_d4_l50,6,3,0.5002809779477654,0.16832756499549756,0.6878709892727596
8,m13_h6_q3_d8_l1,6,3,0.5029054048773525,0.3735084507475275,0.8185389790051888
8,m13_h6_q3_d8_l50,6,3,0.5004296876094402,-0.02905815832853213,0.5735818778086398
8,m14_h6_q3_d2_l1,6,3,0.5042540400441131,0.1862301120641011,0.7388574824116356
8,m14_h6_q3_d2_l50,6,3,0.49892592843268274,0.06498403951229745,0.6763444610750047
8,m14_h6_q3_d4_l1,6,3,0.5059239087239709,0.27784502395339544,0.7327382913673774
8,m14_h6_q3_d4_l50,6,3,0.5049565217775973,0.030782778687220323,0.5938855087420105
8,m14_h6_q3_d8_l1,6,3,0.5093875093616308,0.22839586107288365,0.6992093297954856
8,m14_h6_q3_d8_l50,6,3,0.5044626906849359,0.012369169714299435,0.618677392256792
8,m15_h6_q3_d2_l1,6,3,0.4974838059823309,-0.04573639665086302,0.6214609489755278
8,m15_h6_q3_d2_l50,6,3,0.4939413162331231,-0.08170566895959022,0.5845575491956926
8,m15_h6_q3_d4_l1,6,3,0.5023113772402111,-0.13876337133625846,0.5692412657224443
8,m15_h6_q3_d4_l50,6,3,0.49956581497392016,-0.15376723697031133,0.6190900867899544
8,m15_h6_q3_d8_l1,6,3,0.505838384079676,0.11317627053057326,0.6365533282863278
8,m15_h6_q3_d8_l50,6,3,0.5006957724725956,-0.24888902476631514,0.557431347897675
8,m16_h6_q3_d2_l1,6,3,0.5256477349019143,0.4304941713521648,0.7049839959187902
8,m16_h6_q3_d2_l50,6,3,0.513750372142795,0.26692572069233617,0.6568619626160559
8,m16_h6_q3_d4_l1,6,3,0.5222565352993385,0.352086352097858,0.7938748744087459
8,m16_h6_q3_d4_l50,6,3,0.511683772332807,0.440696098631821,0.7677564892692307
8,m16_h6_q3_d8_l1,6,3,0.5173348869327338,0.2898040076782699,0.731596544469741
8,m16_h6_q3_d8_l50,6,3,0.511066372874768,0.37749440240446425,0.7303853266204172
8,m17_h6_q3_d2_l1,6,3,0.5131581877091944,0.2974987720576449,0.6891374354689533
8,m17_h6_q3_d2_l50,6,3,0.5145435394904885,0.2217008391944926,0.6457302125013513
8,m17_h6_q3_d4_l1,6,3,0.5150638389859963,0.19721953715887347,0.5701203125512286
8,m17_h6_q3_d4_l50,6,3,0.5130498073409931,0.13091255683852362,0.6025818840751888
8,m17_h6_q3_d8_l1,6,3,0.5103605733749101,0.39503029267102235,0.6735612770709583
8,m17_h6_q3_d8_l50,6,3,0.5128082739490016,0.12951274288045012,0.6041664512939278
8,m18_h6_q3_d2_l1,6,3,0.5190498035071297,0.0891805666496504,0.6322849566805636
8,m18_h6_q3_d2_l50,6,3,0.514755065528835,-0.16051532722485812,0.5598195495091145
8,m18_h6_q3_d4_l1,6,3,0.5200439537689162,0.21855270074151226,0.7175353532806847
8,m18_h6_q3_d4_l50,6,3,0.5102367100969658,0.07261805029855928,0.6941319504955527
8,m18_h6_q3_d8_l1,6,3,0.5108450409935841,0.42906035678023835,0.6809360421908423
8,m18_h6_q3_d8_l50,6,3,0.5071688821235947,0.08361081002150228,0.6750736862687455
8,m19_h6_q3_d2_l1,6,3,0.5131022280496945,-0.2248684227884419,0.5334355775614883
8,m19_h6_q3_d2_l50,6,3,0.5071956454390076,-0.39930545382971405,0.504346760253959
8,m19_h6_q3_d4_l1,6,3,0.5151190613640798,-0.20155889172386943,0.5053059295865263
8,m19_h6_q3_d4_l50,6,3,0.5085114715827412,-0.25755709758501366,0.5391469540448381
8,m19_h6_q3_d8_l1,6,3,0.5162636170347987,0.24864125573724977,0.7296217013232422
8,m19_h6_q3_d8_l50,6,3,0.5083711669292126,-0.16518702040864064,0.5998317385790988
8,m20_h6_q3_d2_l1,6,3,0.5256896862145037,0.5271885032297743,0.814601967634962
8,m20_h6_q3_d2_l50,6,3,0.5206190332736578,0.45991976249800187,0.7887582324985797
8,m20_h6_q3_d4_l1,6,3,0.5297719396886107,0.5225842048075494,0.8031003940489776
8,m20_h6_q3_d4_l50,6,3,0.5186064024633457,0.4306907743022977,0.7836023604454345
8,m20_h6_q3_d8_l1,6,3,0.5238536343034039,0.6233530184583692,0.7630836297816029
8,m20_h6_q3_d8_l50,6,3,0.5182771325828104,0.42199533703504094,0.8018341380049175
8,m21_h6_q3_d2_l1,6,3,0.5148156700612577,0.3523706888381975,0.7051290700322114
8,m21_h6_q3_d2_l50,6,3,0.5134225030969506,0.26544558400635165,0.7322781928728855
8,m21_h6_q3_d4_l1,6,3,0.5235565836207625,0.3286478747829406,0.6860452161031406
8,m21_h6_q3_d4_l50,6,3,0.518662878219837,0.2915425338995683,0.696393087353113
8,m21_h6_q3_d8_l1,6,3,0.5245903996227479,0.24587224434932833,0.7041159881666424
8,m21_h6_q3_d8_l50,6,3,0.517477477158653,0.2985245595619369,0.7104261346062326
8,m22_h6_q3_d2_l1,6,3,0.5193369746187922,0.018438283380580737,0.6947039769732374
8,m22_h6_q3_d2_l50,6,3,0.5168915596170914,-0.061771465740628036,0.6158638172656202
8,m22_h6_q3_d4_l1,6,3,0.5297864641325125,0.5430151220615173,0.87642916902802
8,m22_h6_q3_d4_l50,6,3,0.5186950974177308,0.31009394547183305,0.7043273621403752
8,m22_h6_q3_d8_l1,6,3,0.5247194238706065,0.3463221130839625,0.7127650144577412
8,m22_h6_q3_d8_l50,6,3,0.5183093517807043,0.17490624074638705,0.683057275727096
8,m23_h6_q3_d2_l1,6,3,0.5165833759850633,0.08156193446833049,0.641555191268934
8,m23_h6_q3_d2_l50,6,3,0.5114198993139006,-0.27004346289287706,0.5588630470070608
8,m23_h6_q3_d4_l1,6,3,0.5249628741942804,0.025178144902662847,0.6030255476024649
8,m23_h6_q3_d4_l50,6,3,0.5143591454082629,-0.014991905480307051,0.6009490983536715
8,m23_h6_q3_d8_l1,6,3,0.5283079199801937,0.20472722399985324,0.680449035427683
8,m23_h6_q3_d8_l50,6,3,0.5149516247544299,-0.1959412525832268,0.5972040059781858
8,m24_h6_q3_d2_l1,6,3,0.5206763200397071,0.4457319591446289,0.690833520740244
8,m24_h6_q3_d2_l50,6,3,0.515469491221264,0.4718621466259441,0.7086131890048695
8,m24_h6_q3_d4_l1,6,3,0.5135089124789451,0.08575082412861154,0.585211849416737
8,m24_h6_q3_d4_l50,6,3,0.510180750437466,0.3605726516599583,0.6556211600246794
8,m24_h6_q3_d8_l1,6,3,0.49442526775480555,0.16093620250961366,0.7355153139837682
8,m24_h6_q3_d8_l50,6,3,0.5093548477948872,0.4263103481353166,0.690292741360871
8,m25_h6_q3_d2_l1,6,3,0.5182126941870226,0.4719724346936957,0.7380483223986988
8,m25_h6_q3_d2_l50,6,3,0.5131856883060237,0.31749014817743365,0.618864932536439
8,m25_h6_q3_d4_l1,6,3,0.5103015171334616,0.21662764154786268,0.6565107428632876
8,m25_h6_q3_d4_l50,6,3,0.5094830610331879,0.3644748139424734,0.6141532048635895
8,m25_h6_q3_d8_l1,6,3,0.5051678266315189,0.4094287760366417,0.6526582671281543
8,m25_h6_q3_d8_l50,6,3,0.5102378897472319,0.35900923714833743,0.6709959305111638
8,m26_h6_q3_d2_l1,6,3,0.522482143412737,0.21331881182827336,0.693186104869945
8,m26_h6_q3_d2_l50,6,3,0.5150510840174936,0.04627411516269646,0.563267830585902
8,m26_h6_q3_d4_l1,6,3,0.5203859786179541,0.4282158688422449,0.7668020788928576
8,m26_h6_q3_d4_l50,6,3,0.5084781464627228,-0.0006370020547957611,0.5855069320098779
8,m26_h6_q3_d8_l1,6,3,0.5017358553666198,0.43919329230096277,0.7819546325115616
8,m26_h6_q3_d8_l50,6,3,0.5090852239809333,0.0631543806969263,0.6036625182786565
8,m27_h6_q3_d2_l1,6,3,0.5142113942124293,0.3109804543112264,0.6492787569160352
8,m27_h6_q3_d2_l50,6,3,0.5078802112340749,-0.08090564993717221,0.5396655778035485
8,m27_h6_q3_d4_l1,6,3,0.5129860324984801,0.24687335328191765,0.7013345440518481
8,m27_h6_q3_d4_l50,6,3,0.5058759117037674,-0.0017161639025011582,0.5905867657447601
8,m27_h6_q3_d8_l1,6,3,0.5073265128904071,0.28230550690955336,0.7142325792440963
8,m27_h6_q3_d8_l50,6,3,0.5019718591479887,0.04329852374663467,0.6465026968069121
8,m28_h6_q3_d2_l1,6,3,0.5220632201119754,0.7718052679163665,0.8380510096912422
8,m28_h6_q3_d2_l50,6,3,0.5138549923757729,0.6587001280230347,0.7860259331453262
8,m28_h6_q3_d4_l1,6,3,0.5198333124682692,0.38535940247049116,0.7088490474700324
8,m28_h6_q3_d4_l50,6,3,0.5131994017403676,0.5874597070526136,0.7091056062880008
8,m28_h6_q3_d8_l1,6,3,0.5190812854236072,0.42681286275615965,0.8050101286487279
8,m28_h6_q3_d8_l50,6,3,0.5140429991369384,0.4510016387954943,0.6684475437427982
8,m29_h6_q3_d2_l1,6,3,0.5140714581996089,0.4781767289114346,0.7641172853270103
8,m29_h6_q3_d2_l50,6,3,0.5107388724696318,0.3925778484769227,0.7332229176836137
8,m29_h6_q3_d4_l1,6,3,0.5166399991978379,0.564984855344875,0.8035131118142842
8,m29_h6_q3_d4_l50,6,3,0.5119535436030441,0.2734443422046305,0.6556986522675076
8,m29_h6_q3_d8_l1,6,3,0.5190719956777614,0.4751002153858584,0.6982915635794703
8,m29_h6_q3_d8_l50,6,3,0.5118155982500479,0.3051407248946801,0.6817487863614349
8,m30_h6_q3_d2_l1,6,3,0.5198207786841915,0.3668476819922749,0.767513313111851
8,m30_h6_q3_d2_l50,6,3,0.5116369549628699,0.23671387795155516,0.6308266051719634
8,m30_h6_q3_d4_l1,6,3,0.5234348584589256,0.5058240209825732,0.7767684321534902
8,m30_h6_q3_d4_l50,6,3,0.5126358238257208,0.15608964899045552,0.6686225592985187
8,m30_h6_q3_d8_l1,6,3,0.5158769866600724,0.47475250687374015,0.7628653287118528
8,m30_h6_q3_d8_l50,6,3,0.5133607189142617,0.34462450183794285,0.6922046980841475
8,m31_h6_q3_d2_l1,6,3,0.5136078556450173,0.0023033883154784007,0.6354597108989827
8,m31_h6_q3_d2_l50,6,3,0.5045095080548732,0.10389812541077065,0.5984648412064644
8,m31_h6_q3_d4_l1,6,3,0.5201312478886103,0.4026133864524053,0.719092754139363
8,m31_h6_q3_d4_l50,6,3,0.5073492211580302,0.314235796563436,0.6940326882377241
8,m31_h6_q3_d8_l1,6,3,0.5163202402475733,0.565848812737316,0.7714324322158523
8,m31_h6_q3_d8_l50,6,3,0.5071721261618265,0.30890193838600766,0.6899933511825834
8,m01_h6_q5_d2_l1,6,5,0.4797700284017391,-0.406309024212121,0.40989373207537166
8,m01_h6_q5_d2_l50,6,5,0.4699812542052689,-0.3395232429171423,0.42404583988985795
8,m01_h6_q5_d4_l1,6,5,0.4977651422027846,-0.21360273524544796,0.6001749936801204
8,m01_h6_q5_d4_l50,6,5,0.4819409984602246,-0.1954257020104203,0.4510852737885828
8,m01_h6_q5_d8_l1,6,5,0.4975294045339268,-0.056265043454398866,0.6429201307837632
8,m01_h6_q5_d8_l50,6,5,0.483495937063299,-0.12695050355119325,0.4964630789863594
8,m02_h6_q5_d2_l1,6,5,0.4821118375084106,-0.5242568514457551,0.4484478348875531
8,m02_h6_q5_d2_l50,6,5,0.48709043107240824,-0.38713846379165956,0.53129920998241
8,m02_h6_q5_d4_l1,6,5,0.4842547050489105,-0.3625096578217572,0.6561159995023282
8,m02_h6_q5_d4_l50,6,5,0.48407901376740337,0.022257069854407223,0.6760226085328698
8,m02_h6_q5_d8_l1,6,5,0.48719859544019456,-0.0909114854531493,0.7254392812927166
8,m02_h6_q5_d8_l50,6,5,0.4829164995341856,0.021275222476449564,0.6223600749536571
8,m03_h6_q5_d2_l1,6,5,0.46562455521194557,-0.542035381201357,0.3075997550823791
8,m03_h6_q5_d2_l50,6,5,0.4644199882899436,-0.5574366026020314,0.3573184179906696
8,m03_h6_q5_d4_l1,6,5,0.4757301398090161,-0.369996825522071,0.4307141573221465
8,m03_h6_q5_d4_l50,6,5,0.4704739580637648,-0.5940736515492339,0.305083743914316
8,m03_h6_q5_d8_l1,6,5,0.49255808931991096,0.17380527643076213,0.6822807716282271
8,m03_h6_q5_d8_l50,6,5,0.4715444820402671,-0.5237336563168931,0.2926037421325929
8,m04_h6_q5_d2_l1,6,5,0.5027888211013923,0.3885167053674049,0.7431695604245063
8,m04_h6_q5_d2_l50,6,5,0.502777701400031,0.17382749877578046,0.6774855280211591
8,m04_h6_q5_d4_l1,6,5,0.5007096391232337,0.38659410871996136,0.7095676157338909
8,m04_h6_q5_d4_l50,6,5,0.5047291079007298,0.28994095681112547,0.6222576637258757
8,m04_h6_q5_d8_l1,6,5,0.49704903343512236,0.17196515189146674,0.6678295659993935
8,m04_h6_q5_d8_l50,6,5,0.5056296015345997,0.3684073407318821,0.6376465263203756
8,m05_h6_q5_d2_l1,6,5,0.4707544778026499,-0.1990146880781459,0.5882824166166036
8,m05_h6_q5_d2_l50,6,5,0.47231942413694944,-0.06669955055981533,0.5469961739788539
8,m05_h6_q5_d4_l1,6,5,0.4877894559352518,-0.025751350287370574,0.6670374495123835
8,m05_h6_q5_d4_l50,6,5,0.489779377037938,-0.2717820497822359,0.4680879330876481
8,m05_h6_q5_d8_l1,6,5,0.5003609859414626,-0.21215120359569034,0.593193287518297
8,m05_h6_q5_d8_l50,6,5,0.4910815951555303,-0.29059294252774165,0.45491458251003714
8,m06_h6_q5_d2_l1,6,5,0.47872366450364884,-0.30586309670223366,0.5824395217390368
8,m06_h6_q5_d2_l50,6,5,0.48274495286864033,-0.29096760976867975,0.6454529879046691
8,m06_h6_q5_d4_l1,6,5,0.48536354145101185,-0.3151737064871916,0.5481722385561419
8,m06_h6_q5_d4_l50,6,5,0.4894288031804772,0.09635987532544052,0.6722813842557154
8,m06_h6_q5_d8_l1,6,5,0.49135989095414323,-0.06121398308555058,0.5037683822122287
8,m06_h6_q5_d8_l50,6,5,0.4935316697181823,-0.016251381899923752,0.6606092648395419
8,m07_h6_q5_d2_l1,6,5,0.4676889783137519,-0.4728353182995753,0.4251595673758122
8,m07_h6_q5_d2_l50,6,5,0.4696104627089695,-0.5638021966289897,0.45823306455844875
8,m07_h6_q5_d4_l1,6,5,0.4773255136897676,-0.20433873581348685,0.4862757556591677
8,m07_h6_q5_d4_l50,6,5,0.4798183485585632,-0.3099813448282256,0.5311996635601113
8,m07_h6_q5_d8_l1,6,5,0.4936860313907148,-0.2501920068996021,0.5286386850906618
8,m07_h6_q5_d8_l50,6,5,0.48055558475881166,-0.4850245061847174,0.5249140452461708
8,m08_h6_q5_d2_l1,6,5,0.48297856768542,-0.219477223344827,0.6000363328022417
8,m08_h6_q5_d2_l50,6,5,0.4814196866427722,-0.45415026352108484,0.42606350213784505
8,m08_h6_q5_d4_l1,6,5,0.4860318355028208,0.04411003885999139,0.6068440162909834
8,m08_h6_q5_d4_l50,6,5,0.48593246580792926,-0.162545925230993,0.5658015992791898
8,m08_h6_q5_d8_l1,6,5,0.48203359524610523,-0.06701866793443026,0.6581440431459981
8,m08_h6_q5_d8_l50,6,5,0.4867892893419077,-0.11981796566910419,0.6000801728707447
8,m09_h6_q5_d2_l1,6,5,0.47109595372263335,-0.25625756937543964,0.48126638603646654
8,m09_h6_q5_d2_l50,6,5,0.46799942015811813,-0.5521949755437495,0.3705983966013928
8,m09_h6_q5_d4_l1,6,5,0.48031822967884685,-0.34514004621689676,0.5149015344231738
8,m09_h6_q5_d4_l50,6,5,0.47190051466021427,-0.3269672501824037,0.5202032578150931
8,m09_h6_q5_d8_l1,6,5,0.4994825295339268,-0.10674305269193936,0.6245790778431543
8,m09_h6_q5_d8_l50,6,5,0.476995966176699,-0.2644409766217457,0.568366857564336
8,m10_h6_q5_d2_l1,6,5,0.4793881172040785,-0.5131066534518428,0.5158955199354255
8,m10_h6_q5_d2_l50,6,5,0.4892280420268102,-0.22868779565888053,0.6288525526588611
8,m10_h6_q5_d4_l1,6,5,0.4819397854018943,-0.38754832718936766,0.5321923418461006
8,m10_h6_q5_d4_l50,6,5,0.4916179691139174,-0.3318654441614424,0.5045361873494831
8,m10_h6_q5_d8_l1,6,5,0.4805415334998189,0.16389591661712846,0.6723215308897706
8,m10_h6_q5_d8_l50,6,5,0.4896180402800062,-0.3104841543585769,0.5940322718770944
8,m11_h6_q5_d2_l1,6,5,0.46678039762434653,-0.32865150908502067,0.4740564857803134
8,m11_h6_q5_d2_l50,6,5,0.4753229565628073,-0.23740905481255004,0.5442829080804105
8,m11_h6_q5_d4_l1,6,5,0.4769607874851198,-0.29774211499119596,0.43717715124665973
8,m11_h6_q5_d4_l50,6,5,0.4832425089604575,-0.4466870087427183,0.47159638872041054
8,m11_h6_q5_d8_l1,6,5,0.47295446017286885,-0.2831007057089291,0.4817906639916287
8,m11_h6_q5_d8_l50,6,5,0.4830584273588323,-0.2849804720513759,0.5189653041335979
8,m12_h6_q5_d2_l1,6,5,0.4956987984252885,0.03741403112895005,0.5949530124303141
8,m12_h6_q5_d2_l50,6,5,0.48964088621189383,-0.010145218924310419,0.7428267561428374
8,m12_h6_q5_d4_l1,6,5,0.4932596413876093,0.060545158607986815,0.7029745819131777
8,m12_h6_q5_d4_l50,6,5,0.49560407878732987,-0.00548009006540019,0.6175960781649334
8,m12_h6_q5_d8_l1,6,5,0.4998758636975312,-0.19074377440878712,0.47218888867219566
8,m12_h6_q5_d8_l50,6,5,0.49390741453599707,-0.08153373991365086,0.6308601739720743
8,m13_h6_q5_d2_l1,6,5,0.4719688502794886,-0.1990777988149004,0.5797727382245573
8,m13_h6_q5_d2_l50,6,5,0.47631968615754877,-0.31606958242600575,0.4996456945574324
8,m13_h6_q5_d4_l1,6,5,0.474619888172196,0.06968842129483938,0.7212081601816075
8,m13_h6_q5_d4_l50,6,5,0.48016508106464467,0.14594644681117838,0.6907301250393801
8,m13_h6_q5_d8_l1,6,5,0.48791581617799284,0.20106907602518564,0.8230612669096595
8,m13_h6_q5_d8_l50,6,5,0.4821149712424305,-0.0056838233055854,0.7095155575264164
8,m14_h6_q5_d2_l1,6,5,0.48462620416256924,-0.045467218630012844,0.70848547359521
8,m14_h6_q5_d2_l50,6,5,0.493665712663682,-0.19620247385281808,0.6553479505239059
8,m14_h6_q5_d4_l1,6,5,0.4763325243582113,-0.2727158748389446,0.808898832039782
8,m14_h6_q5_d4_l50,6,5,0.4945064631747839,-0.2739547742658466,0.6437128864904971
8,m14_h6_q5_d8_l1,6,5,0.4864803638204544,-0.14673997115596008,0.6530445594640277
8,m14_h6_q5_d8_l50,6,5,0.4955498955152424,-0.3168948097841572,0.6880950100571182
8,m15_h6_q5_d2_l1,6,5,0.46608248473163916,-0.2316264660888773,0.6131775439909011
8,m15_h6_q5_d2_l50,6,5,0.4716237351845143,-0.39109902508071687,0.5734954712905892
8,m15_h6_q5_d4_l1,6,5,0.4707354732221417,-0.2617710608927847,0.52084478698329
8,m15_h6_q5_d4_l50,6,5,0.482800349199058,-0.47204988519811486,0.4576943163654051
8,m15_h6_q5_d8_l1,6,5,0.4901878744306713,0.1413334531911924,0.7100794325720837
8,m15_h6_q5_d8_l50,6,5,0.48457404265436577,-0.33911536215671834,0.5287069568981325
8,m16_h6_q5_d2_l1,6,5,0.5170196127270845,0.5145012336277275,0.8441504069457607
8,m16_h6_q5_d2_l50,6,5,0.5127888696237255,0.1618787754485135,0.7364999596401831
8,m16_h6_q5_d4_l1,6,5,0.5186952506340252,0.5250609773728463,0.8047207191737545
8,m16_h6_q5_d4_l50,6,5,0.5107616469773821,0.2954247888218181,0.6268758022951927
8,m16_h6_q5_d8_l1,6,5,0.5182733085114642,0.4991897188755521,0.7660379219062402
8,m16_h6_q5_d8_l50,6,5,0.5119071783939756,0.35256697932552256,0.6721217774176754
8,m17_h6_q5_d2_l1,6,5,0.4934125878254231,-0.21503827303232298,0.4867092807968449
8,m17_h6_q5_d2_l50,6,5,0.49393036155607883,-0.04253123452391504,0.6056888102039029
8,m17_h6_q5_d4_l1,6,5,0.5035965157729931,0.28593956712909674,0.7019840591254076
8,m17_h6_q5_d4_l50,6,5,0.4975073673075928,-0.11371424025695699,0.5526013474373133
8,m17_h6_q5_d8_l1,6,5,0.493819265630661,-0.0015709030211944494,0.6295735984322567
8,m17_h6_q5_d8_l50,6,5,0.4995992863982195,0.032940827022332746,0.5678468894894856
8,m18_h6_q5_d2_l1,6,5,0.5018131178510429,0.20471469250229762,0.7601769624152312
8,m18_h6_q5_d2_l50,6,5,0.5027527326160655,0.036490133148744476,0.6833125853374507
8,m18_h6_q5_d4_l1,6,5,0.5094848019965323,0.22393685582113987,0.8222571461276208
8,m18_h6_q5_d4_l50,6,5,0.5053144085451065,-0.06698098279931487,0.5592954626465672
8,m18_h6_q5_d8_l1,6,5,0.500900594722064,-0.030615757305898317,0.6854586853509977
8,m18_h6_q5_d8_l50,6,5,0.5061952910693028,0.0031597969967901,0.6406980974091084
8,m19_h6_q5_d2_l1,6,5,0.484538560698204,-0.07919160685169133,0.5878101882436559
8,m19_h6_q5_d2_l50,6,5,0.4908239213485327,-0.09211908935419114,0.5424044447270148
8,m19_h6_q5_d4_l1,6,5,0.4937408211919673,-0.16804190686458925,0.6248854040834084
8,m19_h6_q5_d4_l50,6,5,0.49775978452849234,-0.23893949697945363,0.49915584941710356
8,m19_h6_q5_d8_l1,6,5,0.498313646744475,-0.22981997795340436,0.5243542053653754
8,m19_h6_q5_d8_l50,6,5,0.49746844835282855,-0.33391288185923346,0.5188101776144226
8,m20_h6_q5_d2_l1,6,5,0.5142617246131153,0.5171282965907491,0.9697045934889847
8,m20_h6_q5_d2_l50,6,5,0.5147541252070287,0.4377099445619073,0.8827498247904639
8,m20_h6_q5_d4_l1,6,5,0.5282691113296413,0.5466845533185769,0.8733508292429053
8,m20_h6_q5_d4_l50,6,5,0.5165577407678175,0.4189681706054723,0.8458123194953538
8,m20_h6_q5_d8_l1,6,5,0.5351267322472957,0.31208421077360055,0.7873251657415076
8,m20_h6_q5_d8_l50,6,5,0.5186035636418923,0.31563835766721826,0.7617304733922103
8,m21_h6_q5_d2_l1,6,5,0.4894294097096423,0.045142043427584946,0.6649173517920802
8,m21_h6_q5_d2_l50,6,5,0.49669573019641844,-0.08374414187105302,0.7211014028427915
8,m21_h6_q5_d4_l1,6,5,0.5073874241434191,0.2311843649006202,0.7151799004844097
8,m21_h6_q5_d4_l50,6,5,0.5010503063376637,0.12235793739697151,0.6491475545694175
8,m21_h6_q5_d8_l1,6,5,0.5239935861562548,0.11091972989059996,0.6260509525177352
8,m21_h6_q5_d8_l50,6,5,0.5040411016510533,0.11072350312937328,0.5907984646944657
8,m22_h6_q5_d2_l1,6,5,0.49978195276512605,0.029111585178535425,0.748112943476512
8,m22_h6_q5_d2_l50,6,5,0.5043063570726153,0.160400001176225,0.6997160832124009
8,m22_h6_q5_d4_l1,6,5,0.5136756152631852,0.40940531459167345,0.8022710107461405
8,m22_h6_q5_d4_l50,6,5,0.5129639543760675,0.45490539637791527,0.7198685686556698
8,m22_h6_q5_d8_l1,6,5,0.5247785359841624,0.42653763783092397,0.7680532170007255
8,m22_h6_q5_d8_l50,6,5,0.5151764716823664,0.44449340129452225,0.7139397265581028
8,m23_h6_q5_d2_l1,6,5,0.49038701817323127,-0.06735680311075304,0.7389075936230433
8,m23_h6_q5_d2_l50,6,5,0.4944148772708452,0.08001740320212965,0.6537146401246402
8,m23_h6_q5_d4_l1,6,5,0.5011711067297241,0.3282540940023674,0.7892353199575146
8,m23_h6_q5_d4_l50,6,5,0.49776463676181354,-0.4131378325124848,0.43290450609852643
8,m23_h6_q5_d8_l1,6,5,0.5143044849192588,0.12161444531298649,0.7569820276829542
8,m23_h6_q5_d8_l50,6,5,0.5043127256288494,-0.21371909339704886,0.45624648624121056
8,m24_h6_q5_d2_l1,6,5,0.5064067675715542,0.37319653738887915,0.6890813153338695
8,m24_h6_q5_d2_l50,6,5,0.5022542667305004,-0.07538977725544023,0.5755827823906268
8,m24_h6_q5_d4_l1,6,5,0.49661910534522025,0.4161431307367283,0.7405722887847519
8,m24_h6_q5_d4_l50,6,5,0.49972776949303865,0.10466627595889755,0.6682020865776547
8,m24_h6_q5_d8_l1,6,5,0.4889655159864914,0.19364196097360153,0.6438283719343215
8,m24_h6_q5_d8_l50,6,5,0.5033578465465038,0.15459698996689156,0.6953303049397096
8,m25_h6_q5_d2_l1,6,5,0.4896379546542622,-0.1662046961019871,0.517651635871126
8,m25_h6_q5_d2_l50,6,5,0.49046677675844935,-0.1355702923772693,0.44717933189196984
8,m25_h6_q5_d4_l1,6,5,0.4859639042363232,-0.01203595683626153,0.6054479059073803
8,m25_h6_q5_d4_l50,6,5,0.4895906453793799,-0.16836828211724678,0.43667452664458634
8,m25_h6_q5_d8_l1,6,5,0.49239038400574503,0.17792999196364218,0.7074507386920531
8,m25_h6_q5_d8_l50,6,5,0.4884204484434036,-0.07638614546995953,0.5181110123317456
8,m26_h6_q5_d2_l1,6,5,0.4991334719993789,-0.17119389366426177,0.6465405452633617
8,m26_h6_q5_d2_l50,6,5,0.5038252783564516,-0.17627121600163445,0.6575807131565028
8,m26_h6_q5_d4_l1,6,5,0.4968887075591325,0.32916089871496046,0.8291539074525299
8,m26_h6_q5_d4_l50,6,5,0.5049583759251591,-0.1200676792397794,0.658853168930069
8,m26_h6_q5_d8_l1,6,5,0.49810257459500024,0.2172824465123124,0.8271930588989733
8,m26_h6_q5_d8_l50,6,5,0.5032570616168935,-0.06886551991762556,0.6677119290592017
8,m27_h6_q5_d2_l1,6,5,0.4922624063518969,-0.27009071180712846,0.6666356124658591
8,m27_h6_q5_d2_l50,6,5,0.49234347908363957,-0.30065225198023315,0.49934536690710973
8,m27_h6_q5_d4_l1,6,5,0.4912704279022825,-0.20154630847650923,0.5261106182024996
8,m27_h6_q5_d4_l50,6,5,0.48819441524118834,-0.3487296758943582,0.5115462733196137
8,m27_h6_q5_d8_l1,6,5,0.4906780510843124,-0.20316290852304106,0.5418286249258684
8,m27_h6_q5_d8_l50,6,5,0.487790062464417,-0.13928940868859205,0.6283560253928085
8,m28_h6_q5_d2_l1,6,5,0.5082673968738678,0.32845456511004956,0.7988191648166453
8,m28_h6_q5_d2_l50,6,5,0.5073367789581285,0.2690948617436937,0.7423869654406684
8,m28_h6_q5_d4_l1,6,5,0.5132334555017857,0.5492622500641662,0.8324164121037179
8,m28_h6_q5_d4_l50,6,5,0.5083486717819989,0.42051218978247,0.7729700801247857
8,m28_h6_q5_d8_l1,6,5,0.5117238044097095,0.2723386495995481,0.8062594375454525
8,m28_h6_q5_d8_l50,6,5,0.5101675516601107,0.323430868884737,0.6966892593279533
8,m29_h6_q5_d2_l1,6,5,0.49580008879586984,0.29018260027435344,0.7544998871410322
8,m29_h6_q5_d2_l50,6,5,0.4988265682418095,0.025094968039057128,0.652188514106515
8,m29_h6_q5_d4_l1,6,5,0.4990539155905491,0.3217170045428585,0.6911265327377847
8,m29_h6_q5_d4_l50,6,5,0.4961336798367062,0.0900178664349301,0.6322657713645002
8,m29_h6_q5_d8_l1,6,5,0.5125649592735882,0.2397427081345824,0.7848672758323809
8,m29_h6_q5_d8_l50,6,5,0.49798976017028107,0.048103035920006386,0.6216277084119177
8,m30_h6_q5_d2_l1,6,5,0.5004176964184048,-0.03098371334573884,0.6880280211542676
8,m30_h6_q5_d2_l50,6,5,0.504013706750427,-0.19721158435957847,0.711819257921235
8,m30_h6_q5_d4_l1,6,5,0.5111712563402516,0.5229267435439005,0.9262079431058009
8,m30_h6_q5_d4_l50,6,5,0.5038493373466694,-0.014640194691943617,0.7105346877408362
8,m30_h6_q5_d8_l1,6,5,0.5207143862248331,0.2579006418654792,0.7232665028364312
8,m30_h6_q5_d8_l50,6,5,0.5065988351405207,0.22037611949408842,0.7949557851784832
8,m31_h6_q5_d2_l1,6,5,0.4885776405853734,-0.08170399880797594,0.618097138377527
8,m31_h6_q5_d2_l50,6,5,0.49222470045546296,-0.05668842929140242,0.6270898860418337
8,m31_h6_q5_d4_l1,6,5,0.4963941841131411,0.1081604318392537,0.7567161978300192
8,m31_h6_q5_d4_l50,6,5,0.494138502147922,0.044015618477204976,0.6606712880098132
8,m31_h6_q5_d8_l1,6,5,0.49846548121215256,0.3382587430275538,0.7409897560871717
8,m31_h6_q5_d8_l50,6,5,0.49808559177837586,0.00691894640976962,0.6338451035465382
9,m01_h1_q3_d2_l1,1,3,0.5162102986177061,0.6642460707168911,0.7510973299829372
9,m01_h1_q3_d2_l50,1,3,0.5162102986177061,0.6642460707168911,0.7510973299829372
9,m01_h1_q3_d4_l1,1,3,0.5176380974992086,0.5299875443450841,0.7430006235848183
9,m01_h1_q3_d4_l50,1,3,0.5176380974992086,0.5299875443450841,0.7430006235848183
9,m01_h1_q3_d8_l1,1,3,0.5158904452885935,0.4121246069744857,0.6794954660957027
9,m01_h1_q3_d8_l50,1,3,0.5158541732615807,0.4121246069744857,0.6794954660957027
9,m02_h1_q3_d2_l1,1,3,0.502204350005276,0.36662380062743877,0.7156583207325392
9,m02_h1_q3_d2_l50,1,3,0.502204350005276,0.36662380062743877,0.7156583207325392
9,m02_h1_q3_d4_l1,1,3,0.5016157539305688,0.051066076209455934,0.6191409284905582
9,m02_h1_q3_d4_l50,1,3,0.5016157539305688,0.051066076209455934,0.6191409284905582
9,m02_h1_q3_d8_l1,1,3,0.5011607048644084,-0.14262588605679474,0.5538393765388516
9,m02_h1_q3_d8_l50,1,3,0.5011607048644084,-0.14262588605679474,0.5538393765388516
9,m03_h1_q3_d2_l1,1,3,0.5126157956983574,0.8002424169071511,0.871097608938677
9,m03_h1_q3_d2_l50,1,3,0.5121268790009145,0.761730864357989,0.8367755574138445
9,m03_h1_q3_d4_l1,1,3,0.5150330377712709,0.5877354402965991,0.882899910764798
9,m03_h1_q3_d4_l50,1,3,0.5153322132971052,0.684842658346625,0.8499338579598589
9,m03_h1_q3_d8_l1,1,3,0.5188446232765291,0.3556611630004642,0.7250337020939535
9,m03_h1_q3_d8_l50,1,3,0.5193612248733777,0.8804311123343294,0.8792015593846576
9,m04_h1_q3_d2_l1,1,3,0.48930304948823466,-0.5630852204489949,0.4352354576351898
9,m04_h1_q3_d2_l50,1,3,0.48930304948823466,-0.5630852204489949,0.4352354576351898
9,m04_h1_q3_d4_l1,1,3,0.49472077134114173,-0.21979794276830042,0.5798735350371419
9,m04_h1_q3_d4_l50,1,3,0.49472077134114173,-0.21979794276830042,0.5798735350371419
9,m04_h1_q3_d8_l1,1,3,0.4945196264640709,-0.5784505794505354,0.5331324353702862
9,m04_h1_q3_d8_l50,1,3,0.4945196264640709,-0.5784505794505354,0.5331324353702862
9,m05_h1_q3_d2_l1,1,3,0.5099134609888853,0.5746888972736295,0.7901194623030098
9,m05_h1_q3_d2_l50,1,3,0.5106818371671766,0.651676417484706,0.8111446108864959
9,m05_h1_q3_d4_l1,1,3,0.5095307498856881,0.28782712929972787,0.6677542079766935
9,m05_h1_q3_d4_l50,1,3,0.5116563731050614,0.4410978703618876,0.6925503049653265
9,m05_h1_q3_d8_l1,1,3,0.5013868554570715,0.04810784806581657,0.6361780810787788
9,m05_h1_q3_d8_l50,1,3,0.5115891874186628,0.4163545029900994,0.6665560753171875
9,m06_h1_q3_d2_l1,1,3,0.4990837878328233,0.3291534760375639,0.8218669959262767
9,m06_h1_q3_d2_l50,1,3,0.49800476372621433,0.29030332553782356,0.7947135392125048
9,m06_h1_q3_d4_l1,1,3,0.4993446304210193,0.3157692114953935,0.7042482836693855
9,m06_h1_q3_d4_l50,1,3,0.4937656079631388,0.24435837489668794,0.6931946136242445
9,m06_h1_q3_d8_l1,1,3,0.49955759118567766,-0.03275459535937229,0.5885120036214418
9,m06_h1_q3_d8_l50,1,3,0.49575150144208785,0.11586272520228752,0.5801692521050629
9,m07_h1_q3_d2_l1,1,3,0.5100319633498647,0.6662354726676623,0.8959516809432025
9,m07_h1_q3_d2_l50,1,3,0.5096618238014843,0.636078121339209,0.8554143919382506
9,m07_h1_q3_d4_l1,1,3,0.5078977530028841,0.5732908147790777,0.8019644190041371
9,m07_h1_q3_d4_l50,1,3,0.5096834633630544,0.5900676478237801,0.8172787450472909
9,m07_h1_q3_d8_l1,1,3,0.5004814287221695,0.19005073528251604,0.6523072115435559
9,m07_h1_q3_d8_l50,1,3,0.5089582289138616,0.6002019173497125,0.7094874379064927
9,m08_h1_q3_d2_l1,1,3,0.5012151129049277,-0.07964345826779129,0.5948545652725347
9,m08_h1_q3_d2_l50,1,3,0.5012151129049277,-0.07964345826779129,0.5948545652725347
9,m08_h1_q3_d4_l1,1,3,0.5108156589638072,0.28065841243970785,0.6984607263665669
9,m08_h1_q3_d4_l50,1,3,0.5108156589638072,0.28065841243970785,0.6984607263665669
9,m08_h1_q3_d8_l1,1,3,0.5113696317400022,0.41505506981747065,0.7809653063639661
9,m08_h1_q3_d8_l50,1,3,0.5113696317400022,0.41505506981747065,0.7809653063639661
9,m09_h1_q3_d2_l1,1,3,0.5139313436477788,0.7360160463776251,0.6788410188763007
9,m09_h1_q3_d2_l50,1,3,0.5142483117020153,0.7005579881056978,0.6629553752131767
9,m09_h1_q3_d4_l1,1,3,0.5096360624186627,0.5261880456351146,0.7165068901687178
9,m09_h1_q3_d4_l50,1,3,0.5144745996887201,0.7398463133983972,0.7723358279141732
9,m09_h1_q3_d8_l1,1,3,0.5083526646750026,0.18245980648860557,0.5766078371017864
9,m09_h1_q3_d8_l50,1,3,0.51634679959815,0.25056334861694884,0.6718993968599491
9,m10_h1_q3_d2_l1,1,3,0.5116782874547149,0.5255663006422656,0.7525092909434739
9,m10_h1_q3_d2_l50,1,3,0.5118115596751784,0.4719678552748224,0.745277298212894
9,m10_h1_q3_d4_l1,1,3,0.5144396329051035,0.4514348102863218,0.6437952577493878
9,m10_h1_q3_d4_l50,1,3,0.5109846536351166,0.5195057109515661,0.7092231370457946
9,m10_h1_q3_d8_l1,1,3,0.5036479492015757,-0.03670472536300556,0.5874258989124309
9,m10_h1_q3_d8_l50,1,3,0.5051315300640147,0.3229262737227758,0.6541866794553662
9,m11_h1_q3_d2_l1,1,3,0.5149607685053287,0.6916629386379117,0.8521622493293617
9,m11_h1_q3_d2_l50,1,3,0.5149646155384967,0.785313399285485,0.8479399150657679
9,m11_h1_q3_d4_l1,1,3,0.5171890250738631,0.910754858048526,0.8573112151783184
9,m11_h1_q3_d4_l50,1,3,0.5155925750061553,0.8583376870073005,0.8395909036428761
9,m11_h1_q3_d8_l1,1,3,0.5160922771358728,0.5381618310061949,0.828682954264317
9,m11_h1_q3_d8_l50,1,3,0.5157662410748831,0.8556238057586827,0.8963186138720518
9,m12_h1_q3_d2_l1,1,3,0.4931327023099786,-0.6955969670387381,0.46081972809998883
9,m12_h1_q3_d2_l50,1,3,0.4931465791081918,-0.6786608379872049,0.47194708856972345
9,m12_h1_q3_d4_l1,1,3,0.4986332040730189,-0.21201836757061981,0.573220686685537
9,m12_h1_q3_d4_l50,1,3,0.49658163624213003,-0.3736151720300448,0.4696892809515743
9,m12_h1_q3_d8_l1,1,3,0.5023167383313988,-0.4683350592034933,0.4669345520895278
9,m12_h1_q3_d8_l50,1,3,0.4994880698005698,-0.11250222049878564,0.513986978459129
9,m13_h1_q3_d2_l1,1,3,0.5100420618119306,0.3739215619523903,0.6803057256178273
9,m13_h1_q3_d2_l50,1,3,0.5102078964202807,0.406423588508686,0.6836095310031416
9,m13_h1_q3_d4_l1,1,3,0.5076092255152826,0.4520794426049173,0.7027389205911893
9,m13_h1_q3_d4_l50,1,3,0.5089731361673877,0.6469972040452966,0.750490953704722
9,m13_h1_q3_d8_l1,1,3,0.4990561716304386,0.0014271273512080466,0.5719291445384418
9,m13_h1_q3_d8_l50,1,3,0.5101460691015088,0.4142214301760606,0.6275830928367049
9,m14_h1_q3_d2_l1,1,3,0.5077913413175759,0.11677171373272927,0.6923446622827303
9,m14_h1_q3_d2_l50,1,3,0.5054430710536035,0.050597461767803595,0.680453232118299
9,m14_h1_q3_d4_l1,1,3,0.5067520240890225,0.19762841503934464,0.6036125952140797
9,m14_h1_q3_d4_l50,1,3,0.5025850688948682,0.18983247146018953,0.6170068282362983
9,m14_h1_q3_d8_l1,1,3,0.4975762317101051,-0.1988821355514151,0.6010370378074014
9,m14_h1_q3_d8_l50,1,3,0.4972857807059196,-0.014756225038527832,0.6308481914894214
9,m15_h1_q3_d2_l1,1,3,0.513063906365411,0.7682110848986722,0.8405350313061767
9,m15_h1_q3_d2_l50,1,3,0.5128126126631142,0.6992120116398598,0.8251749386555736
9,m15_h1_q3_d4_l1,1,3,0.5128932629656009,0.8307263852535324,0.8440983789368013
9,m15_h1_q3_d4_l50,1,3,0.5115156816063452,0.7425719144854438,0.8725792733241539
9,m15_h1_q3_d8_l1,1,3,0.5016332029738665,0.18724892576791266,0.7150088086865894
9,m15_h1_q3_d8_l50,1,3,0.5094933787063417,0.6766849219826472,0.850823652494518
9,m16_h1_q3_d2_l1,1,3,0.4991937717632163,0.10148250849906539,0.7235595989056349
9,m16_h1_q3_d2_l50,1,3,0.4991937717632163,0.10148250849906539,0.7235595989056349
9,m16_h1_q3_d4_l1,1,3,0.4925213675213676,-0.4544214191882557,0.48072021522197966
9,m16_h1_q3_d4_l50,1,3,0.4925213675213676,-0.4544214191882557,0.48072021522197966
9,m16_h1_q3_d8_l1,1,3,0.49427891210298613,-0.2976120318363435,0.5178386111646324
9,m16_h1_q3_d8_l50,1,3,0.49429869684499306,-0.2976120318363435,0.5178386111646324
9,m17_h1_q3_d2_l1,1,3,0.5147773474596391,0.7395147220589141,0.7949111825139467
9,m17_h1_q3_d2_l50,1,3,0.5145575169928951,0.7349614806215895,0.7853794280946964
9,m17_h1_q3_d4_l1,1,3,0.5175843764288981,0.7163782325558673,0.8304484655508323
9,m17_h1_q3_d4_l50,1,3,0.5120943166130281,0.6742838688559698,0.7920778999473918
9,m17_h1_q3_d8_l1,1,3,0.5154935825990996,0.3297894530531922,0.5834660721094855
9,m17_h1_q3_d8_l50,1,3,0.5095173539666209,0.12282807412994791,0.6032431251457896
9,m18_h1_q3_d2_l1,1,3,0.5051412163439555,0.5198310047820649,0.8009339309577327
9,m18_h1_q3_d2_l50,1,3,0.504014722595934,0.4845394042333386,0.7731060044455974
9,m18_h1_q3_d4_l1,1,3,0.5053420864329429,0.33584111983386306,0.8189555043017805
9,m18_h1_q3_d4_l50,1,3,0.502261712017692,0.26241483655461806,0.7532467054261954
9,m18_h1_q3_d8_l1,1,3,0.4967125040668636,-0.3836123760627199,0.580801353525769
9,m18_h1_q3_d8_l50,1,3,0.5035867401559917,-0.08672779296825042,0.6030598854954761
9,m19_h1_q3_d2_l1,1,3,0.5110246353012557,0.8170242294690786,0.9076590871591377
9,m19_h1_q3_d2_l50,1,3,0.5113431833869719,0.9023869722871672,0.9070757817286283
9,m19_h1_q3_d4_l1,1,3,0.51056594529299,0.5262162134970838,0.7817997102694497
9,m19_h1_q3_d4_l50,1,3,0.5093379173481412,0.5259474955367798,0.825142648542252
9,m19_h1_q3_d8_l1,1,3,0.512789599161127,0.19257259622699682,0.6304557858425429
9,m19_h1_q3_d8_l50,1,3,0.5114691050262038,0.4576443246443119,0.7599877534969273
9,m20_h1_q3_d2_l1,1,3,0.49049020270567334,-0.6383401026595973,0.5182106555306052
9,m20_h1_q3_d2_l50,1,3,0.49162521488428124,-0.5611956540837999,0.4969645912574185
9,m20_h1_q3_d4_l1,1,3,0.4854124624089902,-0.673041106727698,0.44424516732859315
9,m20_h1_q3_d4_l50,1,3,0.48799203554218984,-0.5723887208741294,0.43205165785287414
9,m20_h1_q3_d8_l1,1,3,0.4833020212312265,-0.9298718132051713,0.37238768396579797
9,m20_h1_q3_d8_l50,1,3,0.4799324323581654,-0.7176809180236179,0.4545354311083108
9,m21_h1_q3_d2_l1,1,3,0.5060963797219584,0.3879570254556129,0.7376313086124909
9,m21_h1_q3_d2_l50,1,3,0.5061608175275227,0.36053667199282097,0.6843792481837636
9,m21_h1_q3_d4_l1,1,3,0.5027893051378777,0.48033536791471193,0.7250491240321489
9,m21_h1_q3_d4_l50,1,3,0.5034606124256973,0.5465692085144714,0.7615360113457981
9,m21_h1_q3_d8_l1,1,3,0.4952951471325314,-0.16365861314174993,0.46429952721938794
9,m21_h1_q3_d8_l50,1,3,0.5011600865912209,0.19419517014288135,0.5433998665565228
9,m22_h1_q3_d2_l1,1,3,0.49774934820266614,0.16388173309805085,0.7407360835871846
9,m22_h1_q3_d2_l50,1,3,0.4967504935193978,0.12283601027568881,0.7632509430097129
9,m22_h1_q3_d4_l1,1,3,0.4942069863221483,-0.0684082518078069,0.631064469604479
9,m22_h1_q3_d4_l50,1,3,0.49227007381907073,-0.22186713757194723,0.623748361464667
9,m22_h1_q3_d8_l1,1,3,0.48744136022299606,-0.44780548445128066,0.42474200943350393
9,m22_h1_q3_d8_l50,1,3,0.4878277122682987,-0.341390072683553,0.5021338376620431
9,m23_h1_q3_d2_l1,1,3,0.5069694501600366,0.4408596573323597,0.7416839196893668
9,m23_h1_q3_d2_l50,1,3,0.5067988067602265,0.4350675125172412,0.7536873597567879
9,m23_h1_q3_d4_l1,1,3,0.5044109670122402,0.3972467120301835,0.7817082512785516
9,m23_h1_q3_d4_l50,1,3,0.503414997603848,0.20955576688274366,0.7375814707844071
9,m23_h1_q3_d8_l1,1,3,0.4932494872454363,-0.034564001813262746,0.5524775760042918
9,m23_h1_q3_d8_l50,1,3,0.5029022430401674,0.2028499244687128,0.6567162072652674
9,m24_h1_q3_d2_l1,1,3,0.49994517977735575,-0.2692483095232005,0.6110910886792121
9,m24_h1_q3_d2_l50,1,3,0.4990356312212022,-0.24352136152236364,0.5961605652482418
9,m24_h1_q3_d4_l1,1,3,0.5017597428862861,-0.21244457704670955,0.6416787327861472
9,m24_h1_q3_d4_l50,1,3,0.4958011693881679,-0.36961238826502696,0.5508485357878755
9,m24_h1_q3_d8_l1,1,3,0.5137699056487637,-0.11183396307717819,0.6659141419292821
9,m24_h1_q3_d8_l50,1,3,0.4968235871495902,-0.5422642762601452,0.4344822082685433
9,m25_h1_q3_d2_l1,1,3,0.5095328794933348,0.408501863628793,0.6918180948830838
9,m25_h1_q3_d2_l50,1,3,0.5088740063662903,0.46880860745527825,0.6851796491432149
9,m25_h1_q3_d4_l1,1,3,0.5128089030239878,0.5129502084906923,0.7261580753010054
9,m25_h1_q3_d4_l50,1,3,0.5096730214158841,0.4280638134755145,0.7083982236855029
9,m25_h1_q3_d8_l1,1,3,0.5144908808826633,0.2974347710246137,0.6533448108856431
9,m25_h1_q3_d8_l50,1,3,0.5071247741241954,0.209920539351766,0.6865442959636489
9,m26_h1_q3_d2_l1,1,3,0.5067522988771059,0.1295678875244366,0.6894349563885945
9,m26_h1_q3_d2_l50,1,3,0.5064983259909958,-0.009544896118641953,0.6219183421639078
9,m26_h1_q3_d4_l1,1,3,0.5087105761536703,0.303300701144724,0.7340270532149958
9,m26_h1_q3_d4_l50,1,3,0.505188685985368,0.15554683219659746,0.711262896447513
9,m26_h1_q3_d8_l1,1,3,0.5113954618198446,0.18288191380392468,0.6720053125855485
9,m26_h1_q3_d8_l50,1,3,0.5020025181579966,0.013937533311269774,0.7066466665764681
9,m27_h1_q3_d2_l1,1,3,0.5118830732738912,0.5649243683131122,0.7578270239398288
9,m27_h1_q3_d2_l50,1,3,0.5119518389917695,0.4122860450630407,0.7360006904041502
9,m27_h1_q3_d4_l1,1,3,0.5091059275087053,0.5025824470307391,0.773316222794604
9,m27_h1_q3_d4_l50,1,3,0.5071356969505119,0.4947585385352324,0.7561753986187448
9,m27_h1_q3_d8_l1,1,3,0.509324452732053,0.5130412979422249,0.8368147763402409
9,m27_h1_q3_d8_l50,1,3,0.5090851123113854,0.5964847300477936,0.7865250295822289
9,m28_h1_q3_d2_l1,1,3,0.49267978285146496,-0.6800539401522603,0.4610729819538577
9,m28_h1_q3_d2_l50,1,3,0.49302491668425313,-0.5661529088303268,0.5177247282695171
9,m28_h1_q3_d4_l1,1,3,0.4950310757843551,-0.3409013567253426,0.5897639580448653
9,m28_h1_q3_d4_l50,1,3,0.49399402555749006,-0.5750906992650308,0.46748013745624833
9,m28_h1_q3_d8_l1,1,3,0.4898109265634343,-0.4474148999809911,0.5315074453342612
9,m28_h1_q3_d8_l50,1,3,0.48630655413545076,-0.6132274356989666,0.43773606213892535
9,m29_h1_q3_d2_l1,1,3,0.5060908152632689,0.17240676579232073,0.6370989201318145
9,m29_h1_q3_d2_l50,1,3,0.5059198283783546,0.18816027031299024,0.6509463342859545
9,m29_h1_q3_d4_l1,1,3,0.5063987153107523,0.2867758781575376,0.6851953350085616
9,m29_h1_q3_d4_l50,1,3,0.500801282051282,0.24119677327252467,0.7492220532834463
9,m29_h1_q3_d8_l1,1,3,0.49798360504379025,0.3333294323925255,0.6397263701212995
9,m29_h1_q3_d8_l50,1,3,0.496935563293588,-0.09570881403428372,0.5874188457308163
9,m30_h1_q3_d2_l1,1,3,0.5022191885617813,-0.11254990903238844,0.6421436912036829
9,m30_h1_q3_d2_l50,1,3,0.5020489573440963,0.062397772394032394,0.7085136573169036
9,m30_h1_q3_d4_l1,1,3,0.49981245713305894,0.13081694630260385,0.6798732962128528
9,m30_h1_q3_d4_l50,1,3,0.49780856503464527,-0.07902900418310238,0.6163126149279254
9,m30_h1_q3_d8_l1,1,3,0.4924158488973304,-0.11244295520536564,0.6017823450577621
9,m30_h1_q3_d8_l50,1,3,0.49251312387886464,-0.15678641378034008,0.656148363000293
9,m31_h1_q3_d2_l1,1,3,0.5084986458443248,0.5373042400353847,0.8071595612912257
9,m31_h1_q3_d2_l50,1,3,0.5085481076993422,0.3753880719645954,0.7534066094407578
9,m31_h1_q3_d4_l1,1,3,0.5058138288751715,0.5005862558910603,0.7784619027957824
9,m31_h1_q3_d4_l50,1,3,0.5069638170043262,0.44045862522508095,0.7800567120911609
9,m31_h1_q3_d8_l1,1,3,0.5005642773293236,0.21612940751697404,0.7154430075028252
9,m31_h1_q3_d8_l50,1,3,0.5024148376771833,0.39164279303632754,0.7401725411550214
9,m01_h1_q5_d2_l1,1,5,0.5229921694155092,0.33388572776349323,0.6492742734304222
9,m01_h1_q5_d2_l50,1,5,0.5229921694155092,0.33388572776349323,0.6492742734304222
9,m01_h1_q5_d4_l1,1,5,0.5285554108796295,0.5519334404181139,0.582649578350177
9,m01_h1_q5_d4_l50,1,5,0.5285554108796295,0.5519334404181139,0.582649578350177
9,m01_h1_q5_d8_l1,1,5,0.5237991898148149,0.1785355608404237,0.44081863925981224
9,m01_h1_q5_d8_l50,1,5,0.5237991898148149,0.1785355608404237,0.44081863925981224
9,m02_h1_q5_d2_l1,1,5,0.5230147750289351,0.36071058887776974,0.8343285243554465
9,m02_h1_q5_d2_l50,1,5,0.5230147750289351,0.36071058887776974,0.8343285243554465
9,m02_h1_q5_d4_l1,1,5,0.5247847945601852,0.052105139823401696,0.5858737153072013
9,m02_h1_q5_d4_l50,1,5,0.5247847945601852,0.052105139823401696,0.5858737153072013
9,m02_h1_q5_d8_l1,1,5,0.5242060908564814,-0.10986470816978619,0.5196846170085672
9,m02_h1_q5_d8_l50,1,5,0.5242060908564814,-0.10986470816978619,0.5196846170085672
9,m03_h1_q5_d2_l1,1,5,0.5308547785252701,0.6974150577524366,0.8829886092353116
9,m03_h1_q5_d2_l50,1,5,0.5308721094955633,0.6838700137942075,0.8801979133237521
9,m03_h1_q5_d4_l1,1,5,0.5273922578788097,0.6199369790010577,0.8977171353342412
9,m03_h1_q5_d4_l50,1,5,0.5283706099898727,0.6368893642997859,0.8874727053705257
9,m03_h1_q5_d8_l1,1,5,0.5159946959695698,0.19540836571938772,0.6743083249027174
9,m03_h1_q5_d8_l50,1,5,0.5251531718689718,0.7682309686271022,0.7916422993215652
9,m04_h1_q5_d2_l1,1,5,0.4953138563368055,-0.7630921166809619,0.4017255997739239
9,m04_h1_q5_d2_l50,1,5,0.4953138563368055,-0.7630921166809619,0.4017255997739239
9,m04_h1_q5_d4_l1,1,5,0.5024640118634259,-0.6191767449792487,0.5208659805957881
9,m04_h1_q5_d4_l50,1,5,0.5024640118634259,-0.6191767449792487,0.5208659805957881
9,m04_h1_q5_d8_l1,1,5,0.5027488425925926,-0.3180951113399,0.667624123244576
9,m04_h1_q5_d8_l50,1,5,0.5027488425925926,-0.3180951113399,0.667624123244576
9,m05_h1_q5_d2_l1,1,5,0.5245850174515335,0.5090046208329777,0.6595453800460049
9,m05_h1_q5_d2_l50,1,5,0.5248751228238329,0.4671620675167028,0.677982055763283
9,m05_h1_q5_d4_l1,1,5,0.5197164276499807,0.5275251695014037,0.7000561471207211
9,m05_h1_q5_d4_l50,1,5,0.526593526204427,0.4353575924259104,0.7242783218255905
9,m05_h1_q5_d8_l1,1,5,0.5133735750928337,0.06868321052959205,0.7658839695497364
9,m05_h1_q5_d8_l50,1,5,0.5224193996853299,0.429853233737384,0.6862240886927187
9,m06_h1_q5_d2_l1,1,5,0.5224920202184606,0.08650762391413691,0.6992306013467725
9,m06_h1_q5_d2_l50,1,5,0.521105448404948,0.047590499888570365,0.7365010749298498
9,m06_h1_q5_d4_l1,1,5,0.5294908123251834,0.30983495599498817,0.7753538914497926
9,m06_h1_q5_d4_l50,1,5,0.5240699862256462,0.29231328289368563,0.8029640629793315
9,m06_h1_q5_d8_l1,1,5,0.5176988766517168,0.04172124838769676,0.4984032308659311
9,m06_h1_q5_d8_l50,1,5,0.5207738052179784,0.03837579139057586,0.6527812650388751
9,m07_h1_q5_d2_l1,1,5,0.5309188277633101,0.4763024358242428,0.8289142428573283
9,m07_h1_q5_d2_l50,1,5,0.5304826336142457,0.5859471292405876,0.8467565786035669
9,m07_h1_q5_d4_l1,1,5,0.5276736977659626,0.5619934198645793,0.8116005536705445
9,m07_h1_q5_d4_l50,1,5,0.5291497501326197,0.5050637976424869,0.8666228386156609
9,m07_h1_q5_d8_l1,1,5,0.5157520623854649,0.5107005297715326,0.7761319751049987
9,m07_h1_q5_d8_l50,1,5,0.5243101708682967,0.5086456103725662,0.8318804762609593
9,m08_h1_q5_d2_l1,1,5,0.49863009982638895,0.061922518201873396,0.6082643111930008
9,m08_h1_q5_d2_l50,1,5,0.49863009982638895,0.061922518201873396,0.6082643111930008
9,m08_h1_q5_d4_l1,1,5,0.5042950665509258,0.1116684407073729,0.5365028880438436
9,m08_h1_q5_d4_l50,1,5,0.5042950665509258,0.1116684407073729,0.5365028880438436
9,m08_h1_q5_d8_l1,1,5,0.5058367693865741,-0.38940087694491154,0.4607441766053658
9,m08_h1_q5_d8_l50,1,5,0.5058367693865741,-0.38940087694491154,0.4607441766053658
9,m09_h1_q5_d2_l1,1,5,0.5242053373360339,0.2774817504459645,0.543836066191275
9,m09_h1_q5_d2_l50,1,5,0.5230457635573399,0.15679428639335327,0.503952919200018
9,m09_h1_q5_d4_l1,1,5,0.5300762035228588,0.21119278446723272,0.5098723108709002
9,m09_h1_q5_d4_l50,1,5,0.5293810809100116,0.4126003926391813,0.5395705277007007
9,m09_h1_q5_d8_l1,1,5,0.5163600591965664,0.24307730900080365,0.6501723868862549
9,m09_h1_q5_d8_l50,1,5,0.5312268292462384,0.2947247074967675,0.5229241058912856
9,m10_h1_q5_d2_l1,1,5,0.5218046211902005,0.2750298342262786,0.7270051160636056
9,m10_h1_q5_d2_l50,1,5,0.5218305234555846,0.3374066541639926,0.7376096305744111
9,m10_h1_q5_d4_l1,1,5,0.5209707566249517,0.24907155261198152,0.7375095706915186
9,m10_h1_q5_d4_l50,1,5,0.5222364825966918,0.13467589213249365,0.7549733322424522
9,m10_h1_q5_d8_l1,1,5,0.5101311766071084,0.1671443647085137,0.6655657117135354
9,m10_h1_q5_d8_l50,1,5,0.5181009740005305,0.37080304405744674,0.7666324571991731
9,m11_h1_q5_d2_l1,1,5,0.5322800624517747,0.5892647610183166,0.7935623704732293
9,m11_h1_q5_d2_l50,1,5,0.5323640799816745,0.609330834238285,0.8035130109462706
9,m11_h1_q5_d4_l1,1,5,0.5327976368091725,0.8191930974984929,0.9165227955294979
9,m11_h1_q5_d4_l50,1,5,0.5321103319709684,0.888313986409823,0.8938203115399466
9,m11_h1_q5_d8_l1,1,5,0.5233242835527584,0.2666511473547662,0.6697585396046959
9,m11_h1_q5_d8_l50,1,5,0.5260132212697723,0.7139434504842843,0.8134422080527577
9,m12_h1_q5_d2_l1,1,5,0.4914612946686921,-0.6334913913956567,0.42202538054722644
9,m12_h1_q5_d2_l50,1,5,0.490048067069348,-0.4953654079833212,0.4403804930163724
9,m12_h1_q5_d4_l1,1,5,0.49589877658420134,-0.2615897033326981,0.5521073119669013
9,m12_h1_q5_d4_l50,1,5,0.4990351170669367,-0.4359159284437364,0.4835521512885138
9,m12_h1_q5_d8_l1,1,5,0.49808342074170525,-0.3690772485341022,0.4834458207091428
9,m12_h1_q5_d8_l50,1,5,0.5004197108892747,-0.1692634780001989,0.5703699498273007
9,m13_h1_q5_d2_l1,1,5,0.5231541763117284,0.2544626358607137,0.5956494229241026
9,m13_h1_q5_d2_l50,1,5,0.52166748046875,0.19937230939752212,0.5655206999369642
9,m13_h1_q5_d4_l1,1,5,0.522088415828752,0.29366475924137586,0.6569484605222645
9,m13_h1_q5_d4_l50,1,5,0.5240296728817033,0.18920147647577998,0.6341782329790616
9,m13_h1_q5_d8_l1,1,5,0.5141764511296779,0.1739483401499475,0.6707155089888623
9,m13_h1_q5_d8_l50,1,5,0.524014037332417,0.24758999354740566,0.6505946382494425
9,m14_h1_q5_d2_l1,1,5,0.522057615680459,0.4378485737384841,0.7925835955202033
9,m14_h1_q5_d2_l50,1,5,0.5206377005871432,0.413541666218236,0.8214198896881434
9,m14_h1_q5_d4_l1,1,5,0.5231087767047646,0.38095880768393026,0.749635400072179
9,m14_h1_q5_d4_l50,1,5,0.5243263715579186,0.218517311040023,0.6397759758800333
9,m14_h1_q5_d8_l1,1,5,0.5197700217918113,0.089296915725029,0.7067217508155881
9,m14_h1_q5_d8_l50,1,5,0.5208503817334588,0.3805796304346619,0.6771663354987216
9,m15_h1_q5_d2_l1,1,5,0.5295511881510417,0.6029527126006052,0.8379429776421461
9,m15_h1_q5_d2_l50,1,5,0.5293513168523342,0.6562550476211119,0.8324890027368897
9,m15_h1_q5_d4_l1,1,5,0.53043403154538,0.46623220702216855,0.794966074370604
9,m15_h1_q5_d4_l50,1,5,0.5286852989667727,0.5426628294439104,0.7946479989940007
9,m15_h1_q5_d8_l1,1,5,0.5169537391191646,0.1847310521654527,0.864344429628571
9,m15_h1_q5_d8_l50,1,5,0.5221311781141492,0.5007910268468357,0.826043424505868
9,m16_h1_q5_d2_l1,1,5,0.500072337962963,-0.22635391858012072,0.34709337598533063
9,m16_h1_q5_d2_l50,1,5,0.500072337962963,-0.22635391858012072,0.34709337598533063
9,m16_h1_q5_d4_l1,1,5,0.5125370732060185,0.3084353902342379,0.6137763612958969
9,m16_h1_q5_d4_l50,1,5,0.5125777633101851,0.3084353902342379,0.6137763612958969
9,m16_h1_q5_d8_l1,1,5,0.5123155381944445,0.17272866975132906,0.6122398375613209
9,m16_h1_q5_d8_l50,1,5,0.5122838903356481,0.17272866975132906,0.6122398375613209
9,m17_h1_q5_d2_l1,1,5,0.5277759881667149,0.644371435975493,0.7414816791317985
9,m17_h1_q5_d2_l50,1,5,0.5262851479612751,0.4930623623762886,0.743767676185356
9,m17_h1_q5_d4_l1,1,5,0.5338914659288194,0.5814527339202931,0.6916693962060545
9,m17_h1_q5_d4_l50,1,5,0.527096406913098,0.3726786140897361,0.7225159266979243
9,m17_h1_q5_d8_l1,1,5,0.5313583185643326,0.09683157295027363,0.49218000125095546
9,m17_h1_q5_d8_l50,1,5,0.5263602174358604,-0.013719244976835342,0.433967112028691
9,m18_h1_q5_d2_l1,1,5,0.5248861430603782,0.5814199272503915,0.7764001357086189
9,m18_h1_q5_d2_l50,1,5,0.524709630895544,0.5980007830294009,0.7803839003724716
9,m18_h1_q5_d4_l1,1,5,0.5235012666678723,0.2055115056810838,0.75827190952787
9,m18_h1_q5_d4_l50,1,5,0.5240081975489487,0.4566166712132121,0.7505050242756994
9,m18_h1_q5_d8_l1,1,5,0.516522725423177,-0.2543849773281877,0.48597975364919926
9,m18_h1_q5_d8_l50,1,5,0.5243135617103106,0.03992155554873595,0.6390920835327741
9,m19_h1_q5_d2_l1,1,5,0.533758846330054,0.5570187228862447,0.8190126985366218
9,m19_h1_q5_d2_l50,1,5,0.5338092380099826,0.3926928764023447,0.75550891641754
9,m19_h1_q5_d4_l1,1,5,0.5298230206524884,0.5824170078174431,0.8038097413387322
9,m19_h1_q5_d4_l50,1,5,0.5301459041642553,0.6326714020491535,0.8757748299800612
9,m19_h1_q5_d8_l1,1,5,0.5242409411771798,0.4451042264190098,0.7886219492940553
9,m19_h1_q5_d8_l50,1,5,0.5295711564429012,0.484050364240448,0.8078634914218116
9,m20_h1_q5_d2_l1,1,5,0.493144847728588,-0.4395432529398902,0.29339219551140405
9,m20_h1_q5_d2_l50,1,5,0.49340339943214695,-0.3392659628234373,0.3485619177981774
9,m20_h1_q5_d4_l1,1,5,0.49648397940176503,-0.6873815251690333,0.2685381017326654
9,m20_h1_q5_d4_l50,1,5,0.5012812673309703,-0.40174661149375546,0.31461876101038067
9,m20_h1_q5_d8_l1,1,5,0.4955462232048129,-0.7166407132628827,0.3505550417140722
9,m20_h1_q5_d8_l50,1,5,0.49883119559582373,-0.46049926873063723,0.35828607393747297
9,m21_h1_q5_d2_l1,1,5,0.5219128455644773,0.4536046598995414,0.7449287210755886
9,m21_h1_q5_d2_l50,1,5,0.5215497428988233,0.4189059820745716,0.7444572582756872
9,m21_h1_q5_d4_l1,1,5,0.5246096952461902,0.15431050375729383,0.6599515795754058
9,m21_h1_q5_d4_l50,1,5,0.5240111174406828,0.38792596558026987,0.7322184303642946
9,m21_h1_q5_d8_l1,1,5,0.5212350539219233,-0.05786842171929457,0.5239972512201555
9,m21_h1_q5_d8_l50,1,5,0.5287510436258198,0.13539913610280055,0.617239449331686
9,m22_h1_q5_d2_l1,1,5,0.5232134218569156,0.31967136404769003,0.8088670312891605
9,m22_h1_q5_d2_l50,1,5,0.5230158111195506,0.45944101417104966,0.8899330802970091
9,m22_h1_q5_d4_l1,1,5,0.5226411230770158,0.04379813569362671,0.7546113343181031
9,m22_h1_q5_d4_l50,1,5,0.5227617805386766,0.21345159276926215,0.7355783652570422
9,m22_h1_q5_d8_l1,1,5,0.519473511495708,-0.43762251688988696,0.3364439860753856
9,m22_h1_q5_d8_l50,1,5,0.5206836653344425,0.10255425015241622,0.6047556884913461
9,m23_h1_q5_d2_l1,1,5,0.5294809223693094,0.512141198565828,0.7925188255882474
9,m23_h1_q5_d2_l50,1,5,0.529304975344811,0.4406275766817523,0.757613699153015
9,m23_h1_q5_d4_l1,1,5,0.5250671763478973,0.5490551941514921,0.7952447016730432
9,m23_h1_q5_d4_l50,1,5,0.5264444233458719,0.3188995313590217,0.8171890755466491
9,m23_h1_q5_d8_l1,1,5,0.5154774983723958,-0.022556829094139395,0.5622466296042554
9,m23_h1_q5_d8_l50,1,5,0.5254535439573689,0.42661834840560964,0.7908656399281916
9,m24_h1_q5_d2_l1,1,5,0.49848711932146994,-0.27373009789660857,0.5055758762653833
9,m24_h1_q5_d2_l50,1,5,0.4975327856746721,-0.21315943911413032,0.4933356717018406
9,m24_h1_q5_d4_l1,1,5,0.5037094869731386,-0.19012522967417372,0.5931388571813575
9,m24_h1_q5_d4_l50,1,5,0.4927273032106,-0.30645757963955705,0.46174207037920395
9,m24_h1_q5_d8_l1,1,5,0.5022736537603685,-0.13348837485223367,0.5562961004412704
9,m24_h1_q5_d8_l50,1,5,0.48983208927107447,-0.5774682579569496,0.3412788630014755
9,m25_h1_q5_d2_l1,1,5,0.5224829779730903,0.34645256336980657,0.721660275785419
9,m25_h1_q5_d2_l50,1,5,0.5212024641625674,0.26600200274646707,0.7124660456835105
9,m25_h1_q5_d4_l1,1,5,0.5285946881329572,0.22257685798643792,0.7033656655659196
9,m25_h1_q5_d4_l50,1,5,0.5229430963963638,0.16369179341588808,0.5861823125008161
9,m25_h1_q5_d8_l1,1,5,0.5254124770929783,0.12140431498666167,0.5365173143446634
9,m25_h1_q5_d8_l50,1,5,0.5215612340856481,-0.03760002703925344,0.44733046505973223
9,m26_h1_q5_d2_l1,1,5,0.5225944989993248,0.46792814948040223,0.8303423070481084
9,m26_h1_q5_d2_l50,1,5,0.5222742528091242,0.4993249072360052,0.807652362132204
9,m26_h1_q5_d4_l1,1,5,0.5215249709141107,0.5936928058725576,0.8233281934241693
9,m26_h1_q5_d4_l50,1,5,0.5201294510452836,0.5015312285824628,0.8318216322217367
9,m26_h1_q5_d8_l1,1,5,0.5084841692889178,0.10907574425386588,0.6179496546017903
9,m26_h1_q5_d8_l50,1,5,0.5129915402259355,0.030282646185905256,0.5890923752349985
9,m27_h1_q5_d2_l1,1,5,0.5309526419933932,0.3130315400240538,0.7897259275422408
9,m27_h1_q5_d2_l50,1,5,0.5304138748734086,0.39338387575198164,0.7900730491751412
9,m27_h1_q5_d4_l1,1,5,0.5277600700472608,0.4584862474535527,0.8067936933506338
9,m27_h1_q5_d4_l50,1,5,0.5283580827124326,0.51561720435606,0.7406773499005221
9,m27_h1_q5_d8_l1,1,5,0.5184655837070795,0.3089639403339735,0.6485954102823299
9,m27_h1_q5_d8_l50,1,5,0.5184473108362269,0.39506631324121383,0.6939630720677252
9,m28_h1_q5_d2_l1,1,5,0.4917432996961806,-0.5784262969318378,0.3498735159068767
9,m28_h1_q5_d2_l50,1,5,0.4917478208188657,-0.5565112000745156,0.3105234393637471
9,m28_h1_q5_d4_l1,1,5,0.4967064563138985,-0.6738799005663744,0.3483404977891555
9,m28_h1_q5_d4_l50,1,5,0.492911915720245,-0.6711066040998126,0.3007528513483032
9,m28_h1_q5_d8_l1,1,5,0.49332955442828896,-0.4452398618463691,0.34167712934510347
9,m28_h1_q5_d8_l50,1,5,0.48925866021050346,-0.6948996058733741,0.2805968421881335
9,m29_h1_q5_d2_l1,1,5,0.5225607789592979,0.36957613650543164,0.7278264550400317
9,m29_h1_q5_d2_l50,1,5,0.5208003668137539,0.3057179538680197,0.7407088776227476
9,m29_h1_q5_d4_l1,1,5,0.5195790043583624,-0.08984631778681919,0.6390847649413761
9,m29_h1_q5_d4_l50,1,5,0.5193607659987461,0.03872826927313476,0.6610442446849235
9,m29_h1_q5_d8_l1,1,5,0.518178869176794,-0.054672313166366227,0.4497513803317862
9,m29_h1_q5_d8_l50,1,5,0.5201252124927662,-0.17410268489118397,0.5108531702803591
9,m30_h1_q5_d2_l1,1,5,0.5197529733916859,0.5593914776272622,0.7484512247283529
9,m30_h1_q5_d2_l50,1,5,0.5194139833803529,0.4911349561380365,0.7352224973418328
9,m30_h1_q5_d4_l1,1,5,0.5196508713710455,0.31498278058959617,0.7155649776548347
9,m30_h1_q5_d4_l50,1,5,0.5177184681833527,0.22715334285798922,0.6911362234940518
9,m30_h1_q5_d8_l1,1,5,0.5040379276982061,-0.5678167525281985,0.285388881621118
9,m30_h1_q5_d8_l50,1,5,0.5107892825279707,-0.034169192808798175,0.5660133259591511
9,m31_h1_q5_d2_l1,1,5,0.5305591159396701,0.3247894459106963,0.7172909510653557
9,m31_h1_q5_d2_l50,1,5,0.5292460123697917,0.2906999853123536,0.7223220063897523
9,m31_h1_q5_d4_l1,1,5,0.5274935121889467,0.271560619553782,0.7952476983088613
9,m31_h1_q5_d4_l50,1,5,0.5248601466049383,0.33061008550034005,0.7509772774028499
9,m31_h1_q5_d8_l1,1,5,0.519714167088638,0.26703098094059285,0.6798007995987083
9,m31_h1_q5_d8_l50,1,5,0.5214943591459298,0.11223127524179358,0.6870447609864251
9,m01_h3_q3_d2_l1,3,3,0.5152549662567516,0.34879816310383815,0.6290784275220034
9,m01_h3_q3_d2_l50,3,3,0.5137866644512151,0.5275328697234078,0.6968402158562904
9,m01_h3_q3_d4_l1,3,3,0.5226278420089172,0.7415531487413556,0.788510054168007
9,m01_h3_q3_d4_l50,3,3,0.5175099794222984,0.3369623444798716,0.6087498305201896
9,m01_h3_q3_d8_l1,3,3,0.5267473384910402,0.7125891576134483,0.7467580694166521
9,m01_h3_q3_d8_l50,3,3,0.5193543993385294,0.35990133919818684,0.6084733961718486
9,m02_h3_q3_d2_l1,3,3,0.521360456789935,0.35289220540751476,0.7179858560334675
9,m02_h3_q3_d2_l50,3,3,0.5210075104937235,0.2861336901485876,0.7136803994908408
9,m02_h3_q3_d4_l1,3,3,0.523067258734785,0.4619484959122508,0.7588775004546168
9,m02_h3_q3_d4_l50,3,3,0.5219196887516666,0.5927977877498642,0.772137336226324
9,m02_h3_q3_d8_l1,3,3,0.5256339610634393,0.16533233064574554,0.7309961268775792
9,m02_h3_q3_d8_l50,3,3,0.5234114449547895,0.34568142134157864,0.7472158482272944
9,m03_h3_q3_d2_l1,3,3,0.5210254545207927,0.6257643256221138,0.668700693609881
9,m03_h3_q3_d2_l50,3,3,0.5190955532157675,0.5425386178750548,0.6911007496332218
9,m03_h3_q3_d4_l1,3,3,0.5200762578762975,0.4668729230236632,0.5735777999330501
9,m03_h3_q3_d4_l50,3,3,0.5195375838353422,0.3491570784785918,0.6046084013725961
9,m03_h3_q3_d8_l1,3,3,0.5184488617835177,0.26839612313458944,0.7146040424472992
9,m03_h3_q3_d8_l50,3,3,0.5175520136589369,0.3678883904903076,0.62186855328983
9,m04_h3_q3_d2_l1,3,3,0.4977421610034186,0.21556734772436675,0.5969204958988205
9,m04_h3_q3_d2_l50,3,3,0.4961835738963293,0.07014247823962391,0.5759749659649042
9,m04_h3_q3_d4_l1,3,3,0.49288512262128614,-0.026644966321828143,0.44216553340974946
9,m04_h3_q3_d4_l50,3,3,0.4920346887714473,-0.14374617454924246,0.4741080544417996
9,m04_h3_q3_d8_l1,3,3,0.48931609802468756,-0.013653625715241835,0.43588972961954386
9,m04_h3_q3_d8_l50,3,3,0.4898814055231433,-0.0841703173556203,0.5021470294030757
9,m05_h3_q3_d2_l1,3,3,0.5150176670956278,0.6242176494176092,0.6501624936021697
9,m05_h3_q3_d2_l50,3,3,0.5113996143305803,0.3996702703519994,0.5697859424503472
9,m05_h3_q3_d4_l1,3,3,0.5121067079011932,0.3023294931788463,0.5869906436350284
9,m05_h3_q3_d4_l50,3,3,0.509794683594525,0.28688074242683753,0.5898377406226086
9,m05_h3_q3_d8_l1,3,3,0.5138341384125951,0.16519416074349713,0.6187730165239534
9,m05_h3_q3_d8_l50,3,3,0.5107327182064337,0.10891384555112363,0.5298228694619839
9,m06_h3_q3_d2_l1,3,3,0.516411861482284,0.47706176711303483,0.6551398332734903
9,m06_h3_q3_d2_l50,3,3,0.5167902402578062,0.5087000237804807,0.6674872236056529
9,m06_h3_q3_d4_l1,3,3,0.5139640559944071,0.24279230515889377,0.704988093094477
9,m06_h3_q3_d4_l50,3,3,0.5172429383895363,0.27537911593952397,0.666233422579379
9,m06_h3_q3_d8_l1,3,3,0.5230142037571119,0.13594973354023632,0.6389898739410388
9,m06_h3_q3_d8_l50,3,3,0.5198619185923292,0.005101908774077099,0.6135825916663568
9,m07_h3_q3_d2_l1,3,3,0.5206727201619088,0.49249146482247613,0.6307987112767254
9,m07_h3_q3_d2_l50,3,3,0.5170206161328954,0.31740184261283216,0.6029210909786232
9,m07_h3_q3_d4_l1,3,3,0.5211337544951908,0.38592681538963913,0.581094044330418
9,m07_h3_q3_d4_l50,3,3,0.5180991651929958,0.32884950213702463,0.5997607972282171
9,m07_h3_q3_d8_l1,3,3,0.5207380675045821,0.000645571990636275,0.5557212300120004
9,m07_h3_q3_d8_l50,3,3,0.5228025490126263,0.22140095559061237,0.5392634124100969
9,m08_h3_q3_d2_l1,3,3,0.4655972026533423,-0.9076124473702573,0.3222343605692818
9,m08_h3_q3_d2_l50,3,3,0.4642820608898768,-1.1624246363976796,0.2524855361852101
9,m08_h3_q3_d4_l1,3,3,0.47895264528868975,-0.8755533513182889,0.36515980792296965
9,m08_h3_q3_d4_l50,3,3,0.47353354911379114,-0.9463485561968139,0.2669755031284217
9,m08_h3_q3_d8_l1,3,3,0.49284584356990624,-0.6955841463545148,0.4089691433691512
9,m08_h3_q3_d8_l50,3,3,0.47840584698351013,-0.8316455943808309,0.25823083227838795
9,m09_h3_q3_d2_l1,3,3,0.49679465985754423,-0.11761801025276465,0.48333106061261233
9,m09_h3_q3_d2_l50,3,3,0.49433117100742574,-0.23993772677942896,0.453210171429229
9,m09_h3_q3_d4_l1,3,3,0.503271747171767,-0.21604049613955253,0.5292068157355103
9,m09_h3_q3_d4_l50,3,3,0.49417476125966503,-0.02217489273827698,0.44197842436746104
9,m09_h3_q3_d8_l1,3,3,0.5111399911042839,-0.004165421923754708,0.5524331482382029
9,m09_h3_q3_d8_l50,3,3,0.496926272937977,-0.20863152446340522,0.40473233394865354
9,m10_h3_q3_d2_l1,3,3,0.4956316890952876,-0.36563128815116264,0.5089099975379933
9,m10_h3_q3_d2_l50,3,3,0.49804049811488815,-0.4232545039394799,0.5071241097800953
9,m10_h3_q3_d4_l1,3,3,0.5012501476496715,0.053415983095587,0.6657237601823139
9,m10_h3_q3_d4_l50,3,3,0.4958415776953765,-0.3923587170116659,0.5014117034731537
9,m10_h3_q3_d8_l1,3,3,0.5043594095369537,-0.04334523622088176,0.6584990993224278
9,m10_h3_q3_d8_l50,3,3,0.49741189200125924,-0.508183135935235,0.4736776875826838
9,m11_h3_q3_d2_l1,3,3,0.5070229672243162,0.12916147548360604,0.492570570086518
9,m11_h3_q3_d2_l50,3,3,0.5068164696214686,0.24735383563876756,0.5302032907018794
9,m11_h3_q3_d4_l1,3,3,0.5063540930184454,0.16612904072433413,0.5134283122064152
9,m11_h3_q3_d4_l50,3,3,0.5038493470352229,-0.03298293912312219,0.4629375686030395
9,m11_h3_q3_d8_l1,3,3,0.5069697003093154,-0.1337388559467194,0.5327132502257661
9,m11_h3_q3_d8_l50,3,3,0.5082789784733843,0.02543075468318454,0.4571614644851518
9,m12_h3_q3_d2_l1,3,3,0.4811009126869076,-0.3450863559396014,0.5335320770678635
9,m12_h3_q3_d2_l50,3,3,0.47817638950350716,-0.38048114511629794,0.48335651763493964
9,m12_h3_q3_d4_l1,3,3,0.4799625973004271,-0.34807286443693675,0.45665468498110706
9,m12_h3_q3_d4_l50,3,3,0.4752492524263998,-0.5219293385506254,0.36547586116619607
9,m12_h3_q3_d8_l1,3,3,0.49976545602413486,-0.44971506312273835,0.44438400603054223
9,m12_h3_q3_d8_l50,3,3,0.4733526959275819,-0.7853409095705628,0.24349378912369435
9,m13_h3_q3_d2_l1,3,3,0.49956602299887365,0.21756830235391703,0.5917352802078338
9,m13_h3_q3_d2_l50,3,3,0.49610360287805233,0.030680115903325086,0.4879552939774838
9,m13_h3_q3_d4_l1,3,3,0.4978029870164367,0.02864028864624682,0.5584885617957285
9,m13_h3_q3_d4_l50,3,3,0.4913794492003181,-0.17398434559274897,0.4471861218805848
9,m13_h3_q3_d8_l1,3,3,0.5079287167166556,-0.2508960245945044,0.48241261839621485
9,m13_h3_q3_d8_l50,3,3,0.4959016266048601,-0.2660343274380497,0.4219783959590774
9,m14_h3_q3_d2_l1,3,3,0.5028849615489172,0.10925557569430427,0.556220903822467
9,m14_h3_q3_d2_l50,3,3,0.504379331645747,-0.07874862122090434,0.49426460140621503
9,m14_h3_q3_d4_l1,3,3,0.49720200340117027,-0.21957242238345584,0.5332933658320059
9,m14_h3_q3_d4_l50,3,3,0.4938159513640569,-0.516111068100491,0.4128298530125899
9,m14_h3_q3_d8_l1,3,3,0.5046520243405782,-0.3125561868241454,0.45279952950466285
9,m14_h3_q3_d8_l50,3,3,0.4966639651721977,-0.6514894884244491,0.3473389573055193
9,m15_h3_q3_d2_l1,3,3,0.5040634037360877,0.2951232475951446,0.5621034678315651
9,m15_h3_q3_d2_l50,3,3,0.5048015108023043,0.30021530723072964,0.5658727358069545
9,m15_h3_q3_d4_l1,3,3,0.5078979858041552,0.21532998901375075,0.5620157906062742
9,m15_h3_q3_d4_l50,3,3,0.5054761779617959,-0.1337348195375766,0.45280833733022174
9,m15_h3_q3_d8_l1,3,3,0.5106695608828122,-0.0645767053211139,0.5203606966553697
9,m15_h3_q3_d8_l50,3,3,0.508981480068566,0.04980231312200458,0.5005831462406605
9,m16_h3_q3_d2_l1,3,3,0.48477894371566266,-0.2176246480090352,0.524806476374139
9,m16_h3_q3_d2_l50,3,3,0.4841709661685857,-0.40976392481800833,0.4467245279098979
9,m16_h3_q3_d4_l1,3,3,0.4826626788539108,-0.3537676225375598,0.48352736548468833
9,m16_h3_q3_d4_l50,3,3,0.48053355646095186,-0.3918246684812781,0.4417202075506703
9,m16_h3_q3_d8_l1,3,3,0.48935989840572264,-0.3181475355896817,0.5204690311095821
9,m16_h3_q3_d8_l50,3,3,0.48158095073389656,-0.3525751770036633,0.5101912587463773
9,m17_h3_q3_d2_l1,3,3,0.508183818613297,0.09948124051856931,0.5267484421194389
9,m17_h3_q3_d2_l50,3,3,0.5075143085954433,0.2702129410689085,0.5667167648922076
9,m17_h3_q3_d4_l1,3,3,0.5161486353214185,0.01085843058285785,0.5123330790561632
9,m17_h3_q3_d4_l50,3,3,0.5135868075512987,0.017844283241898042,0.5134387665637395
9,m17_h3_q3_d8_l1,3,3,0.5259364662756847,0.08916807069238682,0.6198546031997613
9,m17_h3_q3_d8_l50,3,3,0.5171753303820354,-0.009302778377038023,0.49195712054521806
9,m18_h3_q3_d2_l1,3,3,0.5137174315908695,0.014128499343094899,0.6264864361479687
9,m18_h3_q3_d2_l50,3,3,0.5161840288551258,0.20169262628040258,0.6356702739569549
9,m18_h3_q3_d4_l1,3,3,0.5138510227530263,-0.09550370220041843,0.5913692605971836
9,m18_h3_q3_d4_l50,3,3,0.5193039582545633,-0.06148389969568132,0.5992557967150864
9,m18_h3_q3_d8_l1,3,3,0.5203399785575941,0.1104926978610384,0.6365109644718935
9,m18_h3_q3_d8_l50,3,3,0.5233365604323748,0.2656963948223374,0.6596964888186215
9,m19_h3_q3_d2_l1,3,3,0.5168714829000487,0.44809022087285005,0.6145308682581072
9,m19_h3_q3_d2_l50,3,3,0.5168733196902211,0.4890009088367888,0.5828731344853264
9,m19_h3_q3_d4_l1,3,3,0.5176307130532483,0.2777337761409735,0.5607438203631434
9,m19_h3_q3_d4_l50,3,3,0.517849997541527,0.4181155372605289,0.6081476344923007
9,m19_h3_q3_d8_l1,3,3,0.5231850958889246,0.4461601351828022,0.5640689959762849
9,m19_h3_q3_d8_l50,3,3,0.5217649038567507,0.4004439940558595,0.6360227097656441
9,m20_h3_q3_d2_l1,3,3,0.49463833884087804,0.14183176733971192,0.6264411615665447
9,m20_h3_q3_d2_l50,3,3,0.4958362792621869,0.09286236018965953,0.6026647912130196
9,m20_h3_q3_d4_l1,3,3,0.4927477165872326,0.16155276388747195,0.69513588086545
9,m20_h3_q3_d4_l50,3,3,0.4929255320050797,0.08987940791901744,0.6329362469092517
9,m20_h3_q3_d8_l1,3,3,0.49623945470503694,-0.044046994987465615,0.580456982541363
9,m20_h3_q3_d8_l50,3,3,0.4871622496101766,0.03147055506257713,0.6145194583764076
9,m21_h3_q3_d2_l1,3,3,0.5090116458148595,0.4142916044091576,0.6034709525294518
9,m21_h3_q3_d2_l50,3,3,0.5054734934223131,0.41964730093948777,0.6006024899128252
9,m21_h3_q3_d4_l1,3,3,0.5110452551188516,0.41075969661480055,0.5910416710861821
9,m21_h3_q3_d4_l50,3,3,0.5056939788887815,0.18047756876331575,0.5401516053138485
9,m21_h3_q3_d8_l1,3,3,0.5146825941807096,0.15810603871178647,0.6152299714345515
9,m21_h3_q3_d8_l50,3,3,0.5083528033091612,0.1984346543773469,0.5444953917102004
9,m22_h3_q3_d2_l1,3,3,0.5125210453766296,0.4710486971588972,0.6730318469662219
9,m22_h3_q3_d2_l50,3,3,0.5144015652843266,0.4594055569276239,0.6190650375561936
9,m22_h3_q3_d4_l1,3,3,0.5059081062354222,0.23176388280555738,0.6066542932138993
9,m22_h3_q3_d4_l50,3,3,0.5117402682617918,0.15904443101696655,0.6413015855490193
9,m22_h3_q3_d8_l1,3,3,0.5096687221761612,0.07185839920017763,0.6276196323017392
9,m22_h3_q3_d8_l50,3,3,0.5117594839128266,0.15574564006572383,0.6609375897328121
9,m23_h3_q3_d2_l1,3,3,0.5171846556244493,0.5346177555360822,0.6706905574604416
9,m23_h3_q3_d2_l50,3,3,0.5163708162865076,0.4892183468875998,0.6677283686462517
9,m23_h3_q3_d4_l1,3,3,0.5178765603532515,0.34688189012225507,0.5660676075481698
9,m23_h3_q3_d4_l50,3,3,0.5176273220560068,0.36356421340646594,0.5723339839891057
9,m23_h3_q3_d8_l1,3,3,0.5184362161896381,-0.005440498188572635,0.519812631859197
9,m23_h3_q3_d8_l50,3,3,0.5193445795756845,0.2225781756345922,0.5531555134902577
9,m24_h3_q3_d2_l1,3,3,0.4548682993188052,-0.9979788850572622,0.3297810111530413
9,m24_h3_q3_d2_l50,3,3,0.45820157896134883,-0.7732293956674526,0.4045970245912246
9,m24_h3_q3_d4_l1,3,3,0.4570894731577136,-0.659373121027386,0.41660566554473066
9,m24_h3_q3_d4_l50,3,3,0.46039859194491206,-0.7008797898218998,0.3735076291736719
9,m24_h3_q3_d8_l1,3,3,0.4784496473645452,-0.41239806818000413,0.6596169052494824
9,m24_h3_q3_d8_l50,3,3,0.46407655232789136,-0.4912892992710876,0.3833083878332881
9,m25_h3_q3_d2_l1,3,3,0.48852797374916,-0.0842214734707354,0.5041433363833788
9,m25_h3_q3_d2_l50,3,3,0.4862113574670607,-0.2345885472397505,0.43379645911831655
9,m25_h3_q3_d4_l1,3,3,0.493668937504486,-0.21877026354432932,0.5631099619964015
9,m25_h3_q3_d4_l50,3,3,0.4888097797490776,-0.36741893015714033,0.47781047451488523
9,m25_h3_q3_d8_l1,3,3,0.49874299971006975,-0.14786166789812594,0.5673843487999627
9,m25_h3_q3_d8_l50,3,3,0.49399433194811093,-0.195455398125456,0.47162186662760935
9,m26_h3_q3_d2_l1,3,3,0.4908532794616905,-0.5752264364340609,0.4658759407470788
9,m26_h3_q3_d2_l50,3,3,0.49306590516171944,-0.5751287865749597,0.34848718012637087
9,m26_h3_q3_d4_l1,3,3,0.48488491237945713,-0.34804650801190773,0.5245952431445728
9,m26_h3_q3_d4_l50,3,3,0.48870571852123124,-0.4072080204911647,0.47571977150196787
9,m26_h3_q3_d8_l1,3,3,0.48741035757500745,-0.0035686298577574382,0.6302817336130556
9,m26_h3_q3_d8_l50,3,3,0.49224973451317433,-0.4316679462268987,0.4780835501143955
9,m27_h3_q3_d2_l1,3,3,0.5026814310686558,0.02845054234880344,0.45890194965895914
9,m27_h3_q3_d2_l50,3,3,0.5045398388485077,0.21786157874926282,0.5149573643249322
9,m27_h3_q3_d4_l1,3,3,0.5005592319617315,0.08695554631931389,0.4900381028282033
9,m27_h3_q3_d4_l50,3,3,0.5021872638664941,0.048548034682031935,0.4296891098042742
9,m27_h3_q3_d8_l1,3,3,0.5032800833733189,-0.08607787165473965,0.49431414025303383
9,m27_h3_q3_d8_l50,3,3,0.5054234055672262,0.16139277557606063,0.4701668850689438
9,m28_h3_q3_d2_l1,3,3,0.47577061825226874,-0.36480406233381757,0.4576151282016935
9,m28_h3_q3_d2_l50,3,3,0.474871156233981,-0.49679198998812235,0.4402780221748101
9,m28_h3_q3_d4_l1,3,3,0.46780502444061267,-0.7773898469958862,0.44244849047037094
9,m28_h3_q3_d4_l50,3,3,0.4719855588730812,-0.45080279436077925,0.4908994695991637
9,m28_h3_q3_d8_l1,3,3,0.4745624341934598,-0.5210710444050903,0.4373171845285089
9,m28_h3_q3_d8_l50,3,3,0.46905863373330137,-0.7209412720883642,0.3725021413088544
9,m29_h3_q3_d2_l1,3,3,0.4894565418271032,-0.006541180112609124,0.5246237100684181
9,m29_h3_q3_d2_l50,3,3,0.49001054600142085,0.0763312513103058,0.5660976666559874
9,m29_h3_q3_d4_l1,3,3,0.4927651660938708,-0.02080759873774396,0.5285029635099264
9,m29_h3_q3_d4_l50,3,3,0.49121152419109176,-0.29069931375273145,0.43301953334099774
9,m29_h3_q3_d8_l1,3,3,0.49404117009750814,-0.405655780477394,0.39845456890008935
9,m29_h3_q3_d8_l50,3,3,0.49270808430697344,-0.4150450940202498,0.42812357851883853
9,m30_h3_q3_d2_l1,3,3,0.4929791521489597,-0.10692733086579956,0.5305392159159903
9,m30_h3_q3_d2_l50,3,3,0.49689928625159735,-0.18427234854808824,0.5190555857546829
9,m30_h3_q3_d4_l1,3,3,0.48684716944982764,-0.23848756229726595,0.5030526638759176
9,m30_h3_q3_d4_l50,3,3,0.4954434887483886,-0.19524816581951113,0.5328503457834027
9,m30_h3_q3_d8_l1,3,3,0.48807216720329194,-0.21226866542115308,0.5642023819239258
9,m30_h3_q3_d8_l50,3,3,0.49487648575131216,-0.21426410318138056,0.49660533317831257
9,m31_h3_q3_d2_l1,3,3,0.5017734915572646,0.11748063759409842,0.5493037321510627
9,m31_h3_q3_d2_l50,3,3,0.5010777719565659,0.24002290930213543,0.6123088013186843
9,m31_h3_q3_d4_l1,3,3,0.4990430323201599,0.0510574519131771,0.5337754776969413
9,m31_h3_q3_d4_l50,3,3,0.4991675101772305,0.0625789397154621,0.5260078384065923
9,m31_h3_q3_d8_l1,3,3,0.503720347848497,-0.14232337937950526,0.4439244635783834
9,m31_h3_q3_d8_l50,3,3,0.5025000127162396,-0.03728235590895046,0.45169862780321446
9,m01_h3_q5_d2_l1,3,5,0.5251848901507638,0.3021795641439016,0.5741763153724473
9,m01_h3_q5_d2_l50,3,5,0.5252362270010911,0.41597169119555166,0.6344449385004975
9,m01_h3_q5_d4_l1,3,5,0.5233913936966872,0.3268239863805107,0.6771058005681166
9,m01_h3_q5_d4_l50,3,5,0.5266281336788335,0.3311442869864143,0.6343187492387956
9,m01_h3_q5_d8_l1,3,5,0.5214460176552271,0.36564700106225984,0.6616448051204983
9,m01_h3_q5_d8_l50,3,5,0.5242263439793693,0.36304388792933184,0.62114425255197
9,m02_h3_q5_d2_l1,3,5,0.49906625049593334,-0.19582320341492745,0.5633243329397741
9,m02_h3_q5_d2_l50,3,5,0.5015848557453878,-0.22486560603866806,0.553272350741992
9,m02_h3_q5_d4_l1,3,5,0.505036435603055,-0.10617948052511357,0.63214804843283
9,m02_h3_q5_d4_l50,3,5,0.504593001450605,-0.24706638889292318,0.5988610570500135
9,m02_h3_q5_d8_l1,3,5,0.5130112762844674,0.14746517601719722,0.6097885913144704
9,m02_h3_q5_d8_l50,3,5,0.5064066451968856,0.18889012278243425,0.6698375160615752
9,m03_h3_q5_d2_l1,3,5,0.5248754161190736,0.34928774492846026,0.5630099538824995
9,m03_h3_q5_d2_l50,3,5,0.5276720152561496,0.5587101297438645,0.620458670860817
9,m03_h3_q5_d4_l1,3,5,0.5271939045142333,0.5393722321723436,0.6440896976711434
9,m03_h3_q5_d4_l50,3,5,0.5269136828010316,0.5231799232001385,0.6063964965697645
9,m03_h3_q5_d8_l1,3,5,0.5187487020494446,0.3572186797192116,0.6584869114183378
9,m03_h3_q5_d8_l50,3,5,0.5259886508753224,0.4795737176130932,0.640430141311668
9,m04_h3_q5_d2_l1,3,5,0.4920476312983535,-0.050981239967976766,0.4933576022613267
9,m04_h3_q5_d2_l50,3,5,0.49623206890993854,-0.13588171391900045,0.4480765522642887
9,m04_h3_q5_d4_l1,3,5,0.49971793790914504,-0.45948908439306374,0.4203753214914065
9,m04_h3_q5_d4_l50,3,5,0.5008024046568141,-0.2706195123093185,0.5192882822085707
9,m04_h3_q5_d8_l1,3,5,0.5035676205118031,0.02135700878855752,0.5048391084750656
9,m04_h3_q5_d8_l50,3,5,0.5046737843433842,-0.4071090019359234,0.4807987150293631
9,m05_h3_q5_d2_l1,3,5,0.5238052849447035,0.2183692037634015,0.5524664364924347
9,m05_h3_q5_d2_l50,3,5,0.525179756465731,0.15602378846911338,0.5243734431042332
9,m05_h3_q5_d4_l1,3,5,0.5198492478860841,0.12120856861186352,0.5076750737991786
9,m05_h3_q5_d4_l50,3,5,0.5229432133071314,0.15878502123043495,0.5760787727740138
9,m05_h3_q5_d8_l1,3,5,0.5020768177506943,0.1386696304057142,0.6610084814442104
9,m05_h3_q5_d8_l50,3,5,0.5247942457783674,0.16910848203279627,0.623022710740877
9,m06_h3_q5_d2_l1,3,5,0.4938025766836937,0.06915703918537802,0.6023557351465677
9,m06_h3_q5_d2_l50,3,5,0.496032242641589,-0.01031762739736355,0.669611567015327
9,m06_h3_q5_d4_l1,3,5,0.49875900428982345,-0.11874788640937206,0.5407530138809932
9,m06_h3_q5_d4_l50,3,5,0.5005315785558421,-0.017924363148735304,0.6118722248135166
9,m06_h3_q5_d8_l1,3,5,0.5162873422312041,-0.2347601471122857,0.5656084974153808
9,m06_h3_q5_d8_l50,3,5,0.5044647561867686,-0.2010156643968926,0.5980355017366545
9,m07_h3_q5_d2_l1,3,5,0.5174040640187959,0.40981670679776333,0.5741061756714764
9,m07_h3_q5_d2_l50,3,5,0.5194364221198671,0.3740622984883446,0.541695931418053
9,m07_h3_q5_d4_l1,3,5,0.5269413853278119,0.38099413939575716,0.6760303009600215
9,m07_h3_q5_d4_l50,3,5,0.5220323232307578,0.38399664896760494,0.6398533733075964
9,m07_h3_q5_d8_l1,3,5,0.5228375368850426,-0.010062299735558276,0.5745089596565033
9,m07_h3_q5_d8_l50,3,5,0.5246516649412319,0.3183809724269499,0.6202872109243034
9,m08_h3_q5_d2_l1,3,5,0.46624243701646495,-0.7640465472149591,0.33407324360143226
9,m08_h3_q5_d2_l50,3,5,0.4684716186644515,-0.7517985393343198,0.24156844903972505
9,m08_h3_q5_d4_l1,3,5,0.46992241742709784,-0.5645978982761755,0.4466117303923841
9,m08_h3_q5_d4_l50,3,5,0.4693178049370165,-0.6188382756952862,0.30641481018878874
9,m08_h3_q5_d8_l1,3,5,0.48040869557131516,-0.1562468115550388,0.5604500326241701
9,m08_h3_q5_d8_l50,3,5,0.4684689065289625,-0.5777158693173794,0.32919111482057883
9,m09_h3_q5_d2_l1,3,5,0.5140785015993851,-0.09536233170661232,0.4217697603935788
9,m09_h3_q5_d2_l50,3,5,0.5141001986832969,-0.1706627471065354,0.43276199950185285
9,m09_h3_q5_d4_l1,3,5,0.5114566414773855,-0.2101202813099209,0.4461484784625078
9,m09_h3_q5_d4_l50,3,5,0.5105102999156913,-0.12704951525692335,0.35100844999818703
9,m09_h3_q5_d8_l1,3,5,0.504861115416088,-0.04142634699918842,0.4751552839152253
9,m09_h3_q5_d8_l50,3,5,0.5048994727608609,0.013300326149365879,0.38671627305975326
9,m10_h3_q5_d2_l1,3,5,0.4846600648122893,-0.5784158568713899,0.4585747182179323
9,m10_h3_q5_d2_l50,3,5,0.4836972567136977,-0.5113272610356756,0.37739772243820835
9,m10_h3_q5_d4_l1,3,5,0.48855265727286257,-0.545442168651203,0.47117099255625305
9,m10_h3_q5_d4_l50,3,5,0.48694416720392786,-0.42965796868759,0.39345254610873737
9,m10_h3_q5_d8_l1,3,5,0.5051112130529657,-0.12991829937879196,0.5684834875662205
9,m10_h3_q5_d8_l50,3,5,0.493570689099385,-0.3356198898109694,0.40765311044070285
9,m11_h3_q5_d2_l1,3,5,0.5149554899821464,0.13463188497495257,0.43663856855027766
9,m11_h3_q5_d2_l50,3,5,0.5159780619234775,0.13943467029761367,0.3993558810894246
9,m11_h3_q5_d4_l1,3,5,0.5130978708961516,0.1021431055516978,0.4060341498937461
9,m11_h3_q5_d4_l50,3,5,0.512834600029756,0.3114619576327761,0.48186000695792625
9,m11_h3_q5_d8_l1,3,5,0.5076300120263837,0.006286626444780251,0.661275833794485
9,m11_h3_q5_d8_l50,3,5,0.5116112332002579,0.3899756749683761,0.5435600242659119
9,m12_h3_q5_d2_l1,3,5,0.47803247743503274,-0.36367612365929886,0.55545778864899
9,m12_h3_q5_d2_l50,3,5,0.4814762114721781,-0.3096439407812214,0.5984342825874778
9,m12_h3_q5_d4_l1,3,5,0.484309618162319,-0.6433584145375344,0.3823805950051506
9,m12_h3_q5_d4_l50,3,5,0.48507308430246976,-0.5636863097358105,0.4114965448520353
9,m12_h3_q5_d8_l1,3,5,0.5068924080353601,0.1950132088076411,0.6280774830902287
9,m12_h3_q5_d8_l50,3,5,0.4893063403528566,-0.592953492696939,0.38959750422631007
9,m13_h3_q5_d2_l1,3,5,0.513057866897689,-0.15441732189276938,0.44138753831564925
9,m13_h3_q5_d2_l50,3,5,0.5121798130331283,-0.023852970062587908,0.4851179702603161
9,m13_h3_q5_d4_l1,3,5,0.5139612017394862,0.04417013025117197,0.4399969926744496
9,m13_h3_q5_d4_l50,3,5,0.5129924850600079,0.09523658883817589,0.4625898196525719
9,m13_h3_q5_d8_l1,3,5,0.5041142126748165,0.01397388940400376,0.3780762086563705
9,m13_h3_q5_d8_l50,3,5,0.5084653497569926,0.0019071408976025885,0.41958522687191
9,m14_h3_q5_d2_l1,3,5,0.4886050596049891,-0.26732702043370976,0.6424099436686601
9,m14_h3_q5_d2_l50,3,5,0.4867005593198275,-0.16235526160048944,0.6780304864459628
9,m14_h3_q5_d4_l1,3,5,0.491492612142928,-0.3510145525162904,0.49761985603311676
9,m14_h3_q5_d4_l50,3,5,0.4892692422138465,-0.22829846059822279,0.5198539668071256
9,m14_h3_q5_d8_l1,3,5,0.5026970250198373,-0.24940919526565183,0.5794606863413546
9,m14_h3_q5_d8_l50,3,5,0.49102418759918665,-0.2803317794315498,0.4419160844456278
9,m15_h3_q5_d2_l1,3,5,0.513244326212557,0.14890406527687972,0.4237436189254568
9,m15_h3_q5_d2_l50,3,5,0.5148758694331482,0.0889668796667271,0.3764174107379838
9,m15_h3_q5_d4_l1,3,5,0.5119780495251438,0.2738006825759924,0.5297525047726296
9,m15_h3_q5_d4_l50,3,5,0.5111122002702837,0.16801093447180274,0.48391465898332126
9,m15_h3_q5_d8_l1,3,5,0.5098904800944754,0.054166053156670564,0.5250396934342173
9,m15_h3_q5_d8_l50,3,5,0.5097588446612775,0.14334653083144686,0.4802038660931446
9,m16_h3_q5_d2_l1,3,5,0.4864009652102757,-0.33438514519142315,0.5240836653321674
9,m16_h3_q5_d2_l50,3,5,0.4888447930098194,-0.318076643671367,0.5507921039624049
9,m16_h3_q5_d4_l1,3,5,0.48004023259273954,-0.5807859276323163,0.3023656983572304
9,m16_h3_q5_d4_l50,3,5,0.48643719159145005,-0.23466263895551423,0.4496357502832756
9,m16_h3_q5_d8_l1,3,5,0.4811161754860147,-0.36325721031225583,0.39179598856544157
9,m16_h3_q5_d8_l50,3,5,0.48762743162318983,-0.15457588544703438,0.47080477170729407
9,m17_h3_q5_d2_l1,3,5,0.5156214161066752,0.21807728968685772,0.5726990453245747
9,m17_h3_q5_d2_l50,3,5,0.5182945162170204,0.3433930401907087,0.5839306025176879
9,m17_h3_q5_d4_l1,3,5,0.5142236977100278,0.3116566873390005,0.5737162382826604
9,m17_h3_q5_d4_l50,3,5,0.5185020914439099,0.14585176159228397,0.5242604743991237
9,m17_h3_q5_d8_l1,3,5,0.5112641767196489,0.3610827925814051,0.6314868735875429
9,m17_h3_q5_d8_l50,3,5,0.5169257595529161,0.08944104068599028,0.4449957326937216
9,m18_h3_q5_d2_l1,3,5,0.4930337831345467,0.04998607494996378,0.5165376242589904
9,m18_h3_q5_d2_l50,3,5,0.49468256778788927,0.12907180523964334,0.6041527921595867
9,m18_h3_q5_d4_l1,3,5,0.4961983609402896,0.023667301792668242,0.620474830121551
9,m18_h3_q5_d4_l50,3,5,0.4959909794373636,0.028969477199216616,0.559388341470096
9,m18_h3_q5_d8_l1,3,5,0.49816562778962503,-0.20774377902453955,0.6627909087332248
9,m18_h3_q5_d8_l50,3,5,0.49819207111064273,-0.11333463071505105,0.5368905751504758
9,m19_h3_q5_d2_l1,3,5,0.5154060919212458,0.19022466226502702,0.47228781562575844
9,m19_h3_q5_d2_l50,3,5,0.5177328135848541,0.2636116712313175,0.519118652759199
9,m19_h3_q5_d4_l1,3,5,0.5186521306536401,0.1940356293494796,0.46863176134370377
9,m19_h3_q5_d4_l50,3,5,0.5191909738581134,0.2870679557906323,0.5630997979602745
9,m19_h3_q5_d8_l1,3,5,0.51925887410732,0.3646738847887506,0.5589817836741292
9,m19_h3_q5_d8_l50,3,5,0.5191743135972525,0.2392812720835898,0.5465037709948799
9,m20_h3_q5_d2_l1,3,5,0.4814117013923329,-0.07192549034653331,0.5173248698882977
9,m20_h3_q5_d2_l50,3,5,0.48703667039649867,-0.29512095535705385,0.549437692252541
9,m20_h3_q5_d4_l1,3,5,0.47585870084060705,-0.4972618283542793,0.5209624100520112
9,m20_h3_q5_d4_l50,3,5,0.48802282223269194,-0.20090843941012895,0.6389040692375454
9,m20_h3_q5_d8_l1,3,5,0.4922698326844872,-0.23186830636622976,0.5809941983189049
9,m20_h3_q5_d8_l50,3,5,0.48644164724261063,-0.4322346420665725,0.5065459403354062
9,m21_h3_q5_d2_l1,3,5,0.5147057797931958,0.30202067968526936,0.5781939361208929
9,m21_h3_q5_d2_l50,3,5,0.5147768764878,0.34435130392217017,0.568119822519012
9,m21_h3_q5_d4_l1,3,5,0.5099502439372149,0.21111627673030262,0.5593415751774913
9,m21_h3_q5_d4_l50,3,5,0.51672612700853,0.22697288790322234,0.5942724328235912
9,m21_h3_q5_d8_l1,3,5,0.5067958366395556,0.27761598944945115,0.6599133478944035
9,m21_h3_q5_d8_l50,3,5,0.5145715290864907,0.31796207451479097,0.6290810328966987
9,m22_h3_q5_d2_l1,3,5,0.4907033807156318,-0.040186702520115275,0.5891639424017837
9,m22_h3_q5_d2_l50,3,5,0.4922159774226344,-0.14001186208023836,0.5722696456425956
9,m22_h3_q5_d4_l1,3,5,0.486398931108659,-0.3410299963664316,0.5338742809999185
9,m22_h3_q5_d4_l50,3,5,0.49479357161897447,0.021379668581883577,0.6341350377568645
9,m22_h3_q5_d8_l1,3,5,0.5023852263005852,0.06706749298462245,0.6513460449191685
9,m22_h3_q5_d8_l50,3,5,0.4984134976009224,-0.055075363941825606,0.5817814118940361
9,m23_h3_q5_d2_l1,3,5,0.5121357408314323,0.32086583932626694,0.552892166217084
9,m23_h3_q5_d2_l50,3,5,0.5129179981960424,0.39561146221573285,0.6116984832382216
9,m23_h3_q5_d4_l1,3,5,0.5129315588734874,0.3834623690453879,0.568262428523519
9,m23_h3_q5_d4_l50,3,5,0.5155998158847451,0.286568038153708,0.6181196290525763
9,m23_h3_q5_d8_l1,3,5,0.5214585128508729,0.3316681234482467,0.5481805033970846
9,m23_h3_q5_d8_l50,3,5,0.5162410422039279,0.2042707815722553,0.5799785261344809
9,m24_h3_q5_d2_l1,3,5,0.4604106676812636,-0.5337766402643275,0.5037748498575711
9,m24_h3_q5_d2_l50,3,5,0.46487368035236065,-0.3644997403286584,0.5693084236658821
9,m24_h3_q5_d4_l1,3,5,0.4631930281070224,-0.6142549319508747,0.5120114002014029
9,m24_h3_q5_d4_l50,3,5,0.4671657254265027,-0.4988137087049196,0.5014000766090457
9,m24_h3_q5_d8_l1,3,5,0.47965414073348545,-0.5090549934831835,0.6567607733543323
9,m24_h3_q5_d8_l50,3,5,0.4702333443885142,-0.404381628486884,0.5225387265194991
9,m25_h3_q5_d2_l1,3,5,0.5052471104133605,-0.12337197014898581,0.4216688037645581
9,m25_h3_q5_d2_l50,3,5,0.5051007519589367,-0.004853786026175787,0.47276781134034673
9,m25_h3_q5_d4_l1,3,5,0.4980734151829994,-0.003925473217457169,0.42396672166602245
9,m25_h3_q5_d4_l50,3,5,0.5010036838548899,0.08412870408123448,0.49801408667042874
9,m25_h3_q5_d8_l1,3,5,0.5012991128992264,-0.18207634768667968,0.5039281234569539
9,m25_h3_q5_d8_l50,3,5,0.5007024430916485,0.12504851602298916,0.44267400095393095
9,m26_h3_q5_d2_l1,3,5,0.4756852210312934,-0.39424040468679084,0.5279131277961137
9,m26_h3_q5_d2_l50,3,5,0.474685605379637,-0.48876688418868414,0.4293163826887337
9,m26_h3_q5_d4_l1,3,5,0.47227209538038084,-0.38777082787080175,0.4885511989111738
9,m26_h3_q5_d4_l50,3,5,0.4767338488457151,-0.4754287383749063,0.41544661465916516
9,m26_h3_q5_d8_l1,3,5,0.4891539764555644,0.056538542547601205,0.685731309151077
9,m26_h3_q5_d8_l50,3,5,0.48308838229641937,-0.5162526860679885,0.3785682203598826
9,m27_h3_q5_d2_l1,3,5,0.5063551146225947,-0.10341582640900344,0.4205295711591339
9,m27_h3_q5_d2_l50,3,5,0.5074874311892482,0.18506299549554525,0.47980097925925175
9,m27_h3_q5_d4_l1,3,5,0.502996619129389,0.29900393336461795,0.5037810656516332
9,m27_h3_q5_d4_l50,3,5,0.5055772160471632,0.09405653512340036,0.42230287318101656
9,m27_h3_q5_d8_l1,3,5,0.5072726881757091,0.06625457933910701,0.4827779427300489
9,m27_h3_q5_d8_l50,3,5,0.5050892253831085,-0.13007888721137398,0.32519791140277865
9,m28_h3_q5_d2_l1,3,5,0.464574473690736,-0.4727913356617041,0.7070376959971293
9,m28_h3_q5_d2_l50,3,5,0.46926753356848844,-0.43045911889738847,0.6621026450932919
9,m28_h3_q5_d4_l1,3,5,0.46322964193612376,-0.38409652705469,0.5098772989502075
9,m28_h3_q5_d4_l50,3,5,0.4697318899089963,-0.5144059338628794,0.5397664118172412
9,m28_h3_q5_d8_l1,3,5,0.4755938801825035,-0.5716666507522853,0.494974877748658
9,m28_h3_q5_d8_l50,3,5,0.47220264533946643,-0.5078780521211851,0.5337772488224791
9,m29_h3_q5_d2_l1,3,5,0.5024279424345368,-0.0724239032457086,0.5071318144297217
9,m29_h3_q5_d2_l50,3,5,0.5043637291398037,0.16054257427211552,0.5611149351782808
9,m29_h3_q5_d4_l1,3,5,0.4982945510873339,0.06337380567147034,0.5232267556545885
9,m29_h3_q5_d4_l50,3,5,0.5025691672039279,-0.05945729374344291,0.4591457420208816
9,m29_h3_q5_d8_l1,3,5,0.49654551428288035,-0.035107285148932015,0.44461992639104536
9,m29_h3_q5_d8_l50,3,5,0.49996144893126365,0.07756266276746697,0.4425804710765479
9,m30_h3_q5_d2_l1,3,5,0.469225495468409,-0.2593120866621619,0.5777692379347705
9,m30_h3_q5_d2_l50,3,5,0.47317543022217823,-0.5504923131592767,0.43686747481299976
9,m30_h3_q5_d4_l1,3,5,0.4728805823497322,-0.5613981299025835,0.45133119872470906
9,m30_h3_q5_d4_l50,3,5,0.4758162752926007,-0.4896624092866437,0.5159320601043879
9,m30_h3_q5_d8_l1,3,5,0.4902779628917873,-0.1141740431766347,0.6075528898934125
9,m30_h3_q5_d8_l50,3,5,0.47950022704448514,-0.2927191966226558,0.5783572220214606
9,m31_h3_q5_d2_l1,3,5,0.5049374426577068,0.20883178345669756,0.5247477938572389
9,m31_h3_q5_d2_l50,3,5,0.5044291109774847,0.10171847440666337,0.46855612005088226
9,m31_h3_q5_d4_l1,3,5,0.5000228594276929,0.07820671682470916,0.4936175767032974
9,m31_h3_q5_d4_l50,3,5,0.5034616535037691,0.09950024673807767,0.5125863669333387
9,m31_h3_q5_d8_l1,3,5,0.5058196615874826,-0.11262485868768768,0.4915524323595556
9,m31_h3_q5_d8_l50,3,5,0.5032952446191231,0.18006715985039656,0.51879880327555
9,m01_h6_q3_d2_l1,6,3,0.4988390029536969,0.37442968648337,0.6051640010850156
9,m01_h6_q3_d2_l50,6,3,0.49766126961924284,0.4313234154701795,0.5778050584068748
9,m01_h6_q3_d4_l1,6,3,0.4908585214470003,0.1992025605557704,0.5739557088296614
9,m01_h6_q3_d4_l50,6,3,0.4894811323050027,0.354386321248683,0.6126745585207583
9,m01_h6_q3_d8_l1,6,3,0.48135275214618933,0.14694164967798956,0.5875292539725043
9,m01_h6_q3_d8_l50,6,3,0.4882453011949415,0.22428549256872554,0.6274126576893423
9,m02_h6_q3_d2_l1,6,3,0.5029817872320849,0.25217855943659634,0.6142849773789537
9,m02_h6_q3_d2_l50,6,3,0.5029276707761259,-0.10253008664038574,0.508308476193843
9,m02_h6_q3_d4_l1,6,3,0.5105656113367929,0.5317806243256419,0.6148429920482934
9,m02_h6_q3_d4_l50,6,3,0.5094029185432322,0.06393648019969705,0.5858418643493923
9,m02_h6_q3_d8_l1,6,3,0.5120215946777719,0.5319893499396545,0.5652910605347858
9,m02_h6_q3_d8_l50,6,3,0.50945968921229,0.28749811755290333,0.631617971052785
9,m03_h6_q3_d2_l1,6,3,0.49754979266909294,0.20719964830991305,0.5472893338103959
9,m03_h6_q3_d2_l50,6,3,0.49851740079989126,0.30879995447662195,0.5621683400692894
9,m03_h6_q3_d4_l1,6,3,0.4936540713933188,0.26464722645701344,0.5453886298092168
9,m03_h6_q3_d4_l50,6,3,0.49975662340446775,0.4907980288200109,0.6150960531527426
9,m03_h6_q3_d8_l1,6,3,0.497528042867311,0.6829876588594995,0.6294625076995192
9,m03_h6_q3_d8_l50,6,3,0.49950653754804675,0.44043751927486113,0.5856971344914308
9,m04_h6_q3_d2_l1,6,3,0.4855220785555654,-0.1406772967429865,0.5362885234653371
9,m04_h6_q3_d2_l50,6,3,0.4891940349214817,-0.21527417600559726,0.5483239354574976
9,m04_h6_q3_d4_l1,6,3,0.4809327966514448,0.07213073093825846,0.5697693146081645
9,m04_h6_q3_d4_l50,6,3,0.48626444721367346,-0.15992841496865548,0.5430311320923297
9,m04_h6_q3_d8_l1,6,3,0.4802898872564003,0.08190711939751373,0.5975269710535415
9,m04_h6_q3_d8_l50,6,3,0.486098558894998,-0.023397466650826152,0.5449645985163651
9,m05_h6_q3_d2_l1,6,3,0.48860804365177846,0.1586941653433597,0.6178460781688168
9,m05_h6_q3_d2_l50,6,3,0.4924654262939031,0.14815697720197837,0.5402276033473657
9,m05_h6_q3_d4_l1,6,3,0.4858133784431595,0.09380973648059956,0.5934511215427909
9,m05_h6_q3_d4_l50,6,3,0.4912341663286232,0.3027186496565679,0.6132417182538997
9,m05_h6_q3_d8_l1,6,3,0.48643018807606564,-0.08908456515091533,0.614710514384581
9,m05_h6_q3_d8_l50,6,3,0.4924831210478951,0.26456990028040567,0.5468928876794613
9,m06_h6_q3_d2_l1,6,3,0.4917461345441263,-0.3722726508686371,0.45839008165857753
9,m06_h6_q3_d2_l50,6,3,0.493053113310864,-0.24377619269584908,0.49776644767764244
9,m06_h6_q3_d4_l1,6,3,0.4836502684957733,0.014850144540886024,0.5130915228688797
9,m06_h6_q3_d4_l50,6,3,0.49433450841245463,-0.3911381187400554,0.4450673250418206
9,m06_h6_q3_d8_l1,6,3,0.48899187235712255,-0.18416678964197275,0.627994446320905
9,m06_h6_q3_d8_l50,6,3,0.4953084571634337,-0.27068570858261076,0.4786705482623939
9,m07_h6_q3_d2_l1,6,3,0.4926905183103103,-0.05807405636379203,0.5029136884407344
9,m07_h6_q3_d2_l50,6,3,0.4933112355347229,0.028117997738685778,0.5185700146913705
9,m07_h6_q3_d4_l1,6,3,0.49102249283399324,0.16339049986607462,0.5372400914313334
9,m07_h6_q3_d4_l50,6,3,0.49267894299207377,0.076964348964752,0.5423921674877945
9,m07_h6_q3_d8_l1,6,3,0.4916813275076305,0.1864081366639103,0.5873563870668959
9,m07_h6_q3_d8_l50,6,3,0.49556569464959305,0.014464210073500912,0.558107127398961
9,m08_h6_q3_d2_l1,6,3,0.4774227472845557,-0.5648276316147619,0.4211881753684191
9,m08_h6_q3_d2_l50,6,3,0.47663341380022706,-0.48164435958464835,0.4644175276585849
9,m08_h6_q3_d4_l1,6,3,0.49123615698844725,-0.19030782494428344,0.5810381513176622
9,m08_h6_q3_d4_l50,6,3,0.48823129284803113,-0.11680540872900462,0.5633630654258226
9,m08_h6_q3_d8_l1,6,3,0.49991735075322874,-0.0851351091306011,0.698721314733533
9,m08_h6_q3_d8_l50,6,3,0.4894044550377038,-0.0467209771970391,0.5827095702889769
9,m09_h6_q3_d2_l1,6,3,0.4920046991368352,0.1723440383577088,0.5320237386803364
9,m09_h6_q3_d2_l50,6,3,0.493123523686124,0.16794634897818486,0.5467115797672458
9,m09_h6_q3_d4_l1,6,3,0.4954840038686631,0.07287176859432772,0.4995926904625714
9,m09_h6_q3_d4_l50,6,3,0.5049821791708857,0.32025393240366357,0.5919346112806684
9,m09_h6_q3_d8_l1,6,3,0.5042370088433957,0.18174161454037463,0.6859989182935866
9,m09_h6_q3_d8_l50,6,3,0.5055908787082122,0.3767353151206241,0.6045930362959706
9,m10_h6_q3_d2_l1,6,3,0.4872561644467861,0.13677439598908522,0.6259617679849453
9,m10_h6_q3_d2_l50,6,3,0.4844931286109279,-0.14780724450160163,0.49482627592848333
9,m10_h6_q3_d4_l1,6,3,0.4881389852147059,0.10172679623173629,0.5838975494216254
9,m10_h6_q3_d4_l50,6,3,0.48303544952269145,-0.20961923914134137,0.566760570854875
9,m10_h6_q3_d8_l1,6,3,0.49194291495414627,0.12924040824264837,0.647392420299176
9,m10_h6_q3_d8_l50,6,3,0.48387668761873,-0.17663447541211286,0.5298847111528484
9,m11_h6_q3_d2_l1,6,3,0.4943328126651971,0.22131044586997806,0.6368603405881379
9,m11_h6_q3_d2_l50,6,3,0.49586967577754804,0.3364662638543523,0.6414005162538586
9,m11_h6_q3_d4_l1,6,3,0.49499577611476586,0.25481476991852525,0.604103132546113
9,m11_h6_q3_d4_l50,6,3,0.4969613683707157,0.3005065137588436,0.6232342427027886
9,m11_h6_q3_d8_l1,6,3,0.5020332746899694,0.30448708060131285,0.682537348160507
9,m11_h6_q3_d8_l50,6,3,0.49944866095686447,0.24611264985599696,0.6000460011967995
9,m12_h6_q3_d2_l1,6,3,0.47760846847333055,-0.2858171154198726,0.49515565380853704
9,m12_h6_q3_d2_l50,6,3,0.47427322853025455,-0.17461799735430633,0.5378271052925384
9,m12_h6_q3_d4_l1,6,3,0.48572394620735804,-0.412529851256031,0.46235431124159665
9,m12_h6_q3_d4_l50,6,3,0.4781886352198448,-0.1533772455722121,0.4998386862639351
9,m12_h6_q3_d8_l1,6,3,0.5084420934014641,0.2491413034233491,0.7251929841341346
9,m12_h6_q3_d8_l50,6,3,0.4791148081350452,-0.1260947576784577,0.5347173574080399
9,m13_h6_q3_d2_l1,6,3,0.4894183159283309,0.13793609561641643,0.5491831022832641
9,m13_h6_q3_d2_l50,6,3,0.49205756221438635,0.34013125464471616,0.5649262022803024
9,m13_h6_q3_d4_l1,6,3,0.4965242342189705,0.08929527129977492,0.5799464515544486
9,m13_h6_q3_d4_l50,6,3,0.4959989949379733,0.0724357866124413,0.49536849563707547
9,m13_h6_q3_d8_l1,6,3,0.4998676579857678,0.11330619426414938,0.6145853087186878
9,m13_h6_q3_d8_l50,6,3,0.49638385583730027,0.14157059323472201,0.4778638609494932
9,m14_h6_q3_d2_l1,6,3,0.48304761466606094,-0.02480683553790666,0.6581032392403148
9,m14_h6_q3_d2_l50,6,3,0.4785243194487023,-0.03086507161342692,0.5205070430496221
9,m14_h6_q3_d4_l1,6,3,0.48667695616611306,0.014754278955585117,0.6703715703392688
9,m14_h6_q3_d4_l50,6,3,0.47982621097366707,-0.10689474730609039,0.5791433246597654
9,m14_h6_q3_d8_l1,6,3,0.49404062803990345,-0.08384154162474286,0.6200931188061981
9,m14_h6_q3_d8_l50,6,3,0.4780149317181561,-0.43932918253384445,0.4543031115663178
9,m15_h6_q3_d2_l1,6,3,0.48316469495497494,0.14857417562362846,0.5917056520664999
9,m15_h6_q3_d2_l50,6,3,0.48692453526571844,0.024969221827848984,0.5030346233655631
9,m15_h6_q3_d4_l1,6,3,0.4966196384342443,0.20522623810975574,0.5714407600605546
9,m15_h6_q3_d4_l50,6,3,0.49275303977441554,0.13389208511190684,0.5554232748752543
9,m15_h6_q3_d8_l1,6,3,0.5028953778500903,0.34662702951518803,0.6137876788610013
9,m15_h6_q3_d8_l50,6,3,0.49464269204448286,0.17642233719029915,0.5620129863388197
9,m16_h6_q3_d2_l1,6,3,0.5182539819463374,-0.27214583253131763,0.5483524661965358
9,m16_h6_q3_d2_l50,6,3,0.5249551327394089,-0.1775037838130376,0.5520388692575068
9,m16_h6_q3_d4_l1,6,3,0.5124769396805006,-0.535385338472885,0.4772654873083588
9,m16_h6_q3_d4_l50,6,3,0.52220831709471,-0.06225349504083648,0.6313593753076733
9,m16_h6_q3_d8_l1,6,3,0.5127904317387264,-0.4872770467622343,0.5191961231410447
9,m16_h6_q3_d8_l50,6,3,0.5209114390833763,-0.11749822147148546,0.6801296733171791
9,m17_h6_q3_d2_l1,6,3,0.5184125711789911,-0.029635746363296196,0.6369388144112367
9,m17_h6_q3_d2_l50,6,3,0.522563244368534,0.13835249871074273,0.6717782268745285
9,m17_h6_q3_d4_l1,6,3,0.5199790730042787,0.16561367529610588,0.6599343972624462
9,m17_h6_q3_d4_l50,6,3,0.5232030571816297,0.0586221477705582,0.6367977359728648
9,m17_h6_q3_d8_l1,6,3,0.5114954706590751,-0.16081873032348498,0.6203967393414083
9,m17_h6_q3_d8_l50,6,3,0.5245699769275154,0.00588722210635868,0.5989969069835039
9,m18_h6_q3_d2_l1,6,3,0.522858746760201,-0.01780079789273028,0.6110565379669745
9,m18_h6_q3_d2_l50,6,3,0.5273929537425216,0.11040633207741697,0.639083255158122
9,m18_h6_q3_d4_l1,6,3,0.5173870864570104,-0.13137919021341066,0.6234205913607466
9,m18_h6_q3_d4_l50,6,3,0.5232489898138675,0.04446315164878846,0.6627221149797283
9,m18_h6_q3_d8_l1,6,3,0.5164833268968665,-0.15959619923013144,0.5398169866018289
9,m18_h6_q3_d8_l50,6,3,0.5212214659189454,-0.002442425454986909,0.6991369438881844
9,m19_h6_q3_d2_l1,6,3,0.5223686020746214,0.18849355261286835,0.6596920013397435
9,m19_h6_q3_d2_l50,6,3,0.5251393056372095,0.22740432848095332,0.6861586001187109
9,m19_h6_q3_d4_l1,6,3,0.5187455274666082,-0.06804698107220503,0.6061968970912756
9,m19_h6_q3_d4_l50,6,3,0.5208259144390814,0.0739820779818398,0.6578003716033209
9,m19_h6_q3_d8_l1,6,3,0.5129328007802206,-0.08818844173351181,0.6127205595270726
9,m19_h6_q3_d8_l50,6,3,0.5209980696497957,0.06751566749904402,0.6823356783822632
9,m20_h6_q3_d2_l1,6,3,0.5140543532707499,-0.10382272075290967,0.5961581348855552
9,m20_h6_q3_d2_l50,6,3,0.5234214399371482,0.21294715143447293,0.6787050560985944
9,m20_h6_q3_d4_l1,6,3,0.5054932626486894,-0.10651715869822811,0.6604063375604041
9,m20_h6_q3_d4_l50,6,3,0.5172697112555298,0.013554136977115782,0.6518206767096449
9,m20_h6_q3_d8_l1,6,3,0.4989661102698731,-0.07328401807883321,0.6876030231499388
9,m20_h6_q3_d8_l50,6,3,0.5147835983196472,-0.07197439886199296,0.6586083809355552
9,m21_h6_q3_d2_l1,6,3,0.5147980490354074,0.07591131611800152,0.7041079665386369
9,m21_h6_q3_d2_l50,6,3,0.5196315185446183,0.13894481556455887,0.6695057437107365
9,m21_h6_q3_d4_l1,6,3,0.511461260801357,-0.13840221373497924,0.6501729237794142
9,m21_h6_q3_d4_l50,6,3,0.5152278103729893,0.012117585851561143,0.6404965794937216
9,m21_h6_q3_d8_l1,6,3,0.5002222903470251,-0.1551041807005245,0.6197807396959286
9,m21_h6_q3_d8_l50,6,3,0.5146387225213372,-0.12110953156050656,0.6378212347874459
9,m22_h6_q3_d2_l1,6,3,0.5200322309943965,0.08469450277731105,0.6854999067366769
9,m22_h6_q3_d2_l50,6,3,0.5242546416657488,-0.04516299206067409,0.6192925189981877
9,m22_h6_q3_d4_l1,6,3,0.5113320890972152,-0.3296299799587737,0.5392032594163827
9,m22_h6_q3_d4_l50,6,3,0.5192500491398064,-0.2465954843758682,0.5691310888138273
9,m22_h6_q3_d8_l1,6,3,0.49729926444382216,-0.4371296598630337,0.53383881955803
9,m22_h6_q3_d8_l50,6,3,0.5178182486292833,-0.26963895354740663,0.535863654126569
9,m23_h6_q3_d2_l1,6,3,0.5173834000499287,0.057858831714542605,0.622521470201623
9,m23_h6_q3_d2_l50,6,3,0.519918837112564,0.18323241031069123,0.6449458376392223
9,m23_h6_q3_d4_l1,6,3,0.5117359718570835,-0.27407610361174256,0.5495493216375481
9,m23_h6_q3_d4_l50,6,3,0.5200343691105039,0.0048708097231468985,0.6343854010968182
9,m23_h6_q3_d8_l1,6,3,0.5036628878044954,-0.16874842267656148,0.5869500907317553
9,m23_h6_q3_d8_l50,6,3,0.5195123738677385,-0.004641524724103628,0.6230125843752516
9,m24_h6_q3_d2_l1,6,3,0.5078718799540703,-0.2184135591090308,0.677926533101588
9,m24_h6_q3_d2_l50,6,3,0.5100576981690796,-0.09181496014103857,0.6839151930185655
9,m24_h6_q3_d4_l1,6,3,0.5063663513019137,-0.24782560356350167,0.6677467942712104
9,m24_h6_q3_d4_l50,6,3,0.512220734388324,0.06718215225790869,0.7161992621405522
9,m24_h6_q3_d8_l1,6,3,0.4981522990425221,-0.47229118743691356,0.5483278867490725
9,m24_h6_q3_d8_l50,6,3,0.5116984442329922,0.0349458976253277,0.7004359818360526
9,m25_h6_q3_d2_l1,6,3,0.5134450639082904,0.02793342825705732,0.5798555251425761
9,m25_h6_q3_d2_l50,6,3,0.5173152752470593,0.00792500743460349,0.6135337600336196
9,m25_h6_q3_d4_l1,6,3,0.5139456042618404,-0.031187735134737556,0.660996882011329
9,m25_h6_q3_d4_l50,6,3,0.522584551801466,0.045350550969713875,0.6416593372933921
9,m25_h6_q3_d8_l1,6,3,0.5126028673464107,0.15666971006626373,0.676624836995865
9,m25_h6_q3_d8_l50,6,3,0.5238234057653343,0.1504825666138683,0.6879936226382105
9,m26_h6_q3_d2_l1,6,3,0.5170786816405574,0.21326493596100743,0.7735308177739229
9,m26_h6_q3_d2_l50,6,3,0.5204506381981668,0.07360946779362637,0.7527042823584447
9,m26_h6_q3_d4_l1,6,3,0.5081142980837614,-0.22840344446094865,0.6590046729237516
9,m26_h6_q3_d4_l50,6,3,0.5123563941689298,-0.005248493197607836,0.7375199678773486
9,m26_h6_q3_d8_l1,6,3,0.4995199560698241,-0.337308805497956,0.5301509842436686
9,m26_h6_q3_d8_l50,6,3,0.5129872858768879,0.01912976849004548,0.7230875856137857
9,m27_h6_q3_d2_l1,6,3,0.5166479618371342,-0.08386809434880296,0.6455684773082175
9,m27_h6_q3_d2_l50,6,3,0.5184341735244897,-0.04426074185514083,0.6114960352132518
9,m27_h6_q3_d4_l1,6,3,0.515465657357899,0.036614525093360904,0.6276061178671855
9,m27_h6_q3_d4_l50,6,3,0.5208274627300558,0.14165845082333356,0.6529014691910558
9,m27_h6_q3_d8_l1,6,3,0.5124122801002879,0.0024278978200762006,0.6233512340818663
9,m27_h6_q3_d8_l50,6,3,0.521815419827945,0.10748267646449691,0.6440043246307141
9,m28_h6_q3_d2_l1,6,3,0.509027347389751,-0.11308285563325265,0.6167574894863704
9,m28_h6_q3_d2_l50,6,3,0.5120119362912179,-0.21301438970338765,0.6091878226380142
9,m28_h6_q3_d4_l1,6,3,0.5019143511975146,-0.3388388228192776,0.634620493085741
9,m28_h6_q3_d4_l50,6,3,0.5091728867413357,-0.08394817076948931,0.6774088039991838
9,m28_h6_q3_d8_l1,6,3,0.5007674362262634,-0.2975725566494632,0.6132395802363905
9,m28_h6_q3_d8_l50,6,3,0.5078623690237996,-0.15376107753277038,0.69338072165398
9,m29_h6_q3_d2_l1,6,3,0.5120331699960083,0.01209498097806293,0.6874510538924479
9,m29_h6_q3_d2_l50,6,3,0.5162487976783303,-0.004716305952432889,0.6540915620039455
9,m29_h6_q3_d4_l1,6,3,0.5119120346593045,-0.1770391112073266,0.6461842858768899
9,m29_h6_q3_d4_l50,6,3,0.5183543259471006,0.21922760198448238,0.6830237308076771
9,m29_h6_q3_d8_l1,6,3,0.5135999667338624,-0.12452148391057587,0.5964591982612305
9,m29_h6_q3_d8_l50,6,3,0.5185920254757272,0.19253352257169276,0.6939394704673223
9,m30_h6_q3_d2_l1,6,3,0.5105171719477397,-0.006646936418141373,0.6905792245063151
9,m30_h6_q3_d2_l50,6,3,0.5125814124571952,-0.16340754432967539,0.5927080885275837
9,m30_h6_q3_d4_l1,6,3,0.5050808274243914,-0.09396132730377996,0.6142469139498705
9,m30_h6_q3_d4_l50,6,3,0.5102850020297358,-0.09094481040672406,0.641219636875783
9,m30_h6_q3_d8_l1,6,3,0.4966224401036264,-0.26708762332968267,0.6823271028538948
9,m30_h6_q3_d8_l50,6,3,0.5075623692154927,-0.17585365670742853,0.6071722184737641
9,m31_h6_q3_d2_l1,6,3,0.5131409353240521,0.12701540138078848,0.7112040155891571
9,m31_h6_q3_d2_l50,6,3,0.5166561456608556,-0.13088396796323018,0.574823985629037
9,m31_h6_q3_d4_l1,6,3,0.5101869436013631,0.0011784223580287468,0.6226978326926264
9,m31_h6_q3_d4_l50,6,3,0.5164324544791394,-0.12129225919270663,0.5873951577602282
9,m31_h6_q3_d8_l1,6,3,0.5137455060854471,-0.17729118233403598,0.5423526532317241
9,m31_h6_q3_d8_l50,6,3,0.5163745041598155,-0.04045217181181121,0.5880547722132748
9,m01_h6_q5_d2_l1,6,5,0.4989232085554578,0.3225791485978478,0.5879523300908381
9,m01_h6_q5_d2_l50,6,5,0.4980866026603178,0.3777050169243221,0.5012733109276938
9,m01_h6_q5_d4_l1,6,5,0.49660161708762496,0.3814555052251935,0.7252985097678314
9,m01_h6_q5_d4_l50,6,5,0.49596718758087055,-0.12981486647399412,0.4512583853406062
9,m01_h6_q5_d8_l1,6,5,0.49807346119507273,0.07358670851965252,0.6753740484703943
9,m01_h6_q5_d8_l50,6,5,0.494649604057761,-0.111761945009455,0.4806335305416357
9,m02_h6_q5_d2_l1,6,5,0.49882191818487653,0.1328498721894234,0.4624421155845502
9,m02_h6_q5_d2_l50,6,5,0.5042305409269707,-0.16678766814217455,0.3334923977587677
9,m02_h6_q5_d4_l1,6,5,0.5112401984886911,0.30474253423957876,0.5530447778558951
9,m02_h6_q5_d4_l50,6,5,0.5098569076393561,-0.2151732646323363,0.4231964155061055
9,m02_h6_q5_d8_l1,6,5,0.5153243637104704,0.10075679873336674,0.5913883688077921
9,m02_h6_q5_d8_l50,6,5,0.5089087003778272,-0.24588584058076476,0.400999657915503
9,m03_h6_q5_d2_l1,6,5,0.5062235957636767,0.2211976409527725,0.5455726158107502
9,m03_h6_q5_d2_l50,6,5,0.49963759882381864,0.11413949950299511,0.5276997849457252
9,m03_h6_q5_d4_l1,6,5,0.5081019154999741,0.05062260596545612,0.6039472808558277
9,m03_h6_q5_d4_l50,6,5,0.5025892730060556,0.25793550998541614,0.5512352299963712
9,m03_h6_q5_d8_l1,6,5,0.5102660115612546,0.3053703325848383,0.5581782347932855
9,m03_h6_q5_d8_l50,6,5,0.5026903612002485,0.19571248947894102,0.5286441765338936
9,m04_h6_q5_d2_l1,6,5,0.4764379593447544,-0.1609798017339536,0.4668490368535098
9,m04_h6_q5_d2_l50,6,5,0.4816474383442887,-0.19627282341163138,0.4732788532852298
9,m04_h6_q5_d4_l1,6,5,0.4801282849619585,-0.31392290805165146,0.4783332004972661
9,m04_h6_q5_d4_l50,6,5,0.4776550612028363,-0.24982607514651112,0.4977862475724557
9,m04_h6_q5_d8_l1,6,5,0.4788923806997567,-0.2513338022070615,0.5308991691856447
9,m04_h6_q5_d8_l50,6,5,0.4779558996687542,-0.304621426983089,0.4977862475724557
9,m05_h6_q5_d2_l1,6,5,0.49588560940815696,-0.08426056949856775,0.419825476572747
9,m05_h6_q5_d2_l50,6,5,0.4945243557851561,-0.14583445255138672,0.33414093207119755
9,m05_h6_q5_d4_l1,6,5,0.49367895521712124,-0.04238733722494198,0.5100166253635583
9,m05_h6_q5_d4_l50,6,5,0.4905265198812173,-0.13766069291950908,0.3159340751898735
9,m05_h6_q5_d8_l1,6,5,0.4932851156125459,-0.14106940987447503,0.5321918106610144
9,m05_h6_q5_d8_l50,6,5,0.4907751968389317,0.02509489375694517,0.4305364582227132
9,m06_h6_q5_d2_l1,6,5,0.48011756961337404,0.12847873522383668,0.5033938543814982
9,m06_h6_q5_d2_l50,6,5,0.4851600509161016,-0.008317444803670965,0.5536704663509477
9,m06_h6_q5_d4_l1,6,5,0.4775824798794058,-0.07633604622684177,0.5827850727380819
9,m06_h6_q5_d4_l50,6,5,0.48695082827622793,-0.05096925837020143,0.4445601738199008
9,m06_h6_q5_d8_l1,6,5,0.4928330492081155,-0.1924422185205966,0.5096213915549833
9,m06_h6_q5_d8_l50,6,5,0.4880927205178303,-0.0716846396089793,0.49807758583140993
9,m07_h6_q5_d2_l1,6,5,0.493499018231458,-0.22337904022739488,0.37908320290415115
9,m07_h6_q5_d2_l50,6,5,0.48891476971300657,-0.031127016417462343,0.5431473731533829
9,m07_h6_q5_d4_l1,6,5,0.4955582858353605,-0.09443103178000932,0.5095497264930803
9,m07_h6_q5_d4_l50,6,5,0.49230172965943786,-0.015157802146229716,0.4607392190376731
9,m07_h6_q5_d8_l1,6,5,0.5004725873078515,-0.07390097486301324,0.47777760744779557
9,m07_h6_q5_d8_l50,6,5,0.49183793702448114,0.16528649743465293,0.44653196151561536
9,m08_h6_q5_d2_l1,6,5,0.4934606047176647,-0.3961238189632194,0.549187790982355
9,m08_h6_q5_d2_l50,6,5,0.4936944217108328,-0.5706533468383781,0.33833151787505905
9,m08_h6_q5_d4_l1,6,5,0.507504787536877,-0.2364957902730034,0.5536948510122525
9,m08_h6_q5_d4_l50,6,5,0.5113804078140365,-0.28153340196086474,0.48313119795646675
9,m08_h6_q5_d8_l1,6,5,0.5081382061616894,0.148791056785454,0.6375695456022491
9,m08_h6_q5_d8_l50,6,5,0.5135827152127219,-0.2303169093762894,0.5083687046226292
9,m09_h6_q5_d2_l1,6,5,0.5025706727783241,-0.09923921973405449,0.5351179494205129
9,m09_h6_q5_d2_l50,6,5,0.5021068801433674,-0.16931546307223214,0.5011320318957494
9,m09_h6_q5_d4_l1,6,5,0.5110441884801511,0.26434715908304496,0.5556711581724305
9,m09_h6_q5_d4_l50,6,5,0.5072409473500337,-0.050569612557879645,0.523637248240476
9,m09_h6_q5_d8_l1,6,5,0.511648493705036,0.2044378899762828,0.573588388657283
9,m09_h6_q5_d8_l50,6,5,0.5064199090367993,0.10858793590559836,0.4873491285728216
9,m10_h6_q5_d2_l1,6,5,0.486898970032607,-0.04326008967640111,0.6332947347200316
9,m10_h6_q5_d2_l50,6,5,0.4866989164962993,-0.030394473374312062,0.6272035959276487
9,m10_h6_q5_d4_l1,6,5,0.49051135665208845,-0.06451556473511329,0.5852047817980763
9,m10_h6_q5_d4_l50,6,5,0.4880708854678847,-0.19855476597049035,0.5402971017570989
9,m10_h6_q5_d8_l1,6,5,0.5003880775775063,-0.342556253970326,0.4663202077401376
9,m10_h6_q5_d8_l50,6,5,0.4889685486323172,-0.2118262022325746,0.49598499865684054
9,m11_h6_q5_d2_l1,6,5,0.4936495385526112,0.1473678771147657,0.6731683380749955
9,m11_h6_q5_d2_l50,6,5,0.490462429966099,0.012566518338584557,0.6078458988489692
9,m11_h6_q5_d4_l1,6,5,0.4965838255654469,0.15695616909411572,0.6243994767603515
9,m11_h6_q5_d4_l50,6,5,0.49624012570519127,0.041645683910867336,0.5681981794396228
9,m11_h6_q5_d8_l1,6,5,0.4973759526551421,0.11182630252320869,0.6377175450615774
9,m11_h6_q5_d8_l50,6,5,0.496671367941618,0.1479088431785337,0.5402255707393824
9,m12_h6_q5_d2_l1,6,5,0.4800321500892811,-0.3990010671144647,0.5183726683921527
9,m12_h6_q5_d2_l50,6,5,0.47927358428005795,-0.3203347345742925,0.5541380254360976
9,m12_h6_q5_d4_l1,6,5,0.4818692258423477,-0.4908708640245076,0.5278059626441788
9,m12_h6_q5_d4_l50,6,5,0.48246797121655194,-0.48113904993225914,0.5633767079967174
9,m12_h6_q5_d8_l1,6,5,0.500886947815848,0.27189574451865006,0.7159724733355007
9,m12_h6_q5_d8_l50,6,5,0.48467917437632624,-0.4280556722027079,0.5434482105088135
9,m13_h6_q5_d2_l1,6,5,0.4877202105222297,-0.29336404781581304,0.5415245120578479
9,m13_h6_q5_d2_l50,6,5,0.4818140316883184,-0.3105089018109658,0.5176049884823273
9,m13_h6_q5_d4_l1,6,5,0.4982317653071787,-0.4040191003582737,0.4352194336210778
9,m13_h6_q5_d4_l50,6,5,0.491847843667512,-0.2780839167948601,0.49000949103472813
9,m13_h6_q5_d8_l1,6,5,0.5048522333212566,-0.18982286786223587,0.49477172137161707
9,m13_h6_q5_d8_l50,6,5,0.49175474144066045,-0.24515089578267926,0.471934869205458
9,m14_h6_q5_d2_l1,6,5,0.4768261380104549,-0.26433716273316,0.39390085694279153
9,m14_h6_q5_d2_l50,6,5,0.4755297830081258,-0.25725678455051165,0.38754389654793264
9,m14_h6_q5_d4_l1,6,5,0.4806707242119973,-0.23128641643421136,0.5792162026560369
9,m14_h6_q5_d4_l50,6,5,0.4758444705566482,-0.3965131558466193,0.43566872468769485
9,m14_h6_q5_d8_l1,6,5,0.4904725387855183,-0.09598429799586808,0.5481774250630451
9,m14_h6_q5_d8_l50,6,5,0.47572033425417937,-0.32373954975042263,0.48675659097645935
9,m15_h6_q5_d2_l1,6,5,0.4844442454130221,-0.14527864970144194,0.4380122885444397
9,m15_h6_q5_d2_l50,6,5,0.48575172011671236,-0.09290526420753803,0.46275525682424085
9,m15_h6_q5_d4_l1,6,5,0.4898458930697169,0.11109753625679326,0.6375881411769985
9,m15_h6_q5_d4_l50,6,5,0.4878535458503701,0.023044836979893398,0.52300548203658
9,m15_h6_q5_d8_l1,6,5,0.494164178549247,0.12878991655464508,0.596499690846839
9,m15_h6_q5_d8_l50,6,5,0.4865098815731587,-0.06530380498929507,0.4634673547341279
9,m16_h6_q5_d2_l1,6,5,0.5137878231587392,-0.31386816775266385,0.5774168612631793
9,m16_h6_q5_d2_l50,6,5,0.5193219974380208,-0.11369317339324157,0.522372830882349
9,m16_h6_q5_d4_l1,6,5,0.5055285133404067,-0.43142647404250933,0.536037172453863
9,m16_h6_q5_d4_l50,6,5,0.5176170439547643,-0.15087437645134819,0.5389775017399434
9,m16_h6_q5_d8_l1,6,5,0.500697710716319,-0.5134892484081885,0.5244787355527474
9,m16_h6_q5_d8_l50,6,5,0.5150989370374204,-0.31549175172588373,0.542096193905754
9,m17_h6_q5_d2_l1,6,5,0.5105584597070545,-0.027860691635315703,0.5900351524633732
9,m17_h6_q5_d2_l50,6,5,0.5120951013469799,0.06159775253070877,0.621853900641735
9,m17_h6_q5_d4_l1,6,5,0.5077325392383935,-0.35312748204455024,0.6140417788300111
9,m17_h6_q5_d4_l50,6,5,0.5099033071204906,0.13089547134632515,0.6385004214436049
9,m17_h6_q5_d8_l1,6,5,0.5023912412336318,-0.08245204029329707,0.6490580337931309
9,m17_h6_q5_d8_l50,6,5,0.5075111560931111,-0.22349092844256335,0.5098264111827047
9,m18_h6_q5_d2_l1,6,5,0.5110350905426737,0.06078630661985308,0.6456166525156543
9,m18_h6_q5_d2_l50,6,5,0.5157936151079137,-0.10064920862168433,0.672603722368352
9,m18_h6_q5_d4_l1,6,5,0.5230872294071218,-0.036879910577678886,0.5756383518427693
9,m18_h6_q5_d4_l50,6,5,0.5185418998434346,-0.17046468619621433,0.6504075760212681
9,m18_h6_q5_d8_l1,6,5,0.5184258505965013,-0.07373297506825989,0.6997070990208568
9,m18_h6_q5_d8_l50,6,5,0.5159603095401377,-0.14817393497991563,0.6768000927648835
9,m19_h6_q5_d2_l1,6,5,0.5084549154740955,-0.02562345195260655,0.5382426500029731
9,m19_h6_q5_d2_l50,6,5,0.5108381707403862,-0.0009323186353321265,0.6535878902762796
9,m19_h6_q5_d4_l1,6,5,0.5144364050126805,0.17318063689098828,0.666677521808436
9,m19_h6_q5_d4_l50,6,5,0.5119450864667978,-0.12205627370565016,0.5603283097196287
9,m19_h6_q5_d8_l1,6,5,0.5223291690388696,-0.08698197634948894,0.617442192564266
9,m19_h6_q5_d8_l50,6,5,0.5090505271142798,0.015886425629486566,0.6594296330871458
9,m20_h6_q5_d2_l1,6,5,0.4980093712799544,-0.11465180462986674,0.7320081499532732
9,m20_h6_q5_d2_l50,6,5,0.5079715117294654,-0.05390429106051888,0.7401873658099497
9,m20_h6_q5_d4_l1,6,5,0.497133745341856,-0.015660256833463605,0.6307131490777526
9,m20_h6_q5_d4_l50,6,5,0.5086043238251126,-0.0006163085945933025,0.7182974504129642
9,m20_h6_q5_d8_l1,6,5,0.4895497046607319,-0.10415280777259198,0.6581527774952067
9,m20_h6_q5_d8_l50,6,5,0.506754612047772,0.0006204910143590455,0.7627347956202671
9,m21_h6_q5_d2_l1,6,5,0.5044745678277522,-0.01165088526064207,0.6483756159991113
9,m21_h6_q5_d2_l50,6,5,0.5039460787485119,0.15094676203804253,0.7691626512095718
9,m21_h6_q5_d4_l1,6,5,0.5080509670501009,0.045468590044380475,0.5648109728769993
9,m21_h6_q5_d4_l50,6,5,0.5059650121629315,-0.029269807819203828,0.589187007499938
9,m21_h6_q5_d8_l1,6,5,0.5072056675702603,-0.06884280987612529,0.6769741030101358
9,m21_h6_q5_d8_l50,6,5,0.5050283289555406,-0.005876786734813335,0.6126451665869838
9,m22_h6_q5_d2_l1,6,5,0.49952367242896323,-0.06815342296803409,0.6236991799615409
9,m22_h6_q5_d2_l50,6,5,0.5085304283551576,0.09798479679187598,0.8074156347289266
9,m22_h6_q5_d4_l1,6,5,0.5016248916334558,-0.07126566273373142,0.6112715533719031
9,m22_h6_q5_d4_l50,6,5,0.5032289590989079,-0.10463978398931284,0.6077592510784455
9,m22_h6_q5_d8_l1,6,5,0.4940653142953263,0.02213746328983124,0.5372305350851148
9,m22_h6_q5_d8_l50,6,5,0.5013974431965219,-0.009379423170918322,0.6652427001337516
9,m23_h6_q5_d2_l1,6,5,0.5025744130415092,0.04343777887985547,0.6569496955770922
9,m23_h6_q5_d2_l50,6,5,0.5080546062250919,0.016563667910004964,0.6746656380939157
9,m23_h6_q5_d4_l1,6,5,0.5076200280782568,-0.13585764514481097,0.49651191132765193
9,m23_h6_q5_d4_l50,6,5,0.5058216691035661,-0.026764765587094588,0.616621656571976
9,m23_h6_q5_d8_l1,6,5,0.5036537316909063,-0.16071567452174532,0.5212119824291779
9,m23_h6_q5_d8_l50,6,5,0.5063449015967083,-0.1815540876619435,0.5554689931311502
9,m24_h6_q5_d2_l1,6,5,0.49901914125174685,-0.3277871354653782,0.41398264008307445
9,m24_h6_q5_d2_l50,6,5,0.5045056019033693,-0.30356142018899207,0.620271465469176
9,m24_h6_q5_d4_l1,6,5,0.5077366838543553,-0.36746844431377207,0.6351255908975846
9,m24_h6_q5_d4_l50,6,5,0.5082441465892035,-0.23559856913406454,0.5380744909268758
9,m24_h6_q5_d8_l1,6,5,0.4996827852466228,-0.46224791412268923,0.5595850669264958
9,m24_h6_q5_d8_l50,6,5,0.5086214077299311,-0.13198131445660674,0.5499392334152345
9,m25_h6_q5_d2_l1,6,5,0.5074195701891724,0.04959285699431704,0.6069701556391675
9,m25_h6_q5_d2_l50,6,5,0.5097866513443922,0.09910775444771347,0.6379559311878555
9,m25_h6_q5_d4_l1,6,5,0.5154783210302262,0.041127516460222245,0.6155774397504773
9,m25_h6_q5_d4_l50,6,5,0.5152443018606697,0.07862864562076864,0.6323366674379797
9,m25_h6_q5_d8_l1,6,5,0.5171745809287821,-0.18529546841652256,0.5949008777100552
9,m25_h6_q5_d8_l50,6,5,0.5157669278246467,0.04083622364891008,0.6265888567872062
9,m26_h6_q5_d2_l1,6,5,0.4968153175301485,0.2476709889456806,0.7466096795682906
9,m26_h6_q5_d2_l50,6,5,0.5088027599503131,0.0035279988908684503,0.6160990888518304
9,m26_h6_q5_d4_l1,6,5,0.500789397708452,-0.09396106564024176,0.6670714610305005
9,m26_h6_q5_d4_l50,6,5,0.5068030332927903,0.09800366377265254,0.6898718605720853
9,m26_h6_q5_d8_l1,6,5,0.4972517152644791,-0.48902921119399356,0.5047062260735499
9,m26_h6_q5_d8_l50,6,5,0.5051918896537446,0.05734447029623449,0.6345196249675545
9,m27_h6_q5_d2_l1,6,5,0.49921312949640284,0.09404709782803015,0.5874805822472573
9,m27_h6_q5_d2_l50,6,5,0.502442189683505,-0.06458068908582976,0.5549525996970788
9,m27_h6_q5_d4_l1,6,5,0.5124151465697946,0.19021636944240605,0.6558803990387184
9,m27_h6_q5_d4_l50,6,5,0.5055566158583924,-0.17431001505922777,0.5101113988376345
9,m27_h6_q5_d8_l1,6,5,0.5114523826083018,0.11385031029841826,0.6799846048082159
9,m27_h6_q5_d8_l50,6,5,0.508914361316702,-0.10442101286861032,0.5285264596043379
9,m28_h6_q5_d2_l1,6,5,0.4863237782076497,-0.14097180211943225,0.7265091053664674
9,m28_h6_q5_d2_l50,6,5,0.4994229885875472,-0.12396381822152805,0.7193136605189142
9,m28_h6_q5_d4_l1,6,5,0.4941821722478133,-0.1717673789911578,0.7566981420221887
9,m28_h6_q5_d4_l50,6,5,0.4994561455152425,-0.17989962556003572,0.7266165664324877
9,m28_h6_q5_d8_l1,6,5,0.493507913992547,-0.11265367107104135,0.5276478102214311
9,m28_h6_q5_d8_l50,6,5,0.49826330482376685,-0.13091348383956924,0.7850447193086338
9,m29_h6_q5_d2_l1,6,5,0.5027908428652761,-0.22249614337325077,0.5324466442207192
9,m29_h6_q5_d2_l50,6,5,0.5036122855312872,0.043050281999992106,0.6543130904155839
9,m29_h6_q5_d4_l1,6,5,0.5104205754101755,-0.3250847585355557,0.5127265100934546
9,m29_h6_q5_d4_l50,6,5,0.5090014993400962,-0.19408922459590472,0.6498713517469867
9,m29_h6_q5_d8_l1,6,5,0.5148862474768386,-0.22849398562059836,0.5152197675800638
9,m29_h6_q5_d8_l50,6,5,0.5099432369571968,-0.22322036232007433,0.648017900446059
9,m30_h6_q5_d2_l1,6,5,0.4898475104808239,-0.049523401242065064,0.6445563545514825
9,m30_h6_q5_d2_l50,6,5,0.495940702473992,-0.17492221992371584,0.7140900816420169
9,m30_h6_q5_d4_l1,6,5,0.4944156859763987,-0.2689607612043608,0.6061372197470687
9,m30_h6_q5_d4_l50,6,5,0.4930274418055484,-0.06397115095879195,0.7141304914699388
9,m30_h6_q5_d8_l1,6,5,0.4889120403317634,-0.2267014514602341,0.5628748970661965
9,m30_h6_q5_d8_l50,6,5,0.4934354337573107,-0.16066917709765002,0.6943467100889337
9,m31_h6_q5_d2_l1,6,5,0.4937527495988821,-0.1636945503386011,0.594138242381437
9,m31_h6_q5_d2_l50,6,5,0.4979898612584752,-0.08480529357520332,0.6582899640527777
9,m31_h6_q5_d4_l1,6,5,0.5092125714895709,-0.14163136818013752,0.5800161727108812
9,m31_h6_q5_d4_l50,6,5,0.5007703931279437,-0.10790902310376557,0.5825983427411615
9,m31_h6_q5_d8_l1,6,5,0.5020735210392837,-0.28065798550703813,0.5890297972041035
9,m31_h6_q5_d8_l50,6,5,0.49742760872237457,-0.1703109116779813,0.5604935431240474
